AdmissionID,PatientID,DoctorID,DepartmentID,AdmissionDate,DischargeDate,Diagnosis
1,1565,135,14,2026-04-04,2026-07-24,Diabetes
2,2973,72,14,2025-08-14,2025-09-20,Kidney Stones
3,2095,94,20,2025-04-30,2026-06-24,Diabetes
4,793,247,15,2026-01-28,2026-08-12,Hypertension
5,1986,57,3,2026-06-18,2026-06-26,Migraine
6,2174,107,1,2024-08-22,2026-02-07,Hypertension
7,450,40,10,2024-08-15,2025-07-07,Pneumonia
8,1783,138,19,2026-08-07,2026-08-11,Pneumonia
9,910,177,12,2026-04-30,2026-06-14,Hypertension
10,1886,82,19,2025-03-12,2025-05-23,Covid
11,2737,123,20,2025-04-01,2026-05-07,Hypertension
12,3608,234,6,2025-07-02,2026-01-17,Pneumonia
13,4552,155,12,2024-09-24,2025-09-16,Diabetes
14,2322,206,9,2025-10-20,2026-05-08,Kidney Stones
15,4729,239,5,2026-02-21,2026-03-27,Pneumonia
16,3934,179,20,2025-03-20,2026-04-03,Hypertension
17,4556,54,2,2026-03-04,2026-06-01,Covid
18,2622,188,8,2025-11-27,2026-06-19,Migraine
19,2092,226,4,2025-03-07,2026-03-07,Covid
20,4398,71,16,2025-08-28,2026-07-04,Migraine
21,130,99,19,2026-03-12,2026-05-13,Hypertension
22,3740,194,8,2026-05-13,2026-07-08,Kidney Stones
23,1507,129,4,2024-12-25,2026-07-04,Fracture
24,687,135,18,2024-10-30,2025-01-25,Migraine
25,2120,175,13,2025-03-30,2025-10-04,Hypertension
26,3943,195,4,2025-06-10,2026-02-03,Stroke
27,1465,85,8,2025-09-21,2026-05-23,Pneumonia
28,1662,162,12,2026-04-28,2026-05-05,Fracture
29,2116,222,14,2025-07-22,2026-08-09,Covid
30,2023,78,5,2026-02-18,2026-05-22,Pneumonia
31,3959,191,9,2024-11-01,2026-06-27,Stroke
32,2621,206,3,2024-11-01,2025-06-25,Cancer
33,846,218,16,2025-02-16,2025-08-07,Pneumonia
34,3819,59,2,2025-01-28,2026-01-28,Cancer
35,4115,19,15,2024-09-24,2026-02-17,Diabetes
36,4854,56,18,2025-02-19,2025-07-19,Covid
37,4680,78,17,2026-03-21,2026-04-29,Migraine
38,1382,196,18,2026-03-10,2026-05-17,Fracture
39,2651,112,3,2025-04-18,2026-04-19,Asthma
40,2189,94,3,2025-01-12,2025-11-01,Cancer
41,3591,15,18,2025-03-12,2025-10-31,Migraine
42,4758,158,17,2025-12-11,2026-04-24,Covid
43,2090,186,6,2024-12-09,2026-02-27,Diabetes
44,4035,35,17,2025-01-25,2025-07-31,Kidney Stones
45,2280,146,20,2026-07-21,2026-08-06,Pneumonia
46,2032,218,18,2024-10-19,2026-01-27,Kidney Stones
47,772,51,16,2025-08-31,2026-08-01,Kidney Stones
48,4563,16,17,2025-04-24,2025-12-30,Stroke
49,1681,217,20,2025-09-08,2026-04-04,Pneumonia
50,2745,18,14,2025-09-16,2025-12-12,Kidney Stones
51,5000,63,20,2024-08-17,2025-12-25,Migraine
52,2785,18,19,2024-09-06,2025-07-26,Covid
53,2551,62,8,2025-02-05,2025-06-06,Stroke
54,4331,211,20,2024-12-06,2025-06-18,Stroke
55,4738,218,3,2025-08-03,2026-01-09,Migraine
56,4275,189,18,2025-05-06,2025-09-16,Fracture
57,4976,59,2,2024-10-26,2025-10-22,Covid
58,4614,208,17,2025-09-09,2025-12-20,Hypertension
59,3259,41,11,2026-02-17,2026-03-26,Pneumonia
60,1016,99,3,2025-11-23,2026-03-18,Fracture
61,4311,216,13,2026-07-05,2026-08-07,Asthma
62,4998,147,9,2024-12-27,2026-06-12,Kidney Stones
63,4554,91,5,2025-06-09,2025-12-29,Covid
64,3476,48,20,2026-01-08,2026-01-13,Covid
65,3772,233,17,2025-09-29,2026-02-20,Covid
66,1704,54,1,2025-09-03,2025-09-09,Stroke
67,153,198,12,2024-08-18,2026-06-12,Cancer
68,1376,64,14,2025-04-15,2025-10-04,Covid
69,2983,2,17,2025-12-03,2026-01-22,Migraine
70,4298,88,20,2024-12-26,2025-06-30,Kidney Stones
71,4474,63,6,2025-10-12,2025-11-23,Pneumonia
72,2038,169,18,2024-10-31,2026-06-15,Fracture
73,3847,105,11,2026-02-07,2026-07-08,Hypertension
74,2629,243,9,2025-03-18,2026-08-11,Hypertension
75,1317,122,12,2024-08-19,2026-06-15,Asthma
76,862,98,13,2026-07-18,2026-07-27,Stroke
77,2953,167,11,2024-10-02,2025-10-20,Pneumonia
78,899,2,20,2024-10-15,2025-07-27,Pneumonia
79,201,70,1,2026-04-22,2026-07-14,Hypertension
80,898,40,9,2025-11-24,2025-12-03,Cancer
81,3284,189,14,2025-03-19,2025-08-10,Migraine
82,1563,110,8,2026-05-20,2026-05-21,Asthma
83,4810,250,7,2024-08-14,2024-12-24,Diabetes
84,4183,144,4,2024-08-14,2026-02-15,Diabetes
85,3334,32,5,2024-11-25,2025-12-03,Diabetes
86,4646,52,13,2026-06-18,2026-07-23,Kidney Stones
87,754,206,1,2024-11-01,2025-12-27,Covid
88,2687,159,16,2025-10-15,2026-04-21,Asthma
89,3074,127,4,2026-06-28,2026-08-13,Migraine
90,3093,237,1,2026-02-11,2026-07-30,Cancer
91,4225,94,8,2026-01-12,2026-04-27,Stroke
92,2721,48,3,2025-04-22,2025-10-29,Asthma
93,1977,203,11,2026-03-14,2026-04-09,Asthma
94,97,241,14,2026-05-29,2026-08-11,Diabetes
95,596,37,12,2024-11-23,2026-05-01,Fracture
96,3689,170,10,2024-08-17,2025-05-24,Hypertension
97,2591,55,19,2026-06-17,2026-08-15,Fracture
98,1545,90,14,2025-01-19,2026-05-15,Asthma
99,1150,14,15,2025-06-20,2026-03-28,Pneumonia
100,4176,54,12,2025-05-20,2025-09-30,Diabetes
101,2063,24,19,2026-02-18,2026-07-29,Diabetes
102,1475,169,11,2026-08-03,2026-08-05,Fracture
103,2884,57,14,2026-07-12,2026-08-09,Covid
104,1368,175,4,2026-03-11,2026-06-03,Fracture
105,3842,178,14,2025-08-13,2025-11-16,Cancer
106,594,207,4,2025-05-22,2026-05-27,Covid
107,3358,95,7,2026-05-25,2026-07-29,Covid
108,518,59,11,2026-03-13,2026-05-05,Migraine
109,1365,182,9,2026-08-01,2026-08-10,Covid
110,849,42,8,2025-09-16,2025-11-20,Diabetes
111,3329,207,18,2024-12-27,2026-02-28,Diabetes
112,900,150,1,2026-06-11,2026-07-03,Cancer
113,2146,2,1,2026-01-04,2026-03-15,Diabetes
114,4784,176,7,2025-04-25,2025-06-08,Fracture
115,2797,208,8,2024-12-14,2026-08-11,Diabetes
116,1936,82,5,2026-08-05,2026-08-17,Asthma
117,3901,210,8,2026-06-14,2026-07-17,Diabetes
118,3992,179,14,2026-07-22,2026-08-12,Hypertension
119,4064,120,3,2024-08-28,2026-05-27,Stroke
120,3702,230,9,2025-10-13,2026-04-23,Diabetes
121,675,29,11,2024-08-12,2025-03-14,Stroke
122,2054,204,2,2025-02-24,2026-07-07,Migraine
123,3129,18,3,2025-09-04,2026-05-30,Fracture
124,1056,220,16,2024-08-26,2025-12-21,Cancer
125,4194,114,14,2025-03-30,2026-05-30,Asthma
126,1747,233,13,2025-08-13,2026-08-07,Fracture
127,3453,146,15,2025-09-02,2026-04-14,Stroke
128,2136,139,14,2026-07-02,2026-07-14,Migraine
129,2045,110,4,2025-10-08,2025-12-19,Cancer
130,4958,15,11,2025-09-17,2026-02-26,Stroke
131,923,65,2,2025-08-07,2025-10-17,Fracture
132,3765,217,5,2026-06-28,2026-07-04,Migraine
133,2987,89,9,2025-12-01,2026-04-15,Migraine
134,190,144,8,2025-03-18,2025-03-22,Migraine
135,3598,145,17,2026-05-13,2026-06-24,Hypertension
136,1281,202,8,2025-07-12,2026-03-28,Pneumonia
137,1381,24,3,2025-12-27,2026-06-17,Kidney Stones
138,1709,11,7,2024-10-20,2026-07-28,Pneumonia
139,296,210,2,2025-11-08,2025-11-17,Asthma
140,848,145,5,2025-03-23,2026-03-24,Hypertension
141,1972,49,19,2025-11-15,2026-02-01,Hypertension
142,4538,71,15,2024-11-21,2026-04-23,Kidney Stones
143,3366,82,18,2025-08-25,2026-07-04,Covid
144,3485,250,12,2025-05-19,2025-12-17,Diabetes
145,323,53,16,2025-09-16,2026-06-15,Stroke
146,4738,189,8,2025-11-11,2026-04-10,Pneumonia
147,4075,220,3,2025-12-27,2026-08-16,Fracture
148,3143,86,12,2026-03-09,2026-05-21,Migraine
149,4139,36,3,2024-09-17,2026-01-02,Stroke
150,1736,25,18,2025-07-19,2025-08-05,Covid
151,3944,56,10,2025-11-05,2026-02-10,Migraine
152,3884,96,1,2026-02-24,2026-03-30,Kidney Stones
153,4334,211,13,2025-06-28,2026-01-19,Pneumonia
154,2935,42,6,2025-04-23,2025-05-21,Diabetes
155,3920,102,19,2025-12-09,2026-06-19,Kidney Stones
156,2510,213,19,2024-12-29,2025-06-06,Kidney Stones
157,2158,184,7,2025-01-03,2026-04-16,Stroke
158,3389,12,20,2025-12-18,2026-03-30,Kidney Stones
159,3009,173,18,2025-12-26,2025-12-30,Diabetes
160,3409,8,19,2025-10-11,2026-06-11,Cancer
161,1363,181,3,2024-12-23,2026-06-28,Kidney Stones
162,2766,231,16,2026-01-04,2026-03-19,Migraine
163,4391,109,16,2026-07-28,2026-08-06,Hypertension
164,597,8,3,2025-02-01,2025-10-20,Asthma
165,4455,69,4,2026-03-09,2026-06-02,Stroke
166,3354,228,14,2024-10-19,2025-12-15,Diabetes
167,3443,102,16,2025-10-10,2025-11-22,Migraine
168,452,103,11,2026-01-25,2026-02-06,Pneumonia
169,3175,219,4,2024-12-05,2025-01-12,Migraine
170,1941,245,16,2026-07-24,2026-08-13,Asthma
171,2979,171,15,2026-01-15,2026-07-03,Covid
172,3777,153,5,2024-11-28,2026-07-10,Stroke
173,3011,53,14,2025-03-13,2025-04-27,Fracture
174,4145,207,20,2024-11-02,2025-08-16,Pneumonia
175,4115,248,14,2025-11-01,2026-07-17,Asthma
176,1427,183,19,2026-04-11,2026-06-18,Kidney Stones
177,4392,89,5,2025-09-15,2026-01-28,Migraine
178,1316,116,8,2025-09-17,2026-01-21,Asthma
179,1163,114,15,2024-11-06,2026-01-17,Fracture
180,2957,246,19,2025-10-27,2025-12-18,Diabetes
181,3225,100,18,2026-02-11,2026-07-21,Diabetes
182,2553,250,7,2026-05-08,2026-08-13,Fracture
183,3707,235,8,2025-08-01,2026-07-09,Stroke
184,1743,94,14,2025-12-16,2026-03-04,Pneumonia
185,4999,250,3,2024-08-21,2026-06-15,Fracture
186,3001,26,5,2025-03-17,2025-09-01,Pneumonia
187,2432,91,7,2025-09-07,2026-08-02,Diabetes
188,1182,132,3,2026-04-12,2026-06-25,Fracture
189,269,235,3,2024-12-26,2025-01-22,Diabetes
190,562,233,1,2024-10-03,2026-07-18,Pneumonia
191,3490,243,1,2025-03-04,2025-11-16,Pneumonia
192,2085,9,11,2025-05-14,2026-07-28,Stroke
193,576,151,2,2024-10-12,2025-02-18,Asthma
194,4968,133,8,2025-09-25,2025-12-22,Hypertension
195,2203,67,8,2025-01-04,2025-09-23,Stroke
196,1302,1,4,2026-07-02,2026-07-20,Cancer
197,394,198,14,2025-02-20,2026-08-09,Kidney Stones
198,3838,137,7,2026-02-13,2026-03-08,Cancer
199,504,231,16,2025-02-16,2026-07-05,Cancer
200,3193,162,19,2025-06-02,2025-06-20,Fracture
201,4822,5,15,2025-09-03,2026-06-19,Asthma
202,4986,53,4,2024-12-05,2026-05-17,Migraine
203,888,169,17,2025-08-08,2025-11-14,Diabetes
204,2490,173,15,2024-12-05,2025-10-17,Asthma
205,2546,140,14,2026-04-07,2026-04-07,Asthma
206,2783,83,17,2026-03-12,2026-07-07,Fracture
207,451,193,18,2025-07-30,2026-07-23,Migraine
208,2360,206,7,2025-02-13,2026-01-27,Diabetes
209,3493,6,20,2026-05-31,2026-06-27,Hypertension
210,2140,57,14,2026-05-01,2026-05-07,Hypertension
211,2113,139,9,2025-07-18,2026-02-09,Stroke
212,1198,244,8,2024-11-23,2025-08-31,Kidney Stones
213,4600,10,3,2024-09-27,2024-10-20,Stroke
214,811,4,3,2025-09-20,2026-02-05,Migraine
215,323,50,7,2025-10-04,2026-06-20,Migraine
216,1128,199,12,2025-05-23,2026-03-29,Stroke
217,3048,63,5,2026-02-21,2026-04-15,Stroke
218,427,116,5,2026-02-01,2026-08-05,Diabetes
219,4783,188,15,2025-07-19,2025-09-22,Hypertension
220,4049,131,20,2025-11-12,2025-12-27,Asthma
221,1974,142,18,2025-08-11,2026-04-27,Stroke
222,359,53,14,2024-11-28,2025-06-18,Kidney Stones
223,2531,128,13,2024-09-29,2026-03-17,Migraine
224,4383,71,6,2025-05-30,2026-08-02,Diabetes
225,4039,202,15,2026-06-04,2026-07-06,Cancer
226,4575,135,17,2025-07-15,2025-09-30,Diabetes
227,596,57,3,2025-02-17,2026-08-06,Hypertension
228,852,125,12,2024-11-12,2026-06-27,Pneumonia
229,1980,116,1,2025-05-14,2026-05-03,Fracture
230,1388,210,4,2026-03-31,2026-05-12,Fracture
231,3548,73,11,2025-06-16,2025-10-12,Stroke
232,3531,141,5,2024-10-06,2026-06-23,Kidney Stones
233,2358,48,13,2025-06-23,2025-11-06,Stroke
234,4510,102,9,2026-03-29,2026-05-24,Asthma
235,2654,147,8,2026-08-07,2026-08-15,Hypertension
236,4469,4,5,2025-06-30,2025-07-30,Cancer
237,4302,44,12,2025-11-09,2026-01-06,Pneumonia
238,4716,190,8,2024-10-27,2024-11-07,Covid
239,4445,243,15,2024-10-03,2026-07-15,Migraine
240,2758,10,2,2025-01-30,2025-11-01,Pneumonia
241,3687,178,2,2024-10-02,2024-12-08,Cancer
242,220,74,9,2024-08-28,2026-01-01,Fracture
243,4410,22,11,2025-05-23,2026-05-04,Covid
244,3784,83,7,2025-09-08,2025-12-24,Covid
245,2160,224,11,2024-10-15,2026-06-13,Covid
246,840,26,7,2025-11-24,2026-07-17,Migraine
247,1682,170,9,2025-08-19,2026-08-02,Fracture
248,3303,6,17,2026-06-26,2026-08-05,Kidney Stones
249,4317,158,13,2024-09-21,2024-10-05,Fracture
250,1120,117,20,2026-05-28,2026-07-15,Asthma
251,4162,135,4,2026-05-13,2026-08-01,Migraine
252,2378,6,18,2026-05-19,2026-06-05,Cancer
253,4288,39,7,2024-10-30,2026-06-10,Stroke
254,4821,127,8,2026-03-18,2026-05-02,Diabetes
255,1411,94,1,2025-11-16,2026-04-19,Kidney Stones
256,3688,155,2,2026-04-29,2026-08-12,Stroke
257,3813,70,3,2025-05-31,2026-06-14,Fracture
258,1516,138,14,2026-06-28,2026-08-01,Asthma
259,3422,66,12,2025-01-22,2025-02-10,Migraine
260,1043,60,19,2025-07-31,2025-08-02,Fracture
261,1173,199,14,2025-08-03,2026-01-31,Stroke
262,2733,6,18,2025-04-08,2026-08-12,Asthma
263,2485,56,2,2025-02-25,2026-05-20,Fracture
264,3982,20,11,2026-04-19,2026-06-26,Covid
265,801,208,6,2025-04-16,2026-03-13,Hypertension
266,310,206,4,2025-03-29,2025-06-30,Diabetes
267,4179,138,11,2024-08-13,2025-11-11,Pneumonia
268,1486,65,4,2026-02-20,2026-08-05,Kidney Stones
269,4185,34,9,2025-06-28,2026-05-26,Stroke
270,2004,28,10,2026-07-15,2026-08-10,Kidney Stones
271,289,151,13,2026-08-07,2026-08-09,Cancer
272,4176,222,17,2025-03-20,2025-10-22,Covid
273,287,230,13,2024-10-20,2026-02-03,Pneumonia
274,2413,46,3,2024-11-14,2025-02-28,Cancer
275,4403,160,6,2026-03-20,2026-05-03,Cancer
276,4080,27,12,2025-02-07,2025-08-20,Hypertension
277,352,145,11,2025-08-21,2026-01-27,Pneumonia
278,4324,83,2,2026-01-02,2026-07-07,Cancer
279,2509,179,6,2025-06-26,2026-06-02,Asthma
280,1440,52,8,2024-09-07,2025-11-08,Cancer
281,3533,197,10,2024-11-02,2025-05-11,Fracture
282,1221,55,17,2024-10-28,2025-08-27,Diabetes
283,1704,194,12,2025-08-15,2026-08-15,Stroke
284,2024,108,4,2026-07-28,2026-08-10,Kidney Stones
285,121,139,13,2024-10-08,2025-07-26,Cancer
286,2382,176,6,2025-08-15,2026-01-16,Migraine
287,2534,83,11,2025-04-09,2025-07-08,Covid
288,3313,205,13,2025-12-24,2026-07-08,Fracture
289,1821,44,9,2025-02-25,2026-07-15,Fracture
290,1416,49,5,2025-02-28,2025-11-21,Cancer
291,4747,213,13,2024-09-13,2026-04-22,Hypertension
292,3567,114,7,2026-01-08,2026-01-17,Diabetes
293,611,63,2,2024-10-01,2026-06-28,Asthma
294,2074,111,9,2025-08-17,2026-02-24,Covid
295,885,69,14,2026-02-23,2026-08-06,Kidney Stones
296,1323,121,2,2025-03-28,2026-08-17,Hypertension
297,2146,162,5,2025-06-05,2026-01-11,Migraine
298,1448,243,14,2025-10-17,2026-03-27,Stroke
299,1477,222,3,2025-12-19,2026-02-16,Asthma
300,2637,61,7,2025-11-17,2025-12-31,Cancer
301,1216,70,12,2025-10-07,2026-02-16,Pneumonia
302,2618,119,7,2025-07-30,2026-08-02,Hypertension
303,4778,19,18,2024-09-27,2025-07-20,Covid
304,1068,136,11,2026-02-25,2026-08-06,Cancer
305,4076,93,2,2026-07-18,2026-07-23,Pneumonia
306,4749,47,19,2026-04-23,2026-06-12,Diabetes
307,2106,163,11,2026-02-05,2026-07-27,Migraine
308,4368,57,16,2024-10-04,2026-07-18,Pneumonia
309,1206,127,10,2025-07-01,2026-04-01,Asthma
310,1958,204,8,2026-03-06,2026-06-13,Kidney Stones
311,2100,4,2,2024-12-04,2025-03-25,Stroke
312,104,183,4,2025-09-19,2025-11-09,Cancer
313,2274,59,19,2026-02-21,2026-06-09,Cancer
314,1656,175,3,2025-07-15,2025-11-19,Covid
315,2838,176,5,2026-03-29,2026-07-05,Pneumonia
316,918,126,12,2024-12-07,2025-03-01,Covid
317,3900,196,7,2026-02-14,2026-08-10,Diabetes
318,4170,206,13,2024-09-24,2025-05-02,Covid
319,3930,97,13,2025-08-10,2025-09-18,Stroke
320,4246,218,5,2025-02-11,2025-03-04,Kidney Stones
321,2456,5,16,2025-10-14,2026-04-28,Fracture
322,4501,240,8,2025-02-28,2025-09-03,Pneumonia
323,2951,138,8,2024-10-13,2026-03-21,Migraine
324,1267,124,13,2025-08-08,2026-01-02,Hypertension
325,706,84,20,2025-08-24,2025-11-03,Asthma
326,2108,96,15,2024-11-26,2026-05-03,Hypertension
327,907,13,16,2025-01-22,2026-02-17,Diabetes
328,2726,190,8,2026-06-02,2026-06-23,Migraine
329,4976,75,16,2026-07-12,2026-07-21,Asthma
330,4554,48,15,2026-02-09,2026-08-16,Asthma
331,2718,123,4,2024-09-16,2025-10-08,Stroke
332,1331,14,4,2025-05-20,2026-01-30,Hypertension
333,3738,29,13,2024-12-10,2025-07-10,Stroke
334,1651,191,3,2024-12-23,2026-02-27,Asthma
335,4803,202,15,2026-06-04,2026-07-20,Kidney Stones
336,2689,2,12,2025-03-03,2025-03-17,Pneumonia
337,2159,173,15,2025-02-23,2026-01-06,Pneumonia
338,142,40,14,2026-07-19,2026-07-22,Cancer
339,813,247,4,2024-12-23,2026-04-29,Migraine
340,715,192,3,2025-02-01,2025-05-02,Covid
341,3304,27,16,2025-06-13,2026-07-25,Diabetes
342,190,126,17,2026-02-11,2026-07-12,Asthma
343,3965,244,18,2025-08-02,2025-10-24,Pneumonia
344,1879,113,15,2025-03-09,2025-05-02,Stroke
345,3069,126,3,2025-06-09,2025-07-08,Pneumonia
346,2434,89,9,2025-06-18,2025-10-31,Hypertension
347,225,5,15,2024-12-13,2026-04-24,Fracture
348,2719,55,19,2025-10-10,2026-03-16,Hypertension
349,4042,64,13,2025-07-18,2025-09-15,Cancer
350,1669,44,8,2025-06-02,2026-05-25,Migraine
351,4217,101,4,2024-09-30,2025-06-17,Fracture
352,4616,120,7,2024-12-21,2025-09-28,Asthma
353,468,96,3,2024-12-09,2026-07-14,Asthma
354,3342,233,17,2026-05-02,2026-05-03,Migraine
355,3767,51,15,2025-07-09,2026-06-26,Pneumonia
356,1131,235,20,2025-06-07,2026-05-22,Stroke
357,1268,206,16,2026-01-30,2026-06-13,Pneumonia
358,4978,133,11,2025-03-17,2026-01-17,Diabetes
359,706,8,1,2025-03-12,2025-04-02,Cancer
360,3843,84,8,2026-06-16,2026-06-23,Kidney Stones
361,4859,13,7,2025-02-05,2025-11-20,Pneumonia
362,165,79,9,2026-04-04,2026-06-04,Fracture
363,2899,226,19,2026-03-29,2026-06-30,Asthma
364,2001,161,1,2026-01-19,2026-06-07,Stroke
365,305,38,12,2025-06-24,2025-07-19,Stroke
366,2094,72,12,2025-12-25,2026-03-07,Pneumonia
367,4260,227,1,2026-07-13,2026-07-27,Pneumonia
368,3427,223,6,2025-02-12,2026-02-02,Diabetes
369,659,48,15,2024-08-17,2026-04-22,Migraine
370,3535,56,19,2025-02-16,2025-11-09,Migraine
371,2350,108,8,2025-08-27,2025-12-14,Diabetes
372,1746,24,12,2026-07-01,2026-07-31,Covid
373,509,74,15,2024-09-04,2025-09-01,Diabetes
374,3320,41,1,2024-08-22,2025-01-28,Asthma
375,5000,134,5,2025-03-23,2026-03-12,Covid
376,3836,75,17,2025-10-31,2026-03-23,Pneumonia
377,4530,165,2,2026-03-18,2026-07-04,Diabetes
378,2566,44,13,2025-12-12,2026-08-15,Asthma
379,2994,34,14,2025-06-09,2025-09-23,Migraine
380,3626,102,16,2025-03-23,2025-04-20,Cancer
381,1285,110,11,2025-04-17,2026-03-07,Covid
382,145,37,7,2024-12-03,2026-02-24,Cancer
383,633,8,16,2026-03-30,2026-07-27,Fracture
384,2900,180,12,2026-03-21,2026-04-01,Migraine
385,2447,153,15,2025-02-20,2025-04-27,Migraine
386,816,225,15,2026-07-01,2026-08-10,Hypertension
387,4276,201,6,2025-06-11,2025-07-24,Covid
388,2877,149,20,2025-07-26,2026-06-20,Covid
389,2753,184,13,2026-05-06,2026-06-22,Migraine
390,1572,41,5,2026-02-10,2026-07-21,Covid
391,3438,208,4,2025-01-04,2026-03-16,Asthma
392,2453,203,3,2025-01-31,2026-01-31,Covid
393,3682,162,5,2026-07-18,2026-07-28,Pneumonia
394,124,115,12,2024-08-17,2026-07-18,Fracture
395,676,197,3,2026-05-31,2026-07-19,Migraine
396,4813,112,13,2026-06-10,2026-07-04,Hypertension
397,260,73,17,2024-10-16,2025-07-02,Diabetes
398,4466,37,12,2025-08-19,2026-03-27,Cancer
399,1107,202,14,2025-10-31,2026-02-09,Hypertension
400,3040,106,9,2026-03-21,2026-08-05,Stroke
401,4340,35,6,2025-11-08,2026-02-15,Migraine
402,3631,151,15,2025-10-06,2025-11-01,Asthma
403,4748,178,3,2026-08-05,2026-08-11,Covid
404,2110,15,10,2025-08-26,2026-05-10,Cancer
405,1356,235,5,2024-10-17,2026-06-12,Kidney Stones
406,2818,119,17,2024-10-07,2026-04-21,Asthma
407,2814,244,10,2024-09-07,2025-02-15,Covid
408,4375,197,15,2026-07-05,2026-07-19,Fracture
409,4679,226,11,2025-10-22,2025-12-09,Diabetes
410,3939,229,5,2024-12-10,2025-06-02,Stroke
411,4385,202,14,2024-10-16,2025-09-17,Pneumonia
412,1815,164,6,2026-04-07,2026-05-04,Migraine
413,272,56,8,2026-05-22,2026-07-10,Kidney Stones
414,3807,64,2,2024-12-22,2026-06-18,Pneumonia
415,29,50,7,2025-10-20,2026-06-09,Kidney Stones
416,1684,53,15,2025-01-08,2026-04-02,Covid
417,3005,224,7,2024-10-29,2026-05-20,Covid
418,3309,81,9,2025-07-05,2026-01-28,Diabetes
419,545,161,5,2025-09-05,2026-03-24,Migraine
420,1716,44,18,2024-08-22,2024-11-21,Diabetes
421,70,61,17,2025-11-26,2026-06-05,Diabetes
422,363,178,14,2025-02-27,2026-08-06,Covid
423,2266,19,10,2026-02-17,2026-07-16,Fracture
424,1315,208,18,2025-07-12,2026-03-13,Hypertension
425,1275,70,8,2025-05-02,2026-05-05,Kidney Stones
426,2909,79,2,2024-12-11,2026-06-01,Migraine
427,2207,97,3,2025-11-21,2026-05-22,Kidney Stones
428,3558,77,5,2025-09-02,2026-06-20,Asthma
429,1010,75,12,2025-08-06,2026-06-09,Cancer
430,2760,145,6,2025-08-01,2026-07-04,Asthma
431,2818,133,19,2025-09-24,2025-12-25,Migraine
432,22,238,5,2025-05-11,2025-10-23,Kidney Stones
433,1289,9,10,2025-09-26,2026-08-15,Asthma
434,3697,176,1,2026-08-06,2026-08-14,Kidney Stones
435,3566,98,14,2025-07-08,2025-09-02,Pneumonia
436,51,102,19,2026-02-17,2026-04-16,Stroke
437,982,83,2,2026-03-09,2026-04-14,Migraine
438,2373,219,17,2026-07-15,2026-07-19,Pneumonia
439,40,196,2,2025-02-21,2025-03-31,Fracture
440,1233,125,15,2025-12-21,2026-01-09,Diabetes
441,4884,206,7,2024-12-03,2025-10-01,Pneumonia
442,1931,76,1,2025-03-13,2025-03-21,Covid
443,453,119,1,2026-04-24,2026-07-16,Hypertension
444,478,128,19,2025-03-23,2025-11-16,Cancer
445,3043,218,5,2025-09-09,2026-02-04,Diabetes
446,3410,88,12,2024-09-06,2024-10-05,Cancer
447,3641,72,10,2025-04-24,2026-05-14,Migraine
448,1413,27,4,2024-10-03,2025-11-30,Covid
449,1897,214,12,2025-02-15,2025-10-05,Cancer
450,2987,42,18,2025-11-09,2026-07-01,Covid
451,2408,69,17,2025-08-22,2026-04-15,Asthma
452,1043,183,2,2025-08-30,2026-08-05,Fracture
453,3057,85,8,2026-07-26,2026-07-27,Asthma
454,3834,106,18,2025-01-28,2025-11-16,Stroke
455,1519,115,2,2026-03-01,2026-06-11,Covid
456,2200,124,8,2025-06-20,2025-12-22,Fracture
457,1680,194,17,2025-12-05,2026-04-10,Cancer
458,3637,118,20,2025-07-08,2025-10-15,Diabetes
459,4448,230,13,2026-08-03,2026-08-05,Stroke
460,4456,71,15,2025-12-27,2026-07-31,Diabetes
461,444,198,7,2025-10-03,2026-05-27,Hypertension
462,1461,155,7,2024-10-18,2025-06-07,Asthma
463,3196,136,15,2025-03-02,2026-02-23,Hypertension
464,2055,9,13,2025-12-06,2026-02-16,Pneumonia
465,1059,240,11,2025-03-27,2025-04-22,Diabetes
466,2791,65,18,2026-01-26,2026-07-12,Pneumonia
467,4314,247,2,2026-02-15,2026-06-07,Asthma
468,2476,151,3,2025-01-11,2026-06-07,Migraine
469,829,66,14,2025-05-01,2025-06-09,Diabetes
470,4171,151,5,2026-04-26,2026-08-08,Diabetes
471,2947,119,7,2025-08-09,2026-04-30,Stroke
472,970,206,17,2025-09-15,2026-07-17,Kidney Stones
473,3498,227,7,2025-06-05,2026-07-13,Diabetes
474,1613,226,11,2025-12-16,2026-03-01,Diabetes
475,3764,69,9,2026-04-16,2026-08-16,Asthma
476,11,154,6,2025-10-11,2026-02-18,Cancer
477,1036,170,19,2024-10-27,2025-07-15,Migraine
478,2386,231,2,2025-08-06,2026-04-19,Asthma
479,2732,154,2,2025-11-24,2026-01-28,Asthma
480,4105,60,13,2024-11-10,2025-09-06,Covid
481,621,78,10,2025-10-23,2025-11-28,Diabetes
482,1778,179,6,2026-03-19,2026-03-19,Pneumonia
483,1694,133,20,2024-09-16,2024-10-19,Hypertension
484,2492,201,6,2024-12-19,2026-07-19,Asthma
485,952,154,20,2024-08-10,2025-03-09,Stroke
486,88,173,16,2025-02-12,2026-05-18,Pneumonia
487,4663,231,13,2025-11-22,2026-03-22,Hypertension
488,1373,234,2,2024-12-25,2025-04-27,Fracture
489,2312,22,19,2026-06-09,2026-07-11,Diabetes
490,1335,81,5,2026-03-29,2026-05-01,Stroke
491,1232,21,20,2025-08-28,2026-08-09,Migraine
492,84,34,2,2025-10-13,2025-11-02,Migraine
493,1309,45,10,2024-10-27,2026-04-28,Cancer
494,4611,227,11,2025-03-13,2025-04-13,Diabetes
495,251,44,1,2024-09-24,2025-12-08,Pneumonia
496,4806,80,3,2025-02-28,2026-06-23,Diabetes
497,1718,103,19,2025-06-17,2025-06-23,Diabetes
498,2462,197,19,2024-08-14,2026-05-20,Migraine
499,779,249,1,2026-03-24,2026-04-02,Fracture
500,540,195,18,2026-01-30,2026-05-06,Hypertension
501,1898,185,13,2026-05-22,2026-08-17,Stroke
502,3767,87,20,2025-08-06,2026-02-18,Kidney Stones
503,126,156,13,2025-04-15,2025-05-26,Covid
504,1653,73,12,2024-09-06,2025-11-06,Asthma
505,3570,213,10,2025-04-08,2025-10-15,Diabetes
506,3585,211,18,2026-02-06,2026-04-18,Migraine
507,1827,13,6,2024-11-22,2025-06-24,Diabetes
508,4418,248,17,2025-05-13,2026-05-05,Asthma
509,286,43,20,2024-12-01,2025-12-07,Migraine
510,3800,181,15,2024-11-25,2025-01-01,Stroke
511,1751,49,11,2025-05-06,2026-04-22,Migraine
512,1365,199,12,2024-10-22,2026-03-25,Hypertension
513,863,77,10,2025-07-15,2025-12-29,Covid
514,1900,110,13,2026-07-19,2026-07-26,Diabetes
515,4552,66,4,2025-11-29,2026-03-19,Pneumonia
516,1483,10,5,2025-06-22,2026-01-30,Pneumonia
517,368,120,20,2025-08-08,2026-03-18,Stroke
518,3754,111,2,2025-12-25,2026-07-02,Asthma
519,1485,33,12,2026-06-08,2026-08-03,Covid
520,4165,211,18,2026-04-12,2026-08-11,Pneumonia
521,1191,115,19,2026-02-27,2026-08-12,Hypertension
522,707,214,2,2025-07-04,2025-12-15,Covid
523,1917,217,8,2025-04-29,2025-10-11,Migraine
524,1503,74,17,2024-10-04,2025-01-29,Covid
525,3593,156,11,2025-01-15,2025-07-25,Stroke
526,1324,170,8,2024-08-08,2024-10-19,Diabetes
527,4311,33,3,2025-03-06,2026-08-03,Hypertension
528,1339,20,10,2025-07-23,2026-03-15,Pneumonia
529,2024,195,1,2025-10-05,2026-03-09,Cancer
530,2299,60,13,2026-04-06,2026-05-24,Covid
531,1787,182,13,2025-01-22,2025-06-27,Kidney Stones
532,4235,63,4,2026-03-24,2026-08-17,Fracture
533,953,63,9,2025-05-16,2025-05-17,Asthma
534,1338,248,11,2024-10-03,2025-01-03,Asthma
535,3933,240,9,2024-08-11,2025-02-18,Pneumonia
536,3524,120,13,2025-06-15,2025-10-19,Diabetes
537,230,188,13,2025-07-24,2025-10-30,Covid
538,4247,9,12,2026-06-21,2026-07-03,Fracture
539,4755,225,5,2025-03-24,2026-05-05,Hypertension
540,3980,26,13,2024-09-18,2025-03-06,Cancer
541,3907,181,6,2025-03-26,2025-10-22,Cancer
542,34,169,19,2025-07-31,2026-01-14,Diabetes
543,366,111,4,2026-01-18,2026-06-13,Kidney Stones
544,4782,178,4,2025-02-15,2025-07-17,Covid
545,3112,199,12,2026-07-02,2026-07-12,Stroke
546,4218,62,12,2025-11-30,2026-02-15,Covid
547,879,13,19,2026-02-02,2026-02-04,Cancer
548,2519,118,1,2026-07-19,2026-08-12,Migraine
549,4694,118,18,2025-12-15,2026-02-10,Diabetes
550,3265,118,14,2025-07-03,2025-11-11,Migraine
551,3110,28,4,2024-10-17,2024-12-10,Covid
552,523,178,5,2025-06-06,2026-02-04,Cancer
553,1721,235,3,2024-12-02,2026-01-24,Stroke
554,3974,243,13,2024-10-19,2025-10-14,Fracture
555,389,235,19,2025-07-19,2025-07-23,Pneumonia
556,3018,78,15,2025-05-01,2026-07-13,Asthma
557,3407,142,10,2026-02-09,2026-02-11,Migraine
558,4561,150,1,2024-12-24,2025-03-28,Stroke
559,1409,163,10,2025-02-08,2026-02-06,Hypertension
560,485,190,4,2025-04-08,2025-07-19,Migraine
561,3728,14,20,2025-04-21,2026-07-15,Covid
562,341,119,9,2025-07-18,2025-11-29,Covid
563,3745,98,5,2024-09-09,2025-12-30,Pneumonia
564,3650,141,9,2025-12-15,2026-05-05,Migraine
565,4782,221,5,2025-05-02,2026-05-09,Covid
566,262,246,15,2025-03-19,2025-06-22,Fracture
567,3108,92,12,2026-02-11,2026-04-02,Fracture
568,2328,130,8,2025-10-11,2025-12-28,Kidney Stones
569,2529,136,16,2025-01-03,2026-07-08,Asthma
570,4309,10,8,2026-05-24,2026-06-07,Diabetes
571,4074,91,1,2025-12-22,2026-02-08,Hypertension
572,574,80,18,2026-03-19,2026-07-24,Cancer
573,1339,75,3,2026-01-22,2026-04-28,Asthma
574,4514,213,2,2025-08-01,2025-09-08,Fracture
575,1473,229,15,2025-10-23,2025-10-27,Cancer
576,112,236,5,2026-04-16,2026-06-02,Hypertension
577,3856,62,4,2025-10-30,2025-11-08,Migraine
578,1209,196,1,2025-09-15,2026-02-23,Fracture
579,1885,160,7,2025-06-29,2026-05-14,Cancer
580,3005,230,3,2026-07-16,2026-07-22,Kidney Stones
581,3251,139,14,2024-11-05,2025-06-02,Hypertension
582,4211,105,5,2026-02-16,2026-07-12,Kidney Stones
583,2288,186,4,2025-01-02,2026-06-26,Hypertension
584,4404,27,8,2024-08-09,2025-01-21,Asthma
585,564,37,10,2025-02-27,2025-10-06,Migraine
586,3148,181,20,2024-11-15,2025-04-25,Hypertension
587,629,97,8,2025-12-01,2026-07-23,Migraine
588,2794,44,18,2026-04-19,2026-07-30,Stroke
589,766,225,9,2025-08-09,2026-06-12,Covid
590,3111,154,12,2026-07-25,2026-07-31,Fracture
591,3780,120,2,2026-05-10,2026-08-11,Cancer
592,1683,70,17,2024-09-18,2025-06-15,Asthma
593,1942,150,12,2024-09-11,2025-09-23,Asthma
594,1794,204,12,2025-04-09,2025-12-30,Migraine
595,1713,89,19,2025-10-19,2026-02-24,Pneumonia
596,3947,74,18,2026-01-17,2026-08-16,Stroke
597,2318,162,17,2025-05-12,2025-09-15,Stroke
598,1560,20,13,2025-02-05,2025-06-30,Asthma
599,2755,158,12,2025-03-25,2025-07-17,Fracture
600,147,183,9,2026-04-03,2026-07-06,Kidney Stones
601,840,116,8,2025-04-25,2026-07-09,Diabetes
602,724,80,20,2026-03-03,2026-08-12,Stroke
603,2732,76,20,2025-01-14,2025-03-10,Fracture
604,4324,88,11,2025-12-18,2026-05-21,Kidney Stones
605,3956,226,18,2025-03-03,2025-05-31,Diabetes
606,1182,185,7,2024-11-28,2025-09-15,Migraine
607,1113,126,4,2026-03-14,2026-04-19,Stroke
608,2053,22,17,2025-12-04,2026-04-14,Stroke
609,1977,47,4,2025-01-17,2026-01-02,Kidney Stones
610,463,164,4,2025-05-17,2025-06-26,Pneumonia
611,3462,165,10,2025-04-06,2026-05-11,Diabetes
612,2410,240,8,2026-04-14,2026-06-18,Pneumonia
613,2476,41,11,2026-03-04,2026-04-25,Pneumonia
614,2945,55,9,2024-08-27,2026-03-31,Kidney Stones
615,4633,9,6,2025-12-27,2026-01-21,Stroke
616,2085,110,20,2024-12-13,2025-09-17,Asthma
617,2686,133,15,2026-03-04,2026-05-16,Pneumonia
618,1395,225,7,2025-12-25,2026-02-27,Stroke
619,444,179,16,2024-09-12,2025-03-13,Stroke
620,291,21,4,2025-09-18,2026-07-01,Kidney Stones
621,1060,73,11,2024-09-07,2025-11-04,Fracture
622,4496,93,6,2026-05-30,2026-07-30,Asthma
623,3117,202,3,2025-11-28,2026-03-07,Diabetes
624,840,239,19,2025-08-28,2025-12-31,Fracture
625,266,164,20,2025-08-22,2026-06-13,Kidney Stones
626,943,60,16,2025-07-15,2026-02-06,Migraine
627,3660,60,19,2025-05-17,2026-03-17,Diabetes
628,572,5,18,2026-02-11,2026-03-31,Cancer
629,4256,246,20,2025-05-05,2025-05-16,Diabetes
630,3403,110,7,2025-02-01,2025-06-27,Asthma
631,2129,56,16,2025-08-24,2026-03-17,Asthma
632,2677,107,14,2025-07-02,2026-04-18,Cancer
633,1006,80,3,2024-11-03,2025-02-22,Hypertension
634,2671,215,20,2024-08-13,2026-06-04,Stroke
635,4943,103,19,2024-11-09,2025-08-17,Pneumonia
636,340,142,5,2026-06-19,2026-08-14,Cancer
637,3659,74,3,2024-12-24,2025-09-29,Fracture
638,1775,140,20,2025-07-02,2025-10-30,Hypertension
639,1904,6,12,2025-12-16,2026-04-12,Diabetes
640,1338,32,6,2024-08-20,2026-02-05,Kidney Stones
641,4466,86,8,2026-03-19,2026-05-05,Cancer
642,2462,96,6,2024-11-01,2026-02-04,Diabetes
643,3568,211,16,2026-01-13,2026-04-16,Asthma
644,4503,203,13,2025-03-05,2025-06-22,Stroke
645,1814,55,13,2025-06-23,2025-07-30,Asthma
646,2555,101,1,2026-04-19,2026-06-24,Migraine
647,258,81,20,2025-05-27,2026-08-01,Migraine
648,2927,154,13,2025-01-17,2026-06-23,Asthma
649,1586,98,2,2026-07-09,2026-07-09,Diabetes
650,4475,41,19,2024-09-03,2026-07-16,Migraine
651,3309,189,2,2025-08-06,2025-12-17,Stroke
652,1282,144,1,2025-01-06,2025-03-03,Covid
653,1789,244,8,2026-03-21,2026-06-13,Migraine
654,3489,194,17,2024-09-19,2025-09-07,Stroke
655,1841,14,6,2026-07-14,2026-08-16,Fracture
656,4412,54,9,2024-09-14,2025-10-23,Stroke
657,3423,193,10,2025-09-30,2026-06-27,Diabetes
658,837,5,11,2026-02-04,2026-03-09,Pneumonia
659,906,12,10,2024-09-19,2026-07-28,Hypertension
660,711,70,10,2024-11-17,2025-05-08,Diabetes
661,4646,114,15,2026-01-06,2026-03-17,Kidney Stones
662,3873,216,10,2024-12-18,2026-05-13,Stroke
663,1963,137,13,2026-01-10,2026-01-20,Kidney Stones
664,1959,58,1,2025-11-18,2026-05-22,Covid
665,2872,79,11,2024-12-29,2026-05-18,Asthma
666,1881,235,15,2024-10-31,2026-04-20,Pneumonia
667,3220,165,19,2024-08-19,2025-01-20,Hypertension
668,4265,155,14,2024-08-28,2025-04-22,Hypertension
669,4795,174,13,2025-02-08,2025-08-14,Migraine
670,456,104,18,2025-11-08,2026-03-07,Diabetes
671,1931,189,7,2026-04-02,2026-05-15,Hypertension
672,3196,120,2,2026-04-25,2026-05-11,Migraine
673,3176,165,13,2025-05-12,2026-02-20,Migraine
674,4196,33,3,2024-08-31,2024-11-20,Stroke
675,1135,116,17,2024-09-21,2025-06-27,Kidney Stones
676,4275,113,6,2024-11-24,2026-04-14,Asthma
677,582,64,19,2025-03-09,2025-06-17,Pneumonia
678,2000,233,1,2025-07-10,2025-12-11,Migraine
679,3868,240,12,2026-01-22,2026-08-15,Hypertension
680,1780,70,5,2026-02-22,2026-04-10,Pneumonia
681,3633,231,13,2026-03-26,2026-06-01,Hypertension
682,460,90,10,2025-02-09,2025-10-08,Diabetes
683,3136,231,20,2026-03-15,2026-07-27,Migraine
684,2492,89,12,2025-01-27,2025-09-30,Migraine
685,153,136,17,2024-12-11,2025-05-22,Hypertension
686,678,124,10,2024-10-26,2026-04-25,Diabetes
687,1336,191,2,2025-12-15,2026-07-01,Pneumonia
688,3459,211,10,2026-04-27,2026-05-26,Diabetes
689,1151,151,20,2024-10-22,2025-04-10,Cancer
690,2452,122,16,2025-07-11,2025-09-30,Kidney Stones
691,4109,11,15,2025-08-15,2025-12-13,Asthma
692,3649,20,3,2024-11-14,2026-05-03,Covid
693,3994,12,7,2025-08-27,2026-01-08,Diabetes
694,3393,44,6,2025-11-18,2026-06-08,Pneumonia
695,742,66,2,2025-07-29,2026-05-16,Migraine
696,2948,129,9,2024-10-24,2026-07-05,Kidney Stones
697,3215,85,13,2025-07-16,2025-09-08,Covid
698,490,119,19,2026-01-07,2026-02-08,Cancer
699,1103,155,19,2025-06-28,2026-01-17,Hypertension
700,4254,236,13,2025-06-24,2026-05-05,Stroke
701,3726,150,3,2025-09-27,2026-06-19,Pneumonia
702,4800,97,16,2025-11-25,2026-01-09,Diabetes
703,4527,207,4,2024-11-19,2025-11-17,Hypertension
704,1548,195,2,2025-04-11,2026-06-11,Migraine
705,433,38,15,2025-02-08,2025-05-31,Diabetes
706,3969,71,20,2025-02-20,2025-12-24,Cancer
707,2593,183,16,2025-05-06,2026-02-03,Migraine
708,1737,74,16,2025-02-19,2025-08-08,Fracture
709,241,118,17,2024-11-29,2025-12-28,Pneumonia
710,4566,224,18,2025-07-20,2026-02-13,Migraine
711,2192,241,14,2025-07-04,2025-08-29,Pneumonia
712,2420,124,20,2024-11-15,2025-10-14,Stroke
713,2038,50,7,2025-04-05,2025-06-25,Pneumonia
714,1563,150,4,2025-11-06,2026-05-14,Cancer
715,611,209,14,2024-08-29,2025-02-28,Stroke
716,4192,237,18,2024-10-31,2026-03-09,Fracture
717,3407,160,2,2026-02-23,2026-03-11,Cancer
718,995,147,15,2024-10-23,2025-01-07,Stroke
719,3595,51,1,2025-10-19,2026-04-25,Fracture
720,1791,21,7,2026-05-05,2026-07-01,Pneumonia
721,4073,125,16,2025-07-01,2025-07-10,Covid
722,816,147,13,2026-02-26,2026-07-27,Hypertension
723,1095,8,14,2025-10-09,2026-03-26,Hypertension
724,2252,72,19,2024-12-05,2025-04-25,Covid
725,1606,228,4,2025-07-31,2026-01-19,Fracture
726,3917,51,18,2025-01-02,2026-02-16,Stroke
727,4051,130,13,2025-06-08,2025-08-25,Asthma
728,1006,15,2,2024-09-28,2025-09-08,Hypertension
729,3950,3,13,2025-07-14,2025-09-07,Asthma
730,1105,88,12,2024-09-01,2025-06-28,Migraine
731,3215,119,8,2024-10-27,2026-03-03,Migraine
732,1991,118,17,2025-09-24,2026-04-10,Hypertension
733,4796,155,14,2025-09-11,2026-02-06,Cancer
734,2197,35,1,2025-08-31,2026-06-01,Pneumonia
735,4970,152,10,2026-06-26,2026-06-29,Cancer
736,161,91,15,2025-06-05,2025-10-22,Diabetes
737,1965,125,4,2026-06-13,2026-07-11,Hypertension
738,367,248,5,2025-01-03,2026-08-08,Pneumonia
739,2323,31,12,2025-06-06,2026-07-19,Diabetes
740,1174,181,4,2025-12-27,2026-04-25,Asthma
741,3480,27,9,2024-09-13,2025-07-17,Stroke
742,2052,135,17,2025-03-05,2025-05-08,Kidney Stones
743,1703,104,18,2026-06-09,2026-07-21,Migraine
744,3016,43,17,2026-04-10,2026-06-29,Cancer
745,3531,54,8,2026-02-04,2026-03-10,Diabetes
746,1887,237,11,2025-08-26,2025-11-27,Stroke
747,330,160,18,2025-03-01,2025-12-11,Asthma
748,4130,110,15,2026-07-08,2026-08-15,Covid
749,1185,203,5,2026-08-01,2026-08-17,Kidney Stones
750,266,96,4,2025-09-04,2026-03-16,Fracture
751,1214,220,2,2024-08-25,2025-09-03,Stroke
752,840,250,1,2026-04-28,2026-05-17,Migraine
753,4686,190,12,2026-04-18,2026-06-30,Cancer
754,2850,241,3,2026-06-08,2026-07-02,Hypertension
755,2901,104,6,2025-06-06,2026-08-11,Hypertension
756,183,83,3,2026-05-25,2026-07-09,Pneumonia
757,1494,217,18,2025-04-18,2026-06-23,Stroke
758,3199,230,14,2024-08-17,2026-05-11,Covid
759,1655,90,10,2024-12-06,2025-07-07,Diabetes
760,3131,219,3,2026-05-04,2026-05-28,Covid
761,2782,153,19,2024-11-19,2025-05-22,Diabetes
762,3513,49,5,2025-10-09,2025-12-07,Diabetes
763,685,92,5,2026-05-08,2026-07-23,Stroke
764,1969,44,20,2025-04-14,2025-07-15,Pneumonia
765,4945,126,16,2025-01-07,2026-02-09,Hypertension
766,2660,166,18,2025-01-02,2025-07-29,Asthma
767,3370,165,13,2026-07-18,2026-08-12,Cancer
768,1610,165,2,2026-06-23,2026-06-24,Diabetes
769,2041,44,4,2025-09-24,2026-03-31,Pneumonia
770,2766,144,2,2025-08-30,2025-11-30,Migraine
771,3040,125,10,2026-04-03,2026-05-30,Covid
772,4690,243,11,2026-08-05,2026-08-13,Asthma
773,3582,248,18,2024-11-06,2026-04-07,Pneumonia
774,4885,72,12,2025-02-16,2025-11-06,Asthma
775,4607,189,3,2026-01-11,2026-03-14,Kidney Stones
776,2807,164,9,2026-02-20,2026-06-30,Asthma
777,1898,94,4,2025-12-21,2026-02-20,Kidney Stones
778,606,203,2,2024-09-04,2025-07-17,Migraine
779,4079,56,19,2025-06-21,2025-08-01,Kidney Stones
780,1325,195,3,2025-07-11,2025-11-27,Covid
781,3928,63,9,2025-09-18,2025-11-28,Pneumonia
782,3352,74,8,2026-06-28,2026-07-06,Diabetes
783,4769,89,17,2025-04-23,2025-06-13,Cancer
784,1555,164,19,2025-06-15,2026-03-09,Cancer
785,3056,164,17,2024-09-09,2025-08-22,Stroke
786,847,144,6,2025-09-17,2026-01-31,Pneumonia
787,4732,128,20,2025-12-18,2026-08-07,Migraine
788,3734,56,20,2025-10-20,2026-01-01,Cancer
789,4759,113,13,2025-06-17,2026-03-23,Pneumonia
790,3293,74,1,2026-06-27,2026-07-22,Stroke
791,62,151,4,2026-03-23,2026-03-30,Asthma
792,4028,20,18,2024-10-04,2026-02-14,Covid
793,898,188,8,2025-12-27,2026-05-26,Hypertension
794,3938,43,19,2024-09-04,2025-10-06,Hypertension
795,2525,106,20,2025-02-15,2025-05-27,Asthma
796,492,166,2,2026-07-07,2026-08-06,Cancer
797,3729,10,17,2024-10-24,2025-03-14,Hypertension
798,3665,43,4,2026-04-17,2026-08-01,Asthma
799,3598,114,20,2025-02-09,2025-09-15,Stroke
800,168,58,11,2025-05-09,2026-04-13,Kidney Stones
801,4183,98,10,2026-04-24,2026-06-23,Cancer
802,123,174,16,2025-06-08,2025-07-06,Cancer
803,2193,211,18,2026-02-28,2026-03-03,Pneumonia
804,557,101,17,2026-06-23,2026-08-02,Cancer
805,3017,154,9,2025-04-27,2026-01-12,Diabetes
806,1322,28,14,2025-01-29,2025-12-10,Covid
807,244,193,16,2025-09-05,2026-05-13,Hypertension
808,2872,225,1,2025-05-01,2026-01-30,Hypertension
809,835,185,20,2026-08-04,2026-08-15,Diabetes
810,1387,201,3,2024-11-22,2025-01-14,Hypertension
811,2071,238,2,2026-01-23,2026-07-18,Migraine
812,1283,22,10,2025-04-01,2025-07-16,Kidney Stones
813,4956,200,8,2026-03-10,2026-06-15,Fracture
814,1169,75,3,2025-04-01,2026-01-01,Diabetes
815,793,42,18,2024-09-02,2026-04-23,Migraine
816,159,39,1,2025-07-24,2026-06-12,Kidney Stones
817,1560,202,9,2024-08-07,2025-01-16,Asthma
818,112,52,15,2026-02-16,2026-03-12,Kidney Stones
819,4832,243,2,2025-11-09,2026-04-17,Diabetes
820,4508,31,4,2025-06-06,2026-04-19,Asthma
821,3519,99,12,2026-07-31,2026-08-02,Diabetes
822,4770,38,8,2025-08-25,2026-04-09,Diabetes
823,599,214,2,2024-12-06,2026-08-10,Asthma
824,773,103,14,2026-01-25,2026-06-03,Migraine
825,4549,166,14,2025-10-15,2026-08-01,Cancer
826,587,217,4,2024-12-21,2026-05-22,Covid
827,1878,149,14,2026-07-14,2026-08-09,Covid
828,4951,206,1,2025-10-13,2025-10-26,Kidney Stones
829,3221,42,5,2024-08-14,2026-07-17,Hypertension
830,4606,233,20,2025-09-23,2026-03-19,Migraine
831,2294,209,6,2026-04-19,2026-06-23,Asthma
832,231,30,5,2024-10-13,2025-11-28,Cancer
833,4844,43,11,2025-03-24,2026-02-08,Cancer
834,3867,216,10,2025-05-15,2026-06-24,Hypertension
835,481,202,1,2025-10-12,2026-04-08,Pneumonia
836,4938,168,9,2025-06-29,2026-08-16,Cancer
837,745,4,9,2026-07-14,2026-08-04,Diabetes
838,3008,26,14,2026-07-04,2026-07-23,Pneumonia
839,1381,111,18,2025-05-08,2026-04-03,Asthma
840,275,138,11,2025-01-12,2025-02-07,Stroke
841,78,175,16,2024-12-12,2026-01-13,Cancer
842,2851,179,12,2025-10-28,2026-08-03,Cancer
843,753,44,12,2026-07-26,2026-08-08,Kidney Stones
844,1395,238,5,2025-03-01,2025-03-14,Kidney Stones
845,4789,42,1,2025-07-18,2025-10-14,Diabetes
846,1626,79,10,2025-08-07,2026-04-30,Hypertension
847,673,223,15,2025-08-17,2026-05-20,Diabetes
848,4413,69,13,2026-06-17,2026-07-22,Migraine
849,600,95,1,2024-10-14,2026-01-31,Hypertension
850,871,57,17,2026-04-30,2026-08-12,Kidney Stones
851,2968,171,10,2024-12-17,2025-11-13,Cancer
852,3322,242,4,2026-06-05,2026-06-17,Cancer
853,2843,235,4,2025-04-08,2025-12-10,Stroke
854,1969,73,11,2026-03-01,2026-03-21,Hypertension
855,1405,242,15,2025-07-07,2026-08-05,Hypertension
856,3348,58,9,2026-07-06,2026-08-12,Cancer
857,4393,191,1,2025-07-27,2026-06-29,Stroke
858,4802,50,20,2025-05-19,2026-04-16,Stroke
859,4645,184,9,2025-11-24,2026-07-29,Stroke
860,3631,193,12,2024-10-16,2026-06-17,Cancer
861,1033,87,20,2024-11-07,2026-02-25,Kidney Stones
862,1856,82,19,2026-07-25,2026-08-02,Pneumonia
863,1480,179,13,2026-02-26,2026-03-20,Hypertension
864,4802,100,18,2026-02-13,2026-05-12,Pneumonia
865,3597,146,20,2024-09-02,2024-12-02,Fracture
866,293,158,6,2024-11-04,2025-02-04,Cancer
867,3522,32,19,2026-03-10,2026-03-22,Pneumonia
868,1912,205,3,2025-10-18,2026-06-09,Fracture
869,1901,218,5,2025-08-23,2026-06-20,Fracture
870,557,74,20,2025-11-12,2026-02-19,Covid
871,3828,169,5,2026-05-10,2026-07-05,Hypertension
872,3050,47,11,2024-11-18,2025-10-24,Kidney Stones
873,3330,69,8,2025-04-11,2026-05-14,Diabetes
874,2102,5,20,2026-07-30,2026-08-05,Diabetes
875,735,222,6,2025-02-11,2025-12-14,Pneumonia
876,1435,216,18,2024-11-26,2026-01-07,Migraine
877,1746,67,3,2026-07-29,2026-07-29,Covid
878,1974,41,5,2025-09-16,2026-07-11,Cancer
879,3484,154,19,2024-09-17,2026-05-23,Covid
880,2780,41,7,2025-02-18,2025-08-28,Asthma
881,4296,155,7,2025-11-13,2025-12-23,Kidney Stones
882,1047,145,11,2025-10-04,2026-03-02,Covid
883,2652,95,19,2025-11-01,2026-05-07,Fracture
884,4270,149,14,2026-04-02,2026-06-19,Fracture
885,3686,216,9,2026-03-23,2026-04-06,Covid
886,3046,209,4,2025-08-29,2026-03-04,Hypertension
887,2207,104,3,2025-12-03,2026-06-10,Hypertension
888,2956,19,6,2025-03-22,2025-06-04,Asthma
889,3898,202,15,2026-03-24,2026-07-26,Stroke
890,779,231,4,2024-11-28,2025-05-07,Asthma
891,702,173,15,2025-05-18,2025-06-29,Fracture
892,2136,178,3,2026-01-13,2026-02-04,Covid
893,2948,202,10,2025-06-22,2026-03-07,Asthma
894,47,167,4,2025-11-24,2026-04-24,Migraine
895,2728,82,6,2026-07-08,2026-08-13,Kidney Stones
896,1383,52,18,2026-04-20,2026-07-17,Diabetes
897,1751,232,3,2025-04-08,2026-07-31,Pneumonia
898,1854,18,9,2025-11-25,2026-02-08,Hypertension
899,2622,200,3,2026-04-05,2026-06-25,Pneumonia
900,850,146,8,2024-12-29,2025-08-18,Pneumonia
901,4568,83,14,2025-12-09,2026-04-27,Stroke
902,3358,36,16,2026-05-25,2026-06-18,Asthma
903,3814,189,7,2026-07-15,2026-08-07,Migraine
904,1641,197,11,2024-08-13,2024-08-17,Covid
905,3444,54,17,2024-10-29,2025-02-07,Cancer
906,2565,79,13,2026-03-22,2026-06-23,Cancer
907,3990,103,17,2024-08-12,2026-01-09,Diabetes
908,248,152,4,2025-01-28,2026-01-21,Cancer
909,4131,44,18,2026-07-28,2026-08-08,Covid
910,3242,210,12,2026-03-01,2026-03-14,Pneumonia
911,30,14,18,2025-01-30,2025-01-31,Stroke
912,1206,50,9,2024-09-02,2025-06-09,Migraine
913,54,34,10,2026-02-28,2026-07-10,Asthma
914,4640,69,19,2025-02-25,2025-09-28,Diabetes
915,3791,133,7,2025-09-15,2026-07-29,Pneumonia
916,3459,133,10,2024-12-06,2025-07-13,Fracture
917,3601,88,2,2025-06-01,2026-01-24,Stroke
918,1330,66,15,2026-02-04,2026-03-04,Pneumonia
919,3959,166,18,2025-11-01,2026-07-25,Migraine
920,4388,232,13,2026-07-30,2026-08-01,Fracture
921,3556,3,13,2024-10-06,2025-09-01,Asthma
922,764,14,7,2026-07-26,2026-08-06,Fracture
923,4075,109,20,2025-11-20,2026-01-09,Diabetes
924,551,226,5,2026-03-22,2026-06-19,Fracture
925,590,163,18,2025-03-19,2026-01-27,Migraine
926,1441,234,19,2025-10-23,2025-11-30,Migraine
927,3484,167,13,2024-10-16,2026-01-01,Migraine
928,639,75,11,2025-03-27,2026-04-26,Pneumonia
929,2355,192,20,2025-05-20,2026-01-24,Asthma
930,260,29,12,2025-04-14,2026-02-11,Fracture
931,3316,131,7,2026-05-01,2026-08-03,Migraine
932,4642,188,5,2025-06-25,2025-09-13,Fracture
933,2934,183,4,2025-11-06,2026-05-21,Kidney Stones
934,2515,147,3,2025-10-27,2026-07-28,Covid
935,2585,7,14,2024-12-28,2026-03-26,Migraine
936,3344,140,5,2026-02-20,2026-06-18,Covid
937,834,98,6,2024-09-13,2026-01-21,Asthma
938,3160,127,4,2025-10-09,2026-07-01,Migraine
939,200,196,18,2025-08-19,2026-01-04,Kidney Stones
940,337,48,8,2026-04-26,2026-08-06,Fracture
941,3391,165,11,2025-08-02,2026-06-02,Pneumonia
942,553,197,15,2025-03-20,2025-06-26,Stroke
943,651,212,5,2025-03-17,2025-08-03,Pneumonia
944,1361,140,15,2024-09-21,2025-06-21,Kidney Stones
945,2928,27,5,2025-05-21,2026-01-24,Migraine
946,4832,122,11,2025-06-30,2026-05-15,Diabetes
947,797,48,1,2025-02-25,2025-09-12,Stroke
948,3617,194,13,2026-03-01,2026-05-18,Diabetes
949,4550,22,20,2026-06-19,2026-06-28,Hypertension
950,1753,244,3,2025-02-25,2026-07-15,Kidney Stones
951,1671,237,13,2025-01-17,2025-08-13,Fracture
952,3954,41,7,2025-09-21,2026-07-16,Diabetes
953,3715,152,7,2026-07-05,2026-07-13,Pneumonia
954,545,151,13,2024-11-09,2025-08-22,Pneumonia
955,1811,59,8,2026-02-14,2026-04-01,Hypertension
956,869,239,14,2025-04-21,2026-07-20,Stroke
957,856,219,14,2024-10-04,2026-01-27,Migraine
958,2404,50,20,2026-02-18,2026-04-27,Fracture
959,940,157,7,2026-02-12,2026-05-30,Asthma
960,2159,198,1,2024-09-25,2025-02-07,Asthma
961,4404,26,17,2026-04-12,2026-07-20,Covid
962,2895,238,19,2026-04-29,2026-07-22,Covid
963,909,236,10,2024-11-09,2025-07-09,Kidney Stones
964,2301,11,15,2024-12-21,2026-05-24,Pneumonia
965,3292,103,1,2025-05-05,2025-12-09,Pneumonia
966,1651,173,3,2026-04-14,2026-07-25,Kidney Stones
967,4010,214,7,2025-11-22,2026-01-30,Cancer
968,3261,88,10,2024-08-15,2024-08-16,Fracture
969,1150,248,18,2024-08-10,2025-05-18,Cancer
970,3154,181,12,2025-03-01,2025-06-14,Kidney Stones
971,1270,101,5,2025-02-16,2026-06-24,Covid
972,4846,31,11,2026-03-18,2026-07-27,Fracture
973,3823,227,1,2025-01-22,2026-06-25,Stroke
974,3326,97,19,2025-07-11,2025-11-09,Diabetes
975,105,179,8,2024-09-22,2025-10-03,Pneumonia
976,1580,53,2,2026-06-30,2026-07-25,Diabetes
977,1929,51,17,2025-08-12,2026-02-17,Migraine
978,1093,154,11,2026-03-13,2026-06-18,Hypertension
979,2837,114,10,2024-12-20,2026-06-01,Hypertension
980,2069,181,5,2025-05-26,2025-06-16,Pneumonia
981,3151,117,6,2025-10-11,2026-08-02,Cancer
982,3878,8,19,2024-10-19,2026-08-06,Cancer
983,696,68,15,2026-02-19,2026-05-02,Diabetes
984,1609,36,16,2024-08-29,2026-04-13,Asthma
985,2569,213,6,2026-05-05,2026-05-06,Fracture
986,500,143,15,2025-01-17,2025-05-23,Asthma
987,3205,122,18,2025-12-18,2026-07-25,Stroke
988,1271,108,7,2025-08-23,2026-06-04,Fracture
989,2644,135,11,2026-05-26,2026-05-26,Covid
990,2952,240,1,2024-11-06,2024-11-19,Asthma
991,4771,243,2,2024-10-19,2026-01-02,Hypertension
992,1273,12,20,2025-07-07,2026-02-12,Fracture
993,4980,247,20,2025-07-10,2026-05-08,Diabetes
994,3550,7,6,2024-11-25,2025-10-15,Pneumonia
995,3948,160,4,2026-02-11,2026-05-20,Hypertension
996,1692,12,17,2024-09-05,2026-06-17,Hypertension
997,272,83,5,2025-11-21,2026-01-20,Hypertension
998,813,129,2,2025-07-03,2025-11-18,Covid
999,1564,22,19,2025-04-20,2025-07-07,Diabetes
1000,1940,134,16,2025-04-26,2025-04-30,Asthma
1001,3454,52,14,2025-01-06,2025-06-24,Stroke
1002,4737,204,18,2025-07-05,2026-08-17,Diabetes
1003,1661,229,4,2025-06-07,2025-11-05,Stroke
1004,4180,69,2,2025-06-30,2025-11-07,Diabetes
1005,2829,169,12,2026-06-24,2026-07-21,Fracture
1006,4396,216,8,2024-09-28,2025-12-26,Fracture
1007,3232,98,3,2024-12-09,2025-08-24,Kidney Stones
1008,2086,141,10,2024-12-30,2025-01-23,Kidney Stones
1009,928,222,11,2026-07-15,2026-07-30,Covid
1010,2520,103,5,2026-06-27,2026-08-08,Covid
1011,1090,235,12,2025-10-21,2026-04-08,Cancer
1012,3914,105,18,2026-05-12,2026-07-26,Kidney Stones
1013,4381,62,7,2025-07-14,2025-08-20,Stroke
1014,3594,14,10,2026-04-18,2026-06-19,Migraine
1015,4806,150,6,2026-05-16,2026-06-16,Asthma
1016,3497,99,15,2026-01-12,2026-08-13,Diabetes
1017,1725,146,20,2026-06-05,2026-06-12,Pneumonia
1018,394,27,14,2025-08-03,2025-08-20,Stroke
1019,610,88,17,2025-06-07,2025-09-26,Hypertension
1020,4500,85,7,2026-06-06,2026-06-30,Fracture
1021,50,229,10,2025-08-13,2025-10-24,Hypertension
1022,2611,21,12,2026-03-10,2026-08-14,Covid
1023,4974,146,2,2026-01-09,2026-08-11,Hypertension
1024,1743,232,8,2025-12-18,2026-05-17,Pneumonia
1025,1544,95,12,2025-01-31,2025-06-19,Asthma
1026,1133,176,15,2025-01-20,2025-09-23,Pneumonia
1027,3825,191,1,2026-04-06,2026-07-09,Diabetes
1028,4856,32,3,2026-04-23,2026-08-09,Pneumonia
1029,4070,138,6,2025-05-09,2026-05-24,Covid
1030,4249,145,18,2025-11-18,2026-06-23,Fracture
1031,2284,143,18,2025-10-23,2026-04-02,Cancer
1032,3825,159,9,2025-05-26,2026-05-10,Fracture
1033,3323,63,6,2025-11-01,2025-12-20,Cancer
1034,1703,185,19,2026-08-05,2026-08-07,Kidney Stones
1035,1250,107,4,2025-04-18,2025-09-29,Stroke
1036,1035,105,1,2025-09-04,2025-12-02,Covid
1037,71,202,20,2026-03-05,2026-06-06,Hypertension
1038,1115,167,13,2025-12-23,2026-07-10,Asthma
1039,3271,190,19,2025-06-24,2025-09-30,Hypertension
1040,4836,27,19,2025-04-23,2026-08-02,Migraine
1041,3514,240,19,2024-09-25,2026-05-22,Covid
1042,1279,66,18,2025-01-11,2025-12-14,Cancer
1043,1664,62,3,2025-03-12,2025-07-20,Fracture
1044,4528,215,16,2026-07-31,2026-08-16,Covid
1045,4283,163,17,2025-12-19,2026-04-08,Migraine
1046,67,46,19,2024-09-18,2025-09-23,Diabetes
1047,3283,121,12,2025-05-22,2026-06-04,Kidney Stones
1048,604,19,2,2025-06-25,2025-09-16,Pneumonia
1049,4968,88,1,2026-02-10,2026-04-01,Pneumonia
1050,4892,91,8,2025-02-24,2025-10-20,Migraine
1051,270,133,20,2026-07-16,2026-08-17,Cancer
1052,4427,51,7,2025-07-09,2026-01-10,Stroke
1053,3516,247,4,2026-02-04,2026-02-16,Stroke
1054,2810,108,8,2026-07-29,2026-08-03,Hypertension
1055,4565,99,4,2025-03-09,2026-07-04,Migraine
1056,3140,117,19,2024-08-30,2026-05-02,Migraine
1057,4428,5,17,2025-10-29,2026-01-20,Stroke
1058,1890,223,2,2026-04-18,2026-07-08,Hypertension
1059,4169,98,6,2025-04-08,2026-01-18,Covid
1060,1161,21,1,2024-10-19,2025-08-15,Migraine
1061,412,57,18,2025-05-12,2026-05-19,Pneumonia
1062,4145,134,6,2024-08-31,2025-07-23,Migraine
1063,3114,209,10,2025-06-11,2026-06-17,Kidney Stones
1064,3260,16,14,2025-08-30,2026-05-18,Hypertension
1065,446,121,9,2024-09-30,2025-12-08,Asthma
1066,1395,123,14,2025-06-09,2025-12-26,Migraine
1067,1515,65,13,2026-04-30,2026-06-01,Pneumonia
1068,2921,124,5,2026-03-31,2026-08-13,Asthma
1069,4210,138,12,2025-12-03,2026-02-12,Covid
1070,3886,122,4,2026-04-15,2026-07-27,Stroke
1071,1656,46,7,2024-10-04,2025-10-20,Hypertension
1072,1444,74,6,2026-05-18,2026-05-22,Cancer
1073,4899,24,15,2024-08-30,2026-02-13,Stroke
1074,2027,77,20,2024-08-11,2025-04-17,Asthma
1075,218,246,8,2025-03-13,2026-02-27,Pneumonia
1076,4955,27,14,2026-05-11,2026-06-22,Migraine
1077,4737,117,6,2025-09-19,2025-12-09,Hypertension
1078,196,82,9,2025-06-20,2026-04-28,Kidney Stones
1079,3292,212,16,2026-03-12,2026-05-01,Asthma
1080,2384,165,16,2024-09-04,2026-02-05,Covid
1081,3471,55,4,2026-03-30,2026-06-27,Pneumonia
1082,300,223,12,2024-10-29,2025-03-01,Asthma
1083,1441,124,20,2025-09-21,2025-10-22,Kidney Stones
1084,419,71,12,2024-12-15,2026-05-29,Migraine
1085,2470,37,4,2024-10-28,2025-04-05,Pneumonia
1086,4630,174,16,2024-11-23,2026-05-18,Covid
1087,3646,118,15,2025-03-11,2026-08-04,Diabetes
1088,4893,223,11,2026-03-27,2026-07-14,Hypertension
1089,4253,121,11,2026-05-01,2026-06-11,Migraine
1090,3892,109,4,2026-01-14,2026-07-16,Migraine
1091,1614,227,14,2025-12-20,2026-05-19,Hypertension
1092,97,45,19,2025-09-24,2026-07-15,Cancer
1093,2302,25,4,2024-09-22,2025-10-16,Cancer
1094,728,28,20,2025-05-30,2026-03-02,Asthma
1095,3276,51,4,2025-01-04,2025-07-14,Pneumonia
1096,975,63,9,2025-05-15,2026-06-23,Cancer
1097,3769,155,18,2025-03-25,2026-03-16,Cancer
1098,1026,54,18,2026-01-12,2026-01-28,Cancer
1099,8,211,11,2025-11-13,2025-11-26,Cancer
1100,569,115,6,2025-06-21,2025-10-28,Kidney Stones
1101,2062,216,10,2025-12-31,2026-03-21,Asthma
1102,1281,82,18,2024-11-07,2025-05-10,Diabetes
1103,1644,145,14,2025-04-21,2026-04-08,Cancer
1104,3342,122,6,2025-01-11,2025-12-14,Cancer
1105,3237,129,16,2025-09-15,2026-05-08,Fracture
1106,2699,17,5,2026-01-25,2026-07-20,Fracture
1107,1611,200,14,2026-07-27,2026-08-14,Diabetes
1108,4533,218,19,2026-05-06,2026-07-23,Covid
1109,2690,146,3,2026-02-10,2026-08-11,Stroke
1110,3306,132,6,2026-01-16,2026-07-11,Pneumonia
1111,3345,160,10,2026-06-26,2026-08-06,Cancer
1112,2837,118,14,2025-12-12,2026-01-17,Asthma
1113,1815,59,6,2026-03-05,2026-07-30,Kidney Stones
1114,2704,21,18,2024-09-16,2025-05-24,Asthma
1115,1492,246,4,2025-08-27,2025-11-17,Covid
1116,4328,200,10,2024-12-01,2025-08-12,Migraine
1117,2212,87,1,2025-06-16,2026-01-21,Cancer
1118,149,1,17,2025-09-26,2026-05-27,Kidney Stones
1119,4676,122,5,2025-01-24,2026-01-13,Asthma
1120,2269,219,1,2025-01-31,2026-04-21,Covid
1121,4310,81,8,2025-04-19,2025-09-13,Diabetes
1122,2009,103,17,2026-01-23,2026-05-26,Diabetes
1123,4002,70,10,2026-06-19,2026-07-25,Fracture
1124,3554,196,18,2024-09-17,2026-06-22,Diabetes
1125,1010,160,11,2026-04-20,2026-07-26,Cancer
1126,2142,175,15,2024-12-02,2025-06-24,Asthma
1127,3998,73,15,2025-07-15,2025-11-04,Covid
1128,4247,35,1,2025-05-04,2026-07-25,Pneumonia
1129,826,90,17,2024-10-02,2024-11-01,Fracture
1130,4377,248,11,2025-02-02,2025-07-11,Cancer
1131,4575,41,1,2026-02-19,2026-05-25,Cancer
1132,3998,208,13,2024-08-30,2025-12-15,Fracture
1133,4395,173,20,2025-08-15,2025-09-10,Pneumonia
1134,2382,176,4,2024-10-11,2025-01-30,Pneumonia
1135,4171,160,12,2024-11-15,2025-05-22,Asthma
1136,3571,241,5,2024-12-02,2025-02-18,Covid
1137,1641,22,3,2025-11-14,2026-03-23,Cancer
1138,1480,72,5,2024-11-11,2025-08-12,Pneumonia
1139,2064,53,20,2025-04-22,2026-07-04,Cancer
1140,2892,82,1,2025-03-08,2025-11-29,Asthma
1141,1178,182,3,2026-04-20,2026-08-10,Asthma
1142,3554,181,2,2026-07-31,2026-07-31,Fracture
1143,4388,206,16,2026-02-06,2026-04-08,Diabetes
1144,2478,92,7,2026-07-06,2026-08-06,Hypertension
1145,55,211,15,2026-06-19,2026-06-23,Pneumonia
1146,2304,53,3,2025-08-08,2025-08-10,Diabetes
1147,4813,65,12,2026-05-06,2026-08-07,Asthma
1148,2705,39,1,2026-07-25,2026-08-07,Cancer
1149,613,210,18,2025-05-28,2025-07-20,Hypertension
1150,3306,191,7,2026-05-06,2026-06-17,Stroke
1151,1861,132,3,2024-09-11,2025-11-17,Kidney Stones
1152,1580,61,13,2024-10-13,2025-09-16,Diabetes
1153,3361,26,20,2026-01-02,2026-08-03,Fracture
1154,378,245,8,2025-10-03,2026-06-06,Migraine
1155,742,76,11,2024-11-05,2026-08-17,Diabetes
1156,4987,13,6,2025-04-19,2025-12-21,Hypertension
1157,3525,202,5,2024-09-14,2026-05-03,Hypertension
1158,3007,81,4,2025-07-16,2025-10-18,Kidney Stones
1159,3773,64,20,2024-12-01,2026-03-22,Fracture
1160,4821,243,11,2026-03-22,2026-07-16,Stroke
1161,1299,200,2,2025-06-14,2026-01-24,Pneumonia
1162,2059,173,6,2026-07-08,2026-07-17,Covid
1163,1131,233,11,2026-07-26,2026-08-12,Cancer
1164,3205,73,11,2024-12-21,2025-03-29,Diabetes
1165,3815,215,8,2024-10-23,2025-07-13,Diabetes
1166,722,177,5,2025-01-17,2026-03-04,Hypertension
1167,2629,122,17,2026-04-03,2026-07-14,Hypertension
1168,108,95,2,2024-10-06,2025-03-01,Diabetes
1169,345,172,6,2025-12-16,2026-05-11,Covid
1170,2192,213,13,2024-11-27,2026-05-31,Stroke
1171,2654,73,10,2024-11-10,2026-06-20,Stroke
1172,929,115,12,2026-03-07,2026-05-03,Hypertension
1173,4877,55,4,2025-06-29,2026-07-10,Fracture
1174,858,122,12,2025-05-06,2025-07-31,Cancer
1175,156,182,10,2026-07-16,2026-07-27,Asthma
1176,1997,202,1,2025-10-16,2026-06-04,Diabetes
1177,3621,163,5,2024-09-25,2026-01-04,Asthma
1178,4170,160,14,2025-10-06,2026-05-27,Fracture
1179,4643,132,14,2025-01-16,2025-03-22,Migraine
1180,3833,35,14,2026-06-22,2026-07-10,Asthma
1181,4475,91,16,2026-01-09,2026-07-15,Diabetes
1182,631,11,14,2026-01-14,2026-07-26,Stroke
1183,3916,91,16,2024-08-18,2024-09-11,Kidney Stones
1184,569,220,2,2025-04-30,2025-09-18,Pneumonia
1185,2524,120,8,2025-03-16,2025-11-21,Migraine
1186,2658,187,16,2025-01-21,2026-03-03,Pneumonia
1187,486,249,12,2025-12-27,2026-06-14,Cancer
1188,4927,206,4,2024-11-25,2025-03-06,Asthma
1189,4371,86,3,2025-03-19,2026-03-20,Diabetes
1190,4638,210,17,2025-11-04,2026-03-26,Cancer
1191,1178,161,7,2026-05-08,2026-06-23,Covid
1192,2194,158,14,2024-10-28,2025-04-25,Stroke
1193,2275,108,13,2025-11-08,2026-04-03,Hypertension
1194,2134,144,11,2025-09-04,2026-01-28,Asthma
1195,3697,167,9,2024-09-04,2026-01-20,Stroke
1196,1538,159,13,2026-06-30,2026-08-01,Fracture
1197,2399,59,3,2025-11-07,2026-03-11,Hypertension
1198,3249,235,16,2024-12-30,2025-06-22,Pneumonia
1199,2820,89,7,2026-05-13,2026-06-02,Hypertension
1200,2772,247,8,2026-06-10,2026-06-18,Migraine
1201,4303,60,9,2025-04-26,2025-07-10,Covid
1202,4325,130,5,2025-08-12,2025-10-26,Stroke
1203,826,52,4,2025-06-17,2026-02-17,Stroke
1204,3457,61,15,2025-02-09,2025-04-23,Migraine
1205,837,247,12,2026-01-02,2026-01-24,Pneumonia
1206,1108,78,9,2026-07-11,2026-07-31,Fracture
1207,4237,155,18,2026-03-14,2026-03-29,Diabetes
1208,2798,196,14,2026-01-07,2026-02-10,Cancer
1209,3331,223,18,2026-01-19,2026-05-18,Pneumonia
1210,2432,59,10,2025-10-28,2025-12-02,Stroke
1211,673,237,16,2025-08-14,2026-08-10,Pneumonia
1212,4692,97,7,2026-03-16,2026-07-15,Asthma
1213,2859,250,15,2026-04-02,2026-06-02,Cancer
1214,1,164,2,2025-07-05,2026-02-08,Cancer
1215,494,39,1,2026-03-10,2026-04-08,Stroke
1216,4177,66,19,2026-06-15,2026-07-27,Fracture
1217,675,113,19,2025-12-09,2026-02-23,Fracture
1218,1146,231,11,2024-10-03,2025-02-03,Asthma
1219,1544,125,12,2026-03-03,2026-07-09,Cancer
1220,3176,249,6,2024-10-18,2026-04-13,Covid
1221,2769,43,17,2025-10-10,2026-01-11,Pneumonia
1222,2156,233,4,2025-12-27,2026-08-14,Covid
1223,3139,172,2,2025-06-03,2026-05-05,Kidney Stones
1224,4621,138,17,2025-02-05,2025-11-18,Hypertension
1225,589,154,7,2026-03-30,2026-05-27,Asthma
1226,4279,113,5,2026-06-15,2026-06-16,Cancer
1227,3679,77,9,2025-06-17,2026-03-20,Hypertension
1228,244,59,7,2025-08-10,2026-05-01,Migraine
1229,1941,223,9,2025-04-28,2025-08-12,Kidney Stones
1230,398,223,13,2024-11-18,2026-01-09,Diabetes
1231,3622,4,10,2025-03-03,2026-03-20,Kidney Stones
1232,2736,133,3,2026-01-09,2026-08-08,Fracture
1233,722,10,19,2026-06-17,2026-07-16,Fracture
1234,4910,145,2,2024-12-26,2026-04-29,Covid
1235,3990,225,13,2026-01-12,2026-06-04,Cancer
1236,1904,130,18,2025-04-20,2026-01-20,Kidney Stones
1237,1219,197,8,2024-08-24,2026-04-13,Diabetes
1238,4015,155,7,2026-07-04,2026-07-10,Fracture
1239,1633,247,9,2026-03-12,2026-05-17,Cancer
1240,1687,71,10,2026-07-08,2026-08-09,Diabetes
1241,3930,81,6,2025-07-29,2026-08-12,Migraine
1242,3834,124,15,2025-07-22,2025-09-29,Hypertension
1243,4111,28,18,2025-07-29,2026-08-15,Cancer
1244,2656,218,11,2025-08-05,2026-02-10,Fracture
1245,2938,45,7,2026-07-10,2026-08-06,Fracture
1246,265,81,15,2025-10-23,2025-11-28,Hypertension
1247,3384,197,17,2025-12-01,2026-03-01,Migraine
1248,3078,216,4,2026-02-10,2026-06-22,Kidney Stones
1249,143,51,5,2024-10-20,2025-01-15,Fracture
1250,113,132,5,2025-09-11,2026-07-02,Covid
1251,1664,68,14,2026-03-27,2026-07-09,Asthma
1252,905,35,4,2025-08-12,2026-02-26,Migraine
1253,147,172,19,2025-08-08,2026-02-08,Fracture
1254,383,55,10,2025-08-05,2025-08-16,Asthma
1255,1474,22,9,2026-05-12,2026-06-01,Migraine
1256,386,194,7,2026-04-25,2026-04-26,Covid
1257,4556,11,17,2026-05-29,2026-08-09,Covid
1258,4737,5,1,2026-07-22,2026-08-11,Kidney Stones
1259,3646,108,8,2025-12-07,2026-05-21,Diabetes
1260,878,204,13,2024-12-15,2025-04-12,Diabetes
1261,2497,186,3,2025-08-17,2026-04-27,Cancer
1262,4442,77,2,2025-12-06,2025-12-15,Cancer
1263,4912,113,9,2024-09-27,2025-02-06,Cancer
1264,2517,150,6,2024-09-11,2025-11-16,Diabetes
1265,1230,61,4,2025-06-02,2025-08-08,Hypertension
1266,4979,225,18,2026-01-01,2026-08-08,Stroke
1267,1453,172,2,2025-09-13,2026-02-09,Covid
1268,1823,92,9,2026-07-08,2026-08-08,Pneumonia
1269,1064,132,19,2025-06-28,2026-02-14,Fracture
1270,2009,2,10,2025-05-15,2025-06-25,Pneumonia
1271,1579,84,1,2026-05-23,2026-05-23,Asthma
1272,783,179,14,2026-01-31,2026-05-22,Fracture
1273,2733,245,19,2025-08-18,2026-02-19,Stroke
1274,3030,195,5,2026-04-04,2026-05-10,Fracture
1275,494,175,14,2025-07-24,2025-07-28,Stroke
1276,1727,76,17,2025-01-25,2025-11-08,Migraine
1277,858,215,1,2025-04-19,2025-07-01,Hypertension
1278,534,151,9,2024-10-27,2025-02-22,Pneumonia
1279,2349,134,2,2025-01-24,2026-02-25,Fracture
1280,1871,93,2,2025-10-10,2025-10-18,Diabetes
1281,3456,205,2,2025-09-25,2025-11-12,Migraine
1282,4894,82,9,2025-03-21,2026-07-26,Stroke
1283,1832,72,15,2025-08-08,2026-07-28,Pneumonia
1284,439,249,15,2024-11-22,2026-04-15,Migraine
1285,3786,31,14,2026-01-15,2026-01-27,Hypertension
1286,4659,207,2,2026-07-04,2026-07-14,Asthma
1287,2319,213,17,2026-04-27,2026-07-05,Hypertension
1288,2943,157,2,2026-07-31,2026-08-06,Hypertension
1289,4543,106,18,2025-02-23,2026-07-29,Hypertension
1290,4066,38,16,2025-08-18,2026-07-31,Kidney Stones
1291,168,111,19,2025-01-22,2026-02-06,Kidney Stones
1292,2502,163,3,2025-02-09,2025-03-01,Fracture
1293,3406,88,5,2026-05-12,2026-07-13,Asthma
1294,2900,61,19,2025-06-19,2026-04-30,Asthma
1295,2861,163,19,2024-12-07,2026-01-23,Asthma
1296,1195,157,12,2025-06-17,2025-07-07,Stroke
1297,2328,224,10,2024-08-18,2024-09-24,Covid
1298,4110,162,5,2026-03-07,2026-05-05,Kidney Stones
1299,1396,54,12,2025-06-12,2026-07-05,Fracture
1300,2064,68,2,2026-02-07,2026-08-14,Diabetes
1301,1777,210,4,2024-12-01,2025-03-10,Covid
1302,110,208,11,2025-09-20,2026-07-14,Asthma
1303,2011,147,8,2024-10-03,2025-03-21,Cancer
1304,301,229,4,2025-07-05,2026-07-17,Fracture
1305,2760,19,6,2026-03-09,2026-06-03,Asthma
1306,2243,67,16,2025-03-17,2026-07-23,Migraine
1307,1079,1,19,2025-01-10,2026-07-11,Diabetes
1308,3701,131,14,2025-03-28,2026-01-26,Asthma
1309,1139,1,19,2024-09-22,2025-12-23,Kidney Stones
1310,2548,90,8,2025-09-10,2026-01-02,Diabetes
1311,1017,153,11,2024-12-30,2025-03-16,Stroke
1312,3161,178,20,2025-12-28,2026-02-22,Stroke
1313,935,2,6,2026-06-17,2026-07-30,Covid
1314,4353,222,2,2024-11-23,2024-11-23,Stroke
1315,4029,194,1,2024-08-09,2026-05-13,Asthma
1316,542,33,18,2025-09-18,2026-01-15,Kidney Stones
1317,461,119,1,2026-02-20,2026-04-24,Asthma
1318,2418,190,16,2025-06-21,2025-08-15,Pneumonia
1319,2011,147,3,2025-10-09,2026-08-15,Covid
1320,29,40,15,2025-10-26,2026-02-27,Cancer
1321,2149,189,20,2025-06-25,2026-02-04,Stroke
1322,266,203,9,2026-03-19,2026-05-26,Kidney Stones
1323,3308,47,1,2026-04-03,2026-05-06,Asthma
1324,1410,249,1,2026-05-29,2026-07-10,Migraine
1325,4510,161,19,2026-06-03,2026-07-28,Cancer
1326,1015,135,9,2026-08-07,2026-08-07,Pneumonia
1327,3003,116,14,2026-03-06,2026-04-03,Hypertension
1328,2668,210,18,2026-07-21,2026-07-21,Fracture
1329,3837,144,7,2024-10-19,2026-01-11,Diabetes
1330,2013,31,1,2026-03-13,2026-08-11,Cancer
1331,3725,189,14,2025-06-12,2026-04-16,Pneumonia
1332,249,112,9,2025-06-04,2026-03-31,Cancer
1333,3195,130,6,2024-12-30,2026-05-03,Pneumonia
1334,3371,228,11,2026-01-05,2026-02-04,Asthma
1335,604,221,6,2025-07-10,2026-03-22,Hypertension
1336,3294,159,13,2026-03-31,2026-07-08,Covid
1337,2206,153,17,2024-10-27,2025-10-10,Fracture
1338,2547,108,1,2024-12-24,2025-07-04,Hypertension
1339,423,180,14,2025-01-29,2025-06-01,Asthma
1340,3741,129,12,2025-02-10,2026-04-17,Stroke
1341,1863,30,4,2026-07-26,2026-08-06,Migraine
1342,515,1,4,2024-11-02,2025-12-09,Asthma
1343,1143,214,8,2026-03-26,2026-07-18,Asthma
1344,453,28,2,2026-07-16,2026-07-19,Kidney Stones
1345,520,101,8,2024-12-21,2025-08-20,Diabetes
1346,471,92,6,2024-10-14,2026-04-05,Fracture
1347,4556,138,15,2024-09-10,2024-11-26,Stroke
1348,3956,3,16,2024-12-10,2025-01-10,Migraine
1349,658,134,10,2024-11-07,2026-07-11,Asthma
1350,733,209,19,2025-03-19,2025-08-16,Pneumonia
1351,2440,124,6,2025-12-04,2025-12-18,Hypertension
1352,4326,139,17,2025-04-15,2025-12-18,Covid
1353,2756,245,11,2025-11-01,2026-07-06,Hypertension
1354,4933,139,10,2026-07-25,2026-07-28,Diabetes
1355,4741,9,16,2024-11-27,2025-05-07,Diabetes
1356,1478,46,5,2026-02-02,2026-04-04,Pneumonia
1357,1629,198,10,2025-04-19,2026-04-04,Migraine
1358,1411,167,5,2026-05-14,2026-06-14,Kidney Stones
1359,3489,135,16,2026-03-17,2026-07-12,Covid
1360,1394,60,18,2024-12-25,2025-07-27,Diabetes
1361,3637,5,7,2026-01-24,2026-07-08,Kidney Stones
1362,1709,229,11,2024-11-15,2025-07-03,Covid
1363,4534,3,6,2025-12-14,2026-02-04,Kidney Stones
1364,4534,98,16,2025-01-09,2025-05-05,Pneumonia
1365,4856,55,12,2026-01-20,2026-06-27,Pneumonia
1366,669,168,17,2026-03-13,2026-05-28,Diabetes
1367,4162,148,5,2024-11-14,2025-10-17,Cancer
1368,587,222,13,2026-05-07,2026-06-01,Pneumonia
1369,555,194,16,2025-02-18,2026-02-10,Covid
1370,803,18,16,2026-05-15,2026-06-08,Kidney Stones
1371,4940,161,11,2024-12-15,2026-01-21,Diabetes
1372,4556,75,13,2026-06-25,2026-07-18,Fracture
1373,2882,59,6,2024-11-17,2025-08-27,Cancer
1374,2855,176,16,2026-02-04,2026-07-15,Hypertension
1375,2616,4,1,2024-09-11,2025-12-15,Covid
1376,1627,67,15,2025-06-25,2025-11-19,Pneumonia
1377,464,226,2,2024-11-20,2025-10-12,Migraine
1378,3226,45,5,2026-05-23,2026-05-26,Diabetes
1379,3714,89,18,2025-10-11,2026-05-25,Asthma
1380,3219,170,17,2025-02-24,2025-06-07,Kidney Stones
1381,214,53,9,2026-06-19,2026-08-14,Kidney Stones
1382,1830,145,4,2024-08-09,2025-06-24,Covid
1383,1865,178,10,2026-01-11,2026-08-13,Migraine
1384,2757,108,11,2025-12-13,2026-02-15,Hypertension
1385,4009,13,2,2026-08-04,2026-08-11,Hypertension
1386,2808,99,3,2024-08-10,2024-08-29,Pneumonia
1387,1964,158,17,2024-08-17,2025-01-22,Kidney Stones
1388,4288,85,14,2024-12-14,2025-03-11,Migraine
1389,665,2,15,2024-08-26,2025-07-03,Stroke
1390,2050,14,7,2025-06-09,2025-12-22,Asthma
1391,521,237,20,2025-04-02,2025-07-15,Fracture
1392,2272,44,19,2025-09-25,2025-11-14,Fracture
1393,2674,190,6,2026-03-19,2026-07-03,Fracture
1394,3025,151,20,2026-07-25,2026-08-14,Kidney Stones
1395,166,117,17,2025-06-03,2026-03-19,Diabetes
1396,3917,53,1,2025-04-11,2026-01-06,Stroke
1397,2784,52,11,2026-03-07,2026-06-05,Migraine
1398,4218,158,6,2025-04-10,2026-07-06,Covid
1399,3344,250,16,2026-01-17,2026-01-23,Hypertension
1400,1856,77,15,2025-07-24,2025-11-05,Covid
1401,3884,220,10,2024-12-05,2026-04-17,Diabetes
1402,1396,123,19,2025-12-12,2026-01-01,Hypertension
1403,4988,21,20,2025-06-04,2026-07-08,Diabetes
1404,1588,38,12,2025-07-30,2025-11-02,Covid
1405,4086,76,19,2026-06-10,2026-08-02,Pneumonia
1406,2982,70,8,2024-10-16,2026-03-10,Pneumonia
1407,4745,54,17,2026-07-27,2026-07-29,Hypertension
1408,4473,62,10,2025-06-12,2026-04-15,Kidney Stones
1409,1488,243,18,2025-12-27,2026-07-11,Diabetes
1410,1800,22,3,2025-06-21,2026-05-19,Cancer
1411,2919,147,13,2025-12-28,2026-01-30,Covid
1412,144,236,18,2026-07-18,2026-08-12,Covid
1413,2611,247,13,2026-02-27,2026-07-17,Stroke
1414,456,133,15,2024-12-22,2025-10-16,Fracture
1415,4291,162,9,2025-06-21,2025-12-14,Kidney Stones
1416,4988,184,3,2026-01-12,2026-07-06,Asthma
1417,1814,66,19,2024-09-08,2025-03-29,Migraine
1418,2347,4,12,2025-10-22,2026-04-28,Pneumonia
1419,303,193,19,2026-03-02,2026-05-13,Cancer
1420,4064,60,6,2026-01-03,2026-05-27,Asthma
1421,2142,243,19,2025-08-31,2025-12-13,Fracture
1422,3515,105,17,2025-11-19,2026-06-02,Stroke
1423,1416,49,4,2025-03-14,2025-08-31,Migraine
1424,1489,1,5,2025-07-25,2026-07-20,Hypertension
1425,4807,167,4,2024-08-27,2025-10-04,Fracture
1426,4788,153,9,2024-08-31,2026-04-28,Asthma
1427,3180,3,6,2024-12-13,2026-05-11,Covid
1428,4512,22,20,2024-11-29,2026-02-02,Kidney Stones
1429,2194,102,10,2025-01-08,2026-02-23,Cancer
1430,355,12,4,2025-05-26,2025-07-06,Migraine
1431,3096,126,4,2025-03-01,2025-04-21,Covid
1432,976,156,20,2026-03-05,2026-04-18,Cancer
1433,1405,202,12,2025-01-15,2025-09-03,Migraine
1434,3746,91,8,2025-02-18,2026-08-13,Fracture
1435,3427,53,1,2024-08-27,2025-05-16,Diabetes
1436,1607,209,3,2025-02-11,2025-02-15,Cancer
1437,794,144,20,2025-01-04,2025-12-10,Asthma
1438,505,81,15,2025-08-31,2026-02-04,Migraine
1439,515,159,20,2025-07-10,2025-09-06,Fracture
1440,413,101,20,2026-06-15,2026-07-03,Pneumonia
1441,4679,61,4,2025-01-14,2025-08-31,Hypertension
1442,3026,234,15,2025-05-04,2025-11-24,Migraine
1443,2927,72,7,2026-06-02,2026-06-15,Asthma
1444,72,137,6,2025-01-06,2026-02-08,Migraine
1445,2258,99,18,2024-08-24,2026-01-18,Diabetes
1446,2552,218,3,2025-12-25,2026-04-26,Migraine
1447,2048,44,19,2024-11-11,2025-10-07,Kidney Stones
1448,2319,87,20,2025-04-02,2026-05-20,Asthma
1449,656,128,16,2024-12-09,2025-12-06,Kidney Stones
1450,3893,49,18,2024-11-17,2026-02-05,Kidney Stones
1451,4975,7,8,2026-04-09,2026-04-23,Fracture
1452,1250,237,5,2026-03-13,2026-08-14,Migraine
1453,1108,14,17,2025-04-18,2026-01-14,Migraine
1454,4293,127,4,2025-05-21,2026-08-14,Stroke
1455,3963,144,5,2025-05-01,2026-03-10,Cancer
1456,857,160,16,2024-10-18,2024-12-27,Pneumonia
1457,3371,126,1,2024-12-19,2026-05-27,Kidney Stones
1458,320,108,16,2024-10-16,2025-01-19,Covid
1459,2294,19,1,2026-01-30,2026-05-07,Cancer
1460,2272,51,11,2026-03-14,2026-08-02,Hypertension
1461,1518,218,13,2026-02-16,2026-02-26,Kidney Stones
1462,3339,202,12,2025-07-22,2026-04-13,Cancer
1463,1371,190,17,2025-08-22,2025-09-03,Kidney Stones
1464,4896,97,4,2025-07-24,2026-05-28,Hypertension
1465,4226,77,11,2026-06-17,2026-06-23,Stroke
1466,965,78,7,2025-11-18,2026-05-11,Diabetes
1467,1499,53,11,2026-01-16,2026-03-30,Fracture
1468,4861,159,15,2026-07-24,2026-07-31,Stroke
1469,649,246,12,2025-06-22,2025-08-15,Covid
1470,4079,205,17,2025-01-11,2025-08-15,Migraine
1471,3118,103,16,2025-08-31,2026-05-16,Fracture
1472,3246,84,14,2024-09-24,2025-01-13,Asthma
1473,90,41,15,2025-05-02,2025-06-26,Covid
1474,3489,105,3,2026-02-08,2026-04-11,Pneumonia
1475,2906,179,1,2025-04-28,2025-08-29,Asthma
1476,1216,30,16,2025-02-01,2026-02-06,Kidney Stones
1477,4201,70,19,2026-07-17,2026-07-21,Migraine
1478,4925,1,8,2025-05-01,2025-11-24,Cancer
1479,1151,92,9,2025-07-12,2026-06-21,Covid
1480,779,173,3,2025-04-15,2025-10-20,Kidney Stones
1481,206,204,8,2026-07-22,2026-08-10,Covid
1482,366,240,1,2026-04-10,2026-07-06,Cancer
1483,2125,108,20,2025-01-17,2026-05-04,Stroke
1484,3200,26,10,2025-10-03,2026-06-19,Migraine
1485,2039,209,3,2024-10-11,2026-05-02,Cancer
1486,2127,168,2,2025-07-06,2026-06-21,Covid
1487,3017,213,9,2024-10-19,2026-04-21,Diabetes
1488,1635,62,12,2024-09-29,2025-09-27,Diabetes
1489,2497,1,4,2025-02-22,2026-02-25,Kidney Stones
1490,1428,202,13,2025-01-28,2025-05-26,Stroke
1491,1422,217,16,2026-08-04,2026-08-09,Diabetes
1492,509,191,20,2026-01-19,2026-04-08,Covid
1493,2620,150,7,2025-09-05,2025-10-27,Asthma
1494,3790,155,6,2024-09-01,2026-04-02,Hypertension
1495,1995,210,15,2026-01-08,2026-07-22,Stroke
1496,1702,130,14,2026-05-13,2026-07-04,Cancer
1497,2677,3,11,2025-09-03,2026-05-12,Migraine
1498,4850,14,10,2025-07-04,2025-10-22,Hypertension
1499,1064,42,13,2026-07-28,2026-08-03,Kidney Stones
1500,1998,143,2,2025-04-10,2025-10-27,Fracture
1501,4216,88,3,2025-05-30,2026-06-20,Diabetes
1502,2344,85,8,2026-03-09,2026-05-27,Stroke
1503,2487,48,11,2024-12-11,2025-12-27,Cancer
1504,4175,162,17,2025-06-13,2026-05-25,Fracture
1505,4293,172,17,2026-07-31,2026-07-31,Diabetes
1506,2323,81,7,2025-02-01,2025-09-17,Pneumonia
1507,3552,3,13,2024-09-09,2025-07-27,Migraine
1508,4828,32,14,2026-01-16,2026-06-05,Pneumonia
1509,3672,140,16,2026-03-26,2026-07-12,Asthma
1510,4280,24,2,2025-02-02,2026-01-30,Fracture
1511,3666,185,17,2024-09-10,2025-07-07,Asthma
1512,1970,33,1,2026-01-19,2026-07-19,Cancer
1513,1186,119,12,2025-02-02,2025-09-25,Diabetes
1514,4489,18,18,2025-11-25,2026-06-07,Hypertension
1515,3366,216,20,2026-01-12,2026-03-18,Kidney Stones
1516,1882,204,17,2025-11-08,2025-11-20,Hypertension
1517,3327,146,6,2025-02-09,2025-07-03,Migraine
1518,363,207,16,2026-06-17,2026-07-12,Kidney Stones
1519,1968,54,5,2025-08-25,2026-01-28,Migraine
1520,927,150,11,2024-08-16,2024-12-04,Cancer
1521,4400,112,1,2026-02-10,2026-06-26,Cancer
1522,4753,243,11,2025-08-10,2026-06-08,Migraine
1523,4347,91,17,2026-05-21,2026-07-24,Pneumonia
1524,4406,80,8,2024-12-24,2026-07-08,Pneumonia
1525,4109,135,10,2025-10-23,2026-02-21,Fracture
1526,4363,75,2,2026-07-14,2026-08-10,Asthma
1527,238,40,13,2025-12-18,2026-04-29,Hypertension
1528,4051,18,17,2024-10-27,2026-08-04,Cancer
1529,4868,210,10,2025-07-23,2025-10-22,Diabetes
1530,3301,117,15,2025-06-11,2026-06-09,Pneumonia
1531,2756,231,19,2025-10-25,2026-06-23,Asthma
1532,3578,119,4,2026-06-19,2026-07-16,Fracture
1533,2983,246,10,2025-03-09,2025-03-22,Hypertension
1534,2668,191,14,2025-12-31,2026-02-12,Hypertension
1535,1633,32,15,2025-05-01,2025-07-10,Stroke
1536,3953,64,12,2024-08-18,2026-03-26,Stroke
1537,4675,29,4,2026-07-07,2026-07-08,Kidney Stones
1538,1711,42,7,2025-01-07,2026-02-10,Diabetes
1539,3638,162,4,2026-05-08,2026-07-16,Stroke
1540,4594,87,7,2026-01-20,2026-06-19,Asthma
1541,3497,64,13,2026-03-06,2026-05-10,Asthma
1542,297,35,3,2025-01-04,2026-03-02,Covid
1543,3325,211,17,2025-10-09,2025-11-13,Pneumonia
1544,516,5,18,2025-04-30,2025-08-05,Hypertension
1545,3429,52,11,2026-07-07,2026-07-12,Hypertension
1546,1730,7,8,2024-09-04,2025-05-16,Diabetes
1547,1160,197,5,2025-07-09,2025-10-17,Covid
1548,145,3,1,2026-07-09,2026-07-30,Kidney Stones
1549,3675,101,4,2025-06-18,2026-06-20,Cancer
1550,4911,38,17,2025-04-05,2025-08-18,Pneumonia
1551,259,207,20,2026-05-10,2026-05-14,Asthma
1552,1550,3,17,2025-06-24,2026-02-15,Diabetes
1553,4830,65,6,2024-11-04,2025-09-10,Kidney Stones
1554,4859,80,19,2024-09-06,2025-02-01,Asthma
1555,4056,7,6,2025-04-10,2025-05-07,Stroke
1556,4104,87,9,2026-02-07,2026-05-23,Diabetes
1557,1530,217,3,2026-02-16,2026-06-27,Kidney Stones
1558,2393,222,15,2026-01-15,2026-02-19,Covid
1559,2572,49,16,2025-11-17,2026-05-12,Hypertension
1560,34,183,9,2026-03-12,2026-04-15,Migraine
1561,4369,248,2,2026-05-28,2026-08-02,Hypertension
1562,1694,92,19,2026-02-17,2026-05-21,Diabetes
1563,4953,26,6,2026-03-05,2026-08-16,Kidney Stones
1564,1539,234,1,2026-06-28,2026-08-09,Migraine
1565,536,66,17,2026-03-05,2026-03-06,Hypertension
1566,3556,137,12,2026-08-06,2026-08-10,Kidney Stones
1567,1366,99,1,2026-07-07,2026-08-09,Asthma
1568,4867,112,16,2025-08-16,2026-02-14,Hypertension
1569,1820,11,7,2025-03-04,2025-10-25,Cancer
1570,3276,130,1,2026-05-19,2026-05-21,Migraine
1571,1361,229,18,2025-11-10,2026-07-14,Asthma
1572,4387,136,10,2025-08-07,2026-08-08,Pneumonia
1573,734,40,12,2025-04-15,2025-12-08,Pneumonia
1574,2492,193,19,2025-07-12,2026-03-30,Fracture
1575,2917,224,13,2025-12-31,2026-03-30,Cancer
1576,4845,217,6,2025-10-08,2026-04-03,Cancer
1577,4055,94,17,2025-03-24,2026-06-13,Pneumonia
1578,1040,194,19,2026-03-26,2026-05-08,Kidney Stones
1579,4216,166,11,2026-06-18,2026-06-18,Asthma
1580,2571,124,2,2025-12-16,2026-01-10,Cancer
1581,82,118,7,2025-08-13,2026-06-02,Asthma
1582,4941,40,18,2025-02-16,2026-01-15,Cancer
1583,265,22,4,2025-04-18,2026-02-22,Asthma
1584,1449,158,5,2025-07-06,2025-12-08,Stroke
1585,4522,72,4,2025-11-23,2026-07-15,Diabetes
1586,3485,237,14,2026-02-22,2026-03-12,Kidney Stones
1587,3103,237,13,2024-12-20,2025-09-05,Stroke
1588,4449,10,5,2025-07-27,2025-08-08,Diabetes
1589,803,80,20,2025-11-28,2026-04-07,Hypertension
1590,2161,248,1,2026-07-24,2026-08-02,Stroke
1591,3005,10,19,2025-06-19,2026-05-14,Covid
1592,4848,32,15,2025-06-22,2025-10-05,Stroke
1593,148,223,14,2025-10-23,2026-04-09,Asthma
1594,3917,239,15,2024-10-30,2025-06-02,Fracture
1595,633,45,8,2024-08-24,2025-06-21,Kidney Stones
1596,4474,18,12,2024-09-26,2024-10-06,Stroke
1597,4919,145,2,2025-12-18,2025-12-23,Stroke
1598,2312,30,11,2024-08-21,2025-11-29,Cancer
1599,2519,154,5,2024-11-19,2025-06-21,Covid
1600,2118,114,15,2025-02-24,2025-03-20,Stroke
1601,2429,232,2,2025-05-23,2026-06-20,Pneumonia
1602,2313,20,11,2026-05-27,2026-07-24,Covid
1603,4461,115,4,2025-07-26,2025-09-23,Hypertension
1604,2385,148,11,2025-04-02,2026-06-22,Covid
1605,1301,57,13,2024-08-23,2026-05-29,Pneumonia
1606,1933,155,7,2025-07-28,2025-10-13,Asthma
1607,510,104,2,2025-09-20,2025-10-27,Covid
1608,2383,213,1,2024-11-28,2025-12-24,Hypertension
1609,2724,126,8,2026-06-09,2026-07-09,Cancer
1610,53,17,20,2025-10-10,2026-05-07,Diabetes
1611,2838,55,7,2025-09-17,2025-11-12,Fracture
1612,2167,142,11,2026-06-03,2026-06-30,Pneumonia
1613,2595,39,2,2025-06-13,2026-07-02,Covid
1614,4652,42,15,2025-03-29,2026-06-07,Hypertension
1615,3127,205,4,2025-01-06,2026-01-11,Pneumonia
1616,1100,5,17,2025-02-05,2026-05-29,Pneumonia
1617,2599,187,18,2026-06-15,2026-07-23,Cancer
1618,4680,80,6,2025-01-18,2026-02-27,Pneumonia
1619,2719,53,7,2026-05-03,2026-07-01,Fracture
1620,939,171,19,2026-05-21,2026-06-12,Diabetes
1621,4200,228,3,2026-02-18,2026-05-18,Diabetes
1622,766,228,14,2025-03-28,2026-06-27,Asthma
1623,3172,174,17,2026-05-29,2026-07-07,Kidney Stones
1624,2555,160,12,2025-04-10,2026-07-02,Asthma
1625,4234,72,12,2025-02-16,2025-02-24,Hypertension
1626,4971,231,8,2024-08-27,2026-04-13,Diabetes
1627,113,141,3,2026-04-07,2026-07-18,Migraine
1628,4584,200,5,2026-06-19,2026-06-23,Migraine
1629,4093,31,15,2025-11-05,2026-06-25,Pneumonia
1630,1876,108,20,2025-05-15,2025-09-06,Kidney Stones
1631,728,43,2,2026-03-21,2026-03-24,Kidney Stones
1632,1319,90,2,2025-03-30,2026-07-01,Diabetes
1633,378,126,17,2026-02-11,2026-04-02,Covid
1634,4384,219,4,2025-07-07,2025-10-28,Asthma
1635,3157,187,12,2026-06-16,2026-08-01,Fracture
1636,288,171,17,2025-10-17,2026-07-09,Migraine
1637,3347,91,16,2024-12-07,2026-05-02,Stroke
1638,2230,211,14,2025-10-27,2026-04-05,Diabetes
1639,1335,18,3,2026-01-02,2026-08-02,Cancer
1640,2162,77,16,2026-02-21,2026-03-20,Stroke
1641,2705,200,5,2025-08-25,2025-10-02,Kidney Stones
1642,1481,169,12,2025-04-02,2025-05-07,Asthma
1643,375,228,20,2025-07-06,2026-01-09,Fracture
1644,2625,69,15,2024-10-08,2026-04-24,Pneumonia
1645,4087,38,13,2025-01-25,2025-12-08,Diabetes
1646,2153,47,5,2026-02-01,2026-05-28,Migraine
1647,1561,165,3,2025-09-28,2025-12-05,Stroke
1648,1612,228,2,2024-11-17,2025-04-24,Fracture
1649,3885,119,16,2025-10-25,2026-04-22,Hypertension
1650,1948,102,20,2026-04-07,2026-07-18,Asthma
1651,2060,16,9,2025-04-30,2025-07-10,Covid
1652,4849,61,16,2025-07-01,2026-04-25,Asthma
1653,2306,164,9,2026-06-20,2026-07-29,Stroke
1654,1722,105,18,2024-08-08,2026-01-29,Stroke
1655,4285,226,18,2025-06-29,2025-09-03,Hypertension
1656,959,242,20,2025-08-05,2026-06-21,Asthma
1657,4506,101,1,2025-03-24,2026-05-24,Cancer
1658,4020,183,3,2026-07-04,2026-07-25,Pneumonia
1659,4984,145,16,2025-05-28,2026-01-07,Hypertension
1660,2208,227,3,2025-03-30,2025-04-05,Kidney Stones
1661,4756,217,16,2026-08-06,2026-08-11,Migraine
1662,262,61,8,2025-01-02,2026-06-10,Diabetes
1663,3117,233,13,2025-11-09,2026-01-25,Covid
1664,3563,19,10,2025-01-24,2025-02-26,Stroke
1665,4518,133,3,2024-09-04,2025-11-30,Covid
1666,2710,94,10,2026-06-29,2026-07-26,Hypertension
1667,3005,42,9,2025-09-07,2025-10-27,Diabetes
1668,457,196,16,2025-07-26,2025-08-26,Pneumonia
1669,2521,66,5,2025-11-11,2026-04-30,Fracture
1670,2949,66,13,2025-06-18,2025-11-22,Fracture
1671,647,84,5,2025-11-21,2026-08-10,Hypertension
1672,1349,1,7,2024-12-28,2026-05-19,Hypertension
1673,2158,63,14,2026-06-17,2026-07-04,Stroke
1674,3523,240,1,2025-09-18,2026-07-30,Diabetes
1675,426,149,18,2026-04-11,2026-05-10,Pneumonia
1676,80,46,8,2026-04-08,2026-05-02,Fracture
1677,741,88,9,2025-08-14,2025-10-12,Pneumonia
1678,930,136,4,2026-03-07,2026-04-08,Diabetes
1679,4465,135,7,2024-08-10,2025-05-24,Pneumonia
1680,3597,95,1,2025-02-28,2025-06-25,Diabetes
1681,2826,126,9,2026-07-21,2026-07-25,Kidney Stones
1682,1172,80,18,2025-03-15,2026-04-27,Covid
1683,3922,223,13,2026-03-31,2026-04-01,Stroke
1684,1237,154,5,2026-08-06,2026-08-07,Migraine
1685,2431,134,7,2026-04-11,2026-06-24,Cancer
1686,4371,235,10,2025-06-24,2026-06-22,Fracture
1687,3707,88,17,2025-12-14,2026-06-14,Pneumonia
1688,3815,41,11,2024-11-08,2026-07-20,Cancer
1689,4652,143,2,2025-03-15,2025-09-13,Hypertension
1690,830,188,1,2025-09-23,2026-05-13,Fracture
1691,460,180,7,2025-08-01,2026-07-25,Covid
1692,4535,148,2,2025-01-23,2025-10-22,Diabetes
1693,1807,74,16,2024-12-03,2026-04-27,Migraine
1694,1588,249,6,2025-05-20,2025-10-03,Fracture
1695,4592,21,2,2025-09-23,2026-01-06,Pneumonia
1696,3064,212,4,2026-03-01,2026-05-22,Hypertension
1697,1201,213,13,2024-10-06,2024-10-28,Pneumonia
1698,4664,224,12,2025-02-17,2025-10-08,Fracture
1699,3470,135,10,2026-07-19,2026-07-29,Kidney Stones
1700,2352,220,7,2025-08-02,2025-11-29,Asthma
1701,3181,36,14,2026-04-24,2026-06-12,Migraine
1702,1906,7,8,2026-06-02,2026-07-20,Cancer
1703,1115,48,16,2025-07-22,2026-03-08,Asthma
1704,3306,40,11,2025-08-18,2026-02-06,Stroke
1705,1524,227,14,2024-09-23,2026-07-10,Asthma
1706,506,44,3,2026-04-08,2026-07-24,Asthma
1707,795,171,6,2026-04-19,2026-08-02,Migraine
1708,1888,4,16,2025-12-25,2026-01-21,Migraine
1709,3658,141,4,2025-10-07,2026-03-14,Diabetes
1710,705,138,18,2024-12-31,2025-02-19,Stroke
1711,3447,224,11,2025-10-16,2026-03-22,Stroke
1712,4067,195,17,2024-08-25,2025-08-10,Asthma
1713,3291,111,15,2025-04-02,2025-05-06,Pneumonia
1714,3480,185,8,2025-04-14,2025-12-20,Asthma
1715,641,247,20,2025-12-21,2026-02-21,Kidney Stones
1716,2987,106,20,2026-01-15,2026-05-26,Cancer
1717,1227,181,6,2025-08-19,2025-12-16,Diabetes
1718,3791,126,9,2024-11-23,2025-11-01,Migraine
1719,1503,163,19,2026-06-10,2026-06-26,Migraine
1720,3002,215,19,2026-02-22,2026-04-12,Covid
1721,1700,51,4,2025-06-17,2026-05-27,Diabetes
1722,3946,234,18,2025-05-02,2026-01-27,Migraine
1723,3660,49,14,2025-04-25,2026-06-11,Kidney Stones
1724,4380,246,4,2024-09-11,2025-07-22,Migraine
1725,4587,78,5,2025-04-17,2026-05-29,Kidney Stones
1726,1171,6,17,2025-01-15,2026-02-18,Fracture
1727,1871,60,11,2026-02-12,2026-04-27,Pneumonia
1728,91,19,3,2024-09-17,2026-05-26,Stroke
1729,4397,210,19,2026-04-22,2026-07-10,Hypertension
1730,4723,162,6,2025-05-18,2025-09-20,Kidney Stones
1731,2625,211,5,2025-12-10,2026-01-22,Diabetes
1732,867,21,8,2026-06-05,2026-08-13,Hypertension
1733,3469,101,4,2025-01-13,2025-05-22,Fracture
1734,1648,20,20,2026-03-18,2026-04-29,Diabetes
1735,2365,153,9,2025-11-30,2026-08-08,Asthma
1736,190,62,14,2025-07-01,2025-10-14,Covid
1737,3369,82,8,2025-03-30,2025-12-03,Cancer
1738,4797,115,16,2024-10-16,2026-07-17,Migraine
1739,3967,98,18,2025-07-19,2026-01-13,Stroke
1740,2540,15,5,2025-08-29,2025-11-27,Migraine
1741,1774,133,12,2026-01-21,2026-02-28,Diabetes
1742,2667,44,8,2026-07-06,2026-07-07,Diabetes
1743,1525,16,5,2025-12-15,2026-04-05,Kidney Stones
1744,1616,249,20,2025-03-15,2026-08-06,Fracture
1745,353,102,14,2024-12-18,2025-06-14,Stroke
1746,4063,63,11,2025-10-03,2026-01-16,Asthma
1747,2947,17,19,2025-09-04,2026-08-07,Kidney Stones
1748,1253,1,12,2025-11-20,2025-12-26,Kidney Stones
1749,1613,246,4,2026-02-26,2026-03-16,Pneumonia
1750,1985,140,20,2024-08-09,2026-02-23,Diabetes
1751,847,53,3,2025-03-24,2025-09-01,Fracture
1752,4245,171,10,2024-10-24,2025-05-12,Asthma
1753,3070,23,14,2025-02-24,2025-06-26,Pneumonia
1754,4167,204,14,2024-11-25,2026-03-11,Kidney Stones
1755,4389,159,19,2025-06-20,2026-02-23,Diabetes
1756,494,193,9,2025-10-25,2025-12-21,Pneumonia
1757,1076,11,17,2024-10-04,2026-07-13,Pneumonia
1758,4246,41,14,2024-11-12,2026-08-05,Hypertension
1759,438,187,11,2025-11-19,2025-12-05,Asthma
1760,3784,74,3,2026-07-19,2026-07-19,Migraine
1761,3860,175,5,2025-08-03,2025-10-04,Asthma
1762,1143,95,9,2025-05-30,2026-05-28,Hypertension
1763,4946,182,12,2024-08-15,2026-08-12,Stroke
1764,1375,247,11,2025-08-30,2026-04-16,Cancer
1765,4204,99,18,2025-11-08,2026-05-27,Hypertension
1766,3604,24,7,2026-04-12,2026-08-11,Hypertension
1767,1118,83,10,2025-10-29,2026-02-24,Covid
1768,509,79,2,2026-07-22,2026-07-27,Asthma
1769,480,158,4,2025-07-30,2025-12-31,Migraine
1770,122,93,5,2024-09-24,2026-07-18,Fracture
1771,1344,204,16,2025-12-02,2026-05-16,Hypertension
1772,72,100,1,2026-02-18,2026-08-09,Migraine
1773,1727,85,17,2025-11-22,2026-06-08,Diabetes
1774,1843,76,4,2025-11-09,2026-04-17,Diabetes
1775,461,123,20,2025-04-07,2026-01-18,Stroke
1776,873,88,3,2025-06-14,2026-06-16,Kidney Stones
1777,2482,9,13,2026-03-12,2026-05-17,Migraine
1778,25,118,9,2026-02-01,2026-03-18,Asthma
1779,3902,28,7,2025-01-07,2026-05-04,Kidney Stones
1780,1289,81,6,2026-01-13,2026-07-24,Diabetes
1781,3059,20,8,2024-08-25,2025-10-01,Stroke
1782,2044,71,18,2024-11-03,2025-01-06,Pneumonia
1783,715,34,4,2025-08-24,2026-01-30,Asthma
1784,3086,102,8,2025-11-19,2026-03-24,Pneumonia
1785,1578,134,20,2025-06-04,2025-12-22,Diabetes
1786,2697,238,19,2026-05-14,2026-08-06,Cancer
1787,2282,111,17,2025-12-28,2026-01-22,Pneumonia
1788,4677,216,8,2025-12-28,2026-07-02,Migraine
1789,3710,214,10,2024-08-29,2025-10-09,Diabetes
1790,3577,25,6,2025-01-13,2026-03-16,Asthma
1791,3,82,9,2025-03-29,2026-06-24,Asthma
1792,3439,207,10,2026-06-11,2026-07-22,Kidney Stones
1793,4394,156,1,2024-09-22,2025-04-10,Asthma
1794,172,73,10,2025-07-30,2025-11-21,Asthma
1795,2957,224,9,2024-11-24,2026-08-01,Hypertension
1796,2730,225,10,2026-07-08,2026-08-03,Kidney Stones
1797,3262,123,12,2024-11-12,2025-12-11,Hypertension
1798,2410,139,2,2026-07-27,2026-08-04,Covid
1799,1128,24,13,2024-10-09,2024-11-08,Migraine
1800,2421,118,15,2026-02-10,2026-03-28,Covid
1801,4842,189,10,2025-10-27,2026-06-06,Hypertension
1802,1581,88,2,2026-06-02,2026-07-19,Pneumonia
1803,3191,156,20,2024-09-06,2025-08-17,Cancer
1804,2734,224,18,2025-05-02,2026-06-19,Pneumonia
1805,1035,187,2,2026-05-31,2026-06-22,Migraine
1806,2557,37,14,2025-12-17,2026-03-16,Fracture
1807,2258,94,13,2026-06-22,2026-08-14,Asthma
1808,1039,229,3,2026-04-10,2026-05-16,Covid
1809,259,176,20,2025-01-20,2025-04-01,Fracture
1810,2767,197,20,2026-02-24,2026-05-21,Fracture
1811,1153,250,6,2025-03-10,2026-08-03,Asthma
1812,394,141,20,2026-04-23,2026-07-25,Covid
1813,1107,85,6,2026-06-03,2026-06-19,Stroke
1814,710,205,3,2024-09-08,2026-01-03,Diabetes
1815,1232,130,9,2025-05-08,2026-02-04,Diabetes
1816,2906,13,5,2026-01-21,2026-04-24,Stroke
1817,2231,109,17,2025-11-24,2026-02-20,Asthma
1818,2721,67,10,2026-04-21,2026-05-30,Fracture
1819,4715,31,2,2025-06-24,2025-07-13,Diabetes
1820,813,39,1,2024-12-21,2025-11-12,Covid
1821,621,68,17,2025-11-21,2026-02-25,Migraine
1822,3634,224,19,2025-07-14,2025-09-07,Diabetes
1823,1546,137,13,2025-07-10,2026-08-05,Pneumonia
1824,3541,113,5,2025-02-05,2025-03-15,Pneumonia
1825,982,13,18,2024-12-27,2025-02-04,Hypertension
1826,1929,132,10,2025-12-19,2026-01-24,Covid
1827,3538,151,20,2026-07-04,2026-07-04,Pneumonia
1828,3314,195,20,2026-07-09,2026-07-20,Migraine
1829,1111,186,13,2025-07-25,2026-04-29,Pneumonia
1830,1074,244,2,2024-08-21,2025-10-13,Kidney Stones
1831,1877,237,15,2025-11-18,2025-12-01,Hypertension
1832,3492,120,19,2024-09-03,2024-11-26,Fracture
1833,1701,17,8,2025-11-25,2026-08-11,Hypertension
1834,1078,117,6,2025-05-12,2026-01-04,Kidney Stones
1835,3653,21,14,2025-01-12,2026-02-07,Stroke
1836,3788,40,15,2026-06-30,2026-07-30,Diabetes
1837,2847,68,15,2025-04-13,2026-03-30,Pneumonia
1838,4109,90,12,2026-04-15,2026-05-29,Cancer
1839,1506,121,12,2025-01-19,2026-02-20,Diabetes
1840,3627,226,6,2025-07-08,2026-03-28,Stroke
1841,2786,93,5,2025-06-06,2025-12-31,Cancer
1842,2888,95,13,2024-08-25,2025-09-19,Kidney Stones
1843,67,119,7,2025-05-12,2025-12-07,Covid
1844,3498,136,3,2026-07-15,2026-08-14,Asthma
1845,2343,76,2,2025-10-15,2026-04-22,Cancer
1846,259,203,5,2026-01-18,2026-04-26,Diabetes
1847,714,174,6,2026-02-03,2026-04-14,Asthma
1848,1523,49,12,2025-05-11,2026-04-05,Cancer
1849,2884,56,16,2026-01-07,2026-08-08,Asthma
1850,2010,197,9,2026-03-05,2026-07-08,Hypertension
1851,1386,242,3,2025-02-28,2026-07-28,Asthma
1852,1373,227,15,2026-02-06,2026-06-04,Pneumonia
1853,1848,11,19,2025-07-15,2025-12-10,Covid
1854,1889,148,1,2025-09-24,2026-05-28,Migraine
1855,4895,222,3,2025-09-16,2026-07-18,Migraine
1856,89,173,17,2024-10-01,2024-12-02,Covid
1857,847,89,1,2025-01-30,2025-12-05,Kidney Stones
1858,2616,85,2,2025-07-20,2025-10-13,Diabetes
1859,1092,176,3,2025-12-28,2026-02-03,Kidney Stones
1860,2523,54,17,2025-03-08,2026-01-08,Pneumonia
1861,242,171,20,2024-11-25,2025-12-25,Pneumonia
1862,448,248,11,2025-08-12,2026-01-14,Covid
1863,991,201,13,2026-03-13,2026-04-28,Fracture
1864,2455,170,12,2025-03-19,2026-08-05,Covid
1865,3552,58,20,2025-08-15,2026-06-30,Asthma
1866,2533,87,11,2026-06-26,2026-07-04,Pneumonia
1867,4580,37,3,2024-12-05,2026-04-25,Fracture
1868,1212,96,6,2025-07-18,2025-11-29,Cancer
1869,4649,49,11,2026-08-01,2026-08-14,Migraine
1870,391,228,12,2024-11-01,2026-07-19,Covid
1871,720,37,13,2026-04-04,2026-07-11,Covid
1872,427,9,5,2026-07-16,2026-08-09,Kidney Stones
1873,1643,53,17,2025-03-30,2025-05-24,Stroke
1874,3059,250,1,2024-08-11,2026-05-28,Stroke
1875,2158,102,6,2025-08-08,2026-02-21,Kidney Stones
1876,4495,229,13,2025-12-11,2026-03-13,Cancer
1877,3433,197,8,2026-05-20,2026-05-24,Kidney Stones
1878,371,221,20,2025-06-25,2025-08-18,Migraine
1879,4999,128,13,2026-03-20,2026-04-12,Stroke
1880,1928,143,13,2024-10-17,2025-10-05,Asthma
1881,540,84,17,2025-07-01,2025-11-08,Cancer
1882,4661,51,14,2025-07-13,2026-08-09,Migraine
1883,2276,106,6,2025-09-21,2025-10-02,Migraine
1884,29,29,4,2025-09-19,2026-02-15,Covid
1885,2357,62,18,2025-11-07,2026-05-20,Cancer
1886,3063,74,13,2025-12-23,2026-04-03,Asthma
1887,1919,24,10,2026-01-26,2026-08-03,Hypertension
1888,2962,67,7,2025-11-14,2026-01-09,Kidney Stones
1889,2126,115,11,2026-05-21,2026-06-17,Stroke
1890,3173,78,20,2024-09-15,2024-12-03,Hypertension
1891,4054,80,11,2026-08-03,2026-08-04,Kidney Stones
1892,2484,243,12,2026-06-13,2026-08-12,Covid
1893,1976,28,18,2025-01-04,2026-05-31,Pneumonia
1894,647,114,2,2024-10-13,2026-04-01,Fracture
1895,1360,178,14,2026-08-05,2026-08-16,Migraine
1896,1058,230,10,2025-06-20,2025-12-28,Fracture
1897,1230,51,20,2025-04-16,2026-05-07,Kidney Stones
1898,2693,174,5,2024-09-03,2024-12-07,Diabetes
1899,4938,186,2,2024-10-07,2026-05-23,Stroke
1900,1476,64,11,2026-07-06,2026-08-03,Migraine
1901,612,92,14,2025-11-20,2026-04-15,Stroke
1902,4556,219,16,2026-02-06,2026-04-07,Cancer
1903,619,9,3,2025-08-30,2026-03-25,Pneumonia
1904,3268,141,8,2026-05-26,2026-06-05,Kidney Stones
1905,3815,66,3,2026-04-04,2026-05-06,Asthma
1906,2404,83,18,2025-02-19,2025-05-19,Covid
1907,1684,37,9,2026-07-23,2026-08-02,Fracture
1908,3185,68,11,2025-03-25,2026-08-10,Migraine
1909,3961,103,8,2025-09-18,2026-08-05,Cancer
1910,2579,179,10,2025-01-16,2026-07-12,Kidney Stones
1911,1994,105,10,2024-09-30,2026-02-09,Migraine
1912,2088,23,13,2025-05-22,2025-09-12,Asthma
1913,4616,164,14,2024-09-18,2026-06-01,Diabetes
1914,1697,208,20,2025-11-18,2025-12-03,Migraine
1915,3092,78,16,2025-11-20,2025-12-18,Cancer
1916,4802,190,18,2025-10-09,2026-07-13,Stroke
1917,3114,7,11,2025-09-24,2026-01-10,Hypertension
1918,1073,247,14,2025-06-07,2026-07-23,Cancer
1919,933,22,3,2026-07-12,2026-07-17,Hypertension
1920,4257,2,8,2025-09-10,2026-02-14,Cancer
1921,115,169,20,2025-09-13,2026-05-18,Asthma
1922,883,71,18,2025-03-31,2025-06-08,Stroke
1923,2935,138,10,2025-11-15,2026-07-26,Cancer
1924,223,207,1,2024-12-24,2025-10-22,Hypertension
1925,4385,241,2,2025-04-22,2025-05-15,Hypertension
1926,4004,246,1,2025-10-18,2025-12-27,Diabetes
1927,1986,200,10,2026-01-05,2026-01-09,Stroke
1928,2307,241,1,2026-01-24,2026-08-16,Covid
1929,1263,239,17,2026-04-02,2026-04-08,Asthma
1930,4023,91,11,2026-06-26,2026-08-16,Pneumonia
1931,134,8,18,2025-10-24,2026-08-09,Hypertension
1932,2934,235,17,2025-05-31,2025-10-26,Fracture
1933,908,61,11,2025-07-24,2025-12-31,Hypertension
1934,2517,242,9,2024-12-15,2025-05-24,Fracture
1935,3974,178,19,2024-11-20,2025-09-01,Diabetes
1936,1961,142,5,2024-09-15,2024-10-13,Stroke
1937,1173,107,11,2024-12-01,2025-11-12,Fracture
1938,3147,191,4,2026-02-27,2026-06-07,Diabetes
1939,1060,158,18,2026-04-05,2026-06-06,Cancer
1940,1312,195,19,2024-10-17,2025-05-06,Stroke
1941,2699,102,11,2024-10-23,2025-07-15,Stroke
1942,1500,56,5,2024-09-09,2025-07-20,Stroke
1943,2891,145,12,2024-12-06,2026-06-10,Covid
1944,3547,166,18,2025-11-25,2026-08-15,Cancer
1945,2736,115,4,2026-08-04,2026-08-11,Pneumonia
1946,2959,239,5,2025-12-25,2026-02-09,Covid
1947,1504,145,5,2025-05-04,2026-04-23,Hypertension
1948,3918,139,3,2026-05-20,2026-06-18,Fracture
1949,4050,224,15,2026-06-10,2026-06-22,Asthma
1950,3057,97,6,2025-12-18,2026-03-28,Fracture
1951,695,52,18,2026-01-10,2026-03-21,Diabetes
1952,2026,78,13,2025-03-30,2026-04-12,Fracture
1953,3957,238,14,2025-04-16,2025-10-31,Stroke
1954,1899,201,12,2024-11-30,2026-02-09,Diabetes
1955,4798,14,3,2025-09-05,2025-11-05,Stroke
1956,1322,163,6,2025-04-21,2026-07-13,Migraine
1957,674,210,17,2024-09-15,2025-10-03,Asthma
1958,4413,178,14,2026-04-22,2026-06-15,Migraine
1959,2654,91,4,2026-05-23,2026-07-17,Kidney Stones
1960,1872,84,2,2025-04-25,2025-08-12,Hypertension
1961,3179,209,17,2026-05-30,2026-07-27,Pneumonia
1962,3226,71,14,2025-01-14,2025-03-06,Cancer
1963,1936,114,14,2024-09-06,2026-06-02,Cancer
1964,1737,165,15,2024-09-24,2025-10-13,Asthma
1965,3569,20,9,2026-04-30,2026-08-10,Cancer
1966,3212,203,2,2026-02-03,2026-05-25,Kidney Stones
1967,3233,196,16,2025-05-30,2026-07-18,Stroke
1968,2136,165,13,2024-12-27,2026-03-24,Covid
1969,567,68,14,2026-05-31,2026-07-11,Fracture
1970,2022,163,11,2025-06-06,2025-09-21,Diabetes
1971,373,210,13,2025-04-10,2026-07-13,Asthma
1972,2210,244,3,2025-10-27,2026-03-19,Covid
1973,2564,16,8,2025-05-08,2025-06-17,Hypertension
1974,3659,67,5,2026-01-01,2026-07-15,Fracture
1975,4337,19,3,2026-01-13,2026-03-31,Hypertension
1976,2095,85,7,2026-07-18,2026-08-03,Hypertension
1977,1969,81,6,2025-07-03,2025-08-08,Covid
1978,1197,32,15,2024-09-06,2025-08-01,Asthma
1979,1481,51,8,2026-02-27,2026-07-18,Pneumonia
1980,4536,188,14,2024-08-12,2025-11-04,Kidney Stones
1981,4200,105,15,2026-01-18,2026-05-29,Kidney Stones
1982,3540,209,8,2024-09-21,2024-10-04,Covid
1983,3543,165,1,2025-11-01,2026-03-27,Diabetes
1984,346,54,11,2026-04-17,2026-07-14,Covid
1985,1007,5,6,2025-12-06,2026-07-04,Fracture
1986,266,209,12,2026-07-08,2026-07-19,Kidney Stones
1987,4349,9,6,2026-04-16,2026-07-31,Covid
1988,3467,170,11,2024-09-10,2026-04-10,Fracture
1989,4611,229,3,2026-05-30,2026-08-06,Cancer
1990,3910,245,13,2025-01-27,2026-07-17,Pneumonia
1991,3287,59,4,2025-12-09,2026-06-30,Fracture
1992,164,177,13,2026-01-29,2026-03-22,Migraine
1993,991,49,2,2025-01-14,2025-01-26,Fracture
1994,2326,165,1,2025-12-17,2026-08-02,Covid
1995,4671,188,9,2026-07-25,2026-08-14,Cancer
1996,3475,35,12,2024-09-19,2026-08-07,Migraine
1997,187,99,10,2025-01-06,2026-06-26,Pneumonia
1998,4485,105,2,2025-02-18,2026-02-20,Hypertension
1999,1347,130,1,2025-10-05,2026-04-30,Pneumonia
2000,3927,23,11,2026-01-02,2026-05-15,Diabetes
2001,3806,110,13,2025-10-23,2026-03-06,Kidney Stones
2002,304,94,8,2026-01-26,2026-04-26,Kidney Stones
2003,4394,188,7,2025-10-07,2026-01-16,Fracture
2004,2336,210,14,2026-05-09,2026-07-07,Diabetes
2005,4451,151,11,2024-10-28,2026-03-03,Hypertension
2006,3505,201,15,2025-07-23,2026-07-02,Covid
2007,1923,104,11,2025-10-19,2026-07-17,Asthma
2008,1234,57,8,2024-12-07,2026-06-05,Fracture
2009,4937,175,9,2024-08-13,2026-01-13,Diabetes
2010,4652,7,16,2026-05-30,2026-06-11,Pneumonia
2011,1352,8,2,2025-08-21,2026-07-14,Hypertension
2012,1176,190,6,2024-11-16,2025-01-08,Fracture
2013,2490,225,3,2025-03-15,2025-07-26,Pneumonia
2014,3597,186,11,2026-06-12,2026-07-24,Diabetes
2015,981,248,11,2025-08-02,2026-01-10,Diabetes
2016,4719,90,18,2025-02-07,2025-10-10,Covid
2017,4848,173,1,2025-08-05,2025-10-02,Fracture
2018,1229,135,20,2024-09-23,2024-10-11,Diabetes
2019,4983,231,8,2024-10-06,2026-01-02,Pneumonia
2020,4385,104,9,2025-04-14,2026-03-15,Cancer
2021,4889,64,12,2024-12-27,2026-02-14,Migraine
2022,3503,13,1,2024-10-24,2025-09-09,Cancer
2023,3876,86,16,2025-11-16,2026-05-05,Cancer
2024,2617,155,14,2025-11-26,2026-03-29,Migraine
2025,1967,228,20,2025-10-06,2026-01-07,Pneumonia
2026,1352,107,9,2025-05-04,2025-10-18,Pneumonia
2027,2139,183,15,2026-08-06,2026-08-14,Covid
2028,4847,145,13,2025-08-04,2025-08-16,Migraine
2029,1660,201,16,2024-12-27,2026-03-12,Diabetes
2030,4913,99,6,2024-10-06,2025-09-02,Pneumonia
2031,3590,15,8,2024-10-31,2025-04-26,Hypertension
2032,2640,59,8,2025-12-17,2026-06-14,Kidney Stones
2033,3731,33,16,2024-11-17,2025-07-10,Cancer
2034,1152,15,3,2025-03-25,2025-09-02,Kidney Stones
2035,231,191,20,2025-03-27,2026-03-11,Fracture
2036,461,114,3,2025-11-03,2026-06-14,Pneumonia
2037,1511,201,5,2025-09-03,2026-08-02,Covid
2038,1644,88,19,2025-04-07,2026-05-04,Kidney Stones
2039,4882,26,7,2026-03-23,2026-06-10,Cancer
2040,3843,248,1,2026-06-15,2026-07-17,Kidney Stones
2041,1200,157,18,2026-01-27,2026-06-06,Hypertension
2042,4845,215,13,2026-01-20,2026-04-26,Kidney Stones
2043,2665,194,8,2024-08-22,2025-09-18,Covid
2044,3375,20,3,2026-06-03,2026-06-17,Pneumonia
2045,2072,103,19,2024-11-05,2024-12-20,Stroke
2046,1695,108,8,2024-10-18,2025-09-18,Hypertension
2047,1065,200,2,2025-10-20,2026-02-09,Diabetes
2048,1953,87,1,2025-09-27,2025-12-20,Asthma
2049,4828,223,7,2025-09-04,2026-01-03,Diabetes
2050,601,115,19,2024-11-25,2025-07-29,Fracture
2051,2729,44,13,2024-10-17,2026-05-18,Kidney Stones
2052,645,9,17,2024-10-07,2025-05-18,Hypertension
2053,1606,81,15,2024-12-11,2026-02-21,Hypertension
2054,973,207,5,2025-02-05,2026-06-02,Asthma
2055,3685,35,10,2026-01-09,2026-05-05,Pneumonia
2056,3016,119,1,2025-07-02,2025-07-05,Hypertension
2057,394,24,13,2026-03-14,2026-07-27,Stroke
2058,763,210,10,2024-12-31,2025-04-04,Hypertension
2059,2800,164,11,2026-02-26,2026-08-01,Stroke
2060,4607,205,18,2025-02-14,2026-06-18,Asthma
2061,2475,92,5,2025-01-21,2025-11-09,Diabetes
2062,988,132,11,2026-01-17,2026-03-31,Covid
2063,509,21,16,2024-08-17,2025-12-23,Migraine
2064,1583,234,15,2024-08-26,2026-01-28,Migraine
2065,1316,200,10,2026-04-02,2026-04-27,Stroke
2066,3829,120,5,2025-06-12,2026-01-08,Pneumonia
2067,4867,43,19,2026-04-29,2026-07-05,Stroke
2068,469,109,10,2026-05-06,2026-07-24,Pneumonia
2069,4953,179,20,2025-09-23,2025-11-10,Asthma
2070,2639,217,7,2025-01-29,2026-03-27,Fracture
2071,1830,35,18,2025-04-12,2025-07-16,Fracture
2072,1799,143,8,2026-05-30,2026-07-07,Cancer
2073,4565,239,17,2025-06-09,2025-10-19,Migraine
2074,1898,153,15,2026-03-31,2026-05-11,Covid
2075,782,48,9,2026-07-07,2026-07-29,Pneumonia
2076,1426,231,19,2025-06-06,2026-02-12,Pneumonia
2077,3826,167,16,2025-09-09,2026-07-01,Fracture
2078,353,247,3,2024-10-10,2025-04-06,Kidney Stones
2079,170,134,19,2025-02-04,2025-09-28,Cancer
2080,1578,149,1,2024-12-30,2026-04-15,Diabetes
2081,4244,89,16,2025-02-18,2026-08-11,Fracture
2082,3494,249,17,2025-01-01,2026-07-24,Pneumonia
2083,1273,221,12,2025-07-01,2025-08-21,Covid
2084,3479,69,10,2025-01-18,2025-09-26,Diabetes
2085,1527,212,5,2024-11-14,2025-04-07,Fracture
2086,1227,243,17,2024-10-08,2024-11-13,Covid
2087,4429,117,17,2026-07-06,2026-08-16,Kidney Stones
2088,2670,130,16,2025-04-30,2026-06-30,Stroke
2089,2179,117,6,2026-04-30,2026-08-05,Fracture
2090,3544,71,16,2026-01-09,2026-07-29,Hypertension
2091,3947,237,9,2024-09-24,2025-04-04,Stroke
2092,4961,47,14,2026-04-10,2026-04-14,Diabetes
2093,2201,115,9,2026-04-23,2026-07-18,Pneumonia
2094,258,1,8,2026-01-10,2026-07-20,Stroke
2095,4051,110,11,2025-06-26,2026-01-17,Kidney Stones
2096,4988,74,11,2026-05-08,2026-05-27,Kidney Stones
2097,219,175,18,2024-08-15,2025-12-31,Fracture
2098,510,10,9,2025-09-15,2025-10-24,Pneumonia
2099,2438,74,19,2026-01-09,2026-01-30,Covid
2100,1873,227,9,2025-01-23,2025-06-18,Migraine
2101,2258,26,1,2026-03-14,2026-05-07,Diabetes
2102,4112,72,16,2024-12-26,2025-05-10,Kidney Stones
2103,1848,209,12,2026-03-11,2026-07-31,Covid
2104,1015,170,6,2025-05-28,2026-08-11,Stroke
2105,4671,93,7,2024-08-11,2025-08-08,Covid
2106,4390,145,14,2025-09-09,2025-12-29,Migraine
2107,4058,15,13,2024-11-15,2025-03-08,Pneumonia
2108,2851,201,14,2024-10-21,2025-06-22,Cancer
2109,1263,58,2,2025-06-23,2026-03-10,Cancer
2110,4842,230,8,2025-08-05,2026-05-25,Pneumonia
2111,2568,85,8,2024-12-13,2025-10-26,Hypertension
2112,3961,18,17,2025-05-24,2026-06-09,Fracture
2113,523,164,12,2025-02-10,2025-09-21,Hypertension
2114,4548,148,14,2025-08-01,2026-05-12,Diabetes
2115,506,247,9,2026-02-01,2026-07-22,Cancer
2116,2389,169,2,2024-09-28,2026-02-04,Fracture
2117,142,89,3,2026-03-31,2026-06-21,Stroke
2118,4564,171,16,2025-11-05,2026-03-16,Diabetes
2119,2410,154,5,2025-08-07,2025-08-22,Migraine
2120,2959,100,9,2024-08-12,2026-02-07,Migraine
2121,2071,213,13,2026-04-06,2026-05-05,Diabetes
2122,354,180,15,2026-06-18,2026-07-04,Migraine
2123,4312,245,2,2024-11-03,2025-10-02,Migraine
2124,3523,106,17,2026-06-22,2026-06-27,Hypertension
2125,241,160,3,2025-07-21,2025-11-04,Hypertension
2126,2576,18,2,2026-02-10,2026-06-03,Diabetes
2127,891,130,14,2025-09-06,2026-01-01,Hypertension
2128,2904,228,16,2026-02-04,2026-04-15,Cancer
2129,1653,13,5,2025-05-13,2025-12-11,Kidney Stones
2130,1320,141,4,2025-03-06,2026-07-02,Migraine
2131,4202,47,20,2025-04-12,2025-09-18,Hypertension
2132,2336,55,12,2025-06-29,2026-08-13,Asthma
2133,4319,51,4,2024-09-14,2026-06-14,Migraine
2134,4547,71,16,2026-07-04,2026-07-15,Stroke
2135,40,9,14,2025-10-08,2025-10-30,Diabetes
2136,3808,243,5,2025-02-28,2025-07-04,Pneumonia
2137,2215,169,17,2025-12-04,2026-05-02,Fracture
2138,2605,200,10,2025-08-24,2026-04-22,Kidney Stones
2139,3282,128,2,2025-04-26,2025-09-13,Cancer
2140,3121,126,12,2024-11-19,2025-12-29,Stroke
2141,3987,153,5,2026-06-28,2026-08-01,Covid
2142,2256,189,1,2025-01-10,2025-07-09,Asthma
2143,1441,13,7,2025-02-12,2026-06-27,Cancer
2144,3701,31,12,2026-05-21,2026-06-15,Pneumonia
2145,2440,199,19,2025-06-13,2025-09-13,Pneumonia
2146,1365,91,20,2026-03-23,2026-08-12,Covid
2147,4907,80,14,2024-11-22,2025-08-13,Migraine
2148,457,23,17,2026-03-21,2026-06-23,Covid
2149,3875,225,11,2024-10-31,2025-04-10,Migraine
2150,1623,43,20,2025-02-25,2025-08-09,Cancer
2151,1353,239,17,2026-02-08,2026-04-14,Kidney Stones
2152,2435,172,5,2025-04-30,2026-05-20,Fracture
2153,3648,185,14,2024-10-06,2026-08-11,Migraine
2154,1783,50,4,2025-10-06,2026-05-26,Pneumonia
2155,3920,52,12,2026-03-26,2026-03-31,Migraine
2156,4475,11,7,2024-11-04,2025-05-14,Stroke
2157,1215,242,7,2025-11-30,2026-01-05,Hypertension
2158,3686,78,20,2024-12-06,2024-12-19,Diabetes
2159,3622,197,17,2024-11-21,2026-05-23,Covid
2160,1876,204,3,2024-09-08,2025-05-07,Cancer
2161,75,182,16,2025-01-21,2025-10-12,Covid
2162,3392,180,18,2025-03-20,2025-10-01,Asthma
2163,3273,42,3,2025-12-22,2026-04-07,Diabetes
2164,2243,75,2,2025-06-06,2026-07-06,Diabetes
2165,4748,180,16,2025-05-16,2025-09-14,Cancer
2166,905,38,6,2025-11-29,2026-03-30,Stroke
2167,2091,95,13,2025-05-11,2025-07-08,Hypertension
2168,2256,248,16,2026-04-01,2026-04-12,Hypertension
2169,4880,197,20,2025-07-03,2025-09-20,Stroke
2170,1000,106,12,2024-09-15,2025-03-20,Hypertension
2171,413,178,2,2025-06-09,2026-05-20,Asthma
2172,3874,104,17,2025-12-12,2026-04-06,Hypertension
2173,2693,102,14,2025-04-06,2026-01-31,Asthma
2174,3468,89,6,2025-07-21,2025-10-28,Cancer
2175,1234,139,5,2025-06-28,2025-07-08,Asthma
2176,4881,119,16,2025-12-29,2026-07-17,Diabetes
2177,814,186,15,2025-11-03,2026-02-15,Migraine
2178,4198,167,7,2025-01-30,2026-05-06,Stroke
2179,1706,135,6,2025-09-05,2026-03-04,Hypertension
2180,1713,191,13,2025-11-17,2026-02-07,Pneumonia
2181,1021,44,11,2024-08-14,2026-05-04,Kidney Stones
2182,3001,114,4,2025-06-24,2025-08-16,Pneumonia
2183,4736,126,1,2026-03-26,2026-06-12,Pneumonia
2184,958,107,11,2025-10-07,2026-07-01,Diabetes
2185,688,193,8,2024-09-03,2026-01-28,Kidney Stones
2186,3817,74,18,2026-01-15,2026-03-03,Migraine
2187,1724,88,17,2025-10-29,2026-01-30,Fracture
2188,1498,227,20,2025-02-22,2025-07-05,Fracture
2189,699,107,17,2026-02-16,2026-04-04,Diabetes
2190,2228,25,7,2026-05-27,2026-07-16,Diabetes
2191,1823,191,2,2025-01-03,2025-11-04,Diabetes
2192,3387,23,13,2026-06-30,2026-08-16,Covid
2193,785,35,4,2024-09-14,2025-12-31,Asthma
2194,3043,189,9,2026-07-25,2026-08-05,Cancer
2195,4331,5,17,2025-10-05,2026-07-18,Stroke
2196,3303,66,12,2024-09-16,2025-03-02,Covid
2197,2999,243,4,2025-10-22,2025-11-14,Diabetes
2198,2710,223,2,2025-08-06,2026-03-24,Stroke
2199,3540,33,3,2025-03-08,2026-05-28,Kidney Stones
2200,697,159,6,2026-04-30,2026-08-01,Hypertension
2201,4817,230,12,2025-05-16,2025-09-07,Cancer
2202,4797,215,12,2025-11-26,2026-04-23,Covid
2203,4863,224,6,2025-06-04,2026-06-07,Kidney Stones
2204,4863,172,3,2026-07-19,2026-07-31,Kidney Stones
2205,1978,19,4,2024-11-11,2025-09-13,Migraine
2206,156,184,15,2025-03-09,2026-01-24,Fracture
2207,3181,31,5,2026-01-15,2026-08-01,Kidney Stones
2208,2000,98,16,2026-06-30,2026-06-30,Stroke
2209,4705,108,20,2025-05-25,2025-12-26,Pneumonia
2210,3924,164,5,2026-03-28,2026-07-25,Covid
2211,4612,23,12,2025-07-23,2026-07-29,Pneumonia
2212,4338,9,19,2024-11-18,2026-06-24,Pneumonia
2213,568,210,16,2026-05-08,2026-08-01,Fracture
2214,394,133,18,2024-12-22,2026-02-07,Cancer
2215,1576,31,19,2025-04-25,2026-01-27,Pneumonia
2216,559,227,6,2025-01-15,2025-12-27,Stroke
2217,1961,8,4,2026-04-02,2026-06-16,Cancer
2218,2220,192,12,2026-07-29,2026-07-31,Stroke
2219,4563,2,7,2026-06-02,2026-06-16,Pneumonia
2220,2176,82,14,2025-12-11,2026-05-16,Asthma
2221,1930,140,9,2026-01-07,2026-07-24,Covid
2222,189,40,3,2025-04-03,2025-05-08,Covid
2223,4351,33,17,2026-02-05,2026-07-08,Cancer
2224,1637,107,3,2024-10-06,2026-05-05,Kidney Stones
2225,1638,209,17,2026-02-16,2026-05-19,Cancer
2226,1517,23,7,2024-09-12,2026-08-08,Cancer
2227,1211,20,14,2025-02-16,2026-03-20,Asthma
2228,838,241,5,2024-08-15,2025-03-25,Stroke
2229,3052,222,4,2026-07-31,2026-08-09,Fracture
2230,3200,100,7,2025-08-13,2026-02-01,Asthma
2231,2740,249,12,2025-08-04,2025-12-05,Hypertension
2232,220,48,15,2024-08-22,2024-12-11,Kidney Stones
2233,1809,105,16,2025-07-09,2025-08-11,Migraine
2234,4554,53,6,2026-08-04,2026-08-10,Covid
2235,1827,172,13,2026-01-16,2026-05-22,Hypertension
2236,1070,101,11,2025-08-24,2025-11-11,Diabetes
2237,4231,250,2,2026-01-05,2026-08-02,Stroke
2238,3221,8,4,2025-01-30,2026-01-03,Migraine
2239,58,204,16,2025-03-09,2025-07-25,Migraine
2240,2057,236,4,2026-01-10,2026-01-25,Hypertension
2241,3504,31,17,2025-11-10,2025-11-27,Hypertension
2242,4502,35,2,2026-03-31,2026-04-14,Cancer
2243,1546,149,8,2026-05-24,2026-07-07,Covid
2244,122,172,2,2025-01-11,2025-07-17,Stroke
2245,3879,188,7,2026-01-10,2026-03-21,Diabetes
2246,4323,60,3,2025-03-10,2025-12-06,Diabetes
2247,2028,129,13,2025-08-12,2026-08-07,Pneumonia
2248,1494,56,20,2025-03-14,2026-01-09,Stroke
2249,448,116,2,2024-10-21,2024-11-20,Fracture
2250,3775,115,7,2024-11-22,2025-12-22,Pneumonia
2251,3750,209,15,2025-10-15,2025-11-24,Kidney Stones
2252,2094,29,7,2024-08-27,2025-10-12,Pneumonia
2253,109,111,18,2025-10-24,2026-07-01,Asthma
2254,1548,24,4,2025-04-30,2026-03-11,Diabetes
2255,739,58,7,2025-08-05,2025-10-19,Asthma
2256,1812,46,5,2025-08-26,2025-12-21,Migraine
2257,4725,79,11,2025-02-08,2026-07-14,Kidney Stones
2258,36,115,1,2026-06-07,2026-08-15,Cancer
2259,370,134,19,2026-03-15,2026-07-05,Asthma
2260,3064,123,7,2026-01-27,2026-06-09,Hypertension
2261,4192,73,12,2024-08-31,2025-08-24,Hypertension
2262,2318,213,2,2024-12-21,2025-01-13,Stroke
2263,3246,214,10,2026-07-31,2026-08-03,Asthma
2264,1258,78,6,2026-03-22,2026-05-20,Covid
2265,4550,129,15,2025-09-06,2026-01-21,Stroke
2266,3869,175,18,2025-04-02,2026-02-22,Migraine
2267,2034,91,20,2024-12-05,2026-04-06,Stroke
2268,1322,37,19,2025-03-09,2026-07-08,Kidney Stones
2269,2663,2,12,2026-07-09,2026-07-17,Cancer
2270,1798,146,2,2025-04-05,2026-05-05,Hypertension
2271,658,206,9,2026-01-31,2026-07-02,Kidney Stones
2272,373,226,7,2025-06-06,2026-02-10,Stroke
2273,425,165,4,2024-08-31,2026-07-07,Stroke
2274,1212,98,20,2026-07-30,2026-07-31,Diabetes
2275,2580,145,20,2025-03-31,2026-07-27,Hypertension
2276,257,181,11,2025-07-06,2026-04-13,Kidney Stones
2277,3198,127,2,2025-02-24,2025-09-27,Hypertension
2278,1474,117,2,2026-02-18,2026-03-22,Pneumonia
2279,3980,16,12,2026-05-20,2026-07-31,Asthma
2280,3658,153,1,2026-04-03,2026-04-06,Kidney Stones
2281,1112,129,7,2026-01-06,2026-03-03,Hypertension
2282,835,208,13,2025-04-09,2025-11-25,Stroke
2283,2950,241,18,2026-07-29,2026-08-13,Asthma
2284,1800,197,7,2025-07-29,2025-11-09,Fracture
2285,4989,162,13,2025-06-15,2026-07-24,Hypertension
2286,2001,221,20,2025-05-19,2026-01-29,Cancer
2287,3307,238,19,2025-09-20,2026-03-14,Kidney Stones
2288,3035,232,14,2024-12-27,2025-02-01,Asthma
2289,2192,15,10,2025-03-04,2025-11-09,Cancer
2290,1388,238,13,2024-11-28,2025-02-10,Migraine
2291,334,203,6,2025-01-14,2025-11-03,Stroke
2292,1118,136,1,2025-12-27,2026-05-30,Covid
2293,1266,70,2,2024-11-24,2025-04-25,Migraine
2294,2065,200,11,2024-12-05,2026-02-14,Kidney Stones
2295,2083,173,14,2025-08-30,2025-12-04,Asthma
2296,2771,34,10,2026-07-18,2026-08-01,Kidney Stones
2297,4979,37,2,2024-12-22,2025-03-30,Covid
2298,703,20,14,2025-08-23,2025-09-23,Diabetes
2299,88,168,2,2024-12-12,2026-02-07,Hypertension
2300,447,190,9,2025-04-11,2026-07-24,Kidney Stones
2301,857,170,4,2024-11-08,2025-07-24,Migraine
2302,4813,229,4,2026-07-25,2026-08-10,Pneumonia
2303,1316,170,19,2024-10-14,2025-04-18,Asthma
2304,3642,219,16,2026-05-07,2026-06-01,Hypertension
2305,3491,208,19,2025-09-18,2026-05-19,Pneumonia
2306,1167,129,18,2025-12-10,2026-02-11,Covid
2307,1912,33,9,2025-11-10,2026-04-26,Covid
2308,3620,76,10,2025-02-24,2025-03-22,Pneumonia
2309,577,165,13,2026-07-26,2026-07-29,Cancer
2310,3338,178,20,2026-04-20,2026-06-06,Kidney Stones
2311,4386,27,10,2026-02-14,2026-08-01,Cancer
2312,4,14,1,2026-04-01,2026-06-18,Stroke
2313,4261,231,7,2025-12-24,2026-07-12,Kidney Stones
2314,3869,14,7,2025-02-02,2025-02-26,Stroke
2315,4713,143,7,2026-01-04,2026-02-27,Kidney Stones
2316,299,74,2,2026-03-04,2026-05-25,Covid
2317,1032,66,2,2026-01-05,2026-03-21,Asthma
2318,2020,156,6,2026-08-02,2026-08-14,Diabetes
2319,4813,138,6,2025-09-19,2025-12-17,Cancer
2320,893,127,11,2025-08-29,2026-05-23,Cancer
2321,3869,64,19,2025-04-06,2025-08-16,Cancer
2322,1768,209,8,2026-07-24,2026-08-15,Kidney Stones
2323,3539,215,13,2024-08-16,2026-04-18,Kidney Stones
2324,3548,89,2,2024-09-29,2025-02-02,Hypertension
2325,3923,88,8,2025-02-24,2025-11-14,Hypertension
2326,999,192,7,2025-07-17,2026-07-29,Pneumonia
2327,496,92,14,2025-01-08,2025-06-17,Asthma
2328,2080,13,2,2024-10-22,2025-06-04,Cancer
2329,2715,6,19,2025-07-24,2026-05-28,Diabetes
2330,3882,204,9,2025-07-14,2025-12-23,Fracture
2331,1398,180,1,2026-01-14,2026-08-02,Covid
2332,911,205,2,2026-03-21,2026-03-25,Fracture
2333,3792,1,18,2025-02-06,2026-01-19,Asthma
2334,1622,102,3,2024-09-09,2024-11-06,Kidney Stones
2335,2167,5,1,2026-02-09,2026-08-16,Migraine
2336,2518,189,2,2025-01-30,2025-05-25,Stroke
2337,3462,250,17,2024-09-29,2025-01-12,Kidney Stones
2338,3927,179,9,2025-01-30,2025-07-10,Covid
2339,3029,181,15,2024-12-01,2024-12-25,Fracture
2340,4573,71,9,2026-03-13,2026-06-27,Fracture
2341,674,70,17,2025-11-02,2026-03-07,Hypertension
2342,2000,75,4,2025-07-10,2026-01-11,Asthma
2343,92,183,8,2025-09-08,2025-12-12,Diabetes
2344,4061,233,2,2025-10-29,2026-08-07,Diabetes
2345,4032,190,6,2026-06-10,2026-07-08,Hypertension
2346,2961,91,20,2025-10-03,2026-08-01,Fracture
2347,806,132,18,2025-03-15,2025-06-27,Kidney Stones
2348,786,79,3,2025-09-30,2026-01-28,Pneumonia
2349,4956,37,16,2025-09-03,2026-01-16,Stroke
2350,4989,128,5,2025-04-13,2025-09-17,Kidney Stones
2351,4469,238,10,2026-07-14,2026-07-27,Asthma
2352,4348,38,12,2025-06-16,2026-05-30,Asthma
2353,4765,51,11,2025-06-21,2026-08-15,Hypertension
2354,1312,97,3,2026-03-13,2026-04-24,Cancer
2355,4192,192,4,2024-11-10,2025-12-11,Migraine
2356,228,144,18,2025-10-16,2025-11-13,Hypertension
2357,2608,150,20,2026-01-31,2026-02-13,Hypertension
2358,36,239,14,2025-02-20,2025-05-08,Stroke
2359,4324,136,8,2025-07-21,2026-05-27,Hypertension
2360,1956,97,20,2026-05-12,2026-06-02,Kidney Stones
2361,466,27,12,2026-02-28,2026-07-18,Stroke
2362,1081,129,7,2025-05-06,2026-06-30,Migraine
2363,86,248,13,2025-06-16,2025-07-19,Cancer
2364,1039,35,12,2025-03-04,2025-06-19,Cancer
2365,502,250,17,2025-11-09,2026-05-28,Stroke
2366,376,233,14,2025-06-03,2025-11-22,Covid
2367,3702,231,17,2025-07-03,2026-04-18,Asthma
2368,2,202,17,2026-07-12,2026-07-18,Diabetes
2369,2579,70,20,2026-01-26,2026-07-05,Fracture
2370,1500,208,18,2025-03-18,2026-06-19,Stroke
2371,703,27,14,2025-01-08,2025-02-15,Kidney Stones
2372,2917,199,14,2025-08-16,2025-09-24,Hypertension
2373,95,124,2,2026-05-05,2026-05-12,Hypertension
2374,3611,12,11,2025-09-22,2025-12-30,Diabetes
2375,2877,236,17,2026-01-16,2026-06-15,Kidney Stones
2376,1815,159,19,2025-10-13,2026-02-22,Migraine
2377,2800,6,17,2025-05-09,2025-09-12,Hypertension
2378,227,243,4,2024-09-29,2025-02-11,Cancer
2379,88,57,12,2025-08-19,2026-07-14,Pneumonia
2380,1446,38,11,2024-10-04,2025-09-30,Covid
2381,4230,178,15,2025-10-25,2026-02-28,Cancer
2382,1659,233,14,2026-05-01,2026-08-09,Diabetes
2383,118,209,13,2025-11-02,2026-07-10,Hypertension
2384,4686,51,16,2026-02-20,2026-04-27,Diabetes
2385,1619,191,12,2025-01-02,2026-02-17,Cancer
2386,339,224,1,2025-01-10,2026-03-22,Fracture
2387,3276,202,4,2025-12-23,2026-07-27,Diabetes
2388,3896,242,13,2025-01-17,2026-07-09,Kidney Stones
2389,208,126,12,2025-11-17,2026-01-07,Fracture
2390,903,98,2,2024-10-27,2024-11-13,Fracture
2391,3739,45,16,2024-11-22,2026-03-24,Hypertension
2392,4247,77,9,2024-10-24,2025-06-04,Pneumonia
2393,1919,182,9,2025-02-19,2026-03-16,Pneumonia
2394,1989,210,20,2025-07-30,2026-01-01,Fracture
2395,2113,213,3,2025-12-11,2026-05-22,Cancer
2396,405,241,13,2025-05-14,2026-04-09,Pneumonia
2397,165,38,16,2025-01-20,2026-03-20,Stroke
2398,906,101,18,2026-06-04,2026-06-21,Asthma
2399,2217,89,4,2025-05-08,2025-08-13,Diabetes
2400,3754,145,20,2025-10-02,2025-12-11,Hypertension
2401,1015,61,15,2024-09-28,2025-11-17,Cancer
2402,2084,224,20,2025-12-23,2026-07-23,Covid
2403,3773,133,14,2025-10-14,2026-02-08,Cancer
2404,3689,247,7,2025-03-05,2026-04-16,Hypertension
2405,1350,41,8,2026-01-01,2026-01-04,Kidney Stones
2406,1038,67,17,2025-07-07,2025-11-02,Cancer
2407,2095,180,14,2026-02-18,2026-04-04,Fracture
2408,4967,220,3,2025-05-24,2026-02-08,Cancer
2409,4152,221,7,2026-06-27,2026-07-17,Stroke
2410,905,187,13,2026-04-14,2026-07-15,Stroke
2411,4406,160,4,2025-12-22,2026-02-28,Fracture
2412,1795,119,12,2025-01-15,2025-11-08,Hypertension
2413,3294,94,20,2025-06-06,2025-12-08,Pneumonia
2414,3436,241,19,2026-06-11,2026-08-08,Cancer
2415,4880,13,11,2024-11-05,2026-03-11,Cancer
2416,2235,197,17,2025-11-18,2026-01-10,Cancer
2417,4277,194,3,2026-06-28,2026-08-03,Covid
2418,2084,102,10,2025-04-20,2025-10-06,Pneumonia
2419,389,126,2,2026-04-04,2026-05-07,Kidney Stones
2420,3233,10,6,2026-07-29,2026-08-03,Fracture
2421,576,191,12,2025-08-07,2025-10-11,Covid
2422,4067,85,9,2024-08-18,2025-11-02,Hypertension
2423,1230,53,16,2024-09-27,2025-02-11,Cancer
2424,2016,26,18,2026-02-18,2026-02-18,Pneumonia
2425,1053,50,7,2025-04-15,2025-08-29,Fracture
2426,1653,112,17,2025-05-29,2026-03-18,Stroke
2427,4878,94,7,2025-03-27,2026-07-11,Kidney Stones
2428,843,157,10,2025-08-29,2026-07-03,Cancer
2429,609,1,3,2026-03-25,2026-07-06,Covid
2430,3151,14,6,2025-10-04,2025-10-12,Hypertension
2431,4439,220,10,2025-11-27,2026-05-04,Migraine
2432,3366,95,13,2026-03-08,2026-06-23,Asthma
2433,4801,179,4,2025-09-13,2025-10-22,Fracture
2434,2478,208,8,2025-11-24,2026-06-02,Migraine
2435,3961,138,4,2025-09-20,2026-06-21,Migraine
2436,2346,31,14,2025-03-28,2026-08-11,Fracture
2437,2589,17,4,2026-07-15,2026-08-16,Diabetes
2438,3729,199,16,2025-04-06,2026-08-02,Covid
2439,526,127,15,2026-04-28,2026-06-06,Hypertension
2440,3762,246,15,2025-09-06,2026-03-26,Fracture
2441,283,122,15,2026-02-28,2026-04-04,Pneumonia
2442,4040,207,7,2024-12-26,2026-05-18,Hypertension
2443,4206,170,18,2024-11-04,2024-12-30,Cancer
2444,901,127,5,2024-12-08,2025-01-08,Cancer
2445,4009,95,5,2025-01-26,2026-06-10,Cancer
2446,984,29,5,2025-01-21,2026-08-16,Fracture
2447,793,18,13,2024-08-26,2026-05-01,Cancer
2448,2211,94,3,2024-09-01,2026-03-10,Asthma
2449,1050,95,14,2024-11-04,2024-11-29,Pneumonia
2450,258,83,12,2025-08-12,2026-05-23,Migraine
2451,486,201,2,2026-02-28,2026-06-06,Diabetes
2452,3825,90,10,2025-01-04,2025-02-18,Diabetes
2453,1501,134,2,2025-07-18,2026-06-14,Fracture
2454,3110,139,19,2024-08-26,2024-10-08,Pneumonia
2455,1624,186,12,2024-12-06,2025-05-05,Kidney Stones
2456,2642,83,14,2024-10-12,2026-06-21,Kidney Stones
2457,2493,121,10,2025-09-19,2025-10-19,Kidney Stones
2458,2647,123,12,2024-11-01,2026-07-22,Hypertension
2459,4682,5,7,2025-06-28,2026-04-06,Stroke
2460,2324,86,20,2025-03-19,2025-04-09,Hypertension
2461,906,246,15,2026-03-24,2026-04-23,Stroke
2462,460,211,10,2026-06-17,2026-07-17,Asthma
2463,4306,67,18,2025-11-15,2026-06-26,Migraine
2464,1608,60,16,2025-01-29,2025-02-12,Diabetes
2465,3388,11,18,2026-07-28,2026-08-10,Fracture
2466,4056,214,2,2025-05-06,2025-06-15,Pneumonia
2467,2690,182,18,2024-10-25,2026-02-03,Migraine
2468,1479,244,16,2024-11-16,2025-12-27,Hypertension
2469,2071,101,8,2025-08-01,2026-02-05,Cancer
2470,351,236,14,2026-06-24,2026-07-08,Asthma
2471,4823,8,16,2025-03-15,2025-11-23,Migraine
2472,569,121,17,2025-12-28,2026-07-27,Kidney Stones
2473,4306,143,17,2025-03-26,2025-08-21,Asthma
2474,1939,64,6,2025-07-20,2025-11-01,Fracture
2475,4847,161,8,2026-02-08,2026-06-17,Migraine
2476,1476,109,16,2024-10-08,2025-02-26,Asthma
2477,3360,214,5,2025-05-19,2025-09-28,Asthma
2478,3902,115,12,2025-07-25,2025-11-08,Diabetes
2479,1844,204,3,2024-10-11,2025-06-11,Migraine
2480,134,168,2,2024-11-16,2026-05-11,Cancer
2481,4148,49,16,2025-12-09,2026-08-06,Stroke
2482,1505,32,7,2024-12-17,2026-04-24,Migraine
2483,4766,108,14,2025-03-17,2025-07-19,Hypertension
2484,454,70,8,2026-05-28,2026-08-13,Covid
2485,4621,51,12,2024-11-18,2025-08-05,Diabetes
2486,3108,45,5,2026-07-28,2026-08-10,Asthma
2487,365,229,19,2025-04-06,2025-11-25,Diabetes
2488,4109,136,16,2025-07-25,2025-11-28,Migraine
2489,2211,192,13,2025-02-28,2026-01-22,Cancer
2490,471,157,15,2024-08-30,2025-12-11,Asthma
2491,2415,212,19,2025-10-08,2025-12-08,Covid
2492,4729,165,14,2025-09-05,2026-08-09,Covid
2493,738,175,17,2026-07-03,2026-07-17,Cancer
2494,132,132,12,2025-10-25,2026-07-19,Pneumonia
2495,2151,168,10,2025-09-19,2026-04-30,Fracture
2496,3763,221,18,2024-12-05,2025-05-10,Diabetes
2497,2968,129,18,2025-09-03,2026-06-26,Asthma
2498,1058,201,14,2026-05-25,2026-06-01,Covid
2499,3501,214,7,2024-09-29,2025-01-15,Cancer
2500,3058,185,8,2026-07-24,2026-07-24,Diabetes
2501,3210,182,17,2025-10-10,2026-08-12,Migraine
2502,296,243,8,2026-01-08,2026-07-03,Stroke
2503,1769,194,12,2026-01-05,2026-03-02,Kidney Stones
2504,238,41,8,2026-02-06,2026-02-12,Fracture
2505,1261,97,5,2025-04-15,2025-12-17,Fracture
2506,1491,33,20,2025-05-12,2025-09-10,Cancer
2507,2083,206,15,2024-11-27,2025-01-21,Fracture
2508,1216,208,19,2026-01-13,2026-07-13,Covid
2509,2343,20,2,2026-01-27,2026-08-01,Stroke
2510,1494,93,2,2025-04-08,2025-12-07,Diabetes
2511,4757,223,3,2026-06-21,2026-06-27,Migraine
2512,4674,196,6,2025-02-06,2025-05-09,Fracture
2513,141,8,8,2025-01-26,2026-05-11,Kidney Stones
2514,4584,21,10,2025-08-25,2026-04-28,Asthma
2515,2776,54,2,2025-11-04,2025-12-12,Fracture
2516,474,224,12,2025-08-28,2026-03-05,Fracture
2517,3427,130,16,2024-10-11,2025-07-20,Cancer
2518,2556,207,13,2025-08-11,2025-09-27,Covid
2519,1136,43,2,2025-10-14,2026-06-23,Fracture
2520,4460,150,18,2025-10-15,2026-08-05,Migraine
2521,950,180,4,2026-03-14,2026-06-03,Diabetes
2522,2958,146,13,2025-01-21,2026-03-01,Pneumonia
2523,492,26,10,2025-12-21,2026-01-22,Covid
2524,851,247,8,2026-04-11,2026-04-11,Diabetes
2525,4635,126,9,2025-08-09,2026-06-11,Kidney Stones
2526,3592,84,2,2026-01-12,2026-02-07,Pneumonia
2527,3833,169,18,2024-12-23,2025-11-11,Covid
2528,352,224,1,2026-01-05,2026-01-29,Kidney Stones
2529,4599,137,4,2024-10-18,2026-06-16,Diabetes
2530,2343,151,5,2025-11-10,2026-03-11,Asthma
2531,3584,173,11,2024-12-14,2025-04-01,Kidney Stones
2532,1365,213,13,2026-01-16,2026-07-05,Cancer
2533,1229,9,18,2025-02-25,2025-04-29,Covid
2534,369,249,6,2025-04-07,2026-01-14,Kidney Stones
2535,3195,44,5,2025-02-06,2025-09-29,Kidney Stones
2536,3179,173,1,2025-04-24,2025-04-30,Diabetes
2537,854,194,20,2025-04-29,2025-08-15,Covid
2538,3405,171,16,2026-08-01,2026-08-10,Cancer
2539,4027,138,18,2026-04-01,2026-07-20,Fracture
2540,3652,149,11,2025-02-09,2025-11-06,Diabetes
2541,511,82,2,2025-10-30,2026-05-31,Covid
2542,3209,67,15,2026-06-06,2026-07-18,Asthma
2543,3251,62,20,2025-01-31,2026-04-16,Stroke
2544,4460,199,13,2025-04-03,2025-05-10,Pneumonia
2545,2007,140,11,2024-11-04,2026-06-26,Pneumonia
2546,1726,135,1,2025-10-05,2026-02-07,Diabetes
2547,902,188,12,2026-01-10,2026-01-26,Fracture
2548,341,158,18,2025-02-19,2025-08-24,Diabetes
2549,2553,86,9,2026-03-30,2026-06-06,Migraine
2550,4147,142,1,2024-08-26,2026-05-30,Hypertension
2551,2958,103,11,2024-12-07,2025-03-18,Cancer
2552,1736,250,18,2024-10-30,2025-09-20,Kidney Stones
2553,3060,184,18,2024-11-12,2025-08-10,Covid
2554,3025,176,15,2025-11-03,2026-08-04,Cancer
2555,3333,106,20,2024-11-12,2025-08-08,Migraine
2556,2997,144,4,2026-01-22,2026-02-16,Asthma
2557,3472,95,18,2025-01-06,2026-07-03,Migraine
2558,1503,137,8,2024-12-09,2026-02-17,Kidney Stones
2559,1921,208,13,2025-07-08,2025-10-03,Stroke
2560,3998,210,15,2026-07-10,2026-07-15,Asthma
2561,661,30,4,2025-02-11,2026-08-12,Fracture
2562,4071,89,16,2025-07-30,2025-10-31,Diabetes
2563,4642,26,19,2025-06-10,2025-06-13,Covid
2564,4421,12,14,2024-08-09,2026-07-10,Hypertension
2565,563,61,14,2025-04-11,2025-06-11,Migraine
2566,3446,242,7,2025-12-09,2026-02-05,Pneumonia
2567,3924,100,2,2026-03-28,2026-03-30,Migraine
2568,1775,142,12,2025-12-10,2026-04-21,Migraine
2569,1237,134,1,2025-02-07,2025-05-28,Stroke
2570,1723,159,18,2025-03-25,2025-05-23,Covid
2571,3829,216,12,2026-04-18,2026-06-25,Migraine
2572,1510,127,16,2024-10-06,2026-05-15,Hypertension
2573,4520,198,17,2026-07-10,2026-08-07,Covid
2574,2204,21,6,2025-06-22,2026-07-23,Migraine
2575,547,37,13,2024-08-18,2024-12-18,Diabetes
2576,1135,220,12,2024-08-12,2026-04-15,Kidney Stones
2577,3219,93,12,2026-02-10,2026-05-09,Fracture
2578,4900,34,15,2025-09-15,2026-02-10,Kidney Stones
2579,4222,224,19,2024-09-18,2026-06-29,Kidney Stones
2580,3930,184,15,2025-08-22,2025-11-14,Migraine
2581,870,33,16,2025-10-26,2026-04-19,Asthma
2582,2809,89,4,2025-04-24,2026-04-09,Covid
2583,4427,117,16,2024-12-02,2025-03-02,Kidney Stones
2584,4701,39,5,2026-04-16,2026-04-24,Cancer
2585,1236,71,16,2024-11-06,2025-03-17,Asthma
2586,547,35,16,2024-10-11,2025-01-26,Stroke
2587,4657,139,6,2026-07-25,2026-08-08,Pneumonia
2588,2723,217,16,2025-03-22,2025-04-01,Hypertension
2589,17,59,17,2026-04-30,2026-06-11,Cancer
2590,3228,239,10,2025-04-28,2025-12-06,Stroke
2591,2671,69,8,2025-05-03,2025-08-30,Covid
2592,4077,241,11,2025-09-08,2025-12-28,Hypertension
2593,1144,151,1,2025-12-18,2026-02-27,Diabetes
2594,1892,70,4,2025-04-25,2025-07-27,Diabetes
2595,4473,18,20,2025-05-14,2025-09-24,Stroke
2596,3908,90,9,2024-12-18,2025-06-22,Stroke
2597,4875,54,6,2024-12-07,2025-02-24,Fracture
2598,3768,41,9,2024-12-27,2026-07-31,Kidney Stones
2599,2560,161,10,2026-06-07,2026-06-13,Cancer
2600,72,55,5,2024-10-29,2025-12-02,Kidney Stones
2601,354,213,6,2025-11-06,2026-06-26,Fracture
2602,2849,122,4,2024-10-28,2025-02-12,Pneumonia
2603,3727,19,1,2025-10-15,2026-06-13,Kidney Stones
2604,659,134,14,2025-03-05,2026-08-08,Kidney Stones
2605,2641,127,15,2026-08-04,2026-08-16,Fracture
2606,4780,34,11,2025-07-09,2026-06-08,Diabetes
2607,3157,190,17,2025-02-23,2026-04-24,Covid
2608,4716,150,5,2024-11-28,2026-02-24,Hypertension
2609,644,247,17,2025-01-07,2025-05-31,Hypertension
2610,4379,227,16,2024-12-08,2025-10-16,Migraine
2611,3969,102,2,2026-06-02,2026-07-07,Fracture
2612,2044,205,8,2026-07-21,2026-08-17,Covid
2613,4496,153,18,2025-06-03,2026-06-30,Pneumonia
2614,748,131,17,2024-12-13,2025-01-23,Stroke
2615,2854,32,7,2026-04-09,2026-05-02,Covid
2616,2129,229,18,2024-12-18,2026-07-06,Diabetes
2617,1758,89,2,2026-01-05,2026-02-15,Hypertension
2618,4770,186,12,2026-07-05,2026-07-12,Covid
2619,3895,62,13,2026-01-19,2026-02-01,Diabetes
2620,2041,146,2,2024-12-21,2026-08-08,Pneumonia
2621,4225,47,18,2026-02-16,2026-05-20,Covid
2622,2294,224,20,2025-02-10,2025-12-06,Pneumonia
2623,3824,220,3,2024-08-21,2025-12-13,Cancer
2624,3518,100,4,2025-04-20,2026-01-13,Covid
2625,722,220,16,2025-09-02,2025-10-23,Fracture
2626,2677,128,19,2025-02-02,2026-06-26,Kidney Stones
2627,3925,221,12,2026-04-22,2026-07-18,Kidney Stones
2628,1567,214,14,2025-08-10,2026-03-06,Stroke
2629,1901,231,20,2026-07-22,2026-08-17,Covid
2630,1065,74,3,2026-08-06,2026-08-12,Pneumonia
2631,2571,100,16,2025-10-31,2026-03-26,Diabetes
2632,3050,169,9,2025-02-07,2026-07-27,Covid
2633,2523,171,7,2025-04-19,2026-04-07,Kidney Stones
2634,2578,184,12,2025-03-04,2026-08-06,Stroke
2635,2273,84,9,2026-04-12,2026-06-13,Fracture
2636,1656,84,6,2024-11-17,2026-01-14,Asthma
2637,546,157,8,2026-05-29,2026-08-14,Stroke
2638,4308,55,14,2026-03-28,2026-04-12,Asthma
2639,4825,161,11,2026-07-08,2026-07-15,Covid
2640,1491,246,5,2026-06-20,2026-08-13,Covid
2641,1221,151,18,2025-07-13,2025-11-24,Kidney Stones
2642,2366,61,6,2025-02-09,2025-12-10,Asthma
2643,1639,83,17,2025-03-19,2026-03-18,Asthma
2644,1270,170,3,2025-08-14,2025-09-17,Migraine
2645,2979,247,7,2025-04-24,2025-05-16,Hypertension
2646,4475,243,6,2024-10-21,2025-06-24,Pneumonia
2647,948,48,16,2025-12-11,2026-07-10,Kidney Stones
2648,3035,191,8,2026-03-30,2026-06-11,Cancer
2649,4757,222,11,2025-08-16,2025-12-07,Diabetes
2650,3069,41,16,2025-02-04,2026-03-20,Asthma
2651,2114,49,10,2024-11-25,2025-06-12,Covid
2652,4847,172,13,2024-11-30,2024-12-27,Kidney Stones
2653,1237,43,9,2025-06-10,2026-03-30,Stroke
2654,49,199,3,2025-08-12,2025-09-04,Fracture
2655,2494,84,16,2025-09-12,2026-03-02,Fracture
2656,1688,173,2,2025-02-15,2026-07-28,Diabetes
2657,2933,106,11,2025-01-25,2025-05-01,Fracture
2658,3239,142,3,2025-12-31,2026-08-16,Hypertension
2659,2643,225,14,2025-08-13,2026-07-05,Diabetes
2660,3434,242,5,2025-08-08,2026-07-25,Cancer
2661,4373,239,4,2025-10-21,2026-05-02,Kidney Stones
2662,1584,180,9,2026-01-19,2026-06-11,Hypertension
2663,292,15,11,2025-08-12,2026-07-20,Asthma
2664,707,84,5,2024-09-30,2026-08-12,Diabetes
2665,2762,160,3,2025-07-14,2025-10-28,Migraine
2666,685,240,7,2026-04-08,2026-04-29,Migraine
2667,2355,80,4,2025-01-15,2025-07-12,Kidney Stones
2668,3905,173,1,2024-08-07,2025-07-17,Pneumonia
2669,4045,38,14,2025-04-07,2025-04-09,Stroke
2670,3911,186,20,2025-02-09,2025-06-13,Cancer
2671,336,27,13,2026-03-29,2026-04-30,Cancer
2672,3832,114,3,2026-07-18,2026-08-11,Diabetes
2673,1524,196,13,2025-01-25,2025-02-09,Diabetes
2674,2438,36,16,2024-08-31,2025-09-09,Migraine
2675,2691,115,20,2024-10-10,2025-11-28,Pneumonia
2676,1029,244,9,2025-07-10,2025-10-01,Hypertension
2677,1113,153,18,2025-07-19,2026-05-05,Diabetes
2678,3695,247,16,2025-01-05,2026-06-07,Diabetes
2679,1111,8,4,2025-12-26,2026-04-19,Migraine
2680,3337,48,4,2025-08-08,2026-06-21,Pneumonia
2681,4629,140,5,2025-12-25,2026-05-07,Covid
2682,3979,169,9,2025-08-20,2026-05-10,Migraine
2683,1749,184,3,2025-12-17,2026-01-11,Asthma
2684,4485,209,8,2024-12-21,2025-04-16,Stroke
2685,1551,26,16,2025-08-13,2025-08-19,Stroke
2686,3806,169,9,2025-06-17,2025-08-08,Diabetes
2687,3098,220,16,2026-06-10,2026-07-01,Diabetes
2688,248,154,18,2026-06-29,2026-07-13,Stroke
2689,2086,104,5,2024-10-31,2025-03-10,Hypertension
2690,2666,237,8,2026-02-05,2026-04-17,Hypertension
2691,3479,133,19,2024-10-18,2026-04-10,Kidney Stones
2692,2976,71,8,2025-08-13,2026-05-09,Kidney Stones
2693,2106,54,6,2025-03-29,2025-05-02,Covid
2694,3979,133,12,2025-07-25,2025-08-07,Hypertension
2695,1792,137,9,2026-03-11,2026-06-18,Cancer
2696,4340,103,18,2024-10-10,2026-07-16,Stroke
2697,3191,154,2,2026-04-24,2026-05-11,Pneumonia
2698,4316,246,10,2025-12-05,2026-03-17,Pneumonia
2699,263,23,12,2025-12-07,2026-03-13,Cancer
2700,3788,150,13,2026-05-29,2026-07-18,Stroke
2701,503,162,3,2025-02-23,2025-12-31,Diabetes
2702,3203,226,11,2024-11-29,2024-11-29,Hypertension
2703,3743,37,2,2026-02-16,2026-06-07,Asthma
2704,3168,139,3,2025-07-27,2026-03-16,Fracture
2705,3294,171,14,2026-05-13,2026-05-27,Cancer
2706,3784,237,10,2025-02-03,2025-07-05,Covid
2707,4252,236,2,2025-08-25,2026-07-10,Cancer
2708,310,73,14,2026-02-19,2026-05-24,Migraine
2709,340,139,11,2026-02-26,2026-03-01,Asthma
2710,3985,224,15,2024-10-11,2025-12-10,Fracture
2711,558,126,6,2024-11-02,2026-07-07,Fracture
2712,4397,74,9,2026-08-01,2026-08-04,Covid
2713,3369,168,17,2024-09-20,2024-10-19,Fracture
2714,1404,70,14,2024-08-18,2026-07-03,Stroke
2715,1763,119,16,2024-11-13,2026-08-15,Stroke
2716,2063,148,9,2026-03-01,2026-05-24,Migraine
2717,3528,117,13,2026-02-08,2026-03-18,Asthma
2718,2792,58,7,2025-10-27,2026-01-12,Asthma
2719,1371,21,17,2025-03-16,2025-11-24,Asthma
2720,4367,55,11,2026-03-04,2026-03-11,Kidney Stones
2721,2371,12,15,2026-04-17,2026-06-09,Stroke
2722,2176,134,20,2025-08-12,2026-06-13,Covid
2723,158,162,2,2025-11-20,2026-02-02,Fracture
2724,3304,135,8,2025-02-28,2026-06-22,Stroke
2725,4841,179,17,2025-12-06,2026-03-02,Stroke
2726,4388,147,9,2025-12-11,2026-05-31,Asthma
2727,2137,151,9,2026-03-27,2026-05-21,Diabetes
2728,1082,48,20,2025-04-27,2026-01-24,Diabetes
2729,1279,249,15,2026-01-13,2026-07-07,Covid
2730,4900,105,17,2025-03-07,2025-06-27,Cancer
2731,4386,32,19,2024-08-23,2025-08-24,Asthma
2732,498,136,12,2025-12-23,2026-04-21,Cancer
2733,1040,201,14,2025-02-24,2026-04-23,Migraine
2734,2264,131,8,2025-08-25,2026-04-12,Hypertension
2735,2040,150,9,2024-10-02,2026-04-01,Migraine
2736,4696,57,6,2026-08-07,2026-08-10,Pneumonia
2737,3495,161,15,2025-01-09,2026-01-05,Cancer
2738,679,11,5,2024-12-15,2025-09-18,Diabetes
2739,1422,118,4,2025-07-01,2026-05-13,Diabetes
2740,2315,15,4,2026-02-24,2026-03-17,Stroke
2741,2137,250,20,2024-12-05,2024-12-13,Asthma
2742,2273,8,19,2025-02-24,2026-02-06,Fracture
2743,3126,59,3,2025-10-06,2025-11-10,Fracture
2744,3665,172,10,2024-08-09,2025-09-26,Covid
2745,3659,67,14,2025-05-15,2025-12-30,Cancer
2746,3868,85,6,2026-08-02,2026-08-12,Diabetes
2747,4974,228,13,2025-04-29,2025-08-21,Migraine
2748,4922,98,7,2024-11-20,2025-08-16,Cancer
2749,4590,11,13,2026-06-05,2026-07-13,Migraine
2750,3185,175,12,2024-11-16,2026-06-21,Asthma
2751,802,11,16,2026-06-20,2026-08-09,Fracture
2752,80,203,1,2025-03-05,2025-03-13,Kidney Stones
2753,510,122,15,2026-07-22,2026-07-22,Migraine
2754,3888,87,6,2026-04-19,2026-07-03,Cancer
2755,4370,134,17,2025-07-17,2026-01-17,Fracture
2756,1585,57,18,2025-05-01,2026-06-02,Kidney Stones
2757,3164,95,17,2025-01-24,2025-05-20,Asthma
2758,3839,79,3,2026-04-26,2026-07-15,Pneumonia
2759,2927,101,12,2025-09-21,2025-11-03,Migraine
2760,3106,126,10,2025-09-18,2026-07-03,Pneumonia
2761,4173,249,19,2025-11-25,2025-12-06,Hypertension
2762,1848,192,16,2024-12-30,2025-06-24,Migraine
2763,1064,221,11,2026-03-30,2026-05-17,Covid
2764,199,176,11,2025-12-16,2026-04-22,Stroke
2765,4702,218,13,2026-02-15,2026-05-11,Migraine
2766,252,108,8,2025-09-17,2025-10-29,Hypertension
2767,976,120,16,2024-12-13,2025-12-23,Migraine
2768,1737,108,1,2026-03-30,2026-05-23,Stroke
2769,1712,91,19,2025-08-16,2026-02-17,Pneumonia
2770,3012,241,10,2024-11-27,2025-05-10,Migraine
2771,920,236,2,2025-06-03,2026-01-16,Kidney Stones
2772,4864,61,17,2025-02-19,2026-03-14,Pneumonia
2773,2117,200,19,2025-07-25,2025-07-30,Asthma
2774,2292,126,5,2024-11-13,2025-08-28,Asthma
2775,3397,201,14,2025-10-20,2026-07-18,Asthma
2776,1323,191,13,2024-08-14,2024-09-24,Covid
2777,30,21,10,2025-10-13,2026-05-22,Pneumonia
2778,30,62,3,2025-01-22,2025-08-17,Fracture
2779,4370,6,13,2026-08-02,2026-08-07,Cancer
2780,4982,80,20,2025-02-04,2025-10-08,Pneumonia
2781,518,162,18,2024-09-02,2026-01-20,Stroke
2782,1812,16,18,2025-02-02,2026-01-14,Fracture
2783,2829,147,12,2026-02-13,2026-03-20,Asthma
2784,2330,52,15,2024-12-19,2025-04-05,Fracture
2785,2381,180,14,2026-06-16,2026-06-30,Migraine
2786,3225,6,1,2026-05-15,2026-08-05,Migraine
2787,1330,157,9,2024-09-27,2026-01-05,Migraine
2788,4528,13,2,2024-09-13,2024-10-25,Hypertension
2789,4621,28,14,2025-08-08,2025-11-26,Stroke
2790,2760,156,18,2026-01-04,2026-05-21,Kidney Stones
2791,3649,46,4,2024-08-14,2024-10-06,Asthma
2792,695,198,5,2026-03-23,2026-07-04,Fracture
2793,1926,163,17,2025-01-24,2026-04-25,Kidney Stones
2794,786,44,19,2025-03-29,2026-02-26,Covid
2795,2766,15,4,2026-01-20,2026-08-03,Asthma
2796,1059,33,12,2026-03-12,2026-04-16,Hypertension
2797,695,76,6,2025-11-27,2026-05-11,Diabetes
2798,3284,108,12,2024-12-08,2025-03-29,Covid
2799,2099,185,1,2025-09-18,2026-04-04,Asthma
2800,588,96,13,2024-10-22,2025-11-28,Hypertension
2801,2919,14,7,2026-01-26,2026-04-01,Covid
2802,2750,51,3,2025-10-12,2026-05-21,Kidney Stones
2803,2320,129,5,2025-07-16,2026-01-10,Covid
2804,1818,132,6,2026-06-04,2026-08-02,Stroke
2805,1901,54,11,2024-10-18,2026-03-26,Stroke
2806,2364,85,17,2025-05-03,2026-03-05,Diabetes
2807,2284,220,5,2026-03-16,2026-07-08,Cancer
2808,2543,6,7,2025-02-10,2025-04-07,Stroke
2809,2230,171,11,2026-02-08,2026-08-07,Hypertension
2810,4591,59,2,2025-06-23,2025-09-14,Cancer
2811,2933,73,14,2025-01-27,2025-01-27,Diabetes
2812,1346,4,2,2025-11-27,2026-08-05,Fracture
2813,4502,3,8,2025-12-02,2026-07-08,Hypertension
2814,1908,121,6,2024-09-19,2025-11-22,Asthma
2815,4588,152,16,2025-07-25,2025-08-30,Diabetes
2816,1008,100,14,2025-12-16,2026-04-24,Covid
2817,199,54,7,2025-08-16,2026-02-11,Hypertension
2818,3690,24,9,2024-10-28,2026-08-17,Fracture
2819,3981,134,8,2025-01-17,2026-04-20,Pneumonia
2820,371,90,14,2025-08-04,2026-06-20,Kidney Stones
2821,2146,201,6,2025-10-06,2026-08-11,Covid
2822,868,138,11,2026-06-02,2026-06-04,Pneumonia
2823,4561,144,7,2026-05-01,2026-07-01,Hypertension
2824,1194,126,18,2024-09-10,2026-08-04,Covid
2825,2928,29,6,2026-04-14,2026-05-07,Kidney Stones
2826,214,175,20,2026-01-28,2026-06-03,Kidney Stones
2827,4814,174,2,2025-09-15,2025-12-16,Covid
2828,2285,166,14,2025-02-22,2026-05-30,Kidney Stones
2829,3790,50,4,2025-12-19,2026-06-11,Fracture
2830,281,90,11,2026-02-11,2026-07-07,Fracture
2831,4321,207,6,2025-04-11,2025-05-10,Cancer
2832,2384,191,19,2025-12-10,2026-08-10,Diabetes
2833,4196,216,4,2024-09-22,2026-01-04,Pneumonia
2834,364,235,20,2025-04-18,2025-07-31,Stroke
2835,4608,248,18,2024-12-28,2025-02-17,Migraine
2836,2135,209,14,2025-12-28,2026-04-05,Migraine
2837,1916,55,17,2026-03-15,2026-04-25,Asthma
2838,2292,224,7,2026-04-23,2026-05-13,Diabetes
2839,4463,67,4,2025-01-30,2026-07-17,Pneumonia
2840,3043,36,1,2024-11-10,2025-01-22,Fracture
2841,4842,99,10,2025-08-08,2025-09-01,Covid
2842,1750,224,2,2026-01-28,2026-05-28,Covid
2843,3433,106,4,2025-01-30,2025-02-24,Diabetes
2844,1592,191,18,2025-10-12,2026-03-16,Migraine
2845,2136,18,16,2025-11-18,2026-03-04,Pneumonia
2846,4294,124,16,2026-06-29,2026-07-08,Hypertension
2847,1159,55,4,2025-09-08,2026-05-09,Diabetes
2848,4396,184,16,2025-08-03,2026-01-21,Diabetes
2849,1295,159,2,2026-07-07,2026-07-13,Kidney Stones
2850,1500,212,15,2025-11-28,2026-06-18,Cancer
2851,1389,126,17,2026-06-09,2026-07-08,Asthma
2852,4233,205,7,2025-06-15,2025-12-06,Diabetes
2853,2332,59,10,2025-10-02,2026-05-28,Diabetes
2854,1290,81,10,2025-04-07,2026-04-18,Asthma
2855,3568,82,2,2025-04-11,2025-04-29,Cancer
2856,2764,233,4,2025-04-06,2026-07-24,Cancer
2857,1587,157,17,2026-08-07,2026-08-07,Migraine
2858,1182,108,18,2025-12-07,2026-07-11,Migraine
2859,2228,165,12,2025-01-27,2026-05-08,Migraine
2860,3684,55,3,2026-04-15,2026-05-02,Kidney Stones
2861,846,11,15,2025-07-02,2026-06-30,Pneumonia
2862,4495,88,12,2026-02-28,2026-08-08,Cancer
2863,1419,156,11,2024-10-03,2025-06-15,Asthma
2864,4340,197,20,2025-02-11,2025-10-12,Diabetes
2865,4300,197,2,2026-01-12,2026-07-30,Asthma
2866,437,34,9,2026-02-18,2026-05-16,Stroke
2867,315,31,11,2025-10-31,2026-07-05,Stroke
2868,2097,214,14,2025-05-18,2026-07-06,Stroke
2869,625,191,15,2026-06-23,2026-07-23,Stroke
2870,3967,183,2,2026-03-28,2026-06-07,Cancer
2871,924,127,15,2025-04-10,2025-05-31,Diabetes
2872,115,138,13,2024-09-09,2026-03-03,Kidney Stones
2873,2730,6,18,2026-01-11,2026-07-20,Diabetes
2874,1582,27,5,2025-08-20,2026-02-04,Fracture
2875,557,170,8,2026-02-20,2026-08-14,Pneumonia
2876,204,205,8,2026-05-13,2026-06-16,Kidney Stones
2877,2231,192,8,2026-05-25,2026-08-14,Covid
2878,1753,189,13,2025-03-21,2025-08-16,Hypertension
2879,430,143,16,2026-05-18,2026-06-30,Diabetes
2880,4807,84,6,2025-01-04,2026-03-16,Asthma
2881,1624,30,19,2024-12-28,2025-02-12,Asthma
2882,3704,10,11,2025-02-04,2025-03-08,Covid
2883,2854,152,9,2025-01-20,2025-03-29,Hypertension
2884,3426,178,14,2024-12-27,2026-03-05,Fracture
2885,4924,50,8,2025-04-05,2026-06-01,Covid
2886,3558,6,19,2025-03-24,2026-03-02,Migraine
2887,1656,29,3,2025-08-26,2025-10-26,Cancer
2888,3689,76,6,2025-07-08,2026-02-25,Fracture
2889,942,222,3,2024-10-07,2024-12-30,Hypertension
2890,3646,191,12,2024-11-10,2025-01-15,Pneumonia
2891,462,39,12,2025-02-06,2025-06-27,Asthma
2892,4695,5,10,2025-10-15,2025-12-26,Cancer
2893,1455,135,1,2025-12-09,2026-03-28,Diabetes
2894,1898,191,7,2026-05-29,2026-07-27,Diabetes
2895,2423,164,2,2025-05-04,2026-01-05,Stroke
2896,3786,69,6,2025-09-08,2026-05-12,Hypertension
2897,2557,196,3,2026-02-08,2026-05-12,Diabetes
2898,4499,62,18,2026-01-25,2026-05-07,Covid
2899,3787,168,15,2025-02-24,2025-09-30,Covid
2900,4456,163,8,2024-10-08,2025-11-04,Hypertension
2901,3128,16,9,2026-01-03,2026-05-29,Cancer
2902,1256,141,5,2024-09-04,2025-11-05,Pneumonia
2903,1085,171,5,2026-06-26,2026-07-13,Cancer
2904,582,58,11,2025-11-28,2026-04-25,Fracture
2905,1122,126,6,2025-07-07,2025-12-10,Migraine
2906,1766,21,14,2026-08-04,2026-08-07,Pneumonia
2907,1575,16,8,2024-09-13,2025-03-09,Pneumonia
2908,3182,208,13,2025-04-24,2026-02-10,Hypertension
2909,1708,179,12,2025-02-08,2025-03-02,Stroke
2910,1762,88,1,2026-05-30,2026-08-16,Pneumonia
2911,4051,243,12,2024-08-20,2026-01-10,Kidney Stones
2912,1707,238,16,2025-11-07,2026-05-14,Fracture
2913,152,24,10,2025-05-25,2025-08-13,Covid
2914,4657,95,17,2025-03-30,2026-03-18,Asthma
2915,1029,138,14,2025-07-30,2026-06-29,Kidney Stones
2916,3658,169,14,2026-04-01,2026-06-16,Kidney Stones
2917,4394,119,20,2026-05-07,2026-05-11,Asthma
2918,3888,195,11,2026-01-12,2026-01-20,Fracture
2919,509,108,14,2025-05-19,2026-03-15,Cancer
2920,26,50,16,2026-06-05,2026-08-11,Diabetes
2921,1036,68,13,2025-05-25,2026-05-30,Kidney Stones
2922,3095,97,9,2026-03-31,2026-06-11,Cancer
2923,4548,32,12,2024-09-28,2025-12-05,Kidney Stones
2924,2239,119,18,2024-11-12,2025-09-07,Hypertension
2925,3879,221,3,2025-07-07,2026-05-11,Diabetes
2926,2537,171,20,2025-07-31,2026-04-02,Asthma
2927,441,26,10,2026-02-16,2026-04-03,Asthma
2928,4237,115,9,2024-10-28,2025-02-03,Stroke
2929,4367,102,5,2025-07-05,2026-06-02,Cancer
2930,75,125,4,2024-08-07,2026-07-28,Cancer
2931,2686,104,20,2026-02-05,2026-03-01,Cancer
2932,2405,118,4,2024-08-24,2026-06-28,Pneumonia
2933,353,157,15,2024-11-09,2024-11-12,Cancer
2934,498,196,17,2024-12-08,2025-08-02,Migraine
2935,1389,179,9,2024-09-22,2026-03-14,Stroke
2936,4174,150,2,2026-08-02,2026-08-06,Kidney Stones
2937,994,107,6,2025-08-22,2026-07-29,Hypertension
2938,2198,94,15,2025-05-28,2026-06-19,Hypertension
2939,4736,191,19,2024-08-26,2026-03-04,Hypertension
2940,4607,13,8,2026-03-26,2026-06-02,Hypertension
2941,1734,5,1,2024-10-04,2024-11-12,Covid
2942,4070,244,3,2025-05-23,2025-06-22,Stroke
2943,3226,220,19,2025-11-24,2026-02-03,Kidney Stones
2944,1117,167,6,2025-12-30,2026-06-26,Asthma
2945,4268,59,19,2024-12-24,2025-08-16,Kidney Stones
2946,2700,169,18,2025-08-12,2026-04-06,Fracture
2947,2725,220,8,2025-07-07,2025-10-22,Fracture
2948,4518,220,16,2026-01-10,2026-08-02,Kidney Stones
2949,162,246,7,2024-11-26,2025-03-09,Fracture
2950,3960,87,16,2024-11-01,2025-01-13,Hypertension
2951,2344,75,8,2024-10-06,2025-07-29,Hypertension
2952,2696,31,1,2025-11-14,2026-08-16,Kidney Stones
2953,3690,231,19,2025-09-27,2026-02-02,Migraine
2954,666,240,1,2025-12-26,2025-12-26,Fracture
2955,2517,222,17,2026-07-06,2026-07-15,Fracture
2956,2617,132,6,2024-10-06,2025-01-11,Asthma
2957,2656,42,4,2025-05-28,2026-07-18,Migraine
2958,888,144,20,2024-10-01,2026-03-01,Covid
2959,4556,176,10,2026-07-29,2026-08-16,Kidney Stones
2960,1581,200,8,2025-08-13,2026-06-11,Asthma
2961,2319,34,15,2026-07-16,2026-08-03,Hypertension
2962,3683,250,12,2026-01-05,2026-06-28,Fracture
2963,1709,236,18,2025-08-11,2026-01-20,Covid
2964,297,28,1,2024-09-09,2025-10-07,Pneumonia
2965,1514,180,19,2024-10-10,2026-02-13,Diabetes
2966,2871,214,19,2026-01-20,2026-07-09,Asthma
2967,4234,93,11,2026-05-20,2026-07-02,Pneumonia
2968,425,78,15,2026-02-23,2026-05-01,Kidney Stones
2969,750,199,9,2026-05-02,2026-08-14,Covid
2970,1500,36,6,2026-04-14,2026-07-29,Hypertension
2971,3992,119,8,2026-03-07,2026-07-22,Fracture
2972,689,157,18,2024-10-04,2025-10-24,Migraine
2973,3015,206,10,2024-08-18,2026-02-18,Kidney Stones
2974,506,45,5,2025-01-15,2025-07-17,Covid
2975,2709,180,5,2025-12-25,2026-01-11,Stroke
2976,4371,168,8,2026-06-22,2026-07-03,Cancer
2977,4188,196,16,2024-12-19,2026-06-10,Stroke
2978,2985,249,9,2026-06-06,2026-08-17,Asthma
2979,248,175,8,2025-02-19,2025-11-25,Covid
2980,2104,64,16,2025-10-24,2026-01-06,Stroke
2981,2584,106,19,2024-12-12,2025-04-30,Diabetes
2982,2959,59,4,2024-12-05,2025-01-02,Pneumonia
2983,496,115,11,2025-03-11,2025-07-09,Asthma
2984,3344,185,5,2025-10-31,2026-06-28,Stroke
2985,728,138,13,2026-01-11,2026-06-16,Migraine
2986,2880,223,8,2025-01-05,2026-03-13,Kidney Stones
2987,1626,2,7,2025-05-25,2026-01-15,Kidney Stones
2988,1533,149,13,2024-10-01,2026-01-18,Covid
2989,3409,216,4,2026-06-27,2026-08-01,Pneumonia
2990,3922,129,16,2026-06-25,2026-08-08,Covid
2991,283,243,4,2024-09-24,2025-11-20,Fracture
2992,4405,130,9,2025-09-11,2026-03-23,Fracture
2993,161,7,16,2024-09-01,2025-09-29,Stroke
2994,1459,17,2,2025-08-09,2025-08-24,Kidney Stones
2995,3218,219,11,2026-01-31,2026-06-25,Hypertension
2996,1235,234,7,2026-07-01,2026-07-12,Pneumonia
2997,1484,12,19,2025-04-26,2026-05-08,Covid
2998,2664,125,17,2025-06-13,2025-08-26,Cancer
2999,3497,70,15,2026-01-05,2026-06-05,Stroke
3000,572,246,8,2026-06-28,2026-07-21,Diabetes
3001,797,118,8,2024-11-17,2025-04-08,Migraine
3002,298,160,11,2025-06-23,2026-06-24,Cancer
3003,4239,180,17,2026-03-02,2026-05-13,Stroke
3004,2451,61,6,2024-11-03,2025-04-05,Covid
3005,4891,49,14,2025-01-11,2026-04-24,Migraine
3006,1256,162,13,2026-02-03,2026-02-03,Pneumonia
3007,2637,247,1,2026-05-12,2026-07-14,Stroke
3008,1627,8,2,2025-10-03,2026-06-04,Covid
3009,1760,129,15,2025-05-20,2025-11-17,Asthma
3010,1705,214,3,2026-02-26,2026-03-19,Covid
3011,4121,143,10,2025-06-19,2026-07-18,Hypertension
3012,685,26,15,2026-04-19,2026-07-22,Cancer
3013,2866,136,14,2026-05-14,2026-07-23,Hypertension
3014,2379,222,9,2025-08-01,2026-06-05,Migraine
3015,3593,38,5,2025-02-24,2026-07-30,Pneumonia
3016,3907,184,20,2026-03-17,2026-06-01,Pneumonia
3017,2393,229,7,2025-12-07,2026-04-21,Migraine
3018,2845,102,16,2026-01-12,2026-06-17,Hypertension
3019,82,249,12,2025-08-07,2025-11-13,Diabetes
3020,4340,4,15,2026-07-21,2026-08-15,Hypertension
3021,3546,186,20,2025-02-17,2026-01-16,Diabetes
3022,571,151,1,2025-08-07,2025-12-25,Asthma
3023,1563,4,7,2025-03-16,2026-07-01,Asthma
3024,4144,104,16,2026-05-19,2026-07-31,Kidney Stones
3025,1251,57,5,2025-09-22,2026-02-05,Pneumonia
3026,3627,111,14,2025-12-01,2026-03-15,Cancer
3027,2311,218,20,2026-06-17,2026-08-05,Migraine
3028,1371,208,16,2025-10-06,2026-06-18,Fracture
3029,2473,157,3,2026-07-10,2026-07-26,Kidney Stones
3030,409,212,4,2024-11-09,2026-06-03,Fracture
3031,571,229,19,2025-10-13,2025-11-01,Stroke
3032,4575,1,1,2024-09-04,2025-01-01,Kidney Stones
3033,2610,200,5,2025-11-08,2026-08-13,Kidney Stones
3034,1083,107,11,2024-11-27,2025-09-15,Fracture
3035,4582,30,17,2024-11-18,2025-07-22,Cancer
3036,566,109,13,2025-06-25,2025-07-29,Cancer
3037,99,244,13,2026-05-26,2026-06-20,Diabetes
3038,772,153,9,2025-04-23,2025-09-10,Fracture
3039,2540,36,6,2026-04-28,2026-08-17,Pneumonia
3040,2681,68,11,2026-01-15,2026-02-28,Hypertension
3041,3344,74,8,2026-03-29,2026-04-21,Cancer
3042,3611,86,11,2024-08-07,2025-06-14,Pneumonia
3043,4333,86,15,2026-01-17,2026-06-24,Diabetes
3044,1261,140,15,2026-08-04,2026-08-04,Migraine
3045,3341,61,19,2025-05-12,2026-08-05,Stroke
3046,4964,204,4,2024-08-08,2026-02-03,Covid
3047,3979,224,6,2026-05-26,2026-06-04,Kidney Stones
3048,3721,16,17,2026-02-18,2026-03-26,Stroke
3049,3615,62,14,2025-09-23,2025-12-16,Cancer
3050,3245,222,2,2025-11-30,2026-07-06,Pneumonia
3051,2566,108,12,2025-10-10,2026-07-28,Asthma
3052,2095,194,11,2025-05-12,2025-11-17,Diabetes
3053,735,55,9,2024-09-19,2026-02-04,Migraine
3054,3660,75,18,2025-01-24,2026-02-25,Fracture
3055,1158,108,12,2025-05-23,2026-08-08,Cancer
3056,4127,219,9,2025-08-26,2025-10-27,Asthma
3057,1010,216,7,2024-08-31,2024-12-25,Covid
3058,1025,174,6,2026-02-21,2026-06-27,Kidney Stones
3059,1909,123,11,2025-05-16,2025-07-27,Migraine
3060,2283,35,20,2025-01-16,2025-08-12,Diabetes
3061,794,55,18,2026-07-29,2026-08-13,Kidney Stones
3062,4203,163,20,2024-08-19,2024-10-08,Diabetes
3063,3174,57,19,2025-12-29,2026-01-24,Hypertension
3064,4603,170,10,2025-11-08,2026-04-22,Kidney Stones
3065,3268,154,19,2024-09-23,2025-02-21,Hypertension
3066,1584,105,18,2025-02-06,2026-03-25,Pneumonia
3067,534,169,14,2025-01-20,2026-07-26,Cancer
3068,1025,235,18,2025-06-04,2025-11-16,Kidney Stones
3069,3330,138,18,2024-09-19,2025-09-07,Hypertension
3070,69,220,18,2025-03-19,2026-02-09,Covid
3071,1189,15,10,2025-01-10,2025-09-03,Fracture
3072,4825,179,15,2024-12-09,2026-04-26,Fracture
3073,4099,86,17,2026-02-23,2026-05-02,Diabetes
3074,2716,178,16,2024-11-23,2025-04-08,Asthma
3075,1350,112,9,2024-08-15,2025-09-27,Covid
3076,3544,28,2,2024-12-14,2025-05-19,Diabetes
3077,1902,46,10,2025-01-24,2025-04-22,Hypertension
3078,3131,222,8,2025-07-25,2026-04-01,Stroke
3079,3819,180,18,2025-08-04,2026-02-03,Cancer
3080,4276,79,13,2026-01-27,2026-07-21,Cancer
3081,1420,33,10,2025-11-24,2026-07-18,Asthma
3082,2517,46,11,2025-08-14,2026-01-15,Migraine
3083,3059,186,13,2024-08-30,2025-05-12,Kidney Stones
3084,916,3,10,2025-10-16,2026-03-03,Pneumonia
3085,4247,86,19,2026-04-16,2026-07-08,Covid
3086,1179,91,19,2024-09-27,2025-07-11,Pneumonia
3087,957,150,7,2025-12-03,2026-06-23,Stroke
3088,2512,158,1,2025-01-08,2025-06-13,Covid
3089,1588,56,11,2026-07-22,2026-08-11,Cancer
3090,2430,211,16,2025-09-18,2025-10-26,Hypertension
3091,4653,225,18,2025-01-02,2025-09-20,Cancer
3092,3694,26,16,2024-08-26,2026-01-27,Stroke
3093,1378,2,15,2024-08-18,2025-12-10,Kidney Stones
3094,2860,123,9,2025-12-14,2026-03-09,Fracture
3095,2594,32,4,2025-11-28,2026-05-25,Covid
3096,769,100,10,2024-08-18,2025-03-10,Pneumonia
3097,2258,34,7,2025-01-20,2025-12-01,Migraine
3098,1769,40,9,2026-06-06,2026-07-10,Asthma
3099,372,132,15,2025-12-29,2026-02-18,Asthma
3100,2230,109,3,2026-05-01,2026-08-07,Pneumonia
3101,1978,138,10,2025-11-21,2026-06-14,Covid
3102,4929,184,9,2024-10-10,2025-07-17,Covid
3103,2098,123,7,2025-04-01,2026-07-30,Cancer
3104,704,33,14,2025-11-25,2026-03-26,Asthma
3105,3903,200,4,2025-11-24,2026-01-26,Covid
3106,2841,237,7,2025-06-02,2026-05-30,Migraine
3107,449,226,11,2026-03-14,2026-04-11,Migraine
3108,4548,172,17,2025-06-22,2025-06-29,Hypertension
3109,4730,62,12,2024-09-02,2025-04-26,Cancer
3110,2987,100,6,2025-04-28,2025-07-22,Covid
3111,648,108,20,2024-10-12,2025-10-29,Pneumonia
3112,1522,49,15,2026-06-25,2026-07-10,Stroke
3113,330,232,3,2024-12-23,2025-10-03,Pneumonia
3114,2606,33,4,2025-06-02,2026-02-23,Cancer
3115,279,77,17,2026-03-23,2026-05-10,Stroke
3116,2018,124,13,2025-03-21,2025-04-02,Covid
3117,2013,183,20,2025-05-16,2026-04-14,Migraine
3118,1618,180,9,2026-03-12,2026-04-11,Stroke
3119,1647,182,18,2026-03-31,2026-06-24,Migraine
3120,4547,56,20,2024-09-09,2026-02-22,Kidney Stones
3121,502,216,19,2025-02-08,2025-04-29,Hypertension
3122,2686,53,15,2025-01-02,2025-08-20,Pneumonia
3123,546,34,11,2024-12-27,2025-12-15,Migraine
3124,2498,94,9,2025-11-22,2026-01-02,Covid
3125,409,86,10,2025-01-25,2025-03-27,Covid
3126,4289,192,2,2024-08-29,2025-05-17,Asthma
3127,2114,74,11,2024-12-12,2025-09-10,Diabetes
3128,3840,62,4,2025-10-24,2026-02-05,Kidney Stones
3129,1525,247,8,2026-04-22,2026-05-10,Fracture
3130,281,245,10,2026-06-07,2026-08-16,Asthma
3131,3102,32,11,2025-04-22,2025-12-31,Hypertension
3132,3427,206,13,2025-09-06,2025-09-20,Cancer
3133,2908,52,7,2026-05-20,2026-07-31,Asthma
3134,69,167,9,2026-06-02,2026-07-29,Migraine
3135,1727,158,19,2026-03-20,2026-03-21,Cancer
3136,1091,37,14,2025-10-10,2026-03-26,Covid
3137,3358,122,4,2026-05-13,2026-05-27,Cancer
3138,1398,13,10,2026-03-17,2026-06-01,Covid
3139,1279,147,2,2026-05-22,2026-06-17,Asthma
3140,1483,217,13,2025-07-03,2026-07-22,Diabetes
3141,2720,232,3,2026-02-01,2026-04-13,Migraine
3142,3327,224,13,2025-12-06,2026-01-19,Migraine
3143,4278,126,18,2025-07-19,2026-02-10,Migraine
3144,2136,173,8,2026-03-22,2026-05-06,Fracture
3145,1444,208,10,2025-11-06,2025-12-10,Asthma
3146,1546,113,7,2026-06-17,2026-07-13,Covid
3147,1228,62,12,2025-10-09,2025-11-01,Migraine
3148,2527,14,2,2025-11-01,2026-04-12,Migraine
3149,1530,113,14,2024-12-06,2025-07-11,Stroke
3150,1502,179,1,2026-01-16,2026-07-25,Covid
3151,578,208,2,2025-10-06,2025-12-20,Fracture
3152,1860,93,20,2026-01-25,2026-05-23,Stroke
3153,2282,191,3,2025-10-31,2026-01-09,Pneumonia
3154,356,93,17,2025-06-11,2026-06-10,Cancer
3155,2111,245,16,2025-05-02,2025-08-04,Migraine
3156,169,137,3,2025-02-24,2025-07-23,Hypertension
3157,809,17,17,2025-07-11,2026-03-05,Hypertension
3158,4668,20,8,2026-06-14,2026-07-09,Migraine
3159,4777,166,7,2026-03-23,2026-06-21,Asthma
3160,546,246,3,2026-04-25,2026-05-03,Diabetes
3161,3557,3,7,2026-07-25,2026-08-08,Cancer
3162,2752,89,14,2025-04-29,2026-03-31,Covid
3163,2567,150,16,2025-06-28,2026-04-05,Asthma
3164,5,113,2,2025-12-13,2026-08-12,Diabetes
3165,4331,75,5,2026-01-18,2026-07-17,Migraine
3166,944,124,12,2024-11-12,2025-04-18,Hypertension
3167,649,3,14,2025-01-01,2025-07-15,Migraine
3168,4225,25,15,2024-09-03,2026-07-11,Cancer
3169,4581,146,2,2025-10-06,2026-08-06,Fracture
3170,3905,188,17,2026-04-29,2026-05-11,Pneumonia
3171,3859,188,14,2026-01-12,2026-05-16,Covid
3172,4770,166,14,2025-04-02,2026-05-17,Fracture
3173,4164,248,10,2025-05-07,2026-06-07,Diabetes
3174,2620,163,4,2026-03-31,2026-05-20,Hypertension
3175,4533,143,8,2026-06-07,2026-08-10,Pneumonia
3176,2411,165,2,2024-12-04,2025-05-14,Fracture
3177,3752,78,11,2025-11-04,2026-02-12,Fracture
3178,1102,5,1,2026-02-03,2026-08-08,Hypertension
3179,2223,20,13,2024-09-20,2025-10-07,Hypertension
3180,4116,80,4,2024-10-16,2024-11-21,Covid
3181,3426,10,5,2026-06-02,2026-08-01,Migraine
3182,3477,145,20,2024-08-20,2025-01-15,Diabetes
3183,4561,53,6,2024-11-28,2026-02-15,Stroke
3184,2752,107,1,2024-12-13,2026-01-26,Covid
3185,2957,172,4,2026-08-07,2026-08-09,Kidney Stones
3186,2800,235,2,2025-10-18,2026-03-31,Pneumonia
3187,3921,219,1,2026-06-21,2026-07-25,Stroke
3188,2150,47,15,2024-10-22,2025-12-30,Stroke
3189,3862,208,16,2025-10-22,2026-01-28,Migraine
3190,3538,216,9,2024-11-09,2024-12-29,Kidney Stones
3191,3552,207,12,2026-08-04,2026-08-08,Pneumonia
3192,3083,151,13,2024-11-17,2025-02-22,Cancer
3193,1662,157,12,2025-04-27,2026-06-21,Cancer
3194,1855,160,17,2026-02-26,2026-08-17,Diabetes
3195,3484,203,10,2025-07-17,2026-02-20,Pneumonia
3196,3008,106,8,2024-08-28,2025-11-16,Cancer
3197,2714,149,18,2024-10-07,2025-04-07,Asthma
3198,76,202,15,2024-09-28,2026-02-12,Diabetes
3199,743,205,4,2024-10-28,2025-07-29,Stroke
3200,2466,66,18,2025-09-05,2026-05-17,Stroke
3201,226,73,16,2025-02-22,2026-05-07,Cancer
3202,3827,143,2,2024-09-02,2025-05-28,Asthma
3203,3643,127,12,2025-05-30,2025-10-12,Cancer
3204,1284,148,7,2024-11-17,2026-07-24,Stroke
3205,1044,7,18,2024-12-23,2026-07-23,Hypertension
3206,4914,124,16,2025-01-12,2026-04-06,Hypertension
3207,3669,212,5,2024-08-12,2025-10-30,Stroke
3208,582,2,7,2024-10-29,2026-03-29,Cancer
3209,4851,100,18,2026-01-12,2026-01-17,Fracture
3210,89,211,20,2025-01-22,2026-01-02,Cancer
3211,4330,31,20,2026-03-20,2026-08-12,Migraine
3212,1260,221,11,2026-02-03,2026-03-07,Kidney Stones
3213,1500,90,17,2026-02-11,2026-07-26,Stroke
3214,2550,21,6,2026-05-26,2026-08-08,Cancer
3215,4170,199,6,2025-04-16,2025-07-22,Stroke
3216,1817,157,8,2026-02-09,2026-04-22,Diabetes
3217,4341,129,15,2025-12-17,2025-12-19,Migraine
3218,4478,230,16,2024-10-07,2026-07-15,Pneumonia
3219,920,85,1,2025-10-29,2026-05-14,Cancer
3220,4991,157,9,2024-09-18,2025-08-15,Pneumonia
3221,3500,62,6,2025-09-02,2026-03-14,Covid
3222,3236,86,10,2025-10-12,2026-02-27,Migraine
3223,3193,51,19,2025-06-04,2026-05-19,Stroke
3224,4955,70,6,2025-02-09,2026-03-07,Fracture
3225,3448,54,14,2025-07-05,2026-05-27,Stroke
3226,2072,144,4,2025-10-24,2025-12-23,Migraine
3227,3847,17,5,2024-09-01,2025-05-04,Asthma
3228,924,120,1,2024-12-06,2025-09-27,Fracture
3229,3195,159,14,2025-02-26,2025-05-29,Pneumonia
3230,3562,15,11,2025-05-23,2025-08-10,Stroke
3231,3302,129,14,2024-11-29,2026-05-08,Stroke
3232,3787,117,8,2024-12-24,2025-02-20,Cancer
3233,4036,19,18,2024-08-16,2026-07-01,Stroke
3234,3730,246,8,2025-08-23,2025-12-15,Hypertension
3235,2527,242,4,2025-02-11,2025-12-17,Hypertension
3236,1281,119,7,2024-08-19,2026-06-14,Cancer
3237,1998,156,8,2026-02-23,2026-06-12,Stroke
3238,2258,116,11,2026-04-06,2026-04-25,Stroke
3239,983,77,17,2024-10-03,2025-11-19,Fracture
3240,3550,222,18,2026-02-06,2026-07-07,Pneumonia
3241,1795,88,2,2024-12-21,2026-05-20,Covid
3242,2296,201,19,2025-07-23,2025-09-16,Stroke
3243,871,125,10,2026-03-02,2026-04-21,Covid
3244,1517,125,7,2024-09-15,2025-01-01,Fracture
3245,3049,81,8,2026-07-12,2026-08-07,Kidney Stones
3246,3500,183,10,2025-09-15,2026-04-09,Covid
3247,4952,116,2,2025-06-03,2026-06-03,Kidney Stones
3248,416,117,9,2026-01-30,2026-06-25,Cancer
3249,99,157,9,2024-12-21,2024-12-25,Stroke
3250,4400,181,19,2026-01-27,2026-02-17,Fracture
3251,4207,146,11,2025-09-09,2026-05-29,Stroke
3252,2288,83,11,2024-11-05,2026-07-26,Pneumonia
3253,4922,23,11,2025-11-10,2025-11-17,Pneumonia
3254,3170,239,19,2026-04-12,2026-06-19,Asthma
3255,1507,241,15,2026-08-06,2026-08-11,Diabetes
3256,4916,73,4,2025-04-26,2025-04-26,Covid
3257,1382,74,4,2026-02-07,2026-07-05,Hypertension
3258,2589,183,2,2026-07-19,2026-08-16,Pneumonia
3259,2204,31,14,2025-12-12,2026-07-04,Fracture
3260,2322,142,17,2025-12-25,2026-02-07,Kidney Stones
3261,16,144,12,2026-03-18,2026-06-26,Migraine
3262,4147,24,18,2024-11-04,2026-05-28,Asthma
3263,4249,200,4,2026-04-15,2026-08-09,Asthma
3264,1966,105,9,2025-10-01,2025-12-18,Diabetes
3265,3555,165,3,2025-11-22,2026-04-10,Asthma
3266,3242,249,12,2024-10-15,2026-05-12,Covid
3267,3051,125,8,2025-08-19,2026-01-17,Asthma
3268,1567,19,11,2025-11-04,2026-06-02,Kidney Stones
3269,1793,182,10,2025-10-01,2026-05-12,Asthma
3270,448,44,16,2026-07-19,2026-08-15,Stroke
3271,4496,159,12,2024-09-02,2025-10-21,Migraine
3272,1290,243,13,2025-11-11,2026-04-02,Migraine
3273,3133,29,4,2025-07-01,2026-04-09,Migraine
3274,2383,80,20,2026-05-22,2026-06-11,Covid
3275,2866,205,3,2025-03-19,2025-04-11,Kidney Stones
3276,4783,109,16,2025-11-25,2026-06-20,Covid
3277,4289,204,2,2024-08-17,2025-04-26,Migraine
3278,1775,147,17,2024-09-13,2025-03-07,Asthma
3279,1208,250,6,2025-05-19,2025-11-30,Diabetes
3280,1752,78,15,2024-12-12,2025-01-08,Diabetes
3281,3237,212,2,2025-03-14,2025-12-19,Stroke
3282,4989,182,14,2026-08-07,2026-08-10,Hypertension
3283,150,135,20,2024-08-19,2025-11-01,Covid
3284,3921,7,19,2026-01-01,2026-06-08,Pneumonia
3285,2448,227,18,2025-02-16,2025-03-14,Fracture
3286,4936,231,4,2026-07-27,2026-08-11,Stroke
3287,3329,167,19,2025-06-14,2025-08-03,Stroke
3288,3773,167,1,2026-03-07,2026-04-18,Stroke
3289,105,123,15,2025-01-28,2025-04-22,Cancer
3290,2333,144,8,2025-10-06,2026-08-16,Kidney Stones
3291,1182,2,17,2025-11-29,2026-01-23,Hypertension
3292,522,210,4,2026-06-10,2026-07-12,Cancer
3293,4998,37,18,2025-05-13,2025-06-30,Covid
3294,1185,128,12,2026-03-08,2026-08-07,Covid
3295,1201,60,17,2024-12-10,2025-06-06,Hypertension
3296,4932,190,17,2024-09-22,2025-01-31,Kidney Stones
3297,3480,232,14,2026-06-11,2026-08-02,Covid
3298,3274,116,16,2026-08-02,2026-08-13,Stroke
3299,3408,109,15,2025-04-09,2026-06-29,Diabetes
3300,237,45,16,2025-03-03,2025-04-09,Migraine
3301,3314,148,12,2025-01-07,2026-07-22,Cancer
3302,638,235,14,2026-02-12,2026-02-24,Migraine
3303,4654,233,5,2025-10-13,2025-12-17,Hypertension
3304,4261,159,4,2025-12-17,2026-02-20,Kidney Stones
3305,2290,213,9,2026-06-04,2026-06-07,Asthma
3306,505,233,15,2025-11-14,2026-03-14,Stroke
3307,3670,53,2,2025-08-17,2025-12-11,Pneumonia
3308,4108,125,16,2024-12-14,2026-07-22,Cancer
3309,3401,114,17,2025-07-08,2026-01-06,Cancer
3310,1004,84,15,2025-08-30,2026-07-31,Asthma
3311,3710,190,13,2025-05-31,2025-06-11,Diabetes
3312,4957,43,8,2026-02-01,2026-07-28,Cancer
3313,4109,227,5,2026-02-18,2026-03-25,Cancer
3314,2613,95,14,2026-02-09,2026-06-30,Covid
3315,3521,73,2,2024-12-22,2026-05-23,Stroke
3316,3948,245,11,2025-03-03,2025-09-17,Asthma
3317,4013,228,1,2025-07-03,2026-03-21,Hypertension
3318,400,191,9,2024-09-13,2026-02-12,Pneumonia
3319,4992,212,9,2025-11-06,2026-06-01,Covid
3320,805,189,13,2024-09-15,2025-02-18,Covid
3321,694,169,19,2025-07-25,2026-02-13,Stroke
3322,86,94,11,2026-02-08,2026-06-27,Asthma
3323,2661,155,7,2026-02-22,2026-07-28,Diabetes
3324,4341,30,8,2026-03-04,2026-05-02,Migraine
3325,2036,192,19,2025-07-29,2026-05-10,Stroke
3326,3532,141,8,2024-09-23,2024-11-12,Hypertension
3327,4372,48,10,2024-11-16,2025-04-25,Fracture
3328,4746,64,17,2026-06-11,2026-07-03,Pneumonia
3329,1686,117,17,2025-11-27,2026-05-18,Stroke
3330,362,63,13,2026-01-07,2026-06-05,Hypertension
3331,4770,13,3,2025-02-19,2025-12-30,Cancer
3332,2186,181,1,2024-12-10,2025-08-06,Cancer
3333,3732,234,7,2026-05-13,2026-08-06,Hypertension
3334,4060,188,8,2026-08-03,2026-08-03,Diabetes
3335,4849,85,5,2025-04-13,2026-01-08,Pneumonia
3336,3208,146,10,2026-01-31,2026-06-28,Hypertension
3337,173,168,3,2024-08-26,2026-03-01,Covid
3338,4374,202,15,2025-03-10,2026-01-31,Hypertension
3339,2501,46,17,2024-08-16,2025-01-22,Stroke
3340,42,61,20,2025-04-26,2025-09-08,Diabetes
3341,4857,129,12,2025-02-11,2026-03-06,Hypertension
3342,2630,237,10,2024-08-13,2024-12-06,Fracture
3343,4000,233,3,2024-11-23,2025-09-07,Migraine
3344,2730,2,14,2026-05-03,2026-05-24,Cancer
3345,541,36,7,2025-06-09,2025-06-21,Pneumonia
3346,314,65,15,2026-03-23,2026-04-09,Cancer
3347,1755,137,4,2025-06-13,2025-10-07,Diabetes
3348,4433,16,4,2025-12-28,2025-12-30,Kidney Stones
3349,4255,220,3,2026-03-20,2026-05-26,Cancer
3350,69,143,15,2025-09-02,2025-10-31,Cancer
3351,1748,87,14,2024-10-16,2024-12-27,Cancer
3352,3149,114,10,2024-09-15,2025-10-20,Fracture
3353,3856,105,17,2026-03-03,2026-03-10,Pneumonia
3354,356,21,3,2025-11-21,2026-07-09,Asthma
3355,4198,157,19,2025-10-30,2025-11-25,Diabetes
3356,48,156,9,2025-05-04,2025-06-13,Stroke
3357,2359,62,7,2024-10-19,2024-10-28,Hypertension
3358,1041,72,14,2026-06-15,2026-06-20,Pneumonia
3359,4312,141,19,2025-11-14,2026-04-15,Fracture
3360,40,118,8,2024-09-14,2026-07-08,Fracture
3361,3749,29,18,2024-08-28,2025-08-16,Diabetes
3362,2119,24,9,2026-03-04,2026-07-08,Covid
3363,3767,104,10,2025-08-08,2025-11-22,Stroke
3364,310,185,1,2025-10-26,2026-07-08,Pneumonia
3365,3291,117,20,2025-01-06,2025-09-21,Asthma
3366,1992,169,3,2025-07-01,2026-06-19,Kidney Stones
3367,4146,142,20,2025-08-04,2026-03-04,Hypertension
3368,4515,205,14,2025-02-09,2026-03-19,Fracture
3369,675,60,9,2025-11-30,2026-06-11,Migraine
3370,2253,24,4,2026-04-20,2026-06-30,Asthma
3371,3504,65,17,2024-11-17,2025-02-28,Cancer
3372,3033,168,19,2025-05-02,2025-08-26,Covid
3373,1982,185,1,2025-11-28,2026-03-25,Asthma
3374,4734,135,11,2025-11-17,2026-05-27,Fracture
3375,1159,188,17,2025-01-17,2025-02-24,Pneumonia
3376,1294,233,12,2025-01-30,2026-02-06,Kidney Stones
3377,3351,108,8,2026-07-06,2026-08-04,Pneumonia
3378,3156,23,5,2024-10-20,2025-07-13,Pneumonia
3379,2371,34,17,2026-01-08,2026-04-26,Stroke
3380,1552,225,13,2024-09-25,2025-06-16,Covid
3381,4676,170,8,2026-07-17,2026-08-17,Fracture
3382,4047,100,10,2024-11-28,2026-06-08,Migraine
3383,467,99,17,2024-12-08,2025-07-22,Diabetes
3384,2566,115,19,2025-09-19,2026-03-24,Cancer
3385,3674,81,6,2024-08-30,2025-02-26,Covid
3386,1012,23,13,2025-09-13,2026-03-01,Hypertension
3387,264,167,6,2024-11-17,2025-02-01,Hypertension
3388,159,191,2,2025-01-19,2025-11-07,Hypertension
3389,2242,249,11,2024-11-04,2026-07-15,Covid
3390,4407,242,18,2025-11-15,2026-05-29,Kidney Stones
3391,1184,15,17,2025-10-10,2026-04-21,Kidney Stones
3392,3886,241,4,2025-06-25,2026-08-12,Asthma
3393,1383,194,19,2026-01-29,2026-07-30,Asthma
3394,1928,224,2,2025-12-05,2026-02-10,Migraine
3395,4362,15,19,2026-05-30,2026-07-17,Hypertension
3396,3864,67,12,2026-02-09,2026-05-26,Diabetes
3397,4959,161,9,2026-06-11,2026-07-02,Covid
3398,4325,226,18,2026-05-02,2026-05-22,Kidney Stones
3399,1489,187,6,2025-11-24,2025-12-21,Pneumonia
3400,4434,196,12,2025-06-16,2026-08-14,Hypertension
3401,4116,13,19,2025-10-20,2026-07-27,Migraine
3402,2583,219,2,2026-04-29,2026-07-19,Covid
3403,3003,116,1,2025-04-07,2025-11-15,Hypertension
3404,1312,188,3,2024-12-08,2025-03-19,Pneumonia
3405,27,199,15,2025-05-03,2025-12-21,Covid
3406,2188,202,17,2026-05-19,2026-08-07,Cancer
3407,1356,48,8,2024-12-11,2025-06-07,Diabetes
3408,2522,84,1,2025-12-25,2026-01-31,Hypertension
3409,3277,230,6,2026-07-20,2026-08-10,Stroke
3410,2677,246,5,2025-05-17,2025-11-27,Covid
3411,2905,22,11,2025-10-27,2026-05-28,Migraine
3412,3196,125,18,2024-10-10,2026-05-23,Fracture
3413,1592,58,6,2026-04-20,2026-05-23,Pneumonia
3414,89,128,6,2026-06-21,2026-07-25,Stroke
3415,2370,250,1,2026-03-17,2026-05-14,Stroke
3416,1013,119,10,2026-07-06,2026-08-17,Asthma
3417,1258,172,12,2025-11-17,2025-12-22,Diabetes
3418,1788,75,10,2026-05-01,2026-07-13,Pneumonia
3419,3661,171,17,2026-06-11,2026-08-11,Migraine
3420,3801,235,3,2025-06-08,2026-06-26,Pneumonia
3421,2802,144,3,2026-02-15,2026-08-14,Kidney Stones
3422,4110,195,20,2025-06-02,2026-08-15,Fracture
3423,28,126,8,2025-09-10,2026-06-03,Migraine
3424,2689,146,16,2026-04-03,2026-05-21,Cancer
3425,639,134,7,2025-06-08,2026-05-15,Migraine
3426,4248,85,13,2026-03-17,2026-06-24,Diabetes
3427,1132,132,2,2026-03-28,2026-08-06,Kidney Stones
3428,4738,43,3,2025-02-14,2026-02-09,Hypertension
3429,2548,79,12,2026-02-25,2026-05-07,Kidney Stones
3430,249,194,1,2025-03-03,2025-10-02,Pneumonia
3431,2234,117,6,2025-05-16,2026-05-27,Diabetes
3432,4219,33,13,2026-02-13,2026-04-24,Hypertension
3433,564,131,12,2024-11-22,2026-03-04,Migraine
3434,4851,56,14,2025-08-06,2026-01-09,Covid
3435,3650,129,14,2025-03-12,2025-04-09,Hypertension
3436,4117,177,2,2026-08-06,2026-08-11,Pneumonia
3437,437,111,12,2026-02-15,2026-03-24,Hypertension
3438,1192,11,8,2025-05-23,2026-06-28,Stroke
3439,2268,190,6,2026-08-04,2026-08-04,Asthma
3440,931,141,11,2025-06-12,2026-07-19,Covid
3441,384,127,3,2026-04-18,2026-06-01,Kidney Stones
3442,3053,108,5,2024-09-11,2025-12-03,Fracture
3443,901,221,3,2026-02-19,2026-04-06,Hypertension
3444,2029,200,18,2025-01-30,2026-01-28,Pneumonia
3445,1230,175,17,2024-10-01,2025-08-04,Migraine
3446,1984,205,5,2025-08-13,2026-06-27,Stroke
3447,1410,15,15,2025-11-12,2026-06-06,Fracture
3448,2393,81,13,2025-01-21,2026-06-27,Diabetes
3449,2829,221,11,2026-05-22,2026-06-13,Migraine
3450,3418,27,6,2026-07-04,2026-07-14,Diabetes
3451,4210,170,6,2024-10-07,2026-02-01,Stroke
3452,2447,117,13,2025-09-08,2025-12-17,Asthma
3453,3550,199,6,2026-07-29,2026-08-12,Pneumonia
3454,2263,142,14,2025-04-13,2026-06-30,Fracture
3455,3918,61,11,2026-04-30,2026-06-13,Kidney Stones
3456,2594,233,2,2025-01-05,2026-06-22,Asthma
3457,21,17,6,2025-10-22,2026-04-21,Asthma
3458,1820,88,18,2024-09-13,2026-06-23,Stroke
3459,4342,8,4,2024-09-01,2026-07-02,Stroke
3460,4154,67,20,2025-01-21,2025-03-10,Cancer
3461,2320,154,15,2026-06-16,2026-06-28,Migraine
3462,157,84,20,2025-10-23,2026-04-11,Fracture
3463,1922,204,4,2025-08-22,2025-10-29,Migraine
3464,3010,25,3,2025-08-08,2026-07-16,Stroke
3465,1067,233,18,2025-10-31,2026-02-01,Hypertension
3466,993,198,16,2026-02-19,2026-04-09,Covid
3467,563,199,14,2026-05-23,2026-06-05,Pneumonia
3468,4733,118,9,2025-04-12,2025-04-24,Cancer
3469,1382,192,5,2026-05-19,2026-05-24,Fracture
3470,1444,237,11,2026-02-15,2026-04-05,Migraine
3471,1663,65,2,2026-06-30,2026-07-30,Diabetes
3472,304,100,7,2026-04-16,2026-05-21,Asthma
3473,769,203,2,2025-07-07,2025-12-05,Covid
3474,10,113,2,2025-12-12,2026-06-02,Asthma
3475,4474,216,12,2025-09-01,2026-01-22,Diabetes
3476,18,104,4,2026-04-03,2026-04-21,Cancer
3477,1275,52,10,2026-01-09,2026-03-17,Fracture
3478,547,53,16,2025-07-22,2026-03-20,Pneumonia
3479,414,225,20,2026-07-12,2026-07-16,Migraine
3480,2604,247,3,2026-07-20,2026-07-23,Cancer
3481,3066,227,10,2025-02-18,2025-12-08,Diabetes
3482,1794,99,7,2024-10-27,2026-04-01,Cancer
3483,257,202,18,2025-05-08,2025-05-12,Covid
3484,4318,41,10,2025-07-18,2025-12-21,Pneumonia
3485,2266,68,20,2026-03-09,2026-06-22,Covid
3486,721,119,1,2025-08-22,2026-07-24,Migraine
3487,4120,125,13,2025-09-04,2025-11-22,Asthma
3488,361,115,7,2025-09-26,2025-11-07,Migraine
3489,2355,119,16,2025-02-17,2025-09-18,Migraine
3490,3813,16,20,2025-05-07,2025-08-12,Cancer
3491,1187,111,15,2026-05-25,2026-07-25,Stroke
3492,1426,204,5,2025-12-01,2025-12-18,Diabetes
3493,3518,54,3,2026-02-08,2026-05-31,Cancer
3494,909,158,3,2025-12-25,2026-04-16,Stroke
3495,1664,175,17,2025-09-23,2026-05-02,Pneumonia
3496,4953,180,16,2025-08-27,2026-03-01,Asthma
3497,1910,36,17,2025-12-17,2026-04-15,Migraine
3498,3975,88,14,2025-12-17,2026-01-29,Covid
3499,1642,26,13,2024-09-16,2025-04-26,Kidney Stones
3500,1203,167,2,2025-04-25,2026-05-19,Covid
3501,3513,38,5,2024-11-04,2026-04-30,Fracture
3502,3013,193,19,2024-12-24,2025-05-24,Stroke
3503,3631,172,4,2026-03-12,2026-06-10,Covid
3504,2601,86,11,2026-02-22,2026-04-20,Hypertension
3505,2773,174,6,2025-09-19,2026-08-08,Hypertension
3506,133,46,14,2025-07-27,2025-10-17,Diabetes
3507,1304,225,6,2026-02-06,2026-06-30,Migraine
3508,1293,211,4,2026-01-13,2026-07-13,Asthma
3509,2552,87,5,2025-03-31,2026-03-21,Fracture
3510,3610,13,9,2026-07-03,2026-07-24,Fracture
3511,2249,38,14,2025-01-07,2025-06-17,Kidney Stones
3512,860,242,7,2026-07-12,2026-08-16,Covid
3513,638,215,14,2025-06-02,2025-08-08,Migraine
3514,4251,90,18,2025-06-16,2026-03-05,Kidney Stones
3515,653,46,13,2026-07-24,2026-08-07,Diabetes
3516,2221,191,11,2026-02-28,2026-06-15,Cancer
3517,2806,80,12,2025-06-03,2025-10-25,Diabetes
3518,4028,39,14,2025-12-11,2025-12-11,Cancer
3519,836,23,4,2025-11-19,2025-11-30,Fracture
3520,2786,226,14,2026-07-03,2026-08-12,Cancer
3521,706,199,8,2025-01-24,2026-02-20,Asthma
3522,4810,203,5,2024-11-12,2026-02-12,Hypertension
3523,4400,65,20,2025-07-31,2025-09-20,Stroke
3524,4976,147,16,2025-04-16,2025-11-21,Hypertension
3525,3781,200,5,2026-04-12,2026-04-12,Hypertension
3526,1717,101,14,2025-06-28,2026-06-12,Migraine
3527,3309,182,19,2026-07-24,2026-08-03,Asthma
3528,1220,67,7,2026-02-28,2026-05-29,Migraine
3529,1277,154,12,2025-09-16,2026-04-01,Asthma
3530,429,29,16,2025-09-11,2026-01-01,Migraine
3531,4063,64,11,2025-06-04,2026-04-30,Stroke
3532,4891,48,11,2026-05-26,2026-07-21,Diabetes
3533,3397,189,16,2024-09-01,2025-08-26,Cancer
3534,668,188,1,2025-12-29,2026-05-12,Hypertension
3535,2907,192,18,2025-08-23,2025-12-29,Pneumonia
3536,2818,102,5,2025-03-15,2026-05-04,Asthma
3537,2453,50,12,2026-03-14,2026-06-02,Covid
3538,4020,146,19,2025-06-15,2025-12-22,Kidney Stones
3539,378,72,15,2025-05-25,2025-06-11,Covid
3540,1684,169,12,2025-02-18,2025-07-22,Asthma
3541,572,130,15,2025-02-15,2025-09-29,Migraine
3542,2386,198,11,2026-03-03,2026-06-12,Fracture
3543,4383,192,20,2026-05-20,2026-05-20,Pneumonia
3544,2559,3,13,2026-05-19,2026-07-06,Stroke
3545,1052,245,3,2026-04-03,2026-04-25,Covid
3546,691,102,3,2025-04-28,2026-03-20,Covid
3547,2595,245,9,2024-09-19,2024-12-13,Cancer
3548,2443,156,9,2025-11-22,2026-07-13,Cancer
3549,3113,222,18,2025-09-15,2026-05-16,Cancer
3550,1203,212,9,2025-01-22,2025-11-08,Kidney Stones
3551,1175,244,19,2025-12-30,2026-06-10,Cancer
3552,372,80,15,2025-09-20,2026-07-21,Cancer
3553,66,193,17,2026-06-23,2026-07-03,Hypertension
3554,4480,231,20,2025-05-26,2025-09-10,Fracture
3555,822,50,8,2025-11-30,2025-12-21,Stroke
3556,1035,55,11,2025-11-28,2026-03-02,Diabetes
3557,3170,49,2,2026-06-16,2026-06-27,Diabetes
3558,1410,189,1,2025-10-08,2026-04-01,Covid
3559,2106,40,16,2025-02-15,2026-04-23,Asthma
3560,1804,224,16,2026-06-09,2026-06-24,Stroke
3561,4602,16,6,2026-04-30,2026-07-12,Covid
3562,930,225,9,2024-12-19,2025-08-15,Diabetes
3563,915,125,10,2024-08-10,2025-11-29,Migraine
3564,2601,82,8,2025-07-19,2026-07-12,Fracture
3565,3178,53,16,2026-04-03,2026-04-30,Hypertension
3566,1384,95,15,2024-09-12,2025-03-31,Diabetes
3567,2619,18,20,2025-12-05,2026-05-26,Covid
3568,4690,239,5,2026-06-27,2026-06-27,Migraine
3569,1142,171,17,2025-03-01,2026-07-20,Fracture
3570,3107,206,7,2025-06-06,2026-03-08,Cancer
3571,4552,224,13,2024-09-21,2026-06-04,Stroke
3572,3082,116,7,2025-08-01,2025-08-10,Hypertension
3573,2007,247,14,2024-12-06,2025-12-22,Fracture
3574,1601,34,13,2026-03-06,2026-06-18,Kidney Stones
3575,668,180,4,2025-03-11,2025-07-15,Covid
3576,1087,236,16,2024-11-28,2025-11-24,Kidney Stones
3577,1855,41,8,2025-11-13,2026-05-19,Covid
3578,4698,244,15,2024-09-18,2025-09-27,Diabetes
3579,4273,4,15,2025-09-07,2025-11-15,Migraine
3580,3223,38,3,2024-09-26,2024-11-02,Covid
3581,4861,8,8,2026-05-10,2026-08-11,Cancer
3582,1693,121,14,2024-10-13,2025-10-05,Migraine
3583,3846,105,20,2025-10-16,2026-07-15,Stroke
3584,3631,99,2,2026-05-06,2026-07-02,Hypertension
3585,1531,110,13,2026-06-19,2026-06-21,Stroke
3586,3874,33,14,2026-01-17,2026-05-27,Hypertension
3587,2579,39,11,2024-09-06,2026-04-11,Stroke
3588,1523,148,20,2026-06-03,2026-08-16,Cancer
3589,1046,3,17,2026-01-25,2026-03-12,Hypertension
3590,2066,218,4,2025-01-18,2025-08-07,Hypertension
3591,4520,114,2,2026-03-16,2026-07-27,Hypertension
3592,238,101,16,2026-05-22,2026-08-13,Asthma
3593,316,66,18,2025-07-30,2025-09-29,Pneumonia
3594,3485,242,11,2025-09-30,2026-01-21,Cancer
3595,2410,123,20,2024-08-29,2025-02-28,Cancer
3596,588,132,2,2025-05-06,2026-01-08,Fracture
3597,3321,206,14,2025-11-09,2026-01-01,Fracture
3598,1033,29,3,2026-07-05,2026-08-09,Covid
3599,333,236,7,2024-10-24,2025-09-07,Cancer
3600,828,238,18,2024-10-23,2026-03-30,Migraine
3601,34,153,20,2026-03-12,2026-06-27,Fracture
3602,2816,7,10,2025-01-02,2026-02-25,Migraine
3603,2820,213,11,2025-11-27,2025-11-28,Hypertension
3604,1265,101,7,2025-09-01,2026-04-10,Hypertension
3605,3383,7,19,2026-01-03,2026-07-19,Hypertension
3606,1634,132,14,2024-09-26,2025-06-28,Covid
3607,4127,10,7,2025-01-02,2025-06-02,Stroke
3608,2365,84,10,2025-07-12,2026-07-30,Asthma
3609,1926,53,12,2025-09-12,2026-04-27,Fracture
3610,604,13,16,2026-03-25,2026-04-15,Migraine
3611,3669,141,16,2025-07-30,2026-06-12,Pneumonia
3612,1224,157,17,2025-03-11,2025-08-26,Kidney Stones
3613,2873,81,13,2025-02-02,2026-01-29,Hypertension
3614,420,82,8,2026-02-02,2026-05-01,Hypertension
3615,2881,207,19,2026-06-01,2026-07-01,Stroke
3616,2060,165,14,2025-01-19,2026-02-07,Covid
3617,1481,5,3,2024-11-08,2024-12-08,Hypertension
3618,4555,81,2,2025-02-06,2026-04-05,Asthma
3619,2151,27,5,2025-11-27,2026-02-14,Hypertension
3620,4734,96,6,2025-06-17,2026-08-17,Stroke
3621,221,196,4,2024-11-13,2025-03-26,Fracture
3622,159,158,8,2024-08-24,2026-05-30,Pneumonia
3623,4692,19,2,2026-03-28,2026-07-15,Stroke
3624,3281,50,15,2025-02-11,2025-07-31,Covid
3625,824,151,13,2026-02-17,2026-07-22,Migraine
3626,1155,14,6,2026-02-22,2026-04-23,Diabetes
3627,4510,138,5,2024-11-11,2024-12-06,Diabetes
3628,2827,133,13,2026-06-01,2026-08-15,Kidney Stones
3629,4110,205,11,2024-10-06,2026-04-19,Covid
3630,3171,71,1,2025-10-23,2026-02-11,Hypertension
3631,1081,139,19,2025-10-28,2026-07-28,Asthma
3632,2514,136,16,2024-10-20,2025-06-03,Fracture
3633,2556,64,14,2026-03-24,2026-07-08,Covid
3634,286,17,8,2025-08-02,2025-10-29,Covid
3635,4673,27,4,2024-12-15,2026-03-20,Fracture
3636,3788,213,12,2025-01-03,2025-03-25,Asthma
3637,4498,56,18,2026-05-24,2026-08-06,Stroke
3638,1429,95,3,2025-11-28,2026-02-10,Stroke
3639,785,34,3,2025-01-15,2026-05-12,Covid
3640,1259,64,15,2025-12-09,2025-12-17,Asthma
3641,2418,230,2,2025-10-11,2026-03-07,Hypertension
3642,4572,175,19,2024-10-19,2026-01-30,Stroke
3643,2743,110,8,2025-01-03,2025-03-02,Fracture
3644,511,248,5,2026-07-19,2026-08-07,Fracture
3645,1730,130,10,2025-08-12,2025-10-06,Hypertension
3646,243,52,7,2024-09-05,2025-08-24,Stroke
3647,3441,45,18,2025-05-14,2026-07-06,Asthma
3648,1898,129,9,2026-04-29,2026-08-03,Cancer
3649,1296,192,19,2026-02-24,2026-07-20,Hypertension
3650,1220,228,6,2024-09-08,2026-02-20,Migraine
3651,1655,52,16,2025-08-17,2026-03-23,Stroke
3652,3174,156,14,2024-10-13,2025-07-19,Asthma
3653,4366,121,20,2025-09-18,2025-12-26,Kidney Stones
3654,4107,116,8,2025-01-14,2025-09-24,Stroke
3655,1053,47,3,2024-12-23,2025-06-07,Pneumonia
3656,665,168,14,2026-02-28,2026-06-06,Asthma
3657,274,78,9,2024-12-27,2025-10-12,Diabetes
3658,2225,181,18,2025-01-12,2025-03-18,Covid
3659,4859,1,7,2024-11-16,2025-08-19,Fracture
3660,3866,17,14,2025-03-23,2026-06-19,Stroke
3661,2715,155,3,2025-02-07,2025-07-29,Stroke
3662,2966,238,1,2024-12-23,2025-04-14,Stroke
3663,1483,62,8,2025-09-21,2025-10-17,Pneumonia
3664,1869,109,4,2024-12-13,2026-02-27,Fracture
3665,2778,183,15,2024-10-30,2025-03-17,Cancer
3666,4485,91,5,2024-12-18,2026-02-07,Pneumonia
3667,1420,9,19,2025-12-14,2026-05-13,Cancer
3668,4963,14,13,2025-06-29,2025-09-10,Covid
3669,68,65,4,2025-11-25,2025-12-09,Stroke
3670,1147,38,9,2026-01-28,2026-05-13,Stroke
3671,261,189,16,2025-05-19,2026-03-14,Asthma
3672,4250,18,18,2025-10-16,2026-08-08,Kidney Stones
3673,4561,19,3,2025-03-31,2025-06-21,Diabetes
3674,71,103,19,2025-06-01,2025-06-08,Kidney Stones
3675,2845,69,20,2025-10-17,2026-05-18,Migraine
3676,297,27,3,2026-04-23,2026-07-27,Hypertension
3677,1217,47,10,2026-03-01,2026-06-28,Diabetes
3678,1769,80,5,2025-07-24,2026-04-07,Kidney Stones
3679,2622,132,15,2024-09-15,2026-08-13,Covid
3680,801,121,7,2025-02-10,2025-10-31,Covid
3681,4173,86,1,2026-07-13,2026-07-31,Pneumonia
3682,1689,99,10,2024-10-08,2025-10-20,Stroke
3683,4958,175,14,2024-10-01,2024-12-28,Pneumonia
3684,2092,131,15,2025-02-20,2025-08-13,Covid
3685,580,229,11,2025-01-06,2026-05-09,Asthma
3686,3286,70,7,2024-10-04,2025-02-08,Fracture
3687,3309,105,18,2026-05-17,2026-08-10,Kidney Stones
3688,1418,62,6,2026-01-11,2026-03-16,Migraine
3689,1666,74,2,2025-05-01,2025-06-13,Asthma
3690,3222,12,15,2024-10-20,2025-03-27,Migraine
3691,3744,101,13,2025-05-31,2026-04-21,Asthma
3692,4259,67,2,2025-01-20,2026-05-03,Stroke
3693,1700,158,1,2025-09-04,2025-12-23,Migraine
3694,3248,150,8,2025-02-02,2026-01-17,Covid
3695,3696,163,19,2025-04-06,2025-06-22,Diabetes
3696,2887,241,17,2026-03-21,2026-05-21,Cancer
3697,3342,210,17,2026-06-09,2026-06-12,Hypertension
3698,3721,78,15,2026-01-26,2026-07-10,Asthma
3699,4920,206,11,2026-08-03,2026-08-03,Fracture
3700,4981,202,16,2025-07-20,2025-12-27,Pneumonia
3701,3033,106,18,2025-06-17,2025-12-29,Pneumonia
3702,466,204,15,2026-05-06,2026-07-01,Fracture
3703,1061,64,14,2025-08-15,2025-12-27,Cancer
3704,4086,200,2,2025-12-29,2026-07-07,Kidney Stones
3705,3333,37,17,2024-12-24,2025-12-09,Migraine
3706,1260,219,1,2026-06-19,2026-07-20,Cancer
3707,1247,128,13,2025-05-04,2025-08-19,Migraine
3708,1775,201,2,2026-05-25,2026-08-14,Fracture
3709,964,101,2,2026-07-17,2026-07-21,Diabetes
3710,1513,16,1,2025-01-01,2026-02-01,Migraine
3711,540,175,5,2024-12-03,2026-02-08,Fracture
3712,1016,142,18,2024-12-28,2025-07-03,Diabetes
3713,2129,216,4,2026-04-01,2026-08-04,Kidney Stones
3714,846,70,6,2024-12-23,2026-03-31,Migraine
3715,2636,126,17,2024-09-26,2024-12-20,Pneumonia
3716,4451,180,12,2025-05-14,2025-11-15,Cancer
3717,3100,101,19,2025-08-17,2025-12-18,Asthma
3718,3732,28,13,2026-01-20,2026-07-22,Hypertension
3719,3918,60,17,2026-04-29,2026-08-14,Stroke
3720,4018,75,14,2024-10-31,2025-01-30,Stroke
3721,4501,178,14,2026-06-01,2026-06-03,Pneumonia
3722,4497,54,10,2025-07-09,2026-01-27,Fracture
3723,1176,216,13,2025-06-24,2025-07-08,Stroke
3724,2881,67,8,2025-08-19,2026-07-20,Stroke
3725,707,172,11,2025-01-12,2026-01-26,Diabetes
3726,120,163,15,2025-01-01,2025-08-20,Stroke
3727,2291,93,18,2025-04-20,2026-02-25,Hypertension
3728,2817,78,18,2025-03-28,2026-08-05,Diabetes
3729,1958,223,13,2025-07-29,2025-11-12,Kidney Stones
3730,31,225,19,2025-08-15,2026-05-08,Covid
3731,4351,195,4,2025-05-20,2026-04-30,Diabetes
3732,834,200,7,2026-04-10,2026-06-11,Kidney Stones
3733,833,68,10,2025-03-04,2026-01-19,Pneumonia
3734,3081,146,13,2024-10-13,2025-01-30,Pneumonia
3735,4681,157,1,2025-01-13,2026-07-03,Covid
3736,1203,49,3,2026-05-01,2026-06-30,Pneumonia
3737,2209,197,20,2025-04-25,2025-07-21,Kidney Stones
3738,3536,229,13,2025-11-11,2026-02-24,Stroke
3739,2599,104,6,2025-02-21,2025-09-17,Covid
3740,1149,77,19,2026-05-24,2026-06-09,Hypertension
3741,2664,24,12,2024-12-18,2026-03-09,Migraine
3742,1687,1,2,2024-08-08,2025-03-01,Fracture
3743,204,121,16,2025-02-07,2025-08-25,Migraine
3744,2498,234,11,2025-01-09,2025-12-18,Kidney Stones
3745,2818,25,5,2026-05-12,2026-07-02,Stroke
3746,1084,66,15,2026-01-19,2026-08-10,Cancer
3747,1991,245,15,2024-08-15,2025-07-18,Stroke
3748,3906,148,4,2025-05-03,2025-06-09,Fracture
3749,4322,92,8,2025-06-28,2026-04-20,Stroke
3750,3387,190,15,2024-10-19,2026-07-07,Asthma
3751,2017,248,5,2025-12-28,2026-05-30,Migraine
3752,4989,5,2,2025-06-19,2026-07-05,Fracture
3753,4131,77,7,2025-04-27,2025-06-21,Pneumonia
3754,1702,66,5,2026-01-18,2026-05-01,Diabetes
3755,850,89,16,2024-08-23,2025-08-08,Pneumonia
3756,532,47,20,2024-11-02,2024-12-28,Diabetes
3757,484,213,4,2025-05-17,2025-07-20,Stroke
3758,4081,70,11,2025-01-23,2025-02-03,Pneumonia
3759,4613,173,15,2026-05-30,2026-07-30,Migraine
3760,44,114,1,2025-10-25,2026-06-06,Fracture
3761,4621,48,17,2024-12-09,2025-01-12,Pneumonia
3762,4813,136,10,2025-09-12,2026-01-16,Stroke
3763,3392,72,17,2024-08-22,2026-02-14,Stroke
3764,498,19,14,2024-10-14,2025-11-20,Stroke
3765,598,131,12,2026-07-21,2026-07-24,Pneumonia
3766,419,116,16,2024-10-10,2025-11-04,Fracture
3767,3038,138,17,2025-11-06,2026-01-16,Fracture
3768,337,52,4,2025-07-28,2026-08-09,Pneumonia
3769,4802,215,4,2025-11-26,2026-08-17,Migraine
3770,2567,51,8,2025-02-14,2025-07-28,Asthma
3771,3881,57,12,2025-06-03,2025-06-18,Cancer
3772,4140,85,2,2024-10-20,2025-10-01,Stroke
3773,2344,70,10,2026-04-10,2026-06-13,Diabetes
3774,4390,234,3,2024-11-24,2026-03-31,Asthma
3775,541,130,9,2026-06-06,2026-08-09,Stroke
3776,2366,248,18,2025-06-06,2025-11-14,Fracture
3777,2417,146,14,2025-06-17,2026-03-23,Cancer
3778,4566,243,20,2026-03-18,2026-04-02,Asthma
3779,4880,42,8,2025-07-26,2025-09-10,Stroke
3780,1523,233,8,2025-09-28,2026-07-05,Cancer
3781,3732,84,18,2026-05-25,2026-07-13,Stroke
3782,2429,158,20,2025-09-03,2025-10-23,Kidney Stones
3783,1476,103,9,2026-05-04,2026-05-07,Fracture
3784,1925,49,4,2025-06-04,2026-07-09,Stroke
3785,2196,214,15,2025-09-13,2026-01-18,Diabetes
3786,1440,155,15,2026-05-09,2026-07-27,Cancer
3787,2275,148,12,2024-09-15,2025-09-26,Migraine
3788,3801,54,4,2026-07-21,2026-08-09,Fracture
3789,1965,233,3,2026-03-11,2026-04-09,Stroke
3790,3663,234,1,2025-05-10,2025-08-06,Cancer
3791,2488,84,2,2025-07-14,2026-04-27,Covid
3792,3457,161,3,2025-04-11,2026-08-12,Fracture
3793,2309,206,11,2025-12-24,2026-06-16,Cancer
3794,4807,154,13,2025-01-20,2025-10-28,Fracture
3795,3723,223,16,2026-04-13,2026-08-10,Fracture
3796,3846,42,13,2025-10-28,2026-01-21,Pneumonia
3797,3469,9,1,2025-04-07,2026-02-16,Hypertension
3798,41,118,20,2026-04-30,2026-07-01,Fracture
3799,3678,24,4,2025-01-12,2026-02-08,Kidney Stones
3800,4814,115,3,2025-02-19,2026-03-02,Hypertension
3801,4221,239,3,2026-06-20,2026-07-02,Fracture
3802,3754,177,11,2025-06-25,2025-12-23,Fracture
3803,1711,107,1,2025-05-16,2025-10-23,Fracture
3804,1594,24,1,2025-03-19,2026-02-26,Cancer
3805,3462,29,9,2026-02-25,2026-04-09,Hypertension
3806,1389,140,9,2025-11-30,2026-03-06,Migraine
3807,707,38,5,2025-12-16,2026-04-10,Migraine
3808,4218,176,4,2026-02-05,2026-03-26,Fracture
3809,4113,179,4,2026-02-10,2026-06-12,Fracture
3810,3035,245,16,2026-07-23,2026-07-28,Pneumonia
3811,2986,111,20,2025-09-24,2026-02-20,Diabetes
3812,1666,40,12,2025-08-17,2026-01-01,Asthma
3813,946,106,4,2025-10-27,2026-07-06,Cancer
3814,4545,48,3,2025-11-24,2025-12-10,Pneumonia
3815,818,132,1,2025-03-16,2025-06-26,Hypertension
3816,2955,249,6,2024-12-24,2026-04-09,Cancer
3817,1341,131,11,2026-03-14,2026-08-04,Asthma
3818,819,44,16,2025-07-02,2026-07-13,Stroke
3819,4900,72,14,2025-04-05,2026-01-10,Stroke
3820,1092,189,2,2026-04-24,2026-06-14,Kidney Stones
3821,2115,104,9,2025-02-14,2026-07-12,Stroke
3822,4662,175,11,2026-04-17,2026-05-30,Fracture
3823,3120,125,15,2026-08-07,2026-08-09,Asthma
3824,1155,72,1,2025-01-25,2026-06-13,Fracture
3825,2968,10,19,2026-04-30,2026-07-13,Stroke
3826,1211,92,10,2024-09-26,2024-10-29,Fracture
3827,3188,53,16,2025-06-06,2026-06-02,Stroke
3828,4540,75,11,2026-05-06,2026-06-28,Diabetes
3829,657,38,1,2025-05-10,2025-08-09,Hypertension
3830,3178,241,5,2026-03-01,2026-07-26,Asthma
3831,1589,141,12,2026-02-25,2026-05-25,Covid
3832,1637,220,19,2025-03-12,2026-07-17,Fracture
3833,2962,156,5,2026-05-30,2026-07-03,Cancer
3834,3450,149,1,2026-04-15,2026-07-25,Migraine
3835,2666,159,6,2025-09-04,2026-02-01,Hypertension
3836,4297,88,1,2025-08-26,2026-02-21,Migraine
3837,3365,60,18,2026-03-12,2026-08-10,Migraine
3838,797,137,17,2025-02-27,2026-06-18,Fracture
3839,4753,138,19,2025-12-22,2026-04-22,Cancer
3840,3833,5,12,2025-05-25,2026-01-07,Hypertension
3841,1421,35,16,2025-11-10,2026-07-06,Fracture
3842,3790,241,4,2025-05-15,2025-08-25,Pneumonia
3843,2734,76,3,2026-05-17,2026-05-29,Kidney Stones
3844,2151,207,18,2025-05-16,2026-07-03,Asthma
3845,2712,191,10,2026-01-26,2026-06-01,Kidney Stones
3846,4796,195,6,2025-03-03,2025-10-02,Fracture
3847,4543,112,17,2025-06-09,2026-04-23,Asthma
3848,1687,45,18,2025-04-19,2025-05-01,Covid
3849,1348,146,7,2024-12-05,2025-05-05,Diabetes
3850,669,63,11,2025-10-06,2025-11-25,Hypertension
3851,4357,52,18,2024-10-16,2026-03-29,Covid
3852,185,163,8,2024-08-14,2025-01-03,Asthma
3853,3512,166,14,2025-07-24,2026-06-17,Diabetes
3854,4540,92,6,2026-04-27,2026-07-04,Covid
3855,1814,169,11,2025-02-27,2025-08-15,Diabetes
3856,3778,179,13,2025-06-16,2026-01-12,Covid
3857,2577,224,13,2024-10-01,2026-06-19,Fracture
3858,3691,2,2,2025-06-13,2025-11-11,Hypertension
3859,925,16,20,2024-09-23,2026-04-01,Pneumonia
3860,870,130,11,2025-12-05,2026-06-20,Hypertension
3861,1011,133,2,2025-10-11,2026-08-13,Hypertension
3862,4225,46,13,2025-12-27,2026-06-17,Fracture
3863,2940,218,13,2025-03-12,2026-04-10,Fracture
3864,4107,59,10,2025-05-18,2025-11-10,Asthma
3865,577,167,15,2025-01-27,2025-07-05,Cancer
3866,1446,217,5,2025-09-15,2026-01-01,Pneumonia
3867,3793,120,2,2025-11-26,2026-05-17,Pneumonia
3868,628,244,15,2026-07-17,2026-07-23,Hypertension
3869,2457,141,9,2026-07-09,2026-08-17,Hypertension
3870,4029,42,19,2024-08-08,2025-02-09,Fracture
3871,1879,106,15,2026-04-14,2026-04-26,Kidney Stones
3872,2533,70,9,2025-07-17,2025-08-17,Pneumonia
3873,2389,21,16,2025-07-10,2026-08-05,Hypertension
3874,2837,107,14,2024-10-19,2025-04-13,Cancer
3875,2356,118,8,2025-06-26,2026-07-04,Kidney Stones
3876,1826,98,7,2026-03-28,2026-06-20,Hypertension
3877,771,242,16,2025-07-14,2025-08-22,Hypertension
3878,3775,152,3,2025-07-24,2025-12-08,Diabetes
3879,4460,23,1,2026-06-21,2026-07-17,Fracture
3880,2674,71,8,2026-07-04,2026-08-16,Cancer
3881,346,94,6,2026-01-04,2026-03-12,Pneumonia
3882,3037,37,18,2026-02-21,2026-07-10,Stroke
3883,2516,2,13,2025-05-29,2025-10-24,Fracture
3884,2848,68,3,2026-05-28,2026-06-13,Cancer
3885,2720,78,18,2025-04-01,2025-06-25,Asthma
3886,1396,157,16,2025-04-20,2025-06-06,Covid
3887,4323,4,4,2026-03-05,2026-03-25,Migraine
3888,2426,52,13,2026-02-23,2026-08-05,Fracture
3889,18,202,18,2026-02-02,2026-05-22,Kidney Stones
3890,1293,198,17,2025-12-03,2026-06-15,Diabetes
3891,3745,108,6,2026-05-14,2026-07-20,Kidney Stones
3892,2972,120,7,2026-02-13,2026-02-13,Diabetes
3893,1278,59,18,2025-06-21,2026-03-09,Covid
3894,4201,59,17,2025-01-29,2025-04-22,Hypertension
3895,2430,133,10,2024-09-02,2025-09-01,Stroke
3896,1432,214,18,2026-02-27,2026-07-11,Diabetes
3897,3196,44,19,2025-06-25,2026-04-28,Diabetes
3898,3799,34,5,2025-04-27,2025-11-20,Pneumonia
3899,1224,39,13,2025-08-28,2026-04-22,Asthma
3900,313,192,9,2024-09-08,2024-10-26,Fracture
3901,4422,80,3,2025-11-11,2026-01-08,Fracture
3902,1915,135,4,2025-01-09,2025-11-30,Asthma
3903,3416,117,19,2024-12-26,2025-07-07,Hypertension
3904,4938,83,15,2026-03-07,2026-05-13,Pneumonia
3905,2807,159,16,2024-08-10,2026-02-08,Hypertension
3906,4706,172,11,2025-06-04,2025-07-30,Cancer
3907,2913,24,5,2025-06-08,2026-08-16,Kidney Stones
3908,555,24,14,2025-01-09,2025-03-22,Kidney Stones
3909,2062,39,7,2025-02-01,2025-06-07,Covid
3910,2974,153,20,2025-07-15,2025-11-19,Kidney Stones
3911,2701,232,16,2025-05-15,2025-05-27,Cancer
3912,4694,119,7,2025-05-19,2025-09-03,Diabetes
3913,1098,163,17,2025-01-23,2026-05-18,Diabetes
3914,4718,69,10,2025-12-15,2026-07-08,Covid
3915,553,50,2,2024-12-27,2026-05-04,Pneumonia
3916,2692,136,5,2025-03-23,2025-04-05,Kidney Stones
3917,4591,175,13,2026-01-15,2026-04-07,Stroke
3918,254,88,12,2025-06-06,2025-07-01,Diabetes
3919,3409,6,2,2025-07-26,2026-08-14,Covid
3920,864,213,13,2025-09-20,2026-07-27,Fracture
3921,1555,234,7,2026-03-21,2026-08-03,Migraine
3922,41,247,15,2026-05-28,2026-06-07,Hypertension
3923,4257,232,3,2026-05-22,2026-06-03,Hypertension
3924,1491,228,9,2026-06-21,2026-08-02,Fracture
3925,2447,116,9,2025-10-19,2025-11-24,Asthma
3926,3428,130,11,2026-05-07,2026-06-27,Asthma
3927,3894,69,1,2026-07-18,2026-08-07,Cancer
3928,237,72,3,2024-09-12,2025-04-13,Cancer
3929,866,106,7,2025-03-06,2026-07-30,Fracture
3930,1068,113,1,2024-12-11,2025-07-12,Cancer
3931,197,209,13,2025-02-15,2025-10-31,Kidney Stones
3932,887,112,9,2025-06-02,2025-06-28,Cancer
3933,55,98,12,2025-02-13,2025-12-05,Cancer
3934,2787,110,14,2025-04-23,2025-12-20,Cancer
3935,4839,129,7,2026-06-13,2026-07-06,Asthma
3936,3326,234,15,2025-06-10,2026-03-30,Diabetes
3937,621,29,20,2025-04-04,2025-11-28,Asthma
3938,4213,72,1,2025-05-23,2026-02-24,Fracture
3939,3142,203,13,2026-02-21,2026-04-19,Hypertension
3940,4133,74,5,2025-05-18,2025-10-05,Stroke
3941,3275,144,9,2025-01-06,2026-02-13,Stroke
3942,3516,97,6,2025-07-18,2025-11-03,Stroke
3943,2553,81,16,2025-08-16,2025-11-19,Asthma
3944,230,32,18,2026-02-26,2026-08-03,Pneumonia
3945,2294,8,4,2025-07-23,2025-08-07,Stroke
3946,1138,83,19,2024-10-22,2025-04-18,Covid
3947,3291,160,6,2025-03-29,2026-07-22,Stroke
3948,4507,164,4,2024-10-02,2026-08-12,Diabetes
3949,3883,116,12,2025-02-28,2026-01-17,Diabetes
3950,4305,28,10,2025-08-20,2026-02-17,Fracture
3951,1425,68,13,2024-11-26,2026-07-15,Hypertension
3952,1899,194,10,2025-08-26,2026-07-24,Fracture
3953,4655,90,18,2025-10-25,2026-06-04,Asthma
3954,980,7,7,2025-08-26,2026-05-21,Kidney Stones
3955,168,91,20,2026-04-03,2026-05-27,Asthma
3956,4878,66,1,2026-01-11,2026-03-18,Covid
3957,2554,108,13,2024-08-31,2025-08-20,Diabetes
3958,409,153,20,2026-03-02,2026-08-04,Asthma
3959,330,45,16,2024-09-13,2026-06-18,Cancer
3960,1019,94,8,2026-06-16,2026-07-22,Diabetes
3961,3864,2,5,2024-11-12,2026-04-12,Fracture
3962,213,101,13,2024-12-01,2025-11-10,Covid
3963,2226,165,6,2026-04-09,2026-07-09,Fracture
3964,1214,39,14,2025-08-28,2026-07-07,Diabetes
3965,4144,186,6,2025-06-30,2025-09-13,Kidney Stones
3966,1900,173,8,2026-02-07,2026-02-07,Migraine
3967,3762,202,8,2026-05-05,2026-06-14,Hypertension
3968,3961,127,4,2025-03-24,2026-03-14,Asthma
3969,550,186,10,2025-07-25,2026-03-09,Stroke
3970,1049,29,4,2026-06-09,2026-08-07,Kidney Stones
3971,1999,197,2,2025-11-27,2026-01-04,Asthma
3972,3032,165,8,2026-06-06,2026-07-06,Diabetes
3973,218,20,6,2024-09-20,2025-10-14,Pneumonia
3974,754,23,4,2026-04-24,2026-05-03,Stroke
3975,1207,23,1,2025-06-07,2026-03-21,Diabetes
3976,3747,109,2,2025-01-18,2026-01-06,Covid
3977,3870,14,5,2025-03-12,2025-07-27,Cancer
3978,2447,149,19,2026-01-26,2026-07-18,Asthma
3979,3875,141,6,2025-11-11,2026-06-07,Pneumonia
3980,2730,23,12,2026-06-14,2026-07-20,Kidney Stones
3981,4433,145,18,2025-07-25,2026-06-17,Cancer
3982,3319,136,19,2026-02-11,2026-03-24,Migraine
3983,1929,69,4,2025-01-05,2025-03-19,Kidney Stones
3984,1557,243,19,2026-05-06,2026-06-24,Kidney Stones
3985,2080,40,13,2025-01-20,2025-04-25,Covid
3986,4991,249,16,2025-03-24,2025-05-23,Stroke
3987,2043,239,3,2026-03-26,2026-06-28,Hypertension
3988,2533,214,3,2026-06-06,2026-06-28,Pneumonia
3989,2628,159,18,2025-03-19,2025-04-07,Hypertension
3990,3460,46,7,2024-10-11,2025-05-29,Covid
3991,2577,242,2,2025-08-18,2026-02-22,Covid
3992,3274,196,17,2025-11-30,2026-01-15,Asthma
3993,3996,118,11,2026-03-28,2026-06-12,Pneumonia
3994,3332,204,17,2025-07-04,2025-12-01,Asthma
3995,2596,204,9,2025-09-29,2025-11-02,Cancer
3996,4112,56,20,2025-06-18,2026-03-12,Fracture
3997,4396,46,17,2025-07-17,2026-08-03,Fracture
3998,120,106,13,2026-06-28,2026-08-01,Pneumonia
3999,4717,62,2,2026-01-05,2026-08-13,Fracture
4000,3500,108,13,2026-03-18,2026-05-13,Pneumonia
4001,4473,242,17,2026-04-10,2026-05-28,Fracture
4002,2765,79,6,2025-01-05,2026-03-20,Pneumonia
4003,807,119,4,2025-12-29,2026-05-09,Diabetes
4004,391,131,15,2026-06-07,2026-07-12,Stroke
4005,2097,80,11,2025-05-11,2025-10-26,Covid
4006,4280,108,20,2025-03-22,2025-07-13,Migraine
4007,2099,103,3,2026-07-12,2026-08-07,Cancer
4008,2701,130,3,2025-12-20,2026-06-16,Asthma
4009,3545,39,4,2025-03-09,2026-08-05,Diabetes
4010,3964,40,7,2024-08-24,2025-12-08,Cancer
4011,215,103,13,2025-05-30,2026-07-10,Migraine
4012,4435,157,20,2025-04-21,2025-11-01,Hypertension
4013,3755,198,19,2026-07-04,2026-07-06,Kidney Stones
4014,1203,44,15,2025-02-16,2026-08-01,Cancer
4015,1777,218,15,2025-11-20,2025-12-29,Pneumonia
4016,2254,186,10,2025-11-06,2026-05-17,Fracture
4017,2240,73,17,2026-04-30,2026-06-02,Stroke
4018,1118,133,16,2026-03-13,2026-05-16,Fracture
4019,414,187,9,2024-10-18,2026-07-17,Fracture
4020,1691,223,1,2024-09-28,2024-12-08,Asthma
4021,28,145,2,2025-03-25,2025-09-15,Asthma
4022,4947,75,12,2024-11-04,2025-05-07,Covid
4023,4877,9,1,2026-08-06,2026-08-15,Kidney Stones
4024,3220,4,16,2026-02-25,2026-07-03,Hypertension
4025,1150,72,17,2026-02-24,2026-06-30,Stroke
4026,3494,76,17,2025-07-17,2025-07-29,Cancer
4027,2828,81,8,2026-02-27,2026-04-06,Diabetes
4028,3545,31,2,2026-03-05,2026-03-24,Hypertension
4029,4956,133,6,2024-12-01,2025-07-27,Migraine
4030,4386,105,5,2025-02-05,2026-07-13,Covid
4031,2666,236,16,2024-10-02,2025-10-25,Fracture
4032,876,52,7,2025-02-14,2026-07-14,Diabetes
4033,2766,26,20,2025-11-15,2026-03-04,Stroke
4034,4500,204,2,2025-08-17,2026-01-21,Cancer
4035,2701,66,8,2025-07-05,2026-05-01,Diabetes
4036,3171,74,9,2025-06-08,2026-01-07,Kidney Stones
4037,3861,217,14,2025-12-05,2026-06-24,Asthma
4038,3528,130,3,2025-11-14,2026-05-12,Diabetes
4039,2459,223,1,2025-12-21,2026-02-16,Asthma
4040,284,141,19,2025-12-31,2026-03-05,Kidney Stones
4041,2282,246,4,2025-07-20,2026-01-17,Covid
4042,4018,13,6,2025-12-19,2026-02-22,Cancer
4043,1388,237,20,2026-01-22,2026-08-08,Covid
4044,3862,150,4,2026-05-03,2026-05-10,Diabetes
4045,1297,169,17,2025-12-06,2026-07-17,Kidney Stones
4046,4344,170,9,2025-11-13,2026-03-17,Migraine
4047,1281,230,19,2024-12-20,2024-12-27,Migraine
4048,4254,45,18,2025-11-20,2026-03-07,Fracture
4049,3536,211,13,2026-07-02,2026-07-03,Kidney Stones
4050,2053,245,9,2025-07-29,2026-02-07,Kidney Stones
4051,1625,68,14,2025-07-12,2026-07-13,Asthma
4052,1259,119,10,2024-10-04,2026-02-07,Fracture
4053,3861,43,4,2024-12-13,2026-02-01,Stroke
4054,4768,17,14,2026-02-26,2026-03-07,Diabetes
4055,532,248,15,2024-10-30,2026-07-25,Kidney Stones
4056,3108,181,12,2025-05-28,2025-08-23,Stroke
4057,2053,12,6,2025-09-24,2026-06-11,Migraine
4058,382,87,4,2025-06-25,2025-10-08,Asthma
4059,283,35,2,2024-09-23,2025-08-11,Migraine
4060,496,59,9,2025-09-19,2025-12-10,Stroke
4061,1591,151,14,2026-01-07,2026-07-01,Hypertension
4062,4264,6,11,2025-10-10,2026-07-03,Asthma
4063,4782,78,15,2026-06-28,2026-07-10,Covid
4064,2520,131,14,2024-09-29,2025-07-16,Cancer
4065,4912,26,1,2026-02-01,2026-07-28,Diabetes
4066,2719,165,8,2026-02-08,2026-02-13,Pneumonia
4067,2176,74,18,2025-06-28,2025-07-22,Diabetes
4068,1654,156,7,2024-10-16,2024-12-09,Fracture
4069,4128,42,3,2025-10-15,2026-05-15,Kidney Stones
4070,1050,212,12,2026-04-03,2026-05-17,Diabetes
4071,2990,231,13,2024-12-30,2025-01-18,Covid
4072,2162,226,8,2025-05-18,2025-07-18,Pneumonia
4073,478,93,2,2025-01-23,2025-11-09,Asthma
4074,4560,85,1,2025-11-28,2026-02-03,Hypertension
4075,242,69,10,2024-11-06,2026-06-06,Pneumonia
4076,2031,215,9,2025-07-03,2025-10-29,Diabetes
4077,3496,158,14,2025-04-25,2026-05-25,Stroke
4078,2178,158,5,2026-07-01,2026-08-13,Covid
4079,4567,185,12,2025-02-25,2026-01-23,Hypertension
4080,570,69,4,2024-12-21,2025-03-26,Covid
4081,2556,170,1,2025-06-13,2025-08-10,Covid
4082,4243,41,18,2025-03-04,2025-08-22,Stroke
4083,878,5,2,2025-02-11,2025-08-16,Asthma
4084,1317,165,7,2025-01-19,2025-12-24,Migraine
4085,540,132,12,2025-12-22,2026-04-04,Asthma
4086,2319,248,3,2025-07-02,2026-01-10,Fracture
4087,672,180,10,2024-08-18,2025-11-07,Migraine
4088,1895,210,18,2026-06-20,2026-07-12,Migraine
4089,3784,58,16,2024-12-08,2024-12-08,Migraine
4090,1060,100,9,2026-04-28,2026-07-24,Cancer
4091,3765,110,18,2024-08-18,2025-03-04,Migraine
4092,2196,2,13,2026-07-16,2026-08-12,Pneumonia
4093,729,204,4,2025-07-27,2025-12-10,Cancer
4094,3359,123,11,2026-08-07,2026-08-08,Hypertension
4095,33,161,12,2024-10-27,2025-10-14,Hypertension
4096,2658,213,17,2024-09-21,2026-06-21,Diabetes
4097,386,168,13,2026-01-16,2026-04-15,Hypertension
4098,1887,142,4,2026-02-03,2026-02-20,Hypertension
4099,3384,94,7,2025-12-03,2026-04-24,Kidney Stones
4100,3940,243,15,2026-02-11,2026-03-18,Pneumonia
4101,801,233,2,2025-01-09,2025-12-25,Cancer
4102,4987,95,4,2024-10-28,2025-08-24,Diabetes
4103,1949,114,1,2025-03-06,2025-09-04,Pneumonia
4104,4057,118,7,2025-03-25,2025-11-21,Covid
4105,3291,37,20,2025-07-10,2026-05-23,Pneumonia
4106,3680,7,5,2024-09-29,2024-11-03,Asthma
4107,1698,91,15,2025-12-28,2026-08-05,Diabetes
4108,1917,243,19,2025-11-01,2026-05-01,Pneumonia
4109,4348,25,13,2025-12-09,2026-02-08,Kidney Stones
4110,3399,217,5,2025-06-11,2026-02-01,Hypertension
4111,2359,233,17,2026-01-18,2026-03-28,Migraine
4112,136,131,2,2025-10-31,2026-01-30,Migraine
4113,1748,174,18,2026-02-12,2026-04-14,Hypertension
4114,4686,33,13,2025-07-16,2026-02-13,Asthma
4115,2928,41,12,2024-11-15,2025-09-07,Hypertension
4116,1605,25,16,2026-07-06,2026-08-01,Diabetes
4117,2165,62,16,2025-11-11,2026-05-31,Stroke
4118,4867,247,19,2024-10-14,2026-03-06,Cancer
4119,3871,80,20,2025-03-19,2025-07-20,Migraine
4120,4380,15,1,2024-11-06,2026-07-20,Covid
4121,4918,8,19,2026-05-06,2026-05-11,Migraine
4122,3632,117,14,2025-04-18,2025-07-02,Pneumonia
4123,784,100,4,2026-06-14,2026-07-21,Covid
4124,2251,148,4,2026-04-05,2026-07-30,Hypertension
4125,1004,229,8,2025-02-23,2025-08-26,Diabetes
4126,3612,123,18,2024-11-30,2025-02-03,Hypertension
4127,4180,150,14,2026-05-08,2026-06-21,Kidney Stones
4128,4162,163,19,2025-03-24,2025-06-15,Diabetes
4129,2508,165,14,2024-11-20,2025-05-01,Migraine
4130,161,233,19,2025-06-18,2025-10-12,Asthma
4131,4714,203,20,2024-12-18,2025-09-03,Stroke
4132,978,54,14,2025-12-18,2026-02-02,Kidney Stones
4133,3737,56,4,2026-02-03,2026-02-07,Diabetes
4134,1813,2,11,2025-06-05,2026-05-22,Stroke
4135,4104,130,3,2026-04-24,2026-07-16,Stroke
4136,3842,29,4,2024-08-22,2024-09-04,Diabetes
4137,2287,43,2,2025-08-23,2025-11-10,Fracture
4138,2801,117,18,2025-03-12,2026-01-04,Fracture
4139,111,231,7,2025-08-03,2026-02-01,Migraine
4140,3506,73,11,2026-01-03,2026-05-29,Fracture
4141,2338,32,12,2026-06-01,2026-07-30,Kidney Stones
4142,1440,211,5,2025-10-03,2026-01-03,Diabetes
4143,4333,165,10,2025-06-12,2026-05-20,Pneumonia
4144,2926,56,12,2025-07-18,2026-01-18,Fracture
4145,1506,183,11,2025-12-29,2026-04-04,Fracture
4146,1928,133,3,2026-04-29,2026-05-29,Kidney Stones
4147,2897,62,11,2025-07-24,2026-08-01,Stroke
4148,4552,227,16,2025-04-19,2026-08-03,Covid
4149,2810,227,17,2025-07-18,2025-12-30,Stroke
4150,1297,170,2,2026-06-26,2026-08-06,Pneumonia
4151,4368,206,16,2026-03-24,2026-08-04,Stroke
4152,4189,203,12,2025-01-02,2025-09-05,Covid
4153,1702,144,8,2025-08-16,2026-03-17,Asthma
4154,2435,78,16,2025-10-14,2026-05-27,Hypertension
4155,1248,71,7,2025-02-23,2025-12-09,Covid
4156,3363,135,10,2024-10-30,2026-04-14,Migraine
4157,206,128,19,2024-11-21,2025-02-09,Cancer
4158,4253,81,19,2024-12-03,2025-08-19,Fracture
4159,2699,110,18,2026-05-11,2026-06-05,Kidney Stones
4160,3776,21,8,2024-12-30,2025-03-20,Hypertension
4161,4134,18,15,2024-09-16,2024-09-18,Stroke
4162,93,42,7,2025-07-30,2025-10-29,Migraine
4163,1701,41,18,2026-05-03,2026-08-10,Asthma
4164,311,4,5,2026-07-12,2026-07-24,Cancer
4165,2472,238,20,2026-01-09,2026-01-19,Asthma
4166,4779,127,19,2025-10-10,2026-03-21,Kidney Stones
4167,1954,232,19,2026-05-09,2026-07-21,Migraine
4168,425,164,8,2024-09-07,2024-10-14,Diabetes
4169,590,240,15,2025-06-04,2026-06-17,Pneumonia
4170,4962,26,4,2026-07-01,2026-07-28,Pneumonia
4171,3121,9,8,2024-12-18,2025-05-24,Migraine
4172,4083,147,19,2026-04-14,2026-08-17,Fracture
4173,1011,219,8,2024-08-11,2025-04-13,Cancer
4174,2230,95,9,2024-09-11,2025-04-15,Pneumonia
4175,4776,105,2,2026-06-24,2026-07-28,Migraine
4176,2064,217,3,2025-05-27,2025-06-24,Hypertension
4177,719,20,8,2025-03-12,2025-08-30,Hypertension
4178,4678,241,8,2026-02-08,2026-08-02,Fracture
4179,3836,188,13,2025-04-06,2025-05-16,Kidney Stones
4180,443,145,20,2024-09-01,2025-07-23,Kidney Stones
4181,2711,52,18,2024-12-09,2025-10-23,Fracture
4182,1190,69,8,2024-09-02,2024-12-04,Fracture
4183,1608,42,20,2024-11-30,2026-03-20,Stroke
4184,4464,72,14,2024-11-01,2025-10-03,Kidney Stones
4185,1580,210,2,2025-07-26,2025-07-26,Asthma
4186,467,107,14,2025-09-03,2025-12-22,Covid
4187,1956,242,12,2026-05-26,2026-08-14,Pneumonia
4188,4781,103,16,2026-01-08,2026-08-13,Fracture
4189,362,72,11,2026-01-31,2026-04-14,Hypertension
4190,1557,232,20,2026-02-10,2026-03-02,Hypertension
4191,4265,54,20,2025-06-05,2025-11-27,Fracture
4192,2446,1,2,2025-02-10,2025-12-27,Diabetes
4193,1858,98,20,2024-11-07,2025-08-25,Diabetes
4194,692,144,2,2026-08-07,2026-08-11,Covid
4195,4100,40,7,2025-11-16,2026-04-03,Kidney Stones
4196,3804,229,13,2025-12-28,2026-06-07,Hypertension
4197,3372,63,4,2025-03-03,2025-06-06,Stroke
4198,147,247,20,2025-05-31,2026-05-31,Diabetes
4199,27,169,9,2026-07-12,2026-07-31,Pneumonia
4200,1415,223,16,2026-03-08,2026-08-08,Asthma
4201,2024,31,1,2026-04-18,2026-06-13,Asthma
4202,460,23,18,2026-05-20,2026-06-26,Hypertension
4203,1251,144,14,2025-08-09,2026-01-15,Cancer
4204,4301,97,10,2026-04-20,2026-05-26,Hypertension
4205,1094,216,4,2025-09-09,2026-06-17,Asthma
4206,2314,224,11,2025-09-17,2026-07-02,Migraine
4207,3575,29,20,2025-08-04,2025-10-13,Diabetes
4208,1797,212,11,2024-09-16,2025-05-05,Asthma
4209,4153,116,5,2025-11-10,2026-04-14,Diabetes
4210,2381,103,13,2024-11-06,2026-06-05,Asthma
4211,4278,122,11,2025-06-11,2026-05-12,Diabetes
4212,570,204,15,2025-05-12,2026-04-08,Kidney Stones
4213,638,22,13,2025-04-17,2025-10-28,Covid
4214,1952,175,15,2026-02-25,2026-04-15,Cancer
4215,2301,161,16,2025-10-05,2026-06-16,Hypertension
4216,840,84,6,2024-12-15,2025-05-02,Fracture
4217,3506,56,15,2024-10-21,2026-07-30,Hypertension
4218,1858,83,20,2025-01-02,2025-02-13,Migraine
4219,2287,182,1,2026-01-10,2026-02-01,Migraine
4220,1543,23,6,2026-05-01,2026-05-21,Kidney Stones
4221,2972,246,13,2026-07-06,2026-07-27,Hypertension
4222,2173,91,1,2026-04-15,2026-05-19,Hypertension
4223,1502,77,3,2024-09-01,2025-01-16,Hypertension
4224,1019,40,16,2024-11-18,2025-12-27,Diabetes
4225,3619,32,2,2025-07-26,2026-06-02,Stroke
4226,4899,56,10,2025-05-17,2025-09-03,Fracture
4227,551,113,8,2025-01-04,2025-09-05,Covid
4228,2992,243,13,2024-12-20,2026-03-31,Stroke
4229,1886,127,8,2025-07-07,2026-01-17,Asthma
4230,1939,66,3,2025-10-24,2026-01-17,Cancer
4231,4096,103,15,2024-10-02,2024-12-21,Diabetes
4232,101,134,15,2024-10-15,2025-09-05,Cancer
4233,2597,250,13,2026-06-15,2026-08-13,Hypertension
4234,3386,39,18,2025-06-10,2026-06-15,Kidney Stones
4235,1314,27,12,2024-09-01,2025-10-27,Hypertension
4236,2640,2,16,2026-08-04,2026-08-16,Migraine
4237,246,80,15,2025-06-01,2025-06-18,Pneumonia
4238,147,91,20,2026-04-17,2026-07-02,Covid
4239,1720,71,6,2025-09-26,2026-06-10,Pneumonia
4240,696,224,8,2025-10-26,2025-10-26,Stroke
4241,1435,216,12,2025-07-25,2026-07-28,Fracture
4242,1422,51,7,2025-07-12,2025-12-31,Stroke
4243,2364,21,3,2025-05-27,2026-01-11,Diabetes
4244,1004,180,13,2026-04-28,2026-08-13,Asthma
4245,764,240,2,2026-03-04,2026-05-23,Kidney Stones
4246,3835,82,6,2025-06-05,2025-08-13,Diabetes
4247,3013,212,9,2026-01-26,2026-05-17,Pneumonia
4248,2483,25,9,2025-11-01,2026-05-12,Kidney Stones
4249,1582,25,20,2025-02-03,2025-04-13,Fracture
4250,800,35,18,2025-04-03,2025-09-07,Hypertension
4251,4261,184,18,2025-05-29,2026-06-04,Cancer
4252,1661,140,7,2025-07-26,2026-01-06,Asthma
4253,3768,40,5,2025-03-22,2026-02-22,Kidney Stones
4254,70,236,12,2024-10-20,2026-04-05,Fracture
4255,2990,148,1,2025-05-07,2025-07-02,Asthma
4256,80,147,19,2025-10-09,2026-03-05,Fracture
4257,4676,219,8,2025-10-12,2025-12-07,Covid
4258,1892,163,10,2024-10-21,2026-01-15,Asthma
4259,3553,168,7,2025-01-31,2025-08-31,Pneumonia
4260,4509,47,19,2025-02-17,2026-07-16,Kidney Stones
4261,1950,58,7,2025-10-08,2025-12-20,Pneumonia
4262,881,149,5,2024-10-17,2026-05-04,Stroke
4263,2022,128,2,2025-07-06,2026-06-27,Cancer
4264,2566,47,17,2024-12-06,2026-06-25,Pneumonia
4265,4432,53,19,2025-03-04,2025-08-20,Diabetes
4266,1844,168,2,2025-03-10,2025-08-07,Diabetes
4267,4965,242,4,2025-05-22,2026-07-11,Diabetes
4268,3103,240,7,2025-03-28,2026-06-25,Diabetes
4269,4496,219,5,2024-11-16,2025-04-28,Kidney Stones
4270,1548,81,3,2025-05-28,2025-08-28,Migraine
4271,2629,169,13,2026-07-13,2026-07-16,Diabetes
4272,3679,191,11,2025-09-05,2025-11-17,Stroke
4273,717,143,1,2025-06-06,2026-01-08,Stroke
4274,2188,112,18,2025-04-09,2025-12-22,Covid
4275,404,92,17,2025-12-13,2026-02-25,Cancer
4276,1870,168,19,2026-07-04,2026-08-07,Stroke
4277,2295,233,17,2025-07-13,2026-07-23,Pneumonia
4278,691,11,17,2025-04-22,2026-03-25,Hypertension
4279,4921,18,3,2026-01-01,2026-08-14,Asthma
4280,1829,84,3,2025-08-06,2026-02-08,Migraine
4281,773,80,8,2026-03-27,2026-07-18,Asthma
4282,1959,2,15,2025-11-20,2025-12-31,Covid
4283,4336,25,14,2026-03-24,2026-07-16,Kidney Stones
4284,1210,174,19,2026-01-29,2026-04-22,Hypertension
4285,572,248,3,2026-04-20,2026-07-21,Kidney Stones
4286,825,181,9,2025-12-01,2026-04-01,Covid
4287,1212,143,11,2025-08-10,2026-02-01,Covid
4288,1847,115,20,2026-04-02,2026-04-02,Fracture
4289,3333,126,17,2024-12-17,2025-04-24,Stroke
4290,3053,22,12,2026-07-24,2026-08-03,Hypertension
4291,4406,71,20,2026-08-02,2026-08-13,Fracture
4292,2411,221,4,2025-04-13,2025-05-12,Asthma
4293,2449,17,14,2025-09-06,2026-02-05,Diabetes
4294,4711,216,2,2025-09-30,2026-04-13,Pneumonia
4295,1576,158,20,2025-02-27,2025-06-23,Kidney Stones
4296,4485,133,1,2026-04-17,2026-06-19,Kidney Stones
4297,164,48,1,2025-10-02,2025-11-02,Hypertension
4298,327,72,7,2026-04-08,2026-05-21,Cancer
4299,3399,113,1,2025-08-07,2026-08-03,Fracture
4300,1964,217,8,2026-04-02,2026-04-05,Fracture
4301,603,237,3,2024-10-09,2025-01-08,Pneumonia
4302,910,181,18,2026-04-01,2026-07-10,Asthma
4303,4934,52,9,2026-01-20,2026-07-09,Migraine
4304,2007,15,2,2026-05-16,2026-05-24,Asthma
4305,400,159,1,2025-02-20,2025-07-27,Diabetes
4306,3372,96,2,2025-01-25,2026-03-02,Kidney Stones
4307,2524,100,6,2025-04-09,2026-04-24,Asthma
4308,2578,165,7,2025-03-14,2026-02-22,Asthma
4309,1775,98,13,2026-01-30,2026-03-19,Cancer
4310,1117,45,13,2025-08-06,2026-06-29,Migraine
4311,4676,153,9,2024-09-28,2025-12-24,Fracture
4312,2477,101,12,2025-08-27,2026-06-25,Diabetes
4313,2783,188,12,2025-08-12,2026-02-18,Migraine
4314,4878,214,10,2025-01-14,2026-05-17,Pneumonia
4315,2778,91,7,2025-05-30,2026-02-16,Pneumonia
4316,4021,244,20,2025-01-28,2025-08-28,Asthma
4317,2056,236,17,2026-05-15,2026-07-04,Diabetes
4318,613,215,16,2026-01-13,2026-04-18,Fracture
4319,180,123,3,2024-09-06,2025-12-01,Kidney Stones
4320,3065,205,5,2025-01-22,2026-02-06,Fracture
4321,2477,234,15,2024-08-23,2026-05-17,Migraine
4322,2976,191,9,2025-09-30,2026-02-27,Fracture
4323,2033,174,5,2026-03-28,2026-07-02,Migraine
4324,3408,200,2,2026-06-08,2026-06-26,Diabetes
4325,1921,58,3,2025-07-03,2026-07-16,Hypertension
4326,2047,150,7,2025-08-09,2025-11-29,Asthma
4327,1749,70,19,2025-04-24,2025-07-04,Covid
4328,2075,137,9,2025-06-23,2026-08-02,Kidney Stones
4329,4867,156,4,2025-07-19,2025-11-26,Pneumonia
4330,1688,8,5,2025-11-13,2025-12-06,Stroke
4331,2860,131,3,2026-01-04,2026-06-25,Stroke
4332,2381,168,5,2025-09-17,2026-05-04,Cancer
4333,732,91,7,2025-10-16,2026-04-18,Asthma
4334,3806,24,6,2024-09-03,2024-11-10,Pneumonia
4335,737,91,15,2026-07-04,2026-08-06,Hypertension
4336,4949,100,13,2024-08-27,2025-07-13,Kidney Stones
4337,2169,46,11,2024-11-27,2025-07-15,Stroke
4338,876,250,2,2026-05-31,2026-06-01,Fracture
4339,4115,218,8,2026-01-22,2026-02-28,Diabetes
4340,2884,232,2,2025-06-25,2026-01-16,Diabetes
4341,3419,39,8,2025-02-05,2025-06-29,Stroke
4342,166,177,16,2025-10-13,2026-05-18,Kidney Stones
4343,1060,184,5,2026-02-10,2026-02-22,Cancer
4344,1755,89,1,2025-01-11,2025-11-24,Asthma
4345,2130,160,18,2024-12-19,2025-01-06,Kidney Stones
4346,3108,26,20,2025-09-08,2025-11-13,Cancer
4347,475,45,13,2024-11-07,2025-03-13,Diabetes
4348,3852,168,4,2026-02-10,2026-04-20,Asthma
4349,3906,15,3,2026-02-08,2026-02-14,Migraine
4350,2873,94,13,2025-09-17,2026-06-09,Stroke
4351,1477,193,4,2024-12-19,2026-03-24,Hypertension
4352,3473,75,12,2025-11-05,2025-12-12,Hypertension
4353,2186,57,14,2025-11-10,2026-07-24,Stroke
4354,1887,97,16,2026-04-07,2026-04-28,Asthma
4355,3243,72,1,2025-11-04,2026-05-11,Pneumonia
4356,2988,249,1,2026-05-10,2026-05-21,Fracture
4357,3983,136,14,2026-06-25,2026-08-15,Hypertension
4358,2482,243,11,2025-08-14,2026-01-29,Asthma
4359,1315,57,16,2026-08-01,2026-08-12,Stroke
4360,649,146,12,2025-01-23,2025-06-28,Hypertension
4361,2328,215,10,2026-01-22,2026-01-22,Kidney Stones
4362,153,219,5,2024-10-04,2026-02-08,Diabetes
4363,166,237,17,2026-01-10,2026-01-28,Fracture
4364,30,41,9,2025-03-17,2025-12-21,Covid
4365,2851,159,15,2025-05-21,2026-04-29,Diabetes
4366,1456,56,12,2026-06-29,2026-08-07,Covid
4367,2545,247,12,2025-03-17,2025-09-18,Asthma
4368,193,93,8,2026-03-09,2026-07-02,Fracture
4369,199,94,14,2026-06-29,2026-07-08,Stroke
4370,3537,46,15,2024-10-05,2025-10-17,Migraine
4371,229,45,5,2025-11-27,2026-07-17,Fracture
4372,4769,129,16,2024-11-28,2026-01-09,Stroke
4373,4957,197,3,2025-12-29,2026-08-15,Fracture
4374,4482,153,12,2026-01-17,2026-05-14,Stroke
4375,3482,241,6,2025-12-19,2026-01-11,Kidney Stones
4376,2674,7,16,2025-12-01,2026-05-28,Migraine
4377,4731,63,20,2024-10-29,2025-07-21,Cancer
4378,81,171,13,2025-05-23,2025-12-23,Migraine
4379,4252,225,8,2026-03-23,2026-07-21,Fracture
4380,3232,48,2,2025-01-04,2026-07-14,Kidney Stones
4381,4447,169,14,2025-09-19,2025-11-29,Pneumonia
4382,1582,83,20,2024-08-18,2026-03-04,Pneumonia
4383,3834,12,2,2024-09-26,2026-05-20,Pneumonia
4384,3859,103,5,2026-01-11,2026-07-16,Diabetes
4385,3320,101,15,2025-10-24,2025-12-16,Covid
4386,2769,72,17,2025-04-09,2026-08-08,Stroke
4387,1918,108,19,2025-09-23,2026-02-03,Asthma
4388,3125,36,7,2025-08-03,2026-02-23,Pneumonia
4389,2064,96,3,2026-03-07,2026-07-22,Stroke
4390,2117,38,10,2026-04-09,2026-08-14,Pneumonia
4391,1382,105,4,2026-01-12,2026-03-27,Kidney Stones
4392,3291,51,18,2025-09-22,2026-08-04,Diabetes
4393,1611,239,2,2024-12-19,2026-08-16,Stroke
4394,2106,232,3,2025-05-27,2025-07-01,Hypertension
4395,1277,78,16,2024-08-07,2025-07-09,Covid
4396,4133,137,8,2024-12-27,2026-01-16,Migraine
4397,983,115,13,2025-10-28,2026-05-08,Pneumonia
4398,859,23,7,2026-01-31,2026-08-13,Pneumonia
4399,3884,167,4,2025-07-17,2026-07-02,Stroke
4400,3036,180,5,2024-08-07,2026-06-25,Stroke
4401,890,27,14,2026-03-13,2026-03-28,Stroke
4402,4436,158,13,2024-12-27,2025-12-05,Hypertension
4403,2542,49,15,2026-01-31,2026-07-30,Cancer
4404,1271,8,15,2026-02-27,2026-06-12,Fracture
4405,2313,212,15,2025-12-10,2025-12-13,Asthma
4406,4631,248,5,2025-07-22,2026-02-16,Kidney Stones
4407,713,174,10,2025-06-01,2026-02-20,Kidney Stones
4408,1187,182,18,2025-09-30,2026-06-13,Migraine
4409,2874,78,13,2026-03-09,2026-05-12,Diabetes
4410,2183,11,10,2025-02-27,2026-08-08,Pneumonia
4411,1151,136,19,2026-05-27,2026-07-25,Asthma
4412,1947,140,10,2024-11-02,2026-04-23,Migraine
4413,1107,128,6,2025-10-04,2025-12-04,Stroke
4414,2798,53,19,2026-07-06,2026-07-22,Migraine
4415,2144,167,11,2026-08-07,2026-08-08,Diabetes
4416,3543,180,3,2025-03-31,2025-06-02,Fracture
4417,1358,233,5,2026-05-26,2026-07-29,Cancer
4418,1462,103,4,2025-07-06,2026-01-13,Fracture
4419,4940,162,11,2025-03-24,2026-01-14,Covid
4420,4460,159,5,2026-03-28,2026-08-08,Hypertension
4421,638,92,12,2025-01-04,2025-06-27,Asthma
4422,4289,218,1,2024-11-30,2026-03-17,Kidney Stones
4423,3749,238,9,2026-04-17,2026-07-19,Fracture
4424,2878,249,17,2026-01-01,2026-08-09,Stroke
4425,244,10,17,2025-12-25,2026-04-09,Pneumonia
4426,2024,123,6,2026-05-26,2026-06-16,Stroke
4427,1991,89,16,2026-05-14,2026-05-15,Stroke
4428,1286,63,5,2025-01-27,2026-08-14,Migraine
4429,689,176,9,2026-05-23,2026-06-20,Diabetes
4430,523,6,20,2025-08-23,2026-04-20,Pneumonia
4431,2034,3,2,2025-12-03,2026-05-14,Kidney Stones
4432,1020,124,19,2025-08-23,2025-11-22,Fracture
4433,240,125,20,2024-10-29,2025-03-17,Pneumonia
4434,4291,194,15,2025-01-08,2026-04-23,Migraine
4435,1065,23,13,2025-08-22,2025-12-18,Covid
4436,1557,218,2,2026-04-01,2026-06-30,Asthma
4437,339,177,4,2024-12-27,2025-11-12,Kidney Stones
4438,2491,166,3,2026-03-05,2026-08-13,Covid
4439,9,102,4,2026-06-24,2026-07-11,Asthma
4440,2447,79,20,2024-10-30,2025-06-05,Asthma
4441,4134,78,3,2025-10-20,2026-04-03,Hypertension
4442,81,23,2,2024-09-24,2026-01-21,Cancer
4443,2850,147,13,2025-09-02,2025-12-05,Diabetes
4444,245,124,3,2025-11-28,2026-07-18,Hypertension
4445,2458,108,18,2025-02-12,2025-06-18,Covid
4446,4518,180,15,2024-09-02,2026-03-15,Asthma
4447,2798,163,6,2025-01-02,2025-08-11,Pneumonia
4448,2275,118,4,2024-12-02,2025-05-24,Migraine
4449,1393,109,18,2024-09-08,2026-04-23,Migraine
4450,3189,150,10,2024-09-23,2025-03-30,Kidney Stones
4451,2501,52,8,2025-05-09,2026-06-26,Diabetes
4452,3315,159,2,2025-05-14,2026-06-27,Diabetes
4453,4182,127,20,2026-04-13,2026-07-21,Kidney Stones
4454,2180,62,1,2024-12-09,2026-02-19,Stroke
4455,1154,133,2,2026-07-14,2026-07-21,Stroke
4456,705,118,15,2026-02-12,2026-07-27,Stroke
4457,3440,33,15,2024-08-25,2025-12-25,Kidney Stones
4458,733,197,6,2025-05-08,2025-07-09,Cancer
4459,884,52,8,2025-06-23,2025-10-07,Stroke
4460,1219,62,16,2025-01-23,2026-01-03,Kidney Stones
4461,4528,224,2,2026-06-02,2026-08-05,Covid
4462,3791,239,12,2025-02-26,2025-03-17,Kidney Stones
4463,1918,68,4,2026-03-04,2026-05-12,Stroke
4464,506,197,4,2025-03-05,2025-07-02,Covid
4465,975,1,6,2026-07-29,2026-08-10,Stroke
4466,731,203,3,2025-05-10,2026-07-22,Fracture
4467,778,225,17,2025-04-15,2026-03-22,Diabetes
4468,921,224,14,2024-08-11,2025-11-30,Pneumonia
4469,3041,11,6,2025-10-19,2026-06-03,Cancer
4470,2320,71,7,2025-10-07,2026-04-28,Fracture
4471,532,89,3,2025-06-01,2026-02-22,Fracture
4472,1579,96,8,2026-01-10,2026-04-30,Covid
4473,1425,33,16,2025-10-16,2025-12-18,Pneumonia
4474,198,14,19,2025-12-18,2026-07-21,Hypertension
4475,2271,169,15,2024-11-14,2025-06-29,Asthma
4476,4288,225,3,2026-05-06,2026-05-16,Pneumonia
4477,1813,119,11,2026-04-16,2026-05-22,Stroke
4478,1173,239,6,2025-06-08,2025-09-15,Pneumonia
4479,2490,199,2,2026-02-05,2026-05-12,Hypertension
4480,2940,103,12,2026-03-13,2026-04-12,Cancer
4481,4040,216,6,2024-09-06,2026-04-09,Cancer
4482,2623,169,11,2025-12-01,2026-04-29,Fracture
4483,2413,42,17,2026-05-22,2026-07-09,Cancer
4484,1474,27,16,2025-09-16,2026-04-21,Hypertension
4485,3637,143,15,2025-06-07,2025-10-01,Asthma
4486,4434,222,18,2024-10-18,2026-04-27,Stroke
4487,1649,126,13,2025-06-22,2025-11-04,Fracture
4488,766,94,16,2025-02-28,2025-07-13,Covid
4489,4438,60,20,2024-08-19,2024-12-17,Asthma
4490,3934,58,10,2025-11-20,2026-03-17,Covid
4491,1361,73,17,2025-08-29,2025-11-27,Diabetes
4492,3001,174,9,2025-09-06,2026-04-20,Covid
4493,4247,176,11,2026-06-01,2026-07-15,Kidney Stones
4494,775,20,7,2025-08-20,2026-05-24,Kidney Stones
4495,4600,143,18,2025-02-08,2025-09-17,Cancer
4496,3267,35,1,2025-03-17,2025-07-23,Migraine
4497,2873,24,12,2026-01-17,2026-04-29,Stroke
4498,522,244,1,2024-08-13,2026-07-22,Hypertension
4499,1427,126,5,2025-05-01,2026-04-25,Migraine
4500,3501,188,18,2024-09-28,2025-11-19,Covid
4501,3269,212,5,2026-06-02,2026-08-14,Migraine
4502,2422,176,6,2024-08-29,2026-04-14,Covid
4503,34,125,15,2026-03-02,2026-04-26,Migraine
4504,3694,85,15,2025-05-02,2025-11-11,Covid
4505,3943,208,1,2024-09-25,2025-11-27,Stroke
4506,619,238,9,2026-04-10,2026-06-17,Pneumonia
4507,2085,179,6,2026-02-27,2026-04-29,Hypertension
4508,2400,175,5,2026-01-04,2026-06-19,Hypertension
4509,25,69,4,2025-08-17,2026-03-26,Cancer
4510,2813,107,8,2025-05-03,2026-01-01,Stroke
4511,111,209,12,2025-09-27,2026-07-29,Covid
4512,2908,75,14,2025-12-06,2026-07-19,Fracture
4513,465,142,14,2025-06-03,2025-09-13,Covid
4514,2803,80,13,2026-06-11,2026-07-18,Migraine
4515,81,166,1,2024-09-20,2025-04-25,Stroke
4516,2888,101,4,2025-10-09,2026-02-12,Covid
4517,3534,27,8,2025-01-11,2025-03-05,Migraine
4518,4862,153,6,2026-02-15,2026-04-15,Migraine
4519,4340,116,18,2025-10-25,2025-11-22,Diabetes
4520,4155,16,19,2024-09-22,2024-11-10,Kidney Stones
4521,1093,178,17,2026-06-02,2026-07-27,Pneumonia
4522,4291,82,1,2026-07-28,2026-08-04,Cancer
4523,2963,241,19,2024-12-02,2026-01-10,Pneumonia
4524,3232,27,3,2025-10-20,2026-08-01,Cancer
4525,4728,95,12,2025-10-12,2026-07-23,Covid
4526,4456,59,15,2025-02-02,2025-09-29,Hypertension
4527,899,159,8,2025-11-26,2026-01-04,Covid
4528,4817,80,7,2025-03-24,2025-09-26,Diabetes
4529,4544,100,9,2024-08-07,2024-10-16,Pneumonia
4530,3871,67,3,2025-11-17,2026-05-19,Migraine
4531,1335,118,3,2026-08-04,2026-08-05,Asthma
4532,4577,247,4,2025-12-29,2026-08-14,Stroke
4533,16,142,8,2026-04-20,2026-05-05,Diabetes
4534,2430,42,20,2025-10-07,2025-12-04,Fracture
4535,3102,222,17,2024-11-08,2026-01-08,Cancer
4536,191,207,9,2025-06-23,2025-08-03,Covid
4537,1118,164,5,2025-03-10,2025-10-30,Migraine
4538,1583,59,16,2025-03-14,2026-07-10,Hypertension
4539,609,8,16,2025-10-23,2026-01-07,Fracture
4540,3850,102,10,2026-02-28,2026-04-09,Diabetes
4541,526,22,20,2026-02-13,2026-03-30,Covid
4542,4239,226,8,2025-01-11,2026-08-02,Cancer
4543,4481,194,9,2026-03-24,2026-05-10,Migraine
4544,2679,91,10,2024-11-08,2025-11-18,Cancer
4545,489,91,15,2025-10-09,2026-03-08,Cancer
4546,4124,132,2,2026-01-11,2026-06-06,Cancer
4547,4237,212,2,2025-12-24,2026-07-07,Fracture
4548,3043,205,12,2025-12-25,2026-07-09,Cancer
4549,65,43,12,2026-01-05,2026-05-30,Migraine
4550,4181,140,11,2024-12-03,2026-06-08,Asthma
4551,4405,240,2,2026-06-29,2026-07-21,Hypertension
4552,4487,194,3,2024-12-04,2026-01-29,Migraine
4553,1564,117,3,2025-11-15,2026-07-21,Kidney Stones
4554,3032,208,6,2025-06-07,2026-06-19,Migraine
4555,3288,176,19,2024-10-05,2025-08-09,Covid
4556,1629,143,3,2026-03-07,2026-06-04,Pneumonia
4557,233,82,2,2024-11-20,2025-11-07,Cancer
4558,2924,88,4,2025-11-25,2025-12-27,Hypertension
4559,4318,136,20,2025-03-14,2025-11-11,Asthma
4560,2040,234,10,2024-09-30,2026-03-16,Kidney Stones
4561,770,191,16,2025-09-02,2026-08-07,Pneumonia
4562,4875,123,19,2026-03-25,2026-06-03,Diabetes
4563,2703,116,10,2025-08-26,2026-03-06,Stroke
4564,2920,56,13,2025-12-22,2025-12-28,Stroke
4565,4384,8,12,2025-10-22,2026-02-03,Asthma
4566,2895,204,3,2025-02-08,2026-01-07,Pneumonia
4567,509,162,20,2024-12-16,2025-06-29,Asthma
4568,3968,162,20,2025-09-10,2026-04-22,Pneumonia
4569,3179,196,3,2025-05-31,2026-05-11,Migraine
4570,4766,222,9,2024-12-31,2026-03-21,Hypertension
4571,4238,232,6,2026-05-01,2026-06-22,Kidney Stones
4572,4099,44,3,2025-10-19,2026-06-16,Fracture
4573,3206,75,10,2026-03-22,2026-07-30,Asthma
4574,4295,121,19,2025-06-24,2026-03-20,Cancer
4575,797,21,16,2025-07-16,2025-11-15,Cancer
4576,2107,88,6,2024-11-29,2025-07-31,Hypertension
4577,420,191,8,2024-10-16,2025-03-08,Pneumonia
4578,499,166,9,2024-08-11,2025-05-06,Cancer
4579,3160,211,5,2025-11-12,2025-11-17,Covid
4580,281,62,19,2025-04-20,2025-12-06,Hypertension
4581,4974,149,15,2026-07-20,2026-08-17,Pneumonia
4582,3761,144,11,2025-09-17,2025-12-20,Asthma
4583,1191,195,8,2026-01-07,2026-04-18,Covid
4584,1754,72,14,2025-05-08,2026-01-23,Cancer
4585,1788,199,6,2024-09-22,2026-07-19,Kidney Stones
4586,2565,204,1,2025-06-14,2025-12-19,Pneumonia
4587,3450,27,19,2024-10-03,2026-01-23,Hypertension
4588,1162,10,10,2026-05-31,2026-08-03,Covid
4589,963,214,3,2026-07-04,2026-07-24,Stroke
4590,268,55,8,2024-12-09,2026-03-25,Asthma
4591,563,185,17,2024-10-19,2025-01-30,Diabetes
4592,4924,97,9,2024-08-13,2024-11-16,Migraine
4593,4592,211,9,2025-10-27,2026-02-18,Diabetes
4594,1127,148,20,2025-10-03,2026-06-20,Diabetes
4595,2011,173,16,2025-03-12,2026-02-05,Diabetes
4596,4117,135,13,2025-04-11,2025-11-04,Migraine
4597,527,92,12,2024-10-12,2026-07-01,Diabetes
4598,4497,4,1,2025-09-01,2025-09-02,Fracture
4599,2252,244,12,2025-01-13,2026-08-01,Kidney Stones
4600,47,211,13,2024-10-26,2025-09-02,Covid
4601,2420,95,4,2026-01-02,2026-06-04,Fracture
4602,3315,9,18,2025-07-02,2026-01-04,Hypertension
4603,1541,229,6,2024-10-03,2026-06-02,Migraine
4604,462,145,16,2025-11-28,2026-06-12,Pneumonia
4605,4673,30,8,2026-03-02,2026-03-24,Covid
4606,2595,185,16,2025-12-16,2026-03-05,Fracture
4607,3946,216,5,2026-04-13,2026-06-15,Diabetes
4608,4660,15,6,2026-02-14,2026-06-08,Diabetes
4609,4640,169,1,2024-10-28,2024-12-06,Hypertension
4610,1064,203,1,2024-11-24,2025-04-29,Cancer
4611,4179,249,18,2025-12-06,2026-07-20,Covid
4612,831,160,19,2024-08-28,2025-07-29,Fracture
4613,3473,58,18,2026-05-25,2026-08-09,Hypertension
4614,308,152,17,2025-12-04,2026-05-14,Diabetes
4615,278,239,1,2025-03-15,2025-11-25,Asthma
4616,3713,11,17,2025-09-22,2025-12-28,Kidney Stones
4617,3910,139,17,2026-07-07,2026-07-30,Stroke
4618,52,38,6,2026-04-06,2026-08-06,Pneumonia
4619,4839,178,20,2024-09-30,2025-07-13,Fracture
4620,3204,120,1,2025-03-24,2025-06-30,Cancer
4621,2114,169,17,2024-09-06,2026-04-14,Kidney Stones
4622,4925,193,17,2025-09-01,2026-05-16,Hypertension
4623,3198,75,1,2024-10-15,2026-07-18,Kidney Stones
4624,908,124,6,2026-01-31,2026-04-24,Pneumonia
4625,619,107,15,2026-05-12,2026-08-03,Cancer
4626,4215,152,17,2024-08-08,2025-11-09,Cancer
4627,4751,237,4,2026-02-10,2026-04-24,Asthma
4628,4318,128,7,2026-04-22,2026-08-11,Asthma
4629,4271,218,10,2025-06-25,2026-06-03,Fracture
4630,2808,4,2,2026-05-31,2026-07-09,Asthma
4631,4341,218,1,2026-07-29,2026-07-29,Covid
4632,3658,246,14,2025-09-13,2025-11-11,Covid
4633,1658,65,3,2025-09-29,2025-11-14,Hypertension
4634,4184,231,11,2025-10-04,2025-12-08,Pneumonia
4635,37,149,4,2026-07-12,2026-07-20,Pneumonia
4636,905,51,9,2024-09-10,2026-01-19,Covid
4637,2266,18,6,2025-12-11,2025-12-15,Cancer
4638,4216,201,14,2026-04-17,2026-05-14,Diabetes
4639,770,171,8,2026-03-06,2026-06-04,Stroke
4640,597,236,12,2024-10-28,2026-04-30,Hypertension
4641,2797,208,13,2025-08-03,2026-04-14,Stroke
4642,3136,184,1,2025-12-14,2026-02-21,Fracture
4643,3520,52,19,2025-10-07,2026-06-25,Covid
4644,2167,147,18,2024-08-13,2026-06-11,Migraine
4645,1999,113,17,2025-05-09,2026-07-22,Kidney Stones
4646,4857,240,15,2025-04-09,2025-11-15,Cancer
4647,1855,76,8,2025-11-22,2026-02-14,Hypertension
4648,1791,198,4,2024-09-26,2025-06-30,Hypertension
4649,1755,177,6,2025-07-30,2025-11-13,Fracture
4650,313,134,13,2025-08-06,2026-01-20,Fracture
4651,3748,18,5,2026-03-10,2026-04-28,Asthma
4652,3073,93,17,2025-01-04,2025-11-22,Migraine
4653,3036,159,20,2025-07-21,2026-05-07,Hypertension
4654,4713,188,5,2024-12-08,2025-01-21,Fracture
4655,1037,44,6,2025-03-10,2025-12-12,Covid
4656,4355,28,18,2024-12-22,2026-04-16,Pneumonia
4657,4400,211,9,2025-08-31,2026-06-18,Hypertension
4658,4362,246,6,2025-08-22,2025-09-30,Pneumonia
4659,2564,62,5,2024-12-22,2025-03-09,Migraine
4660,2479,94,5,2026-03-03,2026-05-26,Cancer
4661,2483,237,13,2026-06-18,2026-07-12,Hypertension
4662,4652,147,1,2025-01-14,2026-03-16,Stroke
4663,2723,6,14,2025-07-26,2026-08-06,Migraine
4664,218,97,7,2026-07-20,2026-07-29,Stroke
4665,2539,194,14,2025-01-09,2026-04-23,Fracture
4666,4291,132,19,2025-12-04,2026-05-22,Kidney Stones
4667,953,79,5,2025-02-25,2026-05-29,Stroke
4668,3171,138,17,2025-12-18,2026-04-21,Kidney Stones
4669,420,94,19,2024-11-25,2025-06-27,Asthma
4670,1949,29,14,2024-12-13,2026-04-28,Covid
4671,4218,60,13,2025-02-01,2026-08-09,Diabetes
4672,4795,152,19,2025-07-03,2026-08-01,Cancer
4673,3383,83,2,2025-07-09,2026-02-21,Covid
4674,823,94,5,2024-12-17,2026-01-07,Stroke
4675,4116,100,1,2025-04-12,2025-09-27,Migraine
4676,2784,43,19,2024-08-24,2026-03-12,Stroke
4677,2969,218,18,2024-10-08,2026-03-24,Kidney Stones
4678,4260,65,4,2024-08-07,2024-11-29,Asthma
4679,1640,229,3,2025-07-09,2026-08-12,Hypertension
4680,4036,35,5,2026-03-27,2026-06-23,Kidney Stones
4681,4032,8,6,2026-07-24,2026-08-04,Kidney Stones
4682,3977,228,1,2024-11-12,2025-12-02,Kidney Stones
4683,922,210,19,2024-11-11,2026-02-14,Hypertension
4684,2928,233,20,2025-02-16,2026-07-18,Hypertension
4685,2641,190,13,2026-02-10,2026-02-16,Hypertension
4686,3189,29,8,2025-04-15,2025-12-31,Asthma
4687,2212,60,4,2025-07-03,2026-02-28,Diabetes
4688,4318,173,20,2025-01-24,2025-08-30,Fracture
4689,987,209,8,2024-11-10,2026-05-01,Diabetes
4690,4469,56,2,2024-12-14,2026-05-26,Hypertension
4691,90,167,8,2025-04-30,2025-06-18,Asthma
4692,2795,86,6,2024-08-08,2026-04-10,Hypertension
4693,420,46,1,2025-03-30,2026-06-23,Asthma
4694,2440,196,13,2025-07-24,2025-10-21,Diabetes
4695,4909,61,6,2025-11-25,2026-05-14,Asthma
4696,1807,227,1,2024-09-03,2025-09-26,Fracture
4697,3796,46,18,2026-04-09,2026-07-31,Migraine
4698,3214,174,3,2025-04-07,2026-04-29,Migraine
4699,767,149,14,2025-03-20,2025-12-19,Cancer
4700,1812,176,11,2026-07-25,2026-07-25,Migraine
4701,1215,87,6,2024-09-25,2026-07-22,Cancer
4702,3074,133,4,2024-09-28,2025-01-03,Asthma
4703,549,216,2,2025-04-17,2026-06-23,Kidney Stones
4704,1710,40,20,2026-01-12,2026-01-30,Kidney Stones
4705,2317,233,18,2024-12-04,2024-12-29,Fracture
4706,2143,14,20,2026-06-22,2026-08-07,Hypertension
4707,4736,39,17,2024-12-21,2026-08-09,Hypertension
4708,4658,197,13,2026-06-24,2026-08-11,Fracture
4709,2008,207,6,2025-02-24,2026-02-07,Fracture
4710,2538,29,15,2025-08-28,2026-04-23,Hypertension
4711,512,141,11,2024-08-26,2026-08-01,Covid
4712,2166,177,15,2025-12-01,2026-01-17,Cancer
4713,1661,88,4,2026-05-01,2026-05-02,Stroke
4714,1001,54,7,2024-09-07,2026-03-22,Migraine
4715,3670,11,15,2025-05-28,2026-03-10,Kidney Stones
4716,192,184,18,2025-05-25,2026-06-14,Covid
4717,163,210,2,2026-03-05,2026-05-03,Fracture
4718,3772,23,4,2025-04-15,2025-08-28,Kidney Stones
4719,1153,184,1,2026-01-30,2026-06-17,Pneumonia
4720,2844,23,18,2025-02-23,2026-07-04,Stroke
4721,90,228,15,2025-06-01,2025-09-23,Covid
4722,4651,3,3,2025-01-18,2026-03-29,Covid
4723,148,3,13,2025-09-21,2026-08-14,Cancer
4724,2125,238,17,2026-07-25,2026-08-04,Diabetes
4725,602,227,5,2025-10-15,2026-06-15,Kidney Stones
4726,4229,224,7,2025-11-30,2026-03-16,Pneumonia
4727,1408,221,12,2025-06-14,2025-06-19,Migraine
4728,4267,74,16,2025-02-20,2025-07-02,Hypertension
4729,315,52,11,2025-01-30,2025-09-24,Migraine
4730,4208,214,8,2024-09-14,2025-04-18,Pneumonia
4731,2580,6,9,2025-09-11,2026-07-21,Migraine
4732,530,50,14,2025-08-15,2026-04-12,Diabetes
4733,2747,74,16,2025-02-25,2025-10-19,Covid
4734,2561,131,1,2026-07-10,2026-08-15,Kidney Stones
4735,4426,232,3,2026-02-23,2026-03-19,Migraine
4736,1310,9,11,2026-01-31,2026-02-20,Pneumonia
4737,953,106,10,2026-05-20,2026-07-02,Kidney Stones
4738,2748,102,14,2024-11-03,2025-07-30,Migraine
4739,914,143,15,2025-09-06,2025-10-05,Stroke
4740,267,50,15,2026-06-17,2026-07-20,Diabetes
4741,565,118,12,2026-01-02,2026-06-26,Fracture
4742,4878,20,12,2025-06-11,2025-09-24,Hypertension
4743,3818,89,14,2026-02-09,2026-05-07,Migraine
4744,715,65,16,2025-02-15,2025-03-25,Pneumonia
4745,3856,85,20,2026-05-02,2026-07-15,Covid
4746,3964,153,8,2026-06-01,2026-06-04,Kidney Stones
4747,2888,123,7,2026-06-03,2026-07-20,Cancer
4748,1105,71,5,2025-01-16,2025-05-05,Fracture
4749,630,49,17,2024-11-06,2025-10-20,Asthma
4750,2090,29,18,2025-07-31,2026-04-17,Covid
4751,23,207,20,2025-01-24,2025-03-31,Cancer
4752,1439,206,15,2025-11-19,2026-08-10,Covid
4753,1150,27,10,2025-10-27,2026-01-18,Covid
4754,3323,74,10,2024-08-09,2025-10-07,Pneumonia
4755,3544,184,4,2025-11-17,2025-12-15,Kidney Stones
4756,3953,243,7,2026-04-10,2026-05-31,Covid
4757,1946,26,2,2025-03-19,2026-02-23,Cancer
4758,3330,68,5,2026-02-09,2026-06-16,Migraine
4759,2923,162,10,2026-06-04,2026-08-10,Stroke
4760,2600,150,14,2025-03-08,2025-12-26,Cancer
4761,544,174,13,2025-05-26,2026-07-07,Covid
4762,4034,16,12,2025-06-09,2026-01-21,Stroke
4763,1971,219,10,2025-02-09,2026-08-01,Cancer
4764,1072,116,20,2024-08-26,2024-10-17,Asthma
4765,3993,69,10,2024-09-10,2025-11-12,Asthma
4766,4616,169,14,2025-06-09,2025-08-17,Migraine
4767,3832,232,18,2024-11-01,2025-10-01,Diabetes
4768,1340,217,11,2026-04-26,2026-06-30,Stroke
4769,900,80,19,2026-01-15,2026-04-05,Diabetes
4770,384,125,16,2025-02-05,2026-02-08,Kidney Stones
4771,104,69,20,2024-09-11,2026-07-12,Kidney Stones
4772,461,15,8,2024-10-11,2025-08-30,Asthma
4773,1835,179,13,2026-07-07,2026-07-07,Cancer
4774,3971,157,8,2025-08-11,2025-09-07,Diabetes
4775,2458,1,4,2025-09-11,2026-02-24,Fracture
4776,917,56,5,2026-07-02,2026-07-25,Cancer
4777,65,13,7,2025-12-29,2026-04-13,Kidney Stones
4778,3674,74,17,2025-09-28,2025-12-26,Hypertension
4779,3321,121,12,2025-02-18,2025-12-24,Hypertension
4780,847,164,7,2025-12-19,2026-06-05,Diabetes
4781,3896,10,11,2025-03-06,2026-06-06,Migraine
4782,1146,60,18,2026-02-17,2026-07-07,Covid
4783,293,107,16,2024-08-08,2025-12-07,Fracture
4784,3471,88,3,2024-11-15,2025-03-18,Migraine
4785,122,69,17,2024-09-20,2026-08-15,Migraine
4786,703,32,6,2025-09-27,2026-07-11,Diabetes
4787,1270,133,5,2024-12-21,2026-07-14,Diabetes
4788,88,124,15,2025-04-08,2025-12-13,Diabetes
4789,2366,13,18,2026-04-13,2026-07-02,Kidney Stones
4790,1101,48,2,2025-06-07,2025-12-03,Migraine
4791,4231,237,15,2025-12-21,2026-01-11,Covid
4792,1453,41,18,2024-11-10,2025-07-17,Kidney Stones
4793,825,71,1,2024-10-18,2026-02-13,Stroke
4794,2122,102,7,2025-06-21,2026-04-03,Asthma
4795,3986,125,20,2026-04-14,2026-06-06,Cancer
4796,2893,46,16,2024-09-29,2026-01-31,Stroke
4797,1530,59,20,2025-09-14,2025-11-11,Hypertension
4798,460,216,4,2025-01-31,2025-08-21,Migraine
4799,4662,122,13,2025-09-30,2026-07-04,Stroke
4800,2663,112,17,2025-07-08,2025-09-08,Asthma
4801,3674,105,20,2026-02-17,2026-08-10,Kidney Stones
4802,1029,240,2,2025-03-17,2025-09-27,Pneumonia
4803,3467,132,4,2024-09-30,2025-11-21,Diabetes
4804,751,193,13,2025-06-13,2026-05-22,Asthma
4805,3856,205,18,2026-02-15,2026-08-04,Stroke
4806,3157,235,17,2025-03-15,2025-05-18,Pneumonia
4807,4753,210,7,2026-07-27,2026-08-08,Asthma
4808,4035,60,17,2025-10-20,2026-01-24,Fracture
4809,3167,82,4,2026-03-16,2026-05-09,Stroke
4810,657,81,9,2026-06-26,2026-07-31,Pneumonia
4811,3405,84,20,2025-09-05,2026-01-25,Kidney Stones
4812,3006,52,12,2024-08-25,2026-01-26,Fracture
4813,3254,195,4,2026-07-30,2026-08-15,Pneumonia
4814,983,159,5,2026-04-19,2026-04-22,Hypertension
4815,702,103,7,2026-03-29,2026-07-05,Kidney Stones
4816,956,143,8,2025-08-09,2025-09-08,Diabetes
4817,425,208,10,2026-06-06,2026-08-09,Covid
4818,786,248,6,2025-08-08,2025-08-18,Stroke
4819,2932,231,10,2025-08-04,2025-12-04,Diabetes
4820,3232,225,9,2024-09-11,2024-10-20,Diabetes
4821,628,141,5,2025-12-11,2026-04-08,Covid
4822,3484,130,3,2025-06-05,2025-11-02,Covid
4823,507,20,17,2026-06-07,2026-06-29,Diabetes
4824,3354,3,8,2026-06-14,2026-07-16,Asthma
4825,4885,68,5,2026-06-24,2026-08-09,Migraine
4826,994,35,15,2026-06-16,2026-08-07,Asthma
4827,2064,144,10,2025-12-26,2026-03-17,Hypertension
4828,3900,36,8,2025-12-17,2026-05-16,Migraine
4829,3853,140,1,2025-04-07,2026-04-15,Pneumonia
4830,1055,40,3,2026-02-24,2026-04-02,Kidney Stones
4831,2915,76,20,2025-11-12,2026-07-17,Diabetes
4832,2419,32,5,2025-12-30,2026-07-11,Asthma
4833,4184,138,2,2026-04-04,2026-08-17,Pneumonia
4834,1851,205,2,2026-01-24,2026-04-06,Hypertension
4835,2294,81,13,2025-04-08,2025-07-15,Hypertension
4836,1835,191,8,2025-03-22,2025-12-02,Diabetes
4837,2711,179,4,2025-12-12,2026-07-19,Covid
4838,2771,73,13,2025-01-31,2026-03-31,Kidney Stones
4839,2472,69,5,2025-10-29,2026-02-20,Covid
4840,3392,90,14,2025-09-03,2026-07-06,Asthma
4841,4800,137,17,2024-11-25,2025-07-15,Hypertension
4842,913,140,10,2026-01-16,2026-02-08,Stroke
4843,4277,186,12,2026-06-10,2026-07-02,Covid
4844,3083,102,6,2025-09-11,2026-02-13,Hypertension
4845,1085,45,1,2025-10-25,2026-07-18,Asthma
4846,1443,83,13,2026-04-03,2026-07-16,Pneumonia
4847,3952,43,2,2024-12-01,2026-02-04,Hypertension
4848,2375,250,19,2025-12-06,2026-01-21,Kidney Stones
4849,2749,228,8,2025-11-09,2026-07-15,Hypertension
4850,4129,237,5,2025-10-09,2026-05-05,Pneumonia
4851,532,248,20,2024-10-31,2026-04-09,Asthma
4852,4536,221,17,2025-10-30,2026-01-27,Covid
4853,3764,113,7,2026-02-14,2026-05-30,Diabetes
4854,2853,168,4,2025-01-13,2026-04-11,Kidney Stones
4855,1341,156,13,2025-04-20,2026-05-08,Fracture
4856,4331,64,15,2025-07-23,2026-03-25,Covid
4857,4885,119,19,2025-12-30,2026-04-13,Pneumonia
4858,2995,56,8,2026-03-10,2026-07-04,Diabetes
4859,65,82,15,2026-07-10,2026-07-22,Hypertension
4860,2745,196,3,2025-02-08,2025-05-15,Diabetes
4861,4678,156,11,2024-09-10,2025-10-25,Covid
4862,167,138,12,2025-10-25,2026-01-30,Kidney Stones
4863,1957,3,14,2026-02-09,2026-07-07,Hypertension
4864,200,39,12,2024-09-21,2026-07-07,Asthma
4865,3787,195,17,2026-06-30,2026-08-03,Hypertension
4866,2760,35,12,2025-08-08,2026-05-03,Kidney Stones
4867,3462,167,12,2025-02-26,2026-05-12,Pneumonia
4868,3013,244,14,2025-09-04,2025-10-08,Diabetes
4869,1204,99,7,2025-02-03,2025-07-25,Pneumonia
4870,69,58,5,2026-03-23,2026-07-07,Asthma
4871,2086,128,5,2024-12-24,2025-03-31,Pneumonia
4872,2334,127,16,2026-01-02,2026-07-28,Fracture
4873,810,107,9,2025-12-03,2026-05-09,Cancer
4874,3645,241,9,2024-10-24,2026-05-27,Fracture
4875,4607,122,6,2026-01-25,2026-08-14,Pneumonia
4876,4776,225,10,2026-06-15,2026-08-15,Asthma
4877,1884,26,2,2025-04-11,2025-04-17,Stroke
4878,2226,18,13,2026-03-20,2026-08-09,Stroke
4879,283,67,4,2025-05-27,2026-03-16,Diabetes
4880,213,157,2,2024-09-21,2025-02-13,Pneumonia
4881,3203,32,4,2026-07-11,2026-07-25,Fracture
4882,4637,187,12,2026-06-29,2026-07-21,Stroke
4883,1674,232,10,2026-01-30,2026-03-20,Pneumonia
4884,40,36,5,2024-11-02,2025-04-06,Hypertension
4885,2529,229,19,2024-12-04,2025-10-19,Diabetes
4886,175,89,6,2025-03-24,2026-03-28,Asthma
4887,2080,156,19,2025-04-22,2026-02-15,Stroke
4888,2479,11,20,2025-06-22,2025-07-28,Cancer
4889,2151,179,8,2026-07-20,2026-08-05,Fracture
4890,610,36,10,2025-07-20,2026-04-28,Diabetes
4891,1920,217,19,2025-06-20,2025-09-20,Asthma
4892,3710,175,6,2025-07-05,2026-04-09,Pneumonia
4893,2271,215,12,2025-04-10,2026-06-02,Hypertension
4894,4043,206,4,2025-10-06,2026-05-21,Covid
4895,3101,20,4,2024-11-27,2025-06-03,Hypertension
4896,1808,87,2,2024-10-23,2025-07-31,Hypertension
4897,925,43,11,2026-01-16,2026-07-30,Asthma
4898,2303,51,19,2026-04-03,2026-05-06,Covid
4899,3816,151,2,2026-05-19,2026-06-30,Diabetes
4900,4684,95,13,2025-11-29,2026-07-29,Migraine
4901,310,247,13,2025-01-10,2026-05-04,Pneumonia
4902,1547,49,4,2025-02-12,2026-07-21,Fracture
4903,180,4,7,2026-03-11,2026-05-10,Hypertension
4904,2595,226,3,2026-06-02,2026-06-16,Stroke
4905,4130,56,17,2026-01-29,2026-07-22,Asthma
4906,4014,5,5,2024-11-01,2026-04-29,Hypertension
4907,1807,49,16,2026-03-17,2026-04-15,Hypertension
4908,1264,197,9,2025-11-09,2026-04-14,Cancer
4909,2323,67,6,2026-05-17,2026-05-26,Hypertension
4910,2898,4,6,2025-01-15,2026-05-11,Cancer
4911,1499,229,10,2024-09-07,2025-06-15,Diabetes
4912,4339,13,17,2026-01-16,2026-01-24,Stroke
4913,3946,239,6,2026-01-18,2026-07-01,Diabetes
4914,4945,50,8,2026-02-13,2026-04-18,Stroke
4915,4802,219,15,2026-07-23,2026-07-27,Asthma
4916,2554,241,14,2024-10-02,2025-01-23,Fracture
4917,317,77,16,2026-07-21,2026-08-12,Hypertension
4918,1955,164,4,2025-01-19,2025-08-27,Pneumonia
4919,3396,139,1,2025-06-24,2025-08-09,Cancer
4920,783,132,5,2025-06-18,2026-03-19,Pneumonia
4921,70,37,2,2025-02-22,2025-08-15,Asthma
4922,817,66,18,2024-11-28,2026-01-08,Pneumonia
4923,4573,144,5,2026-01-09,2026-08-13,Fracture
4924,1342,191,10,2024-11-13,2025-09-14,Asthma
4925,4179,176,11,2025-04-02,2026-02-09,Fracture
4926,2269,5,10,2025-12-08,2026-04-11,Hypertension
4927,2649,54,15,2025-05-29,2025-10-01,Hypertension
4928,4336,182,18,2025-03-07,2025-12-29,Migraine
4929,1843,243,4,2024-08-12,2025-12-24,Pneumonia
4930,4417,248,5,2024-12-14,2025-09-03,Cancer
4931,3696,45,12,2025-03-28,2026-02-17,Diabetes
4932,1271,75,10,2025-07-29,2026-03-25,Stroke
4933,2842,42,20,2026-05-20,2026-05-31,Stroke
4934,3232,3,12,2026-03-12,2026-07-29,Stroke
4935,4563,192,5,2025-09-26,2025-12-22,Fracture
4936,2585,163,16,2026-06-16,2026-06-18,Hypertension
4937,3690,161,18,2025-05-07,2025-06-30,Fracture
4938,650,237,8,2025-01-14,2025-03-09,Fracture
4939,981,82,14,2024-08-25,2024-09-16,Stroke
4940,2784,118,10,2025-09-24,2026-02-12,Cancer
4941,2562,7,9,2024-12-29,2025-12-15,Migraine
4942,3772,55,13,2026-03-30,2026-07-03,Hypertension
4943,4929,34,13,2026-07-20,2026-08-15,Stroke
4944,4567,3,13,2025-08-18,2026-05-23,Stroke
4945,345,80,9,2024-11-18,2025-11-04,Hypertension
4946,1467,82,2,2025-04-10,2025-06-14,Hypertension
4947,4392,228,20,2025-04-11,2026-02-17,Kidney Stones
4948,1898,63,11,2024-11-26,2025-05-30,Migraine
4949,2069,24,2,2025-02-21,2026-04-17,Hypertension
4950,1461,98,15,2025-10-14,2026-07-20,Diabetes
4951,1652,143,13,2026-05-06,2026-08-05,Diabetes
4952,4193,86,3,2024-11-16,2025-03-09,Cancer
4953,2907,47,5,2025-09-13,2026-06-30,Asthma
4954,3445,96,14,2026-02-02,2026-04-22,Asthma
4955,4285,161,16,2024-10-04,2025-09-04,Migraine
4956,1050,101,14,2025-04-20,2025-09-05,Stroke
4957,440,171,20,2025-06-20,2025-10-18,Kidney Stones
4958,4757,55,13,2025-02-27,2025-05-21,Diabetes
4959,2328,36,7,2024-11-03,2025-07-25,Asthma
4960,238,111,2,2026-01-26,2026-06-08,Fracture
4961,1281,230,20,2026-02-21,2026-04-02,Migraine
4962,850,86,19,2026-07-27,2026-08-03,Migraine
4963,1115,11,11,2025-02-08,2026-05-24,Diabetes
4964,2635,165,10,2025-08-27,2025-10-17,Pneumonia
4965,2370,56,18,2026-01-28,2026-03-08,Kidney Stones
4966,4479,191,12,2025-12-21,2026-03-07,Fracture
4967,3837,39,19,2025-11-18,2026-07-15,Covid
4968,2763,204,4,2026-05-31,2026-05-31,Fracture
4969,2685,151,2,2025-10-06,2026-03-23,Stroke
4970,2312,149,2,2026-03-28,2026-06-16,Asthma
4971,1231,81,16,2025-03-03,2026-07-28,Covid
4972,1324,96,4,2025-05-19,2026-06-07,Stroke
4973,3076,204,6,2026-05-06,2026-06-15,Diabetes
4974,1052,99,7,2024-10-06,2025-04-16,Cancer
4975,1650,233,4,2026-03-24,2026-04-12,Stroke
4976,1790,10,3,2025-05-08,2026-06-04,Fracture
4977,2892,157,19,2025-06-22,2025-07-03,Fracture
4978,4012,70,19,2025-04-04,2025-08-14,Asthma
4979,128,22,16,2024-11-28,2026-01-08,Migraine
4980,934,237,19,2025-04-24,2025-08-03,Fracture
4981,3999,208,20,2025-02-25,2025-03-10,Asthma
4982,4246,97,4,2025-08-13,2025-10-12,Kidney Stones
4983,1029,150,6,2025-04-24,2026-02-04,Diabetes
4984,1419,21,4,2024-10-30,2025-09-25,Migraine
4985,447,8,18,2025-07-25,2025-12-10,Migraine
4986,863,236,5,2025-03-14,2025-05-01,Asthma
4987,1093,101,4,2025-12-18,2026-03-29,Hypertension
4988,57,58,14,2025-06-02,2025-09-03,Pneumonia
4989,2754,148,16,2026-01-17,2026-01-29,Kidney Stones
4990,4963,5,12,2026-07-03,2026-08-11,Hypertension
4991,1581,80,20,2024-12-13,2026-06-23,Pneumonia
4992,2839,213,7,2025-07-14,2025-08-28,Hypertension
4993,4935,55,9,2025-04-29,2026-03-01,Kidney Stones
4994,2583,224,19,2025-09-09,2026-05-02,Pneumonia
4995,4163,151,8,2026-04-10,2026-05-31,Asthma
4996,2746,97,5,2026-01-02,2026-01-06,Kidney Stones
4997,3270,230,1,2025-07-06,2025-09-12,Stroke
4998,3421,42,12,2025-12-29,2026-03-26,Kidney Stones
4999,845,6,16,2025-03-26,2025-05-02,Kidney Stones
5000,3184,59,15,2026-01-03,2026-02-24,Pneumonia
5001,3237,181,2,2025-09-06,2026-07-20,Diabetes
5002,3206,164,10,2024-12-26,2025-05-05,Stroke
5003,4380,193,4,2025-06-26,2026-06-23,Hypertension
5004,4709,221,6,2026-01-18,2026-04-07,Cancer
5005,2511,9,12,2025-06-02,2026-03-24,Fracture
5006,475,170,17,2025-02-14,2025-11-28,Stroke
5007,4115,142,15,2025-12-14,2026-04-23,Covid
5008,2831,239,5,2026-05-24,2026-07-27,Fracture
5009,3877,241,1,2026-07-20,2026-08-16,Kidney Stones
5010,3246,1,2,2025-03-09,2025-12-08,Migraine
5011,1908,45,16,2026-02-09,2026-03-13,Asthma
5012,1527,231,8,2025-06-12,2026-05-14,Pneumonia
5013,1445,174,13,2026-03-26,2026-06-28,Fracture
5014,4369,66,13,2025-11-11,2025-12-14,Covid
5015,3378,29,12,2026-04-23,2026-06-02,Migraine
5016,3001,226,3,2025-07-17,2026-02-22,Fracture
5017,3121,94,13,2025-03-15,2025-10-08,Fracture
5018,3479,161,5,2025-10-24,2026-06-02,Asthma
5019,1736,223,15,2024-09-02,2026-01-02,Cancer
5020,626,152,10,2024-08-29,2025-02-25,Migraine
5021,475,112,2,2026-06-01,2026-06-11,Diabetes
5022,955,18,18,2024-11-04,2025-11-26,Kidney Stones
5023,3705,229,8,2025-06-08,2025-11-17,Pneumonia
5024,3806,126,12,2025-07-26,2025-11-01,Migraine
5025,3484,200,13,2026-01-23,2026-03-05,Pneumonia
5026,4952,9,2,2025-06-09,2026-05-30,Fracture
5027,4568,181,14,2025-08-18,2026-04-12,Cancer
5028,31,236,9,2025-03-25,2026-08-13,Fracture
5029,3377,167,1,2026-04-14,2026-06-14,Migraine
5030,2794,78,11,2024-09-28,2025-05-10,Asthma
5031,770,187,20,2025-02-27,2026-06-10,Pneumonia
5032,3533,45,14,2025-02-13,2025-08-27,Stroke
5033,1055,206,13,2025-03-02,2025-10-19,Diabetes
5034,350,47,10,2025-03-26,2025-07-11,Covid
5035,2889,34,19,2026-02-15,2026-04-17,Pneumonia
5036,1892,179,4,2025-08-06,2025-11-18,Asthma
5037,757,210,4,2025-08-15,2025-09-08,Kidney Stones
5038,3326,36,2,2026-08-02,2026-08-17,Asthma
5039,1916,204,10,2025-08-28,2026-03-22,Covid
5040,397,220,11,2025-07-06,2026-01-30,Stroke
5041,3411,191,18,2025-05-14,2026-07-29,Migraine
5042,1185,11,10,2025-10-14,2026-04-24,Covid
5043,607,23,6,2025-02-10,2026-05-06,Pneumonia
5044,2896,190,16,2025-08-30,2025-11-13,Pneumonia
5045,2764,58,12,2025-10-23,2026-02-18,Cancer
5046,508,238,18,2026-01-12,2026-06-08,Migraine
5047,637,207,18,2025-02-05,2025-06-04,Hypertension
5048,405,1,20,2025-12-23,2026-01-24,Fracture
5049,4636,149,13,2024-12-26,2025-09-08,Asthma
5050,4927,22,20,2024-12-20,2026-02-23,Cancer
5051,557,150,7,2024-09-09,2025-09-18,Kidney Stones
5052,3005,58,3,2026-08-05,2026-08-15,Hypertension
5053,3885,180,7,2026-05-23,2026-06-25,Migraine
5054,3516,162,11,2024-11-05,2025-10-12,Pneumonia
5055,4605,40,19,2025-12-01,2026-05-23,Hypertension
5056,1618,217,4,2025-09-23,2026-04-02,Pneumonia
5057,1184,23,6,2026-05-22,2026-06-03,Cancer
5058,2910,112,1,2025-06-17,2025-08-17,Asthma
5059,3413,106,18,2026-08-04,2026-08-08,Cancer
5060,2583,158,10,2026-02-01,2026-07-05,Hypertension
5061,2862,44,12,2025-02-04,2026-08-03,Fracture
5062,828,199,7,2024-11-18,2026-04-12,Migraine
5063,3922,64,14,2024-08-08,2025-07-29,Asthma
5064,1896,147,1,2024-11-07,2025-07-28,Fracture
5065,2968,215,17,2026-01-01,2026-04-01,Fracture
5066,2853,116,9,2024-11-11,2025-07-13,Stroke
5067,1102,16,3,2025-10-20,2026-07-31,Cancer
5068,4357,230,9,2025-01-31,2025-08-12,Migraine
5069,3015,176,1,2024-09-29,2025-06-21,Cancer
5070,632,13,20,2025-06-22,2025-12-10,Hypertension
5071,3779,126,18,2025-01-07,2025-02-22,Pneumonia
5072,2915,152,14,2024-10-30,2026-02-06,Diabetes
5073,4940,21,12,2025-07-26,2026-03-07,Pneumonia
5074,3878,95,9,2025-04-15,2026-01-11,Asthma
5075,974,240,3,2024-10-21,2024-11-09,Asthma
5076,3208,246,4,2025-09-01,2026-05-23,Hypertension
5077,117,122,9,2025-09-04,2026-03-18,Diabetes
5078,1793,230,14,2025-10-19,2026-03-05,Stroke
5079,2073,21,2,2026-01-29,2026-04-21,Asthma
5080,4913,12,3,2025-05-13,2026-03-09,Cancer
5081,4139,187,12,2025-04-14,2025-08-03,Hypertension
5082,4614,213,14,2026-06-29,2026-08-11,Covid
5083,1708,98,3,2025-11-30,2026-05-20,Covid
5084,1891,61,2,2025-03-21,2025-06-28,Fracture
5085,1160,149,14,2026-04-29,2026-07-14,Fracture
5086,3452,130,11,2024-09-17,2025-08-19,Stroke
5087,3271,126,11,2024-09-21,2024-10-18,Asthma
5088,989,222,7,2026-07-12,2026-07-15,Hypertension
5089,2156,42,14,2025-08-08,2026-01-07,Stroke
5090,4842,2,10,2024-10-07,2026-04-05,Fracture
5091,2530,249,14,2026-03-11,2026-07-06,Pneumonia
5092,2154,14,15,2024-10-20,2025-04-15,Migraine
5093,871,31,2,2026-05-22,2026-05-25,Stroke
5094,3427,90,5,2024-09-22,2025-05-18,Hypertension
5095,283,56,4,2026-05-12,2026-06-22,Migraine
5096,1961,163,7,2025-12-15,2026-05-23,Covid
5097,355,163,3,2025-06-28,2025-07-17,Pneumonia
5098,1542,6,19,2024-10-28,2026-06-24,Pneumonia
5099,4679,235,5,2026-04-30,2026-08-14,Pneumonia
5100,167,27,9,2025-09-03,2026-07-19,Covid
5101,1109,34,20,2024-09-05,2025-12-21,Hypertension
5102,2034,221,11,2025-06-29,2026-06-03,Fracture
5103,2606,121,5,2024-12-14,2026-05-01,Migraine
5104,1714,19,10,2025-07-28,2026-01-04,Kidney Stones
5105,4568,145,14,2025-03-22,2026-01-18,Pneumonia
5106,1848,31,5,2025-03-15,2025-07-13,Pneumonia
5107,104,20,8,2025-05-05,2026-08-12,Fracture
5108,4885,165,5,2025-02-11,2025-03-12,Migraine
5109,749,70,12,2025-11-16,2026-01-06,Fracture
5110,128,142,1,2025-06-24,2026-02-13,Hypertension
5111,3937,106,16,2026-06-24,2026-07-16,Covid
5112,3518,131,9,2026-01-12,2026-05-13,Diabetes
5113,908,80,11,2025-02-20,2025-10-03,Diabetes
5114,4964,103,12,2025-07-27,2026-05-17,Diabetes
5115,4112,157,16,2025-10-24,2026-02-17,Cancer
5116,1892,235,17,2026-07-18,2026-08-16,Diabetes
5117,2103,36,9,2025-12-16,2026-07-26,Fracture
5118,1160,95,2,2024-09-21,2026-01-01,Kidney Stones
5119,4685,118,8,2025-05-07,2025-12-28,Cancer
5120,345,52,17,2025-03-06,2026-04-07,Fracture
5121,3624,173,2,2025-08-13,2026-06-21,Fracture
5122,4925,244,13,2026-01-26,2026-08-13,Kidney Stones
5123,3636,218,9,2024-11-07,2026-07-17,Fracture
5124,2504,75,2,2026-02-24,2026-02-28,Fracture
5125,767,187,20,2026-06-06,2026-08-17,Hypertension
5126,2823,183,15,2025-01-06,2026-06-11,Asthma
5127,2240,40,10,2025-05-23,2026-03-19,Stroke
5128,4224,66,3,2024-08-27,2024-11-09,Covid
5129,3292,149,3,2025-05-10,2026-05-25,Migraine
5130,4099,24,14,2025-03-30,2026-05-11,Pneumonia
5131,130,202,5,2025-04-05,2025-10-23,Diabetes
5132,64,214,12,2024-12-09,2026-01-21,Kidney Stones
5133,2053,150,18,2026-03-14,2026-07-15,Cancer
5134,1397,117,7,2026-07-15,2026-08-03,Migraine
5135,168,115,7,2026-05-13,2026-07-29,Hypertension
5136,4645,140,1,2024-11-20,2025-02-15,Hypertension
5137,4180,116,15,2025-05-29,2025-06-12,Asthma
5138,4654,141,20,2025-03-06,2026-04-30,Migraine
5139,2424,113,16,2025-12-09,2026-06-05,Cancer
5140,2450,119,13,2025-10-02,2026-07-08,Covid
5141,2140,197,7,2026-03-12,2026-06-15,Pneumonia
5142,165,114,2,2026-01-12,2026-04-01,Migraine
5143,3311,52,3,2025-05-20,2025-09-26,Stroke
5144,3171,242,20,2024-12-30,2025-05-09,Diabetes
5145,1744,77,5,2026-04-24,2026-07-21,Pneumonia
5146,1857,7,16,2025-11-09,2026-02-20,Covid
5147,1111,137,13,2025-12-16,2026-07-01,Covid
5148,996,30,8,2025-05-27,2026-04-21,Stroke
5149,4426,214,15,2024-09-11,2025-09-14,Asthma
5150,4655,6,14,2026-03-03,2026-05-06,Kidney Stones
5151,4831,184,13,2025-12-03,2026-03-01,Cancer
5152,4046,131,5,2025-09-24,2026-04-13,Pneumonia
5153,3152,23,10,2024-10-24,2025-02-17,Pneumonia
5154,4616,46,15,2024-09-01,2025-10-02,Covid
5155,4071,79,12,2026-01-26,2026-04-12,Hypertension
5156,245,208,3,2024-10-22,2025-09-21,Hypertension
5157,4052,5,7,2024-11-21,2026-03-31,Kidney Stones
5158,3005,220,9,2025-08-01,2026-07-07,Kidney Stones
5159,4427,247,4,2026-02-12,2026-06-20,Stroke
5160,853,127,8,2025-06-26,2025-08-15,Covid
5161,2710,242,2,2025-11-28,2026-05-06,Covid
5162,185,46,5,2024-12-06,2025-07-05,Hypertension
5163,1187,210,7,2026-02-20,2026-04-21,Migraine
5164,1662,146,5,2025-10-05,2026-02-23,Fracture
5165,1388,181,9,2025-07-28,2026-02-09,Diabetes
5166,1740,11,20,2024-11-14,2025-01-20,Hypertension
5167,1877,220,5,2024-08-27,2026-08-15,Diabetes
5168,369,53,18,2025-04-24,2026-04-05,Kidney Stones
5169,3165,68,8,2025-12-09,2026-03-18,Fracture
5170,2919,129,1,2025-04-01,2025-07-04,Migraine
5171,4836,211,3,2026-04-25,2026-05-08,Migraine
5172,2067,87,14,2026-03-06,2026-03-15,Pneumonia
5173,1263,207,2,2024-09-30,2025-04-10,Stroke
5174,3881,222,6,2025-09-03,2026-03-03,Cancer
5175,3722,71,1,2026-06-05,2026-08-15,Covid
5176,2766,130,14,2024-12-10,2025-08-08,Stroke
5177,3007,70,14,2026-01-25,2026-05-04,Migraine
5178,3222,212,3,2025-09-17,2025-12-13,Migraine
5179,2735,131,12,2026-05-27,2026-07-15,Pneumonia
5180,4181,236,11,2026-02-23,2026-06-02,Covid
5181,3622,219,20,2026-05-16,2026-07-04,Stroke
5182,4542,44,8,2025-11-06,2026-07-27,Hypertension
5183,2548,75,5,2025-11-21,2026-04-27,Stroke
5184,2952,183,5,2026-06-06,2026-06-19,Fracture
5185,1968,146,17,2025-12-26,2026-06-21,Stroke
5186,3964,7,8,2024-08-16,2025-04-07,Pneumonia
5187,3733,54,12,2026-07-01,2026-07-09,Hypertension
5188,1941,189,18,2026-03-17,2026-04-03,Fracture
5189,2560,147,2,2025-06-26,2026-07-21,Pneumonia
5190,4927,132,20,2026-01-27,2026-02-17,Asthma
5191,3174,95,8,2025-02-01,2025-10-30,Hypertension
5192,2400,231,7,2025-01-26,2025-08-29,Stroke
5193,2549,14,20,2025-01-31,2026-01-05,Covid
5194,1222,243,5,2026-07-09,2026-07-17,Hypertension
5195,4714,209,13,2026-05-14,2026-08-01,Asthma
5196,776,85,14,2025-02-19,2025-04-10,Covid
5197,3583,78,14,2024-12-01,2026-04-07,Diabetes
5198,3248,132,12,2026-01-19,2026-06-13,Kidney Stones
5199,3752,233,17,2025-10-06,2026-08-10,Pneumonia
5200,1560,126,9,2024-09-28,2025-03-22,Kidney Stones
5201,3279,106,8,2025-03-26,2025-05-06,Stroke
5202,1788,4,15,2025-01-14,2025-02-07,Asthma
5203,782,216,14,2025-10-23,2026-03-16,Cancer
5204,3615,124,11,2024-08-26,2026-01-24,Stroke
5205,2769,80,3,2025-09-13,2026-07-02,Stroke
5206,374,25,17,2025-04-23,2025-09-04,Pneumonia
5207,410,130,16,2024-08-14,2025-05-14,Covid
5208,937,240,17,2025-12-11,2026-01-06,Stroke
5209,794,109,10,2025-03-14,2026-01-10,Stroke
5210,3937,237,13,2024-10-27,2025-06-23,Hypertension
5211,2921,190,12,2025-03-26,2025-08-02,Cancer
5212,4360,244,10,2025-11-23,2026-04-02,Migraine
5213,304,25,15,2026-05-23,2026-06-09,Diabetes
5214,2077,194,12,2025-12-18,2026-07-28,Kidney Stones
5215,3208,203,19,2024-12-10,2026-08-07,Covid
5216,1585,159,12,2025-11-29,2026-07-07,Pneumonia
5217,4300,78,2,2026-03-02,2026-06-29,Diabetes
5218,2969,164,6,2026-06-16,2026-08-04,Asthma
5219,4041,138,4,2025-01-24,2026-01-06,Asthma
5220,937,50,15,2025-02-01,2026-05-18,Asthma
5221,4450,170,3,2025-06-13,2026-04-07,Kidney Stones
5222,690,57,6,2025-07-09,2026-04-25,Migraine
5223,895,76,4,2024-12-26,2025-02-22,Stroke
5224,2604,105,12,2025-05-18,2025-12-04,Covid
5225,798,209,13,2025-02-15,2025-09-16,Cancer
5226,4739,37,14,2025-02-28,2025-03-17,Pneumonia
5227,4411,98,13,2025-03-14,2026-07-29,Migraine
5228,4872,241,12,2026-01-10,2026-07-23,Stroke
5229,3182,165,16,2025-03-26,2025-06-23,Pneumonia
5230,108,117,3,2024-11-07,2025-04-24,Migraine
5231,2978,229,6,2025-02-14,2025-05-28,Hypertension
5232,4751,177,5,2025-01-20,2025-10-18,Asthma
5233,3612,16,16,2024-09-01,2025-09-30,Fracture
5234,2182,117,2,2025-02-16,2026-01-30,Pneumonia
5235,4292,187,11,2025-09-16,2026-07-10,Asthma
5236,1065,241,10,2026-07-17,2026-07-31,Covid
5237,3561,187,2,2024-09-27,2025-10-05,Pneumonia
5238,4543,20,16,2026-03-02,2026-07-20,Fracture
5239,2363,197,6,2025-04-17,2026-07-08,Pneumonia
5240,2679,156,7,2026-02-02,2026-07-24,Asthma
5241,2296,168,13,2024-09-15,2024-12-14,Diabetes
5242,1370,60,2,2025-01-03,2025-11-22,Asthma
5243,4765,218,2,2025-10-21,2025-11-30,Stroke
5244,651,67,14,2025-07-10,2026-01-24,Migraine
5245,169,95,1,2026-02-03,2026-03-07,Diabetes
5246,821,185,7,2025-03-28,2025-07-29,Hypertension
5247,2811,124,20,2025-06-11,2025-08-12,Pneumonia
5248,2120,64,19,2025-11-22,2026-02-18,Kidney Stones
5249,2352,216,4,2025-01-18,2025-11-08,Kidney Stones
5250,1174,223,4,2025-02-25,2026-07-06,Fracture
5251,633,238,6,2024-11-29,2026-02-23,Kidney Stones
5252,2040,137,3,2025-08-18,2026-03-16,Covid
5253,4737,90,7,2025-01-29,2026-04-22,Fracture
5254,2442,224,11,2026-07-22,2026-08-14,Diabetes
5255,3953,244,4,2026-05-15,2026-06-20,Kidney Stones
5256,2043,118,2,2026-04-08,2026-08-14,Migraine
5257,1710,175,12,2025-12-02,2026-02-27,Stroke
5258,1762,167,13,2025-01-31,2025-07-24,Covid
5259,2845,50,1,2025-05-30,2025-06-11,Hypertension
5260,1455,40,2,2025-05-10,2025-12-25,Covid
5261,3319,189,6,2025-02-05,2025-08-24,Pneumonia
5262,2840,82,12,2026-08-05,2026-08-07,Hypertension
5263,3389,139,14,2024-09-10,2025-10-21,Hypertension
5264,601,128,9,2026-04-22,2026-05-05,Stroke
5265,3700,112,11,2025-03-09,2025-06-11,Fracture
5266,1796,108,1,2025-10-17,2026-05-04,Asthma
5267,2625,158,7,2026-06-21,2026-07-13,Migraine
5268,2753,158,17,2025-05-27,2026-06-20,Fracture
5269,3671,145,13,2026-07-25,2026-08-13,Covid
5270,837,203,7,2026-04-16,2026-06-29,Migraine
5271,4056,62,17,2026-03-08,2026-07-21,Migraine
5272,2369,161,18,2025-02-08,2025-08-04,Asthma
5273,1423,240,13,2025-12-25,2026-01-31,Asthma
5274,275,30,6,2024-10-20,2026-05-29,Diabetes
5275,945,167,6,2026-02-22,2026-04-25,Stroke
5276,46,80,14,2025-07-23,2026-04-15,Stroke
5277,3390,73,1,2026-07-05,2026-07-09,Kidney Stones
5278,3758,140,20,2026-05-09,2026-06-08,Asthma
5279,1362,116,15,2025-11-22,2025-12-27,Cancer
5280,4854,8,10,2025-04-13,2026-01-22,Cancer
5281,4360,65,2,2025-10-02,2025-11-18,Pneumonia
5282,1097,180,15,2025-02-01,2026-04-29,Kidney Stones
5283,2563,103,6,2024-11-20,2025-11-15,Cancer
5284,1113,152,8,2025-07-21,2026-02-01,Diabetes
5285,2203,237,8,2024-10-21,2025-02-19,Migraine
5286,4520,127,1,2025-02-20,2025-12-04,Pneumonia
5287,889,44,16,2025-10-08,2025-10-09,Hypertension
5288,3381,144,11,2025-07-04,2026-06-09,Stroke
5289,3489,84,3,2026-05-16,2026-06-19,Fracture
5290,2045,233,9,2026-05-16,2026-06-18,Kidney Stones
5291,3627,184,9,2025-12-07,2026-07-10,Hypertension
5292,3377,226,5,2024-10-10,2026-04-25,Stroke
5293,1985,61,18,2026-04-26,2026-08-04,Kidney Stones
5294,1369,173,3,2026-06-08,2026-07-24,Covid
5295,3005,15,6,2024-09-13,2024-09-22,Diabetes
5296,4818,120,8,2025-06-30,2025-12-17,Cancer
5297,2830,163,13,2025-11-19,2026-05-21,Diabetes
5298,2032,70,4,2026-02-14,2026-06-02,Fracture
5299,4758,106,9,2025-01-24,2025-07-31,Covid
5300,3444,107,4,2025-10-18,2026-07-29,Stroke
5301,3489,146,9,2025-02-15,2025-06-24,Pneumonia
5302,559,120,20,2025-01-14,2025-10-19,Hypertension
5303,4756,204,3,2024-11-30,2025-05-16,Migraine
5304,2313,229,15,2026-04-04,2026-07-14,Stroke
5305,2881,81,16,2025-06-29,2025-10-27,Covid
5306,2751,239,17,2026-02-23,2026-04-28,Asthma
5307,391,159,20,2024-10-16,2025-09-27,Kidney Stones
5308,3027,209,7,2025-07-18,2025-11-04,Migraine
5309,858,5,15,2025-03-04,2026-07-29,Kidney Stones
5310,3666,166,8,2024-08-28,2025-05-05,Fracture
5311,2629,220,8,2025-05-31,2026-05-02,Cancer
5312,2115,206,12,2025-01-14,2026-05-10,Diabetes
5313,2698,239,10,2024-09-19,2025-05-12,Diabetes
5314,3131,86,9,2024-12-31,2025-06-25,Kidney Stones
5315,1421,79,8,2026-01-21,2026-04-04,Asthma
5316,2555,112,16,2025-08-22,2026-02-10,Pneumonia
5317,2409,248,11,2025-01-03,2025-02-28,Migraine
5318,3536,234,6,2026-07-02,2026-07-18,Diabetes
5319,4734,42,8,2025-05-17,2026-07-07,Pneumonia
5320,192,216,1,2026-02-01,2026-02-10,Covid
5321,960,208,13,2025-10-11,2026-06-11,Kidney Stones
5322,1931,161,18,2026-06-03,2026-07-28,Diabetes
5323,4677,221,20,2025-10-08,2025-12-04,Diabetes
5324,3516,183,3,2025-08-08,2026-07-12,Pneumonia
5325,3409,170,15,2025-08-08,2025-11-27,Kidney Stones
5326,3529,79,9,2025-07-22,2025-10-26,Migraine
5327,4126,43,16,2024-08-07,2024-10-06,Pneumonia
5328,1562,15,9,2026-06-09,2026-08-13,Kidney Stones
5329,406,77,18,2025-01-11,2025-09-07,Migraine
5330,1725,135,14,2025-12-25,2026-01-04,Stroke
5331,2307,247,9,2025-09-14,2025-10-22,Covid
5332,994,180,18,2024-11-20,2025-05-24,Pneumonia
5333,2417,71,19,2025-03-02,2026-04-28,Diabetes
5334,2583,71,12,2024-11-28,2025-04-22,Migraine
5335,371,211,4,2025-01-31,2025-07-25,Diabetes
5336,617,163,17,2026-04-27,2026-06-30,Pneumonia
5337,3487,91,9,2025-10-14,2026-01-23,Migraine
5338,35,221,7,2025-06-08,2025-06-26,Diabetes
5339,1388,50,5,2025-09-12,2025-12-24,Fracture
5340,4970,142,18,2026-05-30,2026-06-12,Migraine
5341,2486,33,15,2025-03-28,2026-05-28,Diabetes
5342,48,207,12,2026-01-13,2026-02-18,Fracture
5343,819,52,18,2024-10-22,2026-04-10,Kidney Stones
5344,1882,158,4,2026-03-06,2026-05-06,Covid
5345,2964,37,1,2025-07-31,2025-10-17,Fracture
5346,1201,114,15,2025-11-16,2026-07-28,Hypertension
5347,1581,19,10,2025-04-12,2025-08-19,Kidney Stones
5348,4042,123,16,2025-04-15,2026-02-05,Migraine
5349,3360,22,17,2026-05-21,2026-08-07,Stroke
5350,4202,6,16,2025-12-21,2026-05-14,Migraine
5351,2322,73,13,2026-03-22,2026-08-10,Fracture
5352,3233,6,3,2025-08-25,2026-06-14,Cancer
5353,1430,64,3,2025-12-18,2026-03-18,Asthma
5354,3184,180,13,2025-03-16,2026-05-06,Covid
5355,2770,32,7,2025-11-15,2026-05-06,Diabetes
5356,4903,156,16,2026-06-01,2026-06-21,Kidney Stones
5357,3930,40,15,2024-10-06,2024-11-26,Cancer
5358,3005,196,9,2025-11-12,2025-12-04,Hypertension
5359,1681,39,5,2026-05-14,2026-07-08,Asthma
5360,2045,131,10,2025-09-30,2026-02-25,Covid
5361,1296,2,12,2024-12-22,2026-08-08,Hypertension
5362,948,72,1,2025-12-05,2026-08-02,Stroke
5363,1690,228,13,2024-10-22,2026-03-08,Fracture
5364,1279,134,12,2025-12-22,2026-03-23,Diabetes
5365,709,110,4,2024-10-04,2025-07-12,Asthma
5366,2165,25,10,2025-12-11,2026-02-01,Pneumonia
5367,4154,21,13,2025-08-22,2026-02-05,Covid
5368,2585,159,15,2026-06-12,2026-08-08,Stroke
5369,358,131,4,2025-05-20,2025-10-05,Pneumonia
5370,619,172,7,2025-01-04,2025-07-18,Covid
5371,14,11,5,2025-10-28,2026-03-04,Hypertension
5372,1918,187,17,2025-11-22,2026-04-03,Pneumonia
5373,4630,128,7,2025-04-22,2026-08-07,Cancer
5374,29,18,10,2025-06-14,2025-12-09,Fracture
5375,2259,143,18,2025-03-05,2025-08-29,Kidney Stones
5376,3122,52,2,2025-06-24,2026-07-21,Diabetes
5377,2547,54,11,2025-04-05,2025-12-21,Hypertension
5378,2817,25,1,2024-11-13,2025-10-03,Asthma
5379,242,52,2,2026-03-20,2026-07-13,Asthma
5380,2533,164,11,2026-08-02,2026-08-04,Diabetes
5381,714,7,17,2025-01-09,2025-12-06,Asthma
5382,1253,41,18,2026-05-04,2026-07-23,Diabetes
5383,4292,43,18,2025-07-28,2025-10-01,Pneumonia
5384,4780,133,17,2025-02-12,2025-03-04,Stroke
5385,609,233,8,2026-07-18,2026-08-07,Migraine
5386,1982,28,3,2025-01-21,2026-01-14,Stroke
5387,3590,243,20,2025-01-08,2026-03-09,Pneumonia
5388,2423,218,4,2026-08-06,2026-08-08,Kidney Stones
5389,1182,112,5,2026-02-01,2026-03-19,Diabetes
5390,2417,74,5,2025-11-07,2026-04-22,Fracture
5391,378,35,18,2025-09-02,2025-10-30,Stroke
5392,3549,204,1,2026-02-06,2026-05-23,Covid
5393,1143,129,7,2024-10-28,2025-02-18,Asthma
5394,818,45,8,2026-07-26,2026-08-07,Cancer
5395,1283,93,5,2025-11-03,2026-04-21,Cancer
5396,1505,172,1,2025-03-13,2025-06-07,Cancer
5397,1070,249,10,2026-08-06,2026-08-09,Kidney Stones
5398,3264,182,12,2025-06-23,2026-05-11,Hypertension
5399,1941,80,8,2026-06-16,2026-06-19,Covid
5400,3455,112,13,2026-03-14,2026-07-14,Pneumonia
5401,1531,114,8,2024-09-21,2025-11-29,Cancer
5402,1342,234,4,2026-07-06,2026-07-20,Migraine
5403,3106,131,1,2025-09-22,2025-12-10,Pneumonia
5404,3196,198,9,2026-07-29,2026-08-17,Diabetes
5405,2937,248,12,2026-02-12,2026-07-26,Covid
5406,1862,212,15,2025-04-25,2025-12-19,Covid
5407,873,4,3,2026-04-17,2026-08-13,Asthma
5408,1119,153,19,2024-11-02,2026-05-06,Covid
5409,2690,184,15,2026-01-16,2026-08-06,Migraine
5410,217,33,14,2025-08-23,2026-01-13,Asthma
5411,698,150,18,2026-05-05,2026-06-04,Pneumonia
5412,724,126,20,2026-07-24,2026-08-03,Diabetes
5413,2186,116,9,2024-10-17,2024-12-19,Migraine
5414,646,29,20,2024-12-12,2025-10-22,Hypertension
5415,4769,98,12,2025-08-18,2025-09-27,Pneumonia
5416,3876,42,6,2024-09-10,2025-11-21,Pneumonia
5417,203,1,6,2026-01-11,2026-08-17,Covid
5418,2524,198,20,2025-08-07,2026-01-20,Cancer
5419,255,24,10,2024-08-20,2025-06-01,Diabetes
5420,3221,134,5,2025-02-15,2026-06-19,Asthma
5421,979,187,7,2025-09-02,2026-05-28,Asthma
5422,1067,86,14,2025-10-20,2026-05-24,Stroke
5423,1196,21,4,2024-08-09,2024-09-17,Pneumonia
5424,1169,104,7,2024-12-21,2026-03-04,Covid
5425,3142,92,5,2025-05-29,2026-07-04,Stroke
5426,1801,108,3,2025-08-26,2026-06-08,Cancer
5427,193,147,8,2024-10-25,2026-04-18,Diabetes
5428,3683,76,11,2025-09-15,2025-12-11,Stroke
5429,3582,138,6,2024-12-21,2025-08-19,Covid
5430,4620,155,1,2025-08-17,2025-10-01,Migraine
5431,83,120,12,2025-02-21,2025-08-21,Pneumonia
5432,2111,194,7,2025-11-23,2026-03-21,Fracture
5433,406,193,8,2024-12-26,2026-03-29,Covid
5434,3433,25,12,2026-01-03,2026-01-14,Hypertension
5435,4373,250,7,2024-08-28,2026-05-19,Covid
5436,4660,148,20,2025-08-18,2026-03-14,Covid
5437,2853,52,3,2026-04-01,2026-05-24,Hypertension
5438,4234,32,9,2024-11-03,2026-07-22,Hypertension
5439,4289,10,2,2026-03-17,2026-06-11,Diabetes
5440,4640,35,14,2025-11-17,2026-06-05,Hypertension
5441,2318,37,13,2025-01-10,2025-07-20,Kidney Stones
5442,2928,11,19,2025-10-12,2026-03-12,Asthma
5443,4402,188,2,2026-02-21,2026-06-06,Fracture
5444,1610,191,11,2026-03-22,2026-08-05,Migraine
5445,569,184,15,2026-06-26,2026-08-02,Migraine
5446,4882,87,11,2024-10-16,2026-05-06,Asthma
5447,867,209,5,2025-02-20,2026-02-04,Cancer
5448,2705,72,2,2026-07-09,2026-07-25,Covid
5449,2306,249,9,2025-05-15,2025-09-20,Stroke
5450,2174,166,16,2025-05-26,2025-08-27,Hypertension
5451,3295,227,3,2026-06-28,2026-07-17,Migraine
5452,2428,48,14,2025-06-24,2026-07-28,Hypertension
5453,3001,195,19,2025-07-07,2026-05-28,Hypertension
5454,3569,125,8,2025-08-14,2025-11-19,Stroke
5455,3190,22,17,2025-04-26,2026-06-26,Covid
5456,4128,197,18,2024-11-27,2025-04-28,Hypertension
5457,1995,199,15,2026-03-08,2026-07-19,Stroke
5458,3304,49,5,2026-03-03,2026-03-28,Migraine
5459,1887,221,11,2025-04-11,2026-07-09,Kidney Stones
5460,1913,72,7,2026-02-15,2026-06-09,Fracture
5461,1243,249,16,2024-11-03,2025-02-13,Diabetes
5462,3996,243,4,2025-08-23,2026-05-08,Fracture
5463,1550,6,13,2025-07-30,2026-05-13,Pneumonia
5464,1247,16,11,2024-12-20,2026-05-17,Migraine
5465,4536,26,2,2024-08-27,2026-03-19,Cancer
5466,4004,102,11,2026-07-23,2026-07-24,Cancer
5467,3230,184,17,2025-05-18,2026-07-22,Kidney Stones
5468,4977,191,10,2025-05-13,2026-02-18,Kidney Stones
5469,2913,20,16,2026-07-15,2026-08-16,Asthma
5470,243,160,6,2025-01-27,2025-10-19,Covid
5471,2591,249,15,2024-09-01,2025-03-31,Stroke
5472,4333,61,9,2025-09-09,2026-07-24,Covid
5473,3811,151,9,2025-02-20,2025-12-15,Migraine
5474,4793,137,11,2025-01-04,2026-05-03,Kidney Stones
5475,2513,104,15,2025-09-09,2026-02-05,Migraine
5476,234,89,13,2024-08-24,2025-06-08,Kidney Stones
5477,1557,53,20,2025-02-04,2026-06-03,Pneumonia
5478,273,79,15,2025-11-11,2026-02-12,Asthma
5479,2621,124,8,2026-07-21,2026-08-17,Diabetes
5480,2372,241,1,2026-04-13,2026-05-18,Diabetes
5481,4495,181,15,2025-02-13,2026-01-12,Asthma
5482,4,217,10,2025-10-29,2026-03-01,Cancer
5483,2084,101,20,2025-05-16,2025-12-01,Migraine
5484,2391,99,12,2025-02-08,2026-01-30,Asthma
5485,1563,182,1,2025-08-27,2025-11-14,Migraine
5486,816,15,4,2024-12-17,2025-09-18,Fracture
5487,2533,237,9,2026-05-17,2026-07-29,Cancer
5488,4147,148,11,2025-11-09,2025-12-02,Kidney Stones
5489,1727,23,7,2024-09-30,2026-01-10,Asthma
5490,1345,2,13,2025-07-21,2025-11-30,Migraine
5491,3688,75,16,2025-07-10,2025-11-30,Diabetes
5492,2106,245,1,2025-11-05,2026-05-17,Diabetes
5493,1647,213,13,2025-04-24,2025-12-31,Cancer
5494,1165,116,15,2025-05-31,2026-04-25,Diabetes
5495,1839,243,8,2025-08-17,2026-04-10,Diabetes
5496,743,188,14,2025-03-21,2025-11-10,Stroke
5497,3778,56,13,2025-07-26,2025-09-30,Fracture
5498,1129,102,18,2025-02-05,2025-03-29,Migraine
5499,512,144,1,2024-10-27,2026-05-21,Diabetes
5500,1459,195,18,2025-11-18,2026-07-17,Diabetes
5501,233,4,1,2025-09-01,2026-03-01,Pneumonia
5502,3898,143,4,2026-01-18,2026-08-07,Hypertension
5503,1762,119,18,2025-02-18,2025-12-07,Stroke
5504,2996,141,9,2026-07-10,2026-08-08,Stroke
5505,2364,95,2,2026-04-13,2026-05-06,Hypertension
5506,825,87,10,2025-05-25,2026-02-28,Pneumonia
5507,3760,103,15,2025-04-04,2026-05-04,Diabetes
5508,3288,107,15,2025-03-27,2025-07-08,Diabetes
5509,2649,56,6,2026-06-07,2026-07-04,Covid
5510,3815,222,19,2026-07-04,2026-08-11,Stroke
5511,4533,203,6,2026-02-20,2026-03-28,Migraine
5512,4516,200,20,2024-11-07,2026-01-01,Asthma
5513,817,14,14,2025-08-27,2025-11-02,Migraine
5514,4095,82,6,2026-06-14,2026-06-21,Hypertension
5515,4562,161,9,2025-05-31,2025-12-20,Cancer
5516,657,93,5,2026-07-20,2026-07-24,Stroke
5517,2531,97,20,2026-03-13,2026-03-17,Asthma
5518,2596,28,7,2025-05-09,2026-08-01,Diabetes
5519,813,66,15,2024-12-29,2025-10-21,Diabetes
5520,3058,86,20,2026-01-17,2026-06-17,Asthma
5521,3041,18,18,2026-02-20,2026-03-17,Kidney Stones
5522,2387,180,14,2025-10-28,2026-05-01,Fracture
5523,4356,38,12,2026-01-24,2026-01-27,Stroke
5524,1912,222,9,2025-06-04,2026-01-26,Hypertension
5525,595,46,4,2024-10-17,2025-02-21,Pneumonia
5526,2411,212,3,2025-02-13,2025-06-09,Diabetes
5527,1257,169,18,2025-01-06,2026-05-30,Pneumonia
5528,4031,186,5,2025-09-21,2026-03-06,Stroke
5529,3546,185,13,2026-02-27,2026-08-03,Fracture
5530,1935,75,13,2024-10-22,2025-03-07,Covid
5531,3938,180,6,2025-09-27,2026-01-02,Pneumonia
5532,2029,187,17,2026-03-16,2026-07-25,Stroke
5533,4274,192,13,2025-11-29,2026-03-10,Fracture
5534,737,74,9,2025-07-20,2026-03-08,Fracture
5535,452,156,7,2025-06-30,2025-09-09,Asthma
5536,1811,154,5,2025-01-06,2025-09-21,Hypertension
5537,4064,106,10,2025-12-29,2026-01-25,Fracture
5538,4751,245,20,2025-06-13,2025-08-16,Fracture
5539,1589,46,1,2025-03-05,2026-05-17,Cancer
5540,2644,39,15,2025-04-16,2025-06-02,Fracture
5541,4273,58,7,2025-02-23,2026-01-09,Kidney Stones
5542,1791,63,5,2026-01-28,2026-05-14,Covid
5543,2090,177,5,2026-01-26,2026-03-08,Diabetes
5544,3118,105,16,2025-08-19,2026-07-10,Kidney Stones
5545,895,178,11,2026-02-17,2026-06-02,Diabetes
5546,2643,146,19,2024-09-26,2026-03-17,Hypertension
5547,3156,223,9,2025-05-15,2026-07-17,Covid
5548,861,92,8,2025-08-23,2026-02-16,Kidney Stones
5549,3972,143,1,2024-11-10,2026-05-09,Stroke
5550,4878,191,14,2025-12-14,2026-05-06,Pneumonia
5551,1668,216,9,2026-07-28,2026-07-30,Migraine
5552,4589,211,5,2025-10-10,2026-05-15,Asthma
5553,920,55,19,2025-06-20,2026-07-17,Pneumonia
5554,1416,247,10,2025-02-22,2025-08-29,Diabetes
5555,4771,215,2,2026-07-23,2026-08-08,Covid
5556,609,84,18,2025-02-12,2025-12-25,Cancer
5557,4703,75,3,2025-09-05,2026-03-03,Diabetes
5558,706,159,3,2026-02-22,2026-04-18,Kidney Stones
5559,3327,69,4,2025-08-04,2025-09-17,Fracture
5560,3077,243,6,2025-08-06,2025-12-05,Migraine
5561,1076,177,17,2025-03-25,2025-05-04,Kidney Stones
5562,661,197,17,2026-05-28,2026-06-21,Migraine
5563,3904,212,13,2026-05-31,2026-06-01,Hypertension
5564,1238,31,3,2026-04-14,2026-05-08,Pneumonia
5565,2829,115,14,2024-08-13,2024-10-13,Kidney Stones
5566,2000,169,5,2026-06-08,2026-06-18,Covid
5567,503,209,12,2026-05-30,2026-06-16,Fracture
5568,4143,103,4,2025-11-14,2026-03-27,Cancer
5569,858,250,6,2026-05-27,2026-08-04,Cancer
5570,499,226,16,2025-08-04,2026-02-16,Migraine
5571,3559,212,17,2025-01-26,2026-07-29,Cancer
5572,1667,79,16,2025-07-03,2026-03-30,Hypertension
5573,4688,84,20,2024-11-24,2025-12-26,Kidney Stones
5574,3670,244,12,2025-11-20,2026-06-25,Kidney Stones
5575,724,103,11,2026-02-23,2026-07-27,Pneumonia
5576,2808,162,4,2026-04-22,2026-06-01,Asthma
5577,424,128,3,2025-11-11,2026-02-12,Kidney Stones
5578,4340,210,12,2025-04-05,2025-10-30,Stroke
5579,3650,200,11,2025-07-21,2026-01-26,Stroke
5580,1756,28,10,2026-08-03,2026-08-03,Stroke
5581,1236,207,18,2025-08-06,2026-06-08,Migraine
5582,4577,60,19,2025-07-13,2026-02-26,Pneumonia
5583,2189,106,16,2025-09-18,2026-08-05,Migraine
5584,3979,169,14,2025-09-08,2025-11-30,Migraine
5585,4017,53,4,2024-11-18,2026-05-08,Pneumonia
5586,4489,63,20,2025-10-13,2025-12-12,Kidney Stones
5587,2572,48,15,2025-07-17,2026-08-12,Diabetes
5588,969,142,13,2026-06-17,2026-08-14,Hypertension
5589,1549,105,12,2026-07-07,2026-07-17,Hypertension
5590,2720,240,4,2026-03-04,2026-05-12,Diabetes
5591,1923,194,15,2025-11-26,2026-01-27,Pneumonia
5592,2370,43,10,2026-04-06,2026-08-08,Diabetes
5593,2111,119,10,2025-10-15,2025-12-23,Stroke
5594,3741,246,7,2026-07-07,2026-08-01,Fracture
5595,221,211,6,2024-10-18,2025-09-24,Kidney Stones
5596,4804,59,5,2024-08-09,2025-09-12,Fracture
5597,2956,78,12,2026-05-08,2026-06-24,Diabetes
5598,3018,185,1,2025-01-18,2025-05-05,Asthma
5599,1563,114,9,2024-08-23,2025-07-19,Cancer
5600,2651,174,15,2025-03-10,2026-07-11,Pneumonia
5601,4522,74,11,2025-07-29,2026-08-08,Covid
5602,4139,174,17,2025-09-08,2026-04-30,Kidney Stones
5603,2916,184,6,2026-03-24,2026-06-23,Asthma
5604,1576,236,15,2024-10-11,2025-12-09,Cancer
5605,3769,68,12,2024-09-11,2026-05-06,Asthma
5606,3374,36,15,2025-07-07,2026-02-28,Pneumonia
5607,2198,46,2,2025-12-28,2026-02-24,Fracture
5608,3827,187,3,2025-03-21,2025-06-20,Diabetes
5609,3165,171,18,2025-09-06,2025-10-06,Pneumonia
5610,781,16,16,2025-01-01,2025-07-23,Diabetes
5611,4543,77,18,2025-01-21,2025-02-04,Migraine
5612,266,162,18,2025-11-15,2025-12-07,Stroke
5613,1688,189,6,2026-06-07,2026-06-14,Diabetes
5614,1777,102,15,2024-09-06,2024-11-28,Cancer
5615,1573,180,20,2025-01-20,2026-05-15,Cancer
5616,2155,32,12,2025-10-24,2026-05-07,Diabetes
5617,3676,44,8,2025-03-09,2025-07-04,Diabetes
5618,2345,97,14,2025-06-23,2026-08-09,Cancer
5619,3370,32,11,2025-08-01,2026-01-28,Diabetes
5620,4009,128,18,2026-06-14,2026-08-01,Diabetes
5621,1764,97,6,2026-07-25,2026-08-17,Asthma
5622,2692,136,3,2025-01-20,2025-12-24,Covid
5623,1276,2,2,2024-11-17,2025-08-17,Stroke
5624,2657,111,20,2025-01-22,2026-08-16,Hypertension
5625,945,178,13,2025-01-12,2026-06-02,Diabetes
5626,2907,102,5,2025-12-14,2026-06-20,Hypertension
5627,2427,123,5,2025-11-28,2025-12-30,Fracture
5628,4141,176,11,2025-12-25,2026-05-22,Kidney Stones
5629,3521,167,20,2026-01-04,2026-06-21,Pneumonia
5630,2151,112,13,2025-06-25,2026-04-21,Cancer
5631,4716,221,11,2025-03-05,2026-01-25,Pneumonia
5632,2690,64,17,2026-06-26,2026-07-22,Pneumonia
5633,1259,131,3,2025-01-09,2025-03-03,Migraine
5634,2474,227,10,2025-05-08,2026-03-06,Migraine
5635,2060,118,5,2025-04-09,2026-06-22,Asthma
5636,2194,32,13,2025-11-18,2026-07-16,Pneumonia
5637,4041,230,19,2026-01-24,2026-08-03,Covid
5638,2595,46,4,2025-05-07,2025-05-16,Covid
5639,1617,85,2,2026-06-15,2026-06-21,Asthma
5640,4784,227,14,2025-12-17,2026-04-19,Migraine
5641,2273,103,10,2025-08-12,2025-08-22,Kidney Stones
5642,636,225,5,2026-07-10,2026-07-25,Covid
5643,4966,82,15,2025-08-10,2026-03-29,Fracture
5644,1820,153,8,2026-03-10,2026-03-24,Hypertension
5645,2570,203,15,2025-10-29,2026-06-21,Cancer
5646,573,32,17,2026-01-28,2026-05-23,Stroke
5647,699,196,3,2025-03-04,2025-04-10,Covid
5648,2468,168,7,2025-05-28,2025-10-03,Cancer
5649,754,206,20,2026-02-18,2026-02-28,Pneumonia
5650,882,125,6,2026-07-24,2026-08-16,Hypertension
5651,1914,197,19,2024-11-15,2026-07-08,Migraine
5652,2345,47,10,2025-08-09,2025-11-28,Cancer
5653,4422,126,6,2025-01-31,2026-07-29,Diabetes
5654,3925,223,18,2025-06-12,2026-01-01,Pneumonia
5655,4662,149,5,2026-02-28,2026-07-16,Pneumonia
5656,3493,5,9,2026-07-16,2026-07-17,Pneumonia
5657,2979,67,5,2026-06-18,2026-08-17,Stroke
5658,3149,39,9,2024-08-17,2026-01-07,Fracture
5659,1117,208,11,2025-10-09,2026-03-06,Cancer
5660,3207,156,5,2025-04-03,2026-02-15,Pneumonia
5661,2420,125,9,2025-02-03,2025-06-23,Diabetes
5662,1357,20,12,2025-09-04,2025-09-06,Diabetes
5663,2803,152,15,2024-10-09,2026-03-19,Cancer
5664,4747,46,1,2025-11-13,2026-02-27,Fracture
5665,230,246,10,2025-08-26,2026-07-17,Pneumonia
5666,4836,17,5,2024-09-09,2026-05-05,Diabetes
5667,3435,207,16,2024-12-04,2026-06-05,Fracture
5668,3091,227,7,2026-08-02,2026-08-02,Cancer
5669,3586,66,19,2024-09-14,2025-02-08,Pneumonia
5670,1691,159,5,2025-07-05,2026-06-07,Hypertension
5671,4658,237,1,2024-12-19,2025-06-07,Asthma
5672,1175,70,9,2025-07-09,2025-09-15,Migraine
5673,3403,234,5,2024-09-12,2025-12-06,Cancer
5674,3302,54,7,2025-12-14,2026-03-17,Diabetes
5675,2478,145,18,2025-08-11,2026-06-11,Asthma
5676,3279,181,3,2026-06-18,2026-06-20,Diabetes
5677,1603,168,10,2025-06-12,2026-07-18,Fracture
5678,2391,198,8,2026-05-15,2026-08-10,Diabetes
5679,444,231,15,2026-02-04,2026-04-06,Hypertension
5680,4485,121,16,2024-08-15,2024-10-05,Kidney Stones
5681,558,25,6,2025-04-12,2025-11-20,Stroke
5682,190,150,8,2025-10-17,2026-04-26,Hypertension
5683,81,74,20,2025-09-14,2026-06-02,Stroke
5684,2400,33,20,2025-05-07,2026-02-11,Stroke
5685,1272,84,11,2025-09-29,2026-07-06,Cancer
5686,4381,133,10,2025-12-07,2026-06-06,Hypertension
5687,1287,56,16,2025-04-06,2026-07-03,Fracture
5688,1434,98,20,2026-04-05,2026-04-06,Asthma
5689,4438,97,6,2024-09-19,2025-10-29,Stroke
5690,3191,7,4,2025-03-07,2025-10-07,Diabetes
5691,492,91,13,2026-02-18,2026-03-24,Cancer
5692,2435,40,10,2025-01-24,2026-02-03,Fracture
5693,224,31,2,2025-09-08,2026-05-21,Covid
5694,2215,161,20,2025-07-17,2026-08-02,Pneumonia
5695,2497,90,14,2024-09-15,2026-07-29,Stroke
5696,4626,10,17,2026-02-02,2026-07-26,Pneumonia
5697,1614,173,19,2026-02-20,2026-04-15,Hypertension
5698,4338,14,20,2025-08-16,2025-08-17,Migraine
5699,3386,136,15,2025-02-24,2025-05-17,Cancer
5700,3948,118,3,2025-12-09,2025-12-31,Fracture
5701,4359,147,8,2025-11-06,2026-05-01,Covid
5702,3108,63,16,2025-09-10,2026-05-19,Hypertension
5703,4117,94,14,2026-04-15,2026-06-28,Covid
5704,3652,230,5,2026-06-24,2026-07-12,Asthma
5705,1878,68,9,2025-01-27,2025-07-10,Stroke
5706,3121,79,1,2025-02-16,2026-05-27,Kidney Stones
5707,1137,20,13,2026-04-06,2026-05-15,Covid
5708,3491,4,10,2025-03-18,2025-10-06,Pneumonia
5709,3,231,20,2025-11-26,2026-06-13,Stroke
5710,3208,163,8,2024-09-16,2025-05-18,Covid
5711,1735,64,1,2025-06-06,2026-03-30,Fracture
5712,3336,42,2,2025-09-14,2026-06-07,Kidney Stones
5713,470,52,9,2026-02-23,2026-06-29,Pneumonia
5714,3255,14,4,2024-11-29,2026-04-30,Fracture
5715,2283,33,10,2025-10-09,2026-04-17,Kidney Stones
5716,875,234,1,2025-03-06,2026-03-31,Fracture
5717,1825,147,17,2025-05-13,2025-10-15,Kidney Stones
5718,2333,19,1,2025-11-18,2026-07-24,Migraine
5719,4650,85,9,2025-02-08,2025-12-15,Hypertension
5720,1062,68,2,2025-10-24,2026-05-11,Asthma
5721,1302,113,3,2025-07-14,2025-10-31,Fracture
5722,1574,190,14,2024-08-11,2024-10-13,Hypertension
5723,614,212,3,2025-10-31,2025-11-15,Hypertension
5724,3892,141,15,2026-05-02,2026-06-19,Kidney Stones
5725,2077,107,18,2024-10-29,2026-05-03,Fracture
5726,1323,130,8,2025-05-26,2026-03-05,Fracture
5727,3100,130,9,2026-07-20,2026-08-08,Hypertension
5728,3200,78,14,2025-04-25,2026-07-23,Kidney Stones
5729,1350,215,5,2025-09-04,2025-10-11,Cancer
5730,2759,53,3,2026-05-02,2026-05-08,Covid
5731,4334,163,2,2024-12-20,2025-09-26,Cancer
5732,2952,109,13,2025-07-13,2026-01-12,Migraine
5733,4466,236,15,2025-09-06,2026-04-16,Migraine
5734,589,89,3,2025-12-14,2026-01-04,Pneumonia
5735,3771,58,12,2024-09-02,2026-07-21,Cancer
5736,2454,226,10,2025-07-30,2026-01-30,Stroke
5737,4204,28,7,2026-05-16,2026-05-21,Hypertension
5738,3536,55,3,2025-07-23,2026-03-13,Migraine
5739,2103,81,4,2026-08-06,2026-08-16,Migraine
5740,2816,218,5,2026-07-01,2026-07-02,Pneumonia
5741,1728,114,13,2025-05-22,2026-05-23,Cancer
5742,3318,180,7,2025-05-07,2026-03-28,Migraine
5743,2540,76,14,2026-07-02,2026-07-28,Stroke
5744,4993,80,8,2025-10-18,2026-07-11,Hypertension
5745,4129,62,7,2026-06-24,2026-07-24,Covid
5746,3205,44,20,2025-02-05,2026-05-07,Diabetes
5747,2369,239,3,2025-02-05,2025-03-15,Asthma
5748,2571,149,4,2026-06-26,2026-08-17,Kidney Stones
5749,3972,166,7,2025-07-22,2026-04-01,Kidney Stones
5750,4035,10,8,2025-01-09,2025-04-20,Covid
5751,747,78,5,2025-10-30,2026-02-03,Pneumonia
5752,1115,179,11,2026-08-02,2026-08-02,Migraine
5753,2265,28,15,2024-10-16,2025-04-18,Stroke
5754,3388,119,14,2025-07-15,2025-09-25,Covid
5755,3093,12,18,2025-02-06,2025-11-14,Asthma
5756,3452,121,14,2026-05-26,2026-06-05,Pneumonia
5757,4222,198,10,2025-04-27,2026-06-24,Pneumonia
5758,398,7,11,2024-11-29,2025-06-29,Kidney Stones
5759,3994,38,19,2024-11-02,2025-10-18,Fracture
5760,4790,182,3,2025-02-05,2026-04-18,Pneumonia
5761,4490,47,1,2026-06-16,2026-08-13,Covid
5762,4740,235,14,2025-01-03,2026-05-06,Stroke
5763,2772,6,20,2026-06-21,2026-07-04,Fracture
5764,513,231,5,2025-03-27,2026-03-30,Asthma
5765,693,84,17,2025-04-17,2025-11-20,Cancer
5766,1648,246,17,2024-08-25,2026-08-12,Fracture
5767,3877,138,17,2026-06-01,2026-08-17,Migraine
5768,76,241,10,2024-09-01,2025-02-10,Asthma
5769,852,231,7,2024-10-21,2025-02-24,Asthma
5770,4355,197,15,2025-01-10,2026-03-21,Hypertension
5771,1828,248,9,2026-05-26,2026-06-15,Covid
5772,1971,224,6,2026-04-05,2026-08-10,Hypertension
5773,1136,54,3,2026-02-02,2026-02-22,Covid
5774,2168,187,20,2025-01-02,2026-03-19,Diabetes
5775,2591,102,4,2025-01-26,2025-04-12,Pneumonia
5776,1801,165,19,2026-05-06,2026-07-12,Hypertension
5777,3364,55,16,2025-06-28,2025-07-17,Asthma
5778,2354,52,8,2025-10-24,2026-03-23,Pneumonia
5779,4624,205,4,2025-04-22,2026-04-29,Pneumonia
5780,4927,85,1,2025-03-06,2025-08-13,Migraine
5781,3148,208,20,2025-07-09,2025-11-19,Migraine
5782,319,47,9,2024-10-06,2024-10-15,Asthma
5783,1616,97,1,2025-03-14,2026-03-23,Fracture
5784,2390,63,13,2024-11-24,2025-12-19,Diabetes
5785,3280,126,14,2026-01-18,2026-03-29,Hypertension
5786,929,120,4,2026-03-31,2026-04-22,Hypertension
5787,2023,238,11,2026-07-05,2026-07-11,Hypertension
5788,1291,210,18,2024-08-28,2025-05-18,Diabetes
5789,3063,196,10,2025-04-01,2025-12-21,Stroke
5790,76,62,12,2025-07-19,2025-10-01,Diabetes
5791,3350,182,10,2025-08-31,2026-02-22,Fracture
5792,2192,2,8,2025-02-07,2025-05-23,Hypertension
5793,1953,40,19,2025-03-01,2025-12-31,Diabetes
5794,819,106,13,2025-05-27,2026-03-15,Diabetes
5795,258,180,14,2025-11-25,2026-04-21,Hypertension
5796,2956,174,14,2025-08-24,2025-12-14,Diabetes
5797,4037,126,16,2025-06-25,2026-01-03,Hypertension
5798,1908,203,12,2025-06-23,2026-08-16,Pneumonia
5799,191,50,15,2026-02-23,2026-03-14,Stroke
5800,1241,48,17,2026-07-01,2026-08-08,Hypertension
5801,1738,42,7,2025-07-31,2025-09-05,Kidney Stones
5802,3471,5,12,2026-05-05,2026-05-08,Migraine
5803,1214,15,17,2024-10-24,2026-05-30,Migraine
5804,3076,146,5,2024-11-24,2025-05-08,Kidney Stones
5805,1793,88,15,2026-06-25,2026-07-10,Hypertension
5806,2879,36,9,2025-10-03,2026-06-23,Fracture
5807,2885,114,7,2026-02-25,2026-07-28,Kidney Stones
5808,317,183,13,2025-04-15,2026-05-08,Asthma
5809,4336,160,4,2024-08-28,2026-07-22,Stroke
5810,4268,230,13,2025-07-24,2026-07-15,Pneumonia
5811,3055,96,2,2026-05-15,2026-05-25,Covid
5812,3755,211,17,2025-09-10,2026-01-27,Diabetes
5813,3315,1,6,2024-11-28,2026-06-18,Hypertension
5814,2036,92,6,2026-07-01,2026-07-27,Hypertension
5815,4546,202,5,2026-08-01,2026-08-15,Pneumonia
5816,610,214,17,2026-06-01,2026-06-14,Stroke
5817,1725,2,14,2025-03-20,2026-07-18,Hypertension
5818,3915,216,2,2025-12-09,2026-02-05,Hypertension
5819,4562,222,2,2025-12-15,2025-12-21,Fracture
5820,1306,32,8,2026-02-05,2026-06-04,Cancer
5821,2013,157,17,2025-06-09,2025-09-30,Covid
5822,3093,137,9,2024-12-25,2025-09-01,Stroke
5823,349,59,13,2025-06-23,2026-02-02,Fracture
5824,977,213,3,2026-02-12,2026-07-21,Kidney Stones
5825,364,50,14,2025-06-30,2025-08-14,Cancer
5826,4785,188,3,2025-01-09,2026-03-03,Migraine
5827,43,211,3,2025-06-19,2025-12-26,Asthma
5828,4032,245,6,2025-12-04,2025-12-12,Hypertension
5829,2584,229,20,2025-11-12,2025-12-11,Diabetes
5830,2996,130,19,2026-06-04,2026-08-07,Diabetes
5831,2721,145,10,2024-11-13,2025-11-11,Stroke
5832,539,89,11,2024-08-10,2024-09-19,Hypertension
5833,10,221,19,2026-07-16,2026-07-18,Hypertension
5834,307,70,15,2024-09-09,2026-07-06,Asthma
5835,1962,216,3,2025-10-06,2026-03-11,Migraine
5836,3401,99,19,2026-02-18,2026-02-23,Diabetes
5837,4900,167,14,2025-01-13,2025-04-15,Diabetes
5838,3671,200,8,2025-05-02,2026-02-12,Fracture
5839,2392,221,12,2025-10-11,2026-02-09,Cancer
5840,317,228,8,2026-07-15,2026-07-18,Kidney Stones
5841,3126,247,3,2025-03-19,2025-04-09,Diabetes
5842,3834,180,7,2025-09-20,2026-05-08,Diabetes
5843,2451,217,18,2025-02-17,2025-07-02,Cancer
5844,297,13,16,2025-06-21,2026-01-21,Cancer
5845,4472,214,2,2024-11-22,2025-03-14,Fracture
5846,2471,228,14,2026-03-26,2026-07-16,Kidney Stones
5847,4494,4,1,2024-09-06,2025-09-18,Pneumonia
5848,2416,58,10,2026-07-31,2026-08-12,Hypertension
5849,269,94,7,2025-04-12,2025-11-02,Covid
5850,4691,100,13,2026-04-16,2026-06-16,Fracture
5851,2513,221,10,2024-08-15,2025-04-22,Kidney Stones
5852,774,145,8,2025-06-06,2025-12-09,Fracture
5853,3580,156,14,2025-07-29,2026-06-22,Covid
5854,947,77,10,2025-09-30,2026-04-24,Cancer
5855,782,109,17,2026-04-26,2026-06-15,Stroke
5856,1790,39,8,2026-05-15,2026-05-26,Pneumonia
5857,224,186,20,2025-11-08,2026-02-12,Cancer
5858,3086,108,12,2025-11-02,2026-02-17,Kidney Stones
5859,1784,127,20,2026-02-19,2026-05-16,Diabetes
5860,4347,188,20,2025-08-11,2025-12-27,Diabetes
5861,4864,123,20,2025-09-22,2026-05-10,Cancer
5862,79,73,18,2026-05-21,2026-07-02,Covid
5863,3528,117,13,2025-01-12,2026-08-16,Cancer
5864,1080,16,20,2026-01-28,2026-04-24,Covid
5865,2046,54,1,2025-05-08,2025-06-25,Kidney Stones
5866,426,226,18,2024-10-14,2026-07-15,Fracture
5867,4520,30,3,2025-01-21,2025-06-09,Stroke
5868,3997,157,5,2025-08-05,2026-01-18,Kidney Stones
5869,3870,202,7,2026-04-25,2026-05-01,Pneumonia
5870,879,186,15,2026-01-07,2026-03-10,Stroke
5871,2688,190,15,2026-01-05,2026-03-03,Cancer
5872,4566,153,10,2025-09-17,2026-08-08,Migraine
5873,4140,200,16,2026-03-23,2026-06-01,Diabetes
5874,4406,193,1,2025-03-09,2026-06-27,Fracture
5875,237,231,16,2025-03-20,2025-09-10,Cancer
5876,260,175,12,2025-06-20,2026-03-14,Covid
5877,1158,73,1,2025-01-15,2025-08-09,Asthma
5878,2542,199,14,2026-05-26,2026-06-10,Cancer
5879,3102,155,4,2025-03-01,2026-04-20,Cancer
5880,672,202,15,2025-09-25,2025-12-27,Asthma
5881,3559,225,6,2025-02-17,2026-08-03,Covid
5882,263,235,14,2026-07-10,2026-07-27,Pneumonia
5883,1325,237,3,2025-02-02,2025-04-15,Diabetes
5884,1448,198,8,2024-12-26,2025-01-22,Diabetes
5885,3706,124,2,2025-08-04,2026-01-08,Stroke
5886,2726,65,16,2026-02-07,2026-07-12,Covid
5887,2875,119,16,2026-07-27,2026-08-05,Hypertension
5888,2035,164,10,2026-06-09,2026-07-10,Covid
5889,607,132,18,2025-07-22,2025-08-31,Pneumonia
5890,1805,11,5,2025-08-06,2025-12-31,Kidney Stones
5891,1645,61,4,2026-05-25,2026-07-15,Migraine
5892,3578,36,9,2025-02-16,2025-06-21,Kidney Stones
5893,4523,205,5,2024-12-09,2025-10-28,Fracture
5894,31,122,9,2024-12-13,2025-08-03,Cancer
5895,1900,3,16,2026-01-01,2026-07-03,Asthma
5896,713,138,16,2025-11-26,2026-01-05,Stroke
5897,1723,141,7,2025-08-14,2026-02-21,Covid
5898,3571,12,15,2026-01-15,2026-07-25,Fracture
5899,85,62,13,2024-11-28,2026-07-23,Cancer
5900,1699,22,19,2025-02-05,2026-01-12,Pneumonia
5901,986,210,7,2025-03-23,2026-05-19,Stroke
5902,2006,132,2,2025-07-02,2025-10-27,Cancer
5903,1428,156,6,2026-01-17,2026-05-05,Hypertension
5904,4778,43,8,2025-06-09,2026-05-17,Hypertension
5905,2254,97,13,2025-03-02,2025-09-01,Migraine
5906,1830,116,3,2025-01-06,2025-06-15,Stroke
5907,4930,107,16,2025-01-30,2025-04-18,Hypertension
5908,730,73,7,2025-12-29,2026-07-28,Stroke
5909,4460,104,11,2025-12-05,2026-03-08,Kidney Stones
5910,1147,3,17,2025-06-18,2026-07-21,Pneumonia
5911,2005,46,17,2024-08-27,2026-05-06,Covid
5912,373,81,20,2026-06-14,2026-07-11,Pneumonia
5913,1845,114,19,2025-11-29,2025-12-11,Migraine
5914,23,145,20,2026-06-15,2026-07-06,Kidney Stones
5915,1001,129,13,2024-11-30,2026-08-03,Fracture
5916,2537,249,18,2025-11-29,2025-12-02,Asthma
5917,311,77,11,2026-02-06,2026-08-10,Hypertension
5918,4597,117,16,2026-05-04,2026-05-17,Kidney Stones
5919,4150,121,2,2026-01-31,2026-04-17,Stroke
5920,1596,158,11,2024-08-26,2025-09-05,Migraine
5921,4271,77,1,2025-04-21,2025-09-15,Asthma
5922,4547,177,13,2025-07-29,2026-03-20,Fracture
5923,3699,182,20,2025-08-21,2025-08-28,Kidney Stones
5924,3752,222,3,2024-11-27,2025-01-13,Fracture
5925,3228,77,10,2026-01-26,2026-07-24,Hypertension
5926,3585,248,7,2025-05-15,2026-08-04,Pneumonia
5927,4953,42,3,2026-01-28,2026-05-16,Stroke
5928,2662,87,17,2025-12-10,2026-01-23,Cancer
5929,2932,155,11,2025-07-27,2026-08-05,Covid
5930,3976,14,12,2026-03-25,2026-07-13,Diabetes
5931,3254,23,9,2025-08-20,2026-06-26,Migraine
5932,3849,131,14,2026-05-18,2026-07-20,Covid
5933,1777,237,18,2025-03-15,2026-03-05,Cancer
5934,3285,116,2,2026-02-11,2026-04-27,Fracture
5935,832,81,7,2025-08-14,2026-07-07,Diabetes
5936,467,83,16,2024-09-02,2025-04-06,Pneumonia
5937,4381,50,19,2025-04-14,2025-05-31,Migraine
5938,4501,102,3,2025-08-02,2025-11-29,Cancer
5939,3803,178,17,2026-07-04,2026-07-22,Migraine
5940,1966,138,11,2025-04-06,2025-05-03,Diabetes
5941,1017,158,2,2025-11-25,2026-04-20,Asthma
5942,3440,192,19,2025-09-21,2026-08-10,Stroke
5943,582,11,15,2025-04-29,2026-01-31,Cancer
5944,4089,174,20,2026-02-28,2026-04-03,Diabetes
5945,4019,212,4,2026-08-07,2026-08-17,Stroke
5946,1143,107,20,2024-12-05,2025-09-27,Kidney Stones
5947,4944,95,7,2025-04-25,2026-02-06,Migraine
5948,4214,218,13,2024-10-28,2025-09-28,Hypertension
5949,1094,175,20,2026-01-11,2026-08-11,Hypertension
5950,4618,241,19,2025-01-27,2026-04-11,Asthma
5951,624,12,10,2025-06-24,2025-10-01,Migraine
5952,2503,177,15,2025-06-11,2025-06-23,Diabetes
5953,3613,24,8,2025-10-12,2026-05-07,Cancer
5954,3447,193,17,2025-01-02,2025-09-26,Covid
5955,742,13,19,2024-12-09,2025-09-13,Hypertension
5956,1524,152,12,2025-08-04,2025-10-15,Pneumonia
5957,3040,152,19,2025-05-07,2026-04-23,Pneumonia
5958,3490,233,4,2025-06-30,2026-03-30,Kidney Stones
5959,149,225,10,2025-08-06,2026-04-22,Asthma
5960,44,218,13,2025-06-23,2025-10-16,Diabetes
5961,2156,198,3,2026-07-02,2026-08-17,Stroke
5962,4590,46,11,2025-09-15,2026-04-10,Fracture
5963,1795,104,14,2024-09-29,2024-11-05,Fracture
5964,3651,178,16,2025-10-03,2025-12-06,Fracture
5965,1942,176,15,2025-03-07,2026-01-05,Cancer
5966,2507,142,9,2024-11-24,2026-05-15,Diabetes
5967,4636,250,9,2026-05-06,2026-06-29,Hypertension
5968,3814,17,4,2025-07-22,2026-03-09,Fracture
5969,2876,109,8,2026-04-21,2026-05-25,Stroke
5970,680,117,20,2025-05-19,2025-11-22,Fracture
5971,2625,108,6,2026-06-19,2026-06-29,Kidney Stones
5972,3268,207,12,2024-10-26,2025-12-18,Cancer
5973,1768,64,8,2026-06-27,2026-07-26,Fracture
5974,4935,36,7,2025-09-14,2025-09-21,Stroke
5975,2764,64,4,2026-03-04,2026-04-12,Stroke
5976,4195,64,9,2025-05-05,2026-02-01,Asthma
5977,2876,224,2,2025-01-17,2025-06-22,Cancer
5978,3847,101,10,2024-10-16,2026-02-01,Fracture
5979,2011,189,3,2025-10-21,2026-05-21,Cancer
5980,2855,226,18,2024-09-03,2026-05-26,Stroke
5981,4043,176,10,2025-03-01,2026-07-19,Migraine
5982,3786,238,3,2025-09-27,2025-10-31,Covid
5983,2218,82,2,2024-10-11,2026-03-25,Migraine
5984,2850,138,10,2025-10-19,2026-03-24,Pneumonia
5985,455,229,14,2026-05-15,2026-07-05,Pneumonia
5986,3752,189,2,2026-01-10,2026-04-05,Cancer
5987,710,26,3,2025-06-04,2025-09-23,Fracture
5988,1481,169,13,2025-10-24,2025-12-18,Asthma
5989,3559,88,6,2025-02-02,2026-07-05,Cancer
5990,2344,83,15,2024-11-01,2025-12-01,Pneumonia
5991,2223,126,15,2025-09-01,2026-06-09,Kidney Stones
5992,1895,91,12,2026-01-30,2026-02-17,Pneumonia
5993,3849,93,16,2026-03-30,2026-05-12,Diabetes
5994,3709,227,12,2025-05-27,2025-10-19,Hypertension
5995,3330,14,5,2026-01-26,2026-04-13,Covid
5996,3549,59,20,2025-06-14,2026-02-03,Kidney Stones
5997,3393,58,4,2024-11-04,2026-05-11,Pneumonia
5998,951,62,12,2026-08-04,2026-08-13,Diabetes
5999,144,139,13,2024-12-16,2026-01-16,Kidney Stones
6000,88,198,9,2026-05-23,2026-06-05,Fracture
6001,624,162,12,2026-03-06,2026-07-12,Migraine
6002,1485,240,15,2025-10-05,2026-03-11,Hypertension
6003,1991,85,6,2024-11-01,2026-07-22,Migraine
6004,4866,37,11,2026-03-18,2026-06-07,Stroke
6005,1462,134,20,2024-10-11,2026-06-10,Diabetes
6006,940,216,13,2025-03-28,2026-06-28,Diabetes
6007,4283,40,20,2026-07-04,2026-07-28,Asthma
6008,3010,140,13,2025-09-30,2026-03-17,Kidney Stones
6009,3160,2,8,2026-04-18,2026-08-05,Diabetes
6010,1899,199,13,2026-06-27,2026-07-09,Stroke
6011,3312,4,20,2026-04-18,2026-08-02,Migraine
6012,4512,208,18,2024-08-20,2025-07-02,Stroke
6013,3925,179,14,2025-03-02,2025-06-29,Hypertension
6014,190,184,10,2025-07-07,2026-04-29,Pneumonia
6015,2216,125,13,2025-07-29,2025-08-13,Kidney Stones
6016,1022,235,19,2026-03-20,2026-08-01,Asthma
6017,1549,63,9,2025-02-21,2025-12-28,Fracture
6018,4463,190,17,2026-01-09,2026-05-19,Diabetes
6019,3140,131,3,2025-05-12,2026-03-16,Kidney Stones
6020,1645,197,12,2025-11-16,2026-02-01,Pneumonia
6021,232,33,3,2025-09-01,2025-10-23,Hypertension
6022,3099,40,11,2026-06-23,2026-08-07,Asthma
6023,991,191,5,2024-09-23,2025-12-01,Asthma
6024,4702,105,2,2025-03-22,2025-06-06,Stroke
6025,1482,71,16,2026-07-30,2026-08-04,Hypertension
6026,1577,36,10,2025-07-11,2026-07-15,Diabetes
6027,4623,76,20,2025-03-06,2026-04-03,Cancer
6028,3307,213,20,2025-08-05,2026-05-08,Kidney Stones
6029,636,33,17,2024-12-21,2025-09-30,Diabetes
6030,1346,152,4,2025-03-18,2025-03-31,Covid
6031,3484,175,1,2025-12-30,2026-04-22,Stroke
6032,1,23,4,2025-06-06,2026-04-26,Stroke
6033,3945,61,4,2025-05-16,2026-01-14,Cancer
6034,2435,65,9,2025-07-08,2025-08-14,Asthma
6035,665,31,11,2026-04-18,2026-05-04,Hypertension
6036,4379,227,18,2025-06-27,2025-12-22,Covid
6037,2818,60,12,2025-08-10,2026-01-13,Pneumonia
6038,2982,13,16,2025-09-26,2026-04-12,Pneumonia
6039,1528,234,5,2025-07-15,2026-02-26,Asthma
6040,3959,91,3,2025-01-15,2026-05-27,Diabetes
6041,435,153,4,2025-09-29,2025-10-15,Cancer
6042,4739,213,15,2025-11-18,2025-11-19,Cancer
6043,3239,10,5,2026-01-12,2026-07-07,Diabetes
6044,633,70,14,2026-05-11,2026-07-22,Hypertension
6045,540,41,3,2026-05-22,2026-06-29,Covid
6046,4957,122,16,2025-02-03,2025-03-25,Hypertension
6047,928,48,1,2024-08-22,2026-03-09,Pneumonia
6048,4054,30,7,2025-09-30,2025-10-26,Fracture
6049,228,8,20,2025-12-27,2026-07-27,Cancer
6050,320,131,6,2026-04-22,2026-06-25,Kidney Stones
6051,3218,26,15,2025-06-01,2025-12-22,Asthma
6052,3465,128,11,2025-03-20,2025-10-10,Covid
6053,4375,212,8,2026-07-21,2026-08-15,Asthma
6054,2336,126,10,2026-06-10,2026-06-20,Diabetes
6055,3594,208,13,2024-11-01,2026-06-15,Hypertension
6056,1823,125,14,2026-03-27,2026-05-05,Migraine
6057,3008,170,9,2026-04-05,2026-07-24,Cancer
6058,4212,142,10,2026-06-25,2026-07-05,Hypertension
6059,3199,222,3,2026-03-24,2026-05-20,Cancer
6060,3655,238,20,2025-03-10,2025-12-17,Covid
6061,261,29,3,2026-02-26,2026-04-14,Migraine
6062,4553,202,8,2025-09-27,2025-11-18,Pneumonia
6063,3154,223,9,2026-01-16,2026-05-07,Migraine
6064,3809,121,20,2025-07-20,2025-09-27,Cancer
6065,4475,195,6,2026-05-04,2026-08-11,Cancer
6066,3460,17,16,2026-04-18,2026-05-17,Pneumonia
6067,209,224,11,2026-07-23,2026-08-04,Hypertension
6068,4375,137,18,2025-12-24,2026-08-13,Cancer
6069,4084,209,12,2026-03-20,2026-05-08,Fracture
6070,3212,116,1,2025-10-13,2026-07-10,Fracture
6071,1178,174,3,2025-10-07,2026-04-21,Diabetes
6072,3789,225,6,2025-08-17,2026-03-15,Kidney Stones
6073,3333,153,5,2025-02-03,2026-05-09,Cancer
6074,2430,247,6,2025-05-15,2026-02-07,Kidney Stones
6075,2751,58,11,2025-12-01,2026-07-08,Stroke
6076,193,136,16,2026-06-17,2026-06-25,Pneumonia
6077,841,180,13,2025-09-05,2025-10-31,Migraine
6078,2281,138,3,2026-08-05,2026-08-09,Migraine
6079,1342,102,13,2025-05-13,2025-10-02,Fracture
6080,4897,119,10,2025-03-27,2025-05-26,Diabetes
6081,4866,90,12,2026-02-07,2026-03-01,Asthma
6082,1358,56,11,2024-09-02,2025-04-04,Fracture
6083,4750,123,5,2026-06-07,2026-08-08,Kidney Stones
6084,3655,117,1,2024-09-18,2025-07-06,Diabetes
6085,3432,70,3,2025-03-22,2025-12-31,Hypertension
6086,2872,124,16,2024-10-02,2025-05-29,Pneumonia
6087,133,183,1,2026-06-11,2026-08-10,Asthma
6088,3632,61,13,2025-04-09,2025-04-13,Kidney Stones
6089,137,191,11,2026-06-19,2026-08-15,Diabetes
6090,2747,82,19,2026-07-29,2026-08-06,Pneumonia
6091,1606,164,4,2024-11-09,2025-05-15,Covid
6092,2553,226,17,2026-01-07,2026-03-05,Diabetes
6093,3752,182,10,2025-04-13,2025-06-27,Diabetes
6094,3875,194,2,2025-03-13,2025-12-13,Covid
6095,3308,141,7,2026-06-26,2026-07-12,Covid
6096,1835,162,18,2025-08-18,2026-04-17,Migraine
6097,3473,67,10,2024-08-25,2026-03-22,Hypertension
6098,2962,103,7,2025-02-14,2025-11-24,Diabetes
6099,345,104,3,2025-04-26,2025-12-28,Covid
6100,3976,185,19,2025-05-10,2026-01-23,Migraine
6101,4673,202,13,2025-08-15,2026-07-23,Hypertension
6102,336,32,4,2026-05-09,2026-06-27,Cancer
6103,3347,186,20,2025-09-04,2026-06-11,Pneumonia
6104,1817,119,6,2024-12-29,2025-11-05,Covid
6105,1508,8,10,2025-05-05,2026-03-03,Stroke
6106,2699,47,4,2025-03-29,2025-05-30,Asthma
6107,4655,26,4,2025-02-17,2025-03-09,Pneumonia
6108,1744,194,9,2025-12-10,2026-08-07,Cancer
6109,4682,181,7,2026-04-04,2026-05-23,Hypertension
6110,2079,160,8,2025-08-23,2026-08-11,Covid
6111,430,78,20,2025-01-08,2026-07-10,Covid
6112,567,17,7,2025-09-26,2025-11-20,Asthma
6113,4447,115,12,2025-11-21,2026-07-13,Cancer
6114,4329,196,11,2026-06-17,2026-08-11,Migraine
6115,3675,219,17,2024-11-24,2026-02-02,Migraine
6116,4716,67,14,2026-02-18,2026-04-14,Covid
6117,4245,97,4,2025-07-13,2026-01-14,Hypertension
6118,3866,207,10,2026-07-26,2026-08-17,Cancer
6119,4385,33,5,2025-07-26,2026-04-08,Cancer
6120,826,138,15,2025-02-28,2025-05-06,Hypertension
6121,4102,202,1,2024-09-06,2025-09-27,Hypertension
6122,4908,180,18,2025-01-02,2025-07-23,Pneumonia
6123,1453,176,9,2024-11-21,2025-11-03,Kidney Stones
6124,4373,169,18,2025-05-07,2026-05-02,Kidney Stones
6125,4262,242,5,2024-09-18,2025-05-05,Hypertension
6126,3031,244,12,2024-10-16,2026-05-12,Covid
6127,1100,48,9,2024-09-20,2025-10-05,Hypertension
6128,777,35,17,2026-06-17,2026-07-20,Stroke
6129,2468,110,1,2025-12-11,2026-03-18,Pneumonia
6130,935,28,20,2025-05-17,2025-09-13,Cancer
6131,2145,68,20,2026-07-08,2026-08-15,Cancer
6132,85,86,3,2025-10-17,2026-01-17,Covid
6133,4109,223,11,2026-06-28,2026-08-14,Migraine
6134,1881,83,17,2025-03-25,2026-04-06,Hypertension
6135,1204,202,1,2025-03-22,2025-08-22,Fracture
6136,4297,80,5,2026-07-11,2026-07-11,Migraine
6137,740,84,5,2025-12-02,2026-07-13,Covid
6138,2589,136,17,2024-10-30,2025-02-23,Pneumonia
6139,1566,136,2,2024-12-23,2025-09-24,Hypertension
6140,4843,198,7,2025-07-12,2026-08-17,Kidney Stones
6141,2462,94,4,2025-12-22,2026-08-03,Stroke
6142,1492,45,17,2025-01-18,2025-05-30,Kidney Stones
6143,4009,223,14,2026-02-15,2026-06-03,Diabetes
6144,1747,203,15,2025-12-11,2026-06-03,Covid
6145,200,99,9,2025-01-02,2025-09-22,Hypertension
6146,4694,134,1,2025-09-11,2025-09-16,Covid
6147,289,184,1,2025-11-22,2026-03-27,Fracture
6148,486,153,20,2024-10-29,2026-05-25,Kidney Stones
6149,2878,86,9,2025-04-20,2026-05-14,Migraine
6150,316,15,11,2026-04-24,2026-06-16,Kidney Stones
6151,1923,25,7,2026-08-01,2026-08-04,Covid
6152,2527,80,10,2026-03-12,2026-06-27,Pneumonia
6153,293,187,8,2026-07-24,2026-08-16,Covid
6154,505,7,2,2025-11-20,2026-06-23,Cancer
6155,442,12,8,2024-12-21,2025-09-28,Hypertension
6156,2867,221,14,2024-12-28,2026-03-04,Kidney Stones
6157,3699,199,17,2024-12-06,2026-06-25,Pneumonia
6158,4534,142,12,2025-05-10,2026-04-21,Asthma
6159,3270,95,11,2025-05-02,2026-08-01,Hypertension
6160,4531,138,7,2025-04-29,2025-09-14,Asthma
6161,923,189,8,2025-08-17,2026-04-20,Stroke
6162,3514,144,13,2025-07-04,2026-01-07,Asthma
6163,1649,57,14,2024-10-19,2026-07-11,Migraine
6164,235,227,12,2025-12-13,2026-07-29,Stroke
6165,4224,133,12,2025-01-16,2025-05-26,Pneumonia
6166,259,194,18,2024-11-18,2025-05-23,Kidney Stones
6167,3597,190,11,2024-10-16,2025-07-21,Asthma
6168,3385,88,18,2025-05-21,2025-08-15,Stroke
6169,3575,96,9,2025-03-29,2026-02-24,Hypertension
6170,2643,49,7,2026-05-21,2026-07-26,Diabetes
6171,2562,27,3,2025-02-13,2026-01-03,Kidney Stones
6172,4343,203,11,2025-05-02,2025-06-27,Hypertension
6173,4750,236,4,2024-10-07,2026-07-27,Hypertension
6174,603,214,4,2026-07-24,2026-07-27,Stroke
6175,3937,105,15,2024-08-12,2026-01-07,Kidney Stones
6176,3818,175,1,2025-07-17,2026-06-17,Kidney Stones
6177,4727,57,9,2025-10-30,2026-03-26,Stroke
6178,234,177,6,2025-12-27,2026-01-23,Diabetes
6179,3879,138,14,2026-04-28,2026-07-17,Fracture
6180,951,79,11,2026-02-14,2026-07-05,Hypertension
6181,2028,219,1,2025-01-30,2025-07-01,Fracture
6182,412,149,8,2025-08-16,2026-08-07,Asthma
6183,2587,149,5,2024-09-10,2025-01-18,Cancer
6184,2481,94,12,2026-07-12,2026-07-20,Covid
6185,2533,172,3,2025-06-21,2026-01-10,Cancer
6186,2780,75,16,2026-05-24,2026-07-18,Fracture
6187,4535,81,5,2025-03-25,2025-05-13,Pneumonia
6188,1970,81,18,2024-08-30,2025-05-02,Hypertension
6189,4393,214,13,2025-02-13,2025-04-05,Kidney Stones
6190,2695,22,13,2025-02-28,2025-11-30,Covid
6191,28,114,12,2025-11-22,2026-02-28,Diabetes
6192,60,137,4,2025-02-08,2025-07-03,Stroke
6193,3168,30,8,2026-03-06,2026-03-23,Stroke
6194,116,112,1,2025-11-08,2026-03-26,Fracture
6195,2998,164,18,2024-09-13,2025-05-20,Asthma
6196,2972,27,17,2024-11-08,2025-01-30,Pneumonia
6197,51,145,13,2024-12-28,2025-01-01,Cancer
6198,4751,123,2,2026-04-05,2026-07-06,Cancer
6199,680,145,9,2025-05-31,2026-06-27,Stroke
6200,2959,16,9,2024-11-29,2026-06-14,Hypertension
6201,1426,54,6,2025-01-04,2026-08-10,Asthma
6202,678,65,2,2025-08-24,2025-08-27,Stroke
6203,3786,203,5,2024-11-18,2026-01-27,Hypertension
6204,113,146,2,2024-12-18,2025-09-27,Fracture
6205,4692,142,19,2025-10-26,2026-01-04,Pneumonia
6206,3980,177,3,2025-03-25,2025-09-16,Hypertension
6207,2787,145,16,2025-03-02,2026-04-02,Diabetes
6208,2103,201,19,2025-05-19,2025-09-15,Cancer
6209,1940,179,10,2025-07-11,2025-08-03,Hypertension
6210,3175,17,16,2024-08-29,2026-04-26,Kidney Stones
6211,918,182,15,2025-02-06,2026-07-23,Stroke
6212,903,52,12,2026-04-10,2026-06-28,Stroke
6213,3777,140,4,2025-05-12,2025-08-10,Pneumonia
6214,2282,206,3,2024-11-06,2025-08-13,Diabetes
6215,4026,88,18,2024-09-16,2026-01-12,Cancer
6216,3871,142,19,2025-09-04,2025-11-03,Asthma
6217,4045,16,14,2025-07-13,2026-08-03,Asthma
6218,1532,188,1,2025-07-16,2025-11-01,Stroke
6219,160,213,3,2026-05-17,2026-06-20,Asthma
6220,4720,110,18,2024-12-27,2026-02-12,Stroke
6221,899,204,16,2026-04-07,2026-05-23,Stroke
6222,2278,110,15,2026-06-30,2026-07-12,Diabetes
6223,668,23,19,2026-02-24,2026-05-29,Asthma
6224,2569,138,14,2024-12-22,2026-04-04,Pneumonia
6225,269,205,1,2024-09-24,2025-09-07,Fracture
6226,4325,4,6,2025-03-28,2025-08-14,Cancer
6227,1030,28,3,2026-04-26,2026-05-11,Covid
6228,4257,139,3,2024-11-30,2024-11-30,Migraine
6229,3086,156,9,2025-02-13,2026-04-03,Stroke
6230,2111,193,11,2025-10-31,2025-12-04,Covid
6231,2335,125,10,2025-07-24,2025-11-25,Kidney Stones
6232,855,170,18,2024-08-21,2025-01-31,Pneumonia
6233,3332,74,12,2025-05-16,2025-07-19,Pneumonia
6234,3785,131,14,2025-01-08,2025-03-19,Covid
6235,1172,222,12,2025-02-08,2026-06-15,Hypertension
6236,4406,164,3,2026-03-28,2026-07-25,Stroke
6237,4513,171,19,2026-03-29,2026-04-04,Fracture
6238,2523,124,4,2025-01-01,2025-07-20,Asthma
6239,2482,24,17,2026-02-06,2026-06-14,Kidney Stones
6240,3298,4,11,2025-05-07,2026-05-24,Pneumonia
6241,2942,244,15,2025-05-19,2025-10-20,Pneumonia
6242,1014,243,6,2026-06-13,2026-08-17,Diabetes
6243,2351,39,1,2025-03-13,2025-09-20,Stroke
6244,3654,224,1,2024-08-20,2026-07-13,Cancer
6245,3571,58,7,2025-03-24,2026-06-23,Fracture
6246,188,126,9,2025-01-13,2025-05-21,Fracture
6247,2318,230,7,2025-03-31,2025-10-28,Diabetes
6248,1852,11,18,2026-02-02,2026-06-17,Stroke
6249,1408,191,4,2025-03-06,2026-07-17,Covid
6250,3319,160,20,2025-12-07,2026-06-06,Kidney Stones
6251,537,76,11,2025-01-09,2025-12-19,Covid
6252,4656,220,17,2026-01-22,2026-03-29,Diabetes
6253,4475,210,19,2024-12-16,2026-02-18,Asthma
6254,3166,103,18,2025-02-08,2025-06-02,Stroke
6255,1900,164,20,2024-09-03,2026-03-15,Pneumonia
6256,3397,136,12,2025-05-21,2025-10-07,Asthma
6257,3719,103,20,2024-08-07,2025-01-24,Stroke
6258,691,75,13,2025-03-06,2025-08-07,Covid
6259,3419,99,7,2026-05-06,2026-08-08,Hypertension
6260,2922,68,3,2025-12-24,2026-07-29,Cancer
6261,2222,125,6,2026-04-01,2026-06-30,Migraine
6262,4451,250,12,2025-02-15,2025-03-23,Diabetes
6263,1689,91,20,2024-10-25,2025-06-02,Diabetes
6264,1346,170,4,2025-06-12,2026-02-23,Stroke
6265,4385,147,5,2024-09-26,2026-07-31,Kidney Stones
6266,3671,221,15,2025-10-22,2026-08-15,Kidney Stones
6267,222,197,7,2026-06-28,2026-07-07,Stroke
6268,451,48,14,2025-06-11,2025-06-11,Kidney Stones
6269,830,20,14,2025-09-14,2026-08-14,Diabetes
6270,1917,37,8,2025-02-16,2026-05-19,Asthma
6271,2315,21,10,2026-06-25,2026-07-13,Stroke
6272,1068,185,13,2026-03-12,2026-05-18,Pneumonia
6273,193,219,18,2025-04-03,2025-04-09,Stroke
6274,1312,107,19,2025-03-02,2025-09-22,Asthma
6275,2517,100,8,2025-01-19,2026-03-08,Fracture
6276,2082,110,13,2026-05-22,2026-05-27,Hypertension
6277,2534,195,5,2026-03-31,2026-05-20,Covid
6278,2362,79,17,2024-10-27,2024-11-14,Pneumonia
6279,3321,152,15,2024-09-05,2026-01-17,Kidney Stones
6280,3877,61,16,2025-04-14,2026-06-28,Covid
6281,394,30,11,2026-07-18,2026-08-03,Fracture
6282,2755,164,17,2024-10-07,2025-08-06,Fracture
6283,1249,118,4,2025-07-03,2025-12-04,Hypertension
6284,4024,81,17,2026-06-06,2026-07-24,Migraine
6285,2515,26,18,2025-05-17,2025-10-12,Cancer
6286,2585,4,11,2024-09-21,2026-05-04,Kidney Stones
6287,1811,102,15,2024-11-19,2026-05-29,Pneumonia
6288,978,50,12,2025-04-17,2026-07-02,Migraine
6289,3581,205,11,2024-11-16,2026-07-26,Pneumonia
6290,4326,196,4,2025-03-10,2025-10-22,Covid
6291,1004,137,7,2024-09-19,2025-06-27,Asthma
6292,3301,20,10,2026-05-01,2026-07-29,Cancer
6293,4577,16,5,2026-03-13,2026-06-20,Fracture
6294,1673,20,9,2026-06-04,2026-07-24,Stroke
6295,1731,48,11,2025-04-24,2025-07-12,Asthma
6296,2838,176,11,2026-02-17,2026-06-21,Asthma
6297,764,189,14,2025-02-04,2026-07-08,Stroke
6298,1840,249,5,2026-06-18,2026-07-28,Stroke
6299,3785,243,18,2025-09-13,2025-10-01,Stroke
6300,3526,11,5,2024-11-28,2026-04-16,Covid
6301,2848,164,19,2025-08-14,2026-02-13,Migraine
6302,1447,8,7,2025-07-07,2026-08-10,Pneumonia
6303,4010,49,8,2026-07-07,2026-08-08,Fracture
6304,1372,51,2,2024-10-16,2025-07-12,Migraine
6305,3051,87,11,2024-10-23,2026-06-10,Migraine
6306,3347,53,12,2024-10-11,2025-08-21,Diabetes
6307,204,203,8,2025-11-15,2026-06-11,Kidney Stones
6308,2901,134,6,2025-11-20,2026-03-17,Kidney Stones
6309,465,68,8,2026-05-30,2026-06-30,Asthma
6310,1287,7,17,2024-09-26,2026-06-30,Covid
6311,4308,233,3,2025-02-22,2025-04-29,Migraine
6312,614,26,9,2026-05-17,2026-07-15,Cancer
6313,2870,138,10,2025-11-03,2026-04-22,Stroke
6314,3552,6,19,2024-11-20,2026-08-07,Stroke
6315,3425,199,19,2025-11-16,2026-04-05,Covid
6316,4946,67,12,2025-03-06,2026-08-07,Migraine
6317,966,29,20,2026-05-29,2026-08-05,Hypertension
6318,2945,53,17,2025-04-24,2025-10-31,Asthma
6319,2608,172,20,2026-03-20,2026-07-02,Pneumonia
6320,28,143,16,2025-03-14,2025-11-07,Fracture
6321,4047,160,10,2026-04-15,2026-04-24,Asthma
6322,4341,168,12,2025-10-16,2026-02-03,Kidney Stones
6323,2886,52,18,2026-02-09,2026-05-17,Hypertension
6324,2449,234,7,2025-11-22,2026-05-25,Kidney Stones
6325,3432,136,1,2024-11-24,2025-05-13,Stroke
6326,133,88,14,2025-11-05,2026-02-20,Migraine
6327,4309,149,18,2025-10-28,2026-08-12,Asthma
6328,925,235,3,2025-04-24,2025-06-02,Covid
6329,199,6,3,2024-11-21,2026-08-17,Asthma
6330,1149,57,13,2026-03-10,2026-05-13,Diabetes
6331,4157,12,12,2024-10-07,2026-03-17,Cancer
6332,4612,90,18,2025-04-19,2025-09-03,Cancer
6333,3206,250,10,2025-05-18,2026-01-26,Stroke
6334,1816,77,19,2026-01-14,2026-05-10,Pneumonia
6335,793,64,6,2025-11-24,2026-05-30,Covid
6336,143,92,6,2024-08-13,2024-10-16,Migraine
6337,1568,184,3,2025-01-26,2026-07-07,Diabetes
6338,1717,244,8,2025-02-25,2026-06-19,Stroke
6339,1272,64,15,2025-03-02,2025-10-03,Kidney Stones
6340,2334,26,14,2025-01-08,2026-01-29,Migraine
6341,4506,102,11,2024-12-27,2025-06-11,Stroke
6342,171,229,18,2025-08-01,2026-06-03,Fracture
6343,2182,83,14,2025-09-11,2026-01-20,Stroke
6344,4076,146,13,2025-01-09,2026-03-10,Pneumonia
6345,1092,18,8,2026-03-24,2026-06-11,Pneumonia
6346,3098,172,8,2025-05-23,2026-06-23,Hypertension
6347,86,122,13,2025-06-16,2026-07-27,Diabetes
6348,2046,139,15,2025-12-16,2025-12-19,Migraine
6349,3944,175,3,2024-11-30,2025-02-27,Cancer
6350,1670,248,20,2025-08-12,2025-12-14,Stroke
6351,1212,70,19,2025-06-05,2026-02-01,Diabetes
6352,1443,145,18,2025-10-25,2026-02-17,Pneumonia
6353,927,140,5,2026-02-12,2026-06-08,Fracture
6354,1227,54,4,2024-12-27,2025-07-14,Stroke
6355,4091,117,8,2024-08-17,2026-04-18,Covid
6356,3223,137,18,2025-07-20,2026-06-11,Hypertension
6357,4728,143,5,2025-03-21,2025-12-16,Covid
6358,1642,196,12,2025-09-05,2026-06-13,Kidney Stones
6359,477,237,9,2025-09-30,2025-10-05,Kidney Stones
6360,616,18,17,2025-10-16,2026-06-14,Stroke
6361,366,141,14,2025-02-14,2026-03-31,Cancer
6362,848,33,4,2024-09-04,2025-07-16,Fracture
6363,941,87,9,2025-01-10,2025-09-05,Hypertension
6364,2189,78,6,2024-09-09,2026-02-28,Cancer
6365,2715,209,16,2024-09-11,2025-02-21,Diabetes
6366,3247,103,14,2025-10-08,2026-02-01,Covid
6367,795,56,7,2026-05-20,2026-06-30,Migraine
6368,3806,45,13,2025-12-22,2026-06-12,Diabetes
6369,1831,4,20,2025-10-13,2025-12-13,Asthma
6370,3174,122,16,2026-01-13,2026-05-01,Cancer
6371,1726,42,11,2026-06-15,2026-07-27,Fracture
6372,2611,114,4,2025-06-09,2025-11-14,Covid
6373,3103,187,12,2024-09-27,2026-03-04,Pneumonia
6374,4120,226,2,2025-10-29,2025-12-19,Pneumonia
6375,4878,238,15,2026-07-04,2026-07-29,Asthma
6376,230,194,4,2025-04-07,2025-12-27,Covid
6377,3368,184,6,2025-05-03,2025-09-22,Pneumonia
6378,1157,100,19,2025-05-18,2025-11-14,Asthma
6379,1225,216,10,2026-01-19,2026-04-17,Stroke
6380,2424,8,1,2024-12-10,2026-04-27,Pneumonia
6381,4443,50,4,2025-06-18,2025-07-26,Hypertension
6382,3142,182,9,2025-02-04,2025-02-09,Diabetes
6383,2745,169,10,2026-05-18,2026-05-23,Asthma
6384,4868,197,7,2024-12-28,2025-08-16,Kidney Stones
6385,2194,148,11,2025-03-21,2026-07-16,Migraine
6386,3941,226,15,2024-12-19,2025-01-30,Kidney Stones
6387,2754,14,4,2025-11-16,2026-04-26,Kidney Stones
6388,4182,145,16,2026-04-28,2026-05-09,Covid
6389,1376,9,18,2025-03-05,2026-04-04,Fracture
6390,4064,29,8,2025-12-22,2026-03-03,Cancer
6391,4243,243,9,2026-05-19,2026-07-16,Hypertension
6392,459,248,12,2026-02-15,2026-07-26,Cancer
6393,4992,227,16,2024-10-19,2024-12-14,Covid
6394,1795,134,11,2025-04-10,2025-05-02,Asthma
6395,1097,211,7,2025-12-09,2026-05-05,Diabetes
6396,3546,68,16,2024-10-05,2026-03-01,Diabetes
6397,592,79,3,2024-12-22,2025-03-03,Cancer
6398,4626,109,11,2025-05-16,2025-07-03,Pneumonia
6399,3816,138,13,2025-10-25,2026-07-18,Pneumonia
6400,852,23,17,2025-05-21,2025-11-11,Diabetes
6401,4160,203,20,2025-05-14,2026-04-04,Cancer
6402,414,151,8,2025-05-05,2025-07-25,Asthma
6403,3728,28,7,2024-12-16,2025-08-26,Diabetes
6404,4980,197,2,2025-10-07,2025-11-06,Hypertension
6405,1364,91,2,2025-03-08,2026-02-21,Asthma
6406,3315,139,12,2026-08-04,2026-08-16,Covid
6407,2305,200,15,2025-07-13,2026-04-01,Covid
6408,3937,103,3,2025-01-14,2025-03-27,Fracture
6409,2731,246,15,2026-02-12,2026-05-25,Hypertension
6410,966,208,18,2025-08-05,2026-06-12,Migraine
6411,4223,53,6,2024-11-07,2026-03-20,Covid
6412,2709,191,6,2024-09-25,2026-04-30,Pneumonia
6413,2212,204,13,2024-08-28,2025-01-13,Asthma
6414,1547,192,12,2026-05-05,2026-06-11,Pneumonia
6415,1349,79,1,2025-08-10,2025-10-04,Kidney Stones
6416,592,230,19,2024-09-16,2026-06-27,Stroke
6417,2044,145,19,2025-12-06,2026-02-21,Migraine
6418,2118,13,4,2024-12-22,2026-03-03,Kidney Stones
6419,441,110,17,2025-01-16,2025-11-23,Hypertension
6420,4566,110,11,2024-11-14,2025-01-24,Cancer
6421,3235,76,16,2026-03-22,2026-06-13,Migraine
6422,2465,30,9,2026-07-15,2026-08-08,Asthma
6423,3063,81,5,2026-05-08,2026-07-25,Kidney Stones
6424,2007,189,17,2025-12-16,2026-01-01,Kidney Stones
6425,3101,85,1,2025-12-26,2026-03-02,Pneumonia
6426,233,58,7,2025-09-05,2026-06-19,Kidney Stones
6427,307,201,1,2024-10-17,2026-08-03,Fracture
6428,2653,11,4,2025-03-13,2025-09-12,Asthma
6429,1562,231,16,2026-07-09,2026-08-08,Kidney Stones
6430,2311,204,13,2025-05-14,2026-01-08,Migraine
6431,4245,156,9,2025-02-01,2026-07-20,Pneumonia
6432,2655,152,17,2025-06-12,2026-03-07,Fracture
6433,1666,148,12,2026-05-09,2026-06-01,Cancer
6434,719,28,13,2025-01-04,2025-04-18,Diabetes
6435,3800,193,16,2026-02-05,2026-05-03,Asthma
6436,3066,209,12,2025-05-12,2026-03-26,Migraine
6437,4180,185,17,2026-03-06,2026-07-17,Hypertension
6438,3300,94,18,2026-06-19,2026-07-03,Pneumonia
6439,1732,115,5,2026-03-02,2026-04-12,Hypertension
6440,1532,33,9,2025-10-21,2026-04-05,Asthma
6441,4887,120,1,2024-08-09,2025-07-03,Migraine
6442,2661,103,9,2025-09-13,2026-04-07,Kidney Stones
6443,4568,98,8,2024-11-18,2025-10-27,Asthma
6444,4064,2,19,2024-11-08,2026-03-24,Cancer
6445,3447,157,16,2024-11-29,2025-01-11,Fracture
6446,2369,14,20,2025-11-01,2025-11-29,Diabetes
6447,958,151,18,2026-03-06,2026-03-15,Stroke
6448,4489,58,14,2025-05-23,2025-06-23,Pneumonia
6449,2013,113,19,2026-06-02,2026-07-15,Diabetes
6450,2235,84,16,2024-08-26,2025-07-15,Cancer
6451,2321,2,13,2026-03-08,2026-06-27,Cancer
6452,1874,144,13,2024-12-02,2026-04-30,Covid
6453,1572,142,13,2025-07-06,2026-08-15,Cancer
6454,3854,50,12,2026-07-28,2026-08-15,Asthma
6455,34,233,6,2025-05-10,2025-05-20,Asthma
6456,2314,109,6,2026-01-14,2026-06-07,Hypertension
6457,3318,147,8,2026-01-05,2026-03-25,Asthma
6458,1470,116,17,2024-08-18,2026-05-20,Migraine
6459,4490,67,5,2026-01-13,2026-04-26,Diabetes
6460,1366,227,1,2024-10-19,2026-01-24,Asthma
6461,85,245,14,2024-11-04,2025-06-18,Fracture
6462,4337,189,12,2026-07-08,2026-08-17,Fracture
6463,3031,242,13,2026-05-16,2026-06-13,Hypertension
6464,3704,141,5,2025-06-08,2025-09-21,Fracture
6465,4460,75,12,2024-10-09,2026-07-05,Covid
6466,2258,15,16,2025-10-18,2026-02-08,Cancer
6467,3154,133,11,2024-11-18,2024-12-31,Covid
6468,2500,168,18,2026-03-19,2026-07-06,Stroke
6469,3841,159,18,2025-12-09,2026-07-19,Stroke
6470,1370,157,8,2025-10-13,2026-01-06,Pneumonia
6471,205,67,6,2025-10-19,2026-03-02,Asthma
6472,1635,8,20,2026-06-09,2026-08-13,Pneumonia
6473,784,236,10,2024-10-19,2025-03-06,Stroke
6474,3891,154,16,2025-09-19,2026-08-02,Fracture
6475,2164,201,14,2024-08-23,2025-07-24,Stroke
6476,204,205,9,2025-08-28,2026-02-12,Migraine
6477,4757,51,6,2024-12-09,2026-01-05,Pneumonia
6478,1657,135,5,2026-01-19,2026-07-28,Asthma
6479,4804,3,10,2025-07-26,2026-05-08,Diabetes
6480,841,99,1,2025-12-11,2026-02-11,Hypertension
6481,3552,16,7,2026-04-18,2026-05-12,Cancer
6482,572,137,17,2026-06-20,2026-08-05,Kidney Stones
6483,4639,147,5,2026-01-15,2026-03-31,Pneumonia
6484,2784,31,12,2025-07-25,2025-12-14,Hypertension
6485,4413,22,11,2024-08-25,2025-02-05,Covid
6486,4466,201,3,2025-06-20,2026-01-19,Covid
6487,677,145,18,2025-08-22,2026-03-08,Kidney Stones
6488,371,127,1,2024-10-26,2025-08-13,Kidney Stones
6489,452,101,9,2026-03-15,2026-03-23,Hypertension
6490,3561,27,9,2025-11-11,2026-05-13,Fracture
6491,1436,98,17,2025-07-06,2026-01-17,Asthma
6492,2647,1,17,2026-06-18,2026-06-21,Fracture
6493,2023,178,20,2025-01-07,2025-04-07,Stroke
6494,4683,222,9,2025-09-28,2026-04-25,Diabetes
6495,420,9,12,2026-02-17,2026-03-03,Asthma
6496,126,216,18,2024-12-18,2025-09-21,Fracture
6497,4533,38,18,2026-05-03,2026-06-18,Cancer
6498,918,106,7,2025-09-14,2026-08-11,Fracture
6499,2139,247,9,2026-08-01,2026-08-12,Asthma
6500,464,180,3,2025-03-25,2026-04-15,Kidney Stones
6501,3152,241,18,2025-05-26,2025-12-29,Asthma
6502,872,215,16,2024-12-31,2025-12-30,Stroke
6503,1844,171,5,2025-03-29,2025-05-13,Covid
6504,2773,151,16,2025-08-30,2026-07-25,Cancer
6505,702,182,14,2025-05-05,2026-06-15,Pneumonia
6506,2070,123,18,2025-08-21,2026-02-26,Kidney Stones
6507,4945,100,18,2025-05-23,2025-06-13,Covid
6508,3834,151,16,2026-07-06,2026-07-22,Covid
6509,4366,202,18,2024-08-16,2026-08-05,Stroke
6510,1440,35,12,2024-12-11,2025-09-06,Fracture
6511,2207,163,9,2025-10-21,2025-12-17,Stroke
6512,552,122,7,2025-12-04,2026-03-08,Cancer
6513,2046,35,13,2025-11-01,2026-08-14,Diabetes
6514,59,57,20,2026-06-22,2026-08-14,Kidney Stones
6515,3973,46,2,2025-09-07,2026-03-01,Hypertension
6516,2648,51,1,2025-01-23,2025-12-29,Kidney Stones
6517,3406,176,5,2024-09-15,2025-09-12,Diabetes
6518,2538,138,1,2025-06-16,2026-07-02,Diabetes
6519,4555,56,8,2025-01-26,2026-05-07,Diabetes
6520,2131,76,7,2026-01-17,2026-04-14,Diabetes
6521,4877,24,3,2026-02-11,2026-02-15,Kidney Stones
6522,2997,98,6,2024-12-06,2026-04-23,Hypertension
6523,1767,184,17,2026-02-20,2026-05-14,Covid
6524,2400,7,20,2026-05-11,2026-05-18,Migraine
6525,1371,107,4,2025-01-21,2025-05-13,Hypertension
6526,3429,175,2,2025-05-04,2026-03-01,Pneumonia
6527,2757,156,10,2025-05-08,2026-01-17,Kidney Stones
6528,2815,216,4,2025-01-02,2025-09-19,Pneumonia
6529,3601,226,16,2026-03-11,2026-08-07,Migraine
6530,1664,78,10,2025-07-26,2025-08-08,Cancer
6531,810,91,4,2025-06-04,2026-04-21,Hypertension
6532,4403,211,9,2026-03-05,2026-05-26,Hypertension
6533,2911,64,7,2026-03-02,2026-06-29,Stroke
6534,2827,243,1,2025-01-26,2026-05-07,Pneumonia
6535,2096,7,2,2025-11-18,2026-01-06,Hypertension
6536,224,90,3,2025-11-15,2026-05-20,Fracture
6537,1109,203,6,2025-12-14,2026-04-16,Stroke
6538,2363,100,7,2026-05-02,2026-06-14,Hypertension
6539,2784,84,10,2025-08-17,2025-08-29,Diabetes
6540,1457,131,17,2026-03-08,2026-05-01,Fracture
6541,3497,196,8,2026-02-15,2026-04-19,Fracture
6542,1483,136,10,2026-03-31,2026-05-14,Covid
6543,2582,130,3,2026-04-27,2026-05-13,Diabetes
6544,618,173,6,2025-01-23,2026-03-30,Covid
6545,4690,24,5,2026-04-26,2026-05-24,Stroke
6546,3751,116,1,2026-07-16,2026-08-07,Hypertension
6547,1568,232,3,2025-03-07,2026-01-11,Fracture
6548,2200,226,17,2026-02-23,2026-04-04,Asthma
6549,1480,108,4,2025-08-22,2025-08-23,Hypertension
6550,4996,236,16,2024-09-20,2025-05-02,Covid
6551,642,248,5,2025-12-13,2025-12-19,Cancer
6552,2665,76,9,2025-12-18,2026-03-13,Stroke
6553,1488,172,5,2025-11-10,2025-11-30,Asthma
6554,3658,218,9,2025-03-16,2026-02-17,Pneumonia
6555,4003,162,11,2025-12-30,2026-07-31,Diabetes
6556,2092,15,8,2024-09-04,2026-04-20,Kidney Stones
6557,3014,230,7,2026-04-15,2026-04-28,Kidney Stones
6558,1074,159,14,2024-12-18,2025-01-13,Kidney Stones
6559,4794,207,19,2024-09-29,2025-04-13,Migraine
6560,4196,167,17,2026-07-01,2026-08-07,Kidney Stones
6561,702,66,11,2025-03-13,2025-10-30,Stroke
6562,1964,66,20,2025-04-23,2026-05-08,Migraine
6563,445,39,2,2025-09-30,2026-05-23,Migraine
6564,2634,14,15,2024-12-06,2026-06-14,Hypertension
6565,3268,14,8,2026-05-28,2026-06-12,Hypertension
6566,576,92,7,2026-07-08,2026-07-09,Migraine
6567,1202,110,8,2026-04-10,2026-07-09,Fracture
6568,4374,194,4,2024-11-02,2026-03-08,Kidney Stones
6569,3105,132,17,2026-01-21,2026-08-16,Hypertension
6570,2782,109,11,2025-05-29,2026-06-12,Hypertension
6571,4300,190,2,2025-08-19,2026-03-27,Kidney Stones
6572,4068,127,17,2024-11-16,2024-12-28,Hypertension
6573,3942,69,11,2026-01-12,2026-04-12,Covid
6574,512,151,19,2024-11-30,2025-11-30,Migraine
6575,1981,106,12,2026-04-25,2026-05-10,Covid
6576,519,49,14,2024-12-15,2026-05-01,Cancer
6577,1978,239,18,2026-01-01,2026-08-16,Hypertension
6578,2821,81,16,2025-09-03,2025-12-29,Cancer
6579,2176,129,16,2026-02-01,2026-05-10,Pneumonia
6580,2245,58,13,2025-12-22,2026-05-20,Fracture
6581,4967,155,3,2024-08-27,2025-01-13,Asthma
6582,2350,54,1,2024-08-22,2026-02-14,Migraine
6583,3312,175,11,2026-07-16,2026-08-14,Covid
6584,3120,233,13,2025-02-01,2025-09-13,Pneumonia
6585,566,181,14,2026-06-06,2026-07-02,Cancer
6586,3236,205,5,2025-04-24,2026-02-10,Pneumonia
6587,4481,191,15,2025-11-25,2026-05-29,Kidney Stones
6588,3243,85,1,2026-01-04,2026-07-11,Diabetes
6589,4241,148,20,2026-06-25,2026-06-30,Stroke
6590,452,73,5,2026-04-09,2026-07-14,Covid
6591,3990,12,13,2025-07-04,2026-05-09,Asthma
6592,4299,12,17,2025-02-05,2025-07-18,Asthma
6593,3353,132,7,2024-08-13,2025-06-24,Diabetes
6594,589,133,3,2025-07-26,2025-10-16,Diabetes
6595,3263,83,18,2024-12-26,2025-03-03,Asthma
6596,1477,243,11,2024-12-10,2025-08-01,Pneumonia
6597,4116,222,15,2026-02-07,2026-06-04,Migraine
6598,3893,75,11,2025-05-28,2025-09-29,Migraine
6599,1591,123,8,2024-08-15,2025-03-06,Pneumonia
6600,1219,64,12,2025-06-22,2025-11-01,Diabetes
6601,1490,174,11,2026-07-29,2026-08-11,Diabetes
6602,2307,75,17,2025-03-14,2026-01-05,Asthma
6603,1357,137,18,2024-08-22,2024-09-26,Asthma
6604,2382,135,15,2025-09-13,2026-06-20,Diabetes
6605,4042,121,8,2025-08-31,2025-11-25,Covid
6606,287,59,18,2026-05-14,2026-05-15,Stroke
6607,1093,97,16,2025-11-02,2026-03-11,Stroke
6608,2938,189,2,2026-02-06,2026-03-21,Kidney Stones
6609,545,176,4,2025-10-06,2026-02-22,Cancer
6610,2694,62,13,2026-02-20,2026-07-19,Stroke
6611,1851,9,2,2026-06-07,2026-07-28,Hypertension
6612,2896,236,19,2025-07-17,2025-09-03,Diabetes
6613,3255,121,18,2025-06-23,2025-12-29,Migraine
6614,1773,9,15,2026-05-26,2026-08-02,Fracture
6615,2016,50,16,2024-09-22,2026-07-21,Diabetes
6616,3328,240,3,2025-08-11,2026-04-30,Migraine
6617,933,138,3,2025-10-13,2026-07-28,Asthma
6618,2537,63,4,2026-05-17,2026-05-22,Cancer
6619,3568,53,10,2026-06-24,2026-07-31,Pneumonia
6620,1183,71,1,2025-06-01,2025-12-23,Diabetes
6621,496,32,20,2025-09-03,2025-12-19,Diabetes
6622,3404,181,13,2025-02-23,2025-04-14,Pneumonia
6623,4120,150,18,2024-09-26,2026-03-19,Kidney Stones
6624,3250,38,15,2025-07-20,2026-03-14,Migraine
6625,3346,37,11,2025-11-15,2026-04-26,Cancer
6626,2953,199,15,2024-09-21,2025-11-23,Asthma
6627,4565,26,17,2025-12-21,2026-04-06,Kidney Stones
6628,2747,168,6,2026-04-15,2026-05-11,Asthma
6629,2664,176,16,2026-03-06,2026-06-09,Kidney Stones
6630,2556,127,17,2024-12-12,2025-09-14,Kidney Stones
6631,1854,95,11,2025-06-28,2026-03-31,Pneumonia
6632,2776,124,2,2026-06-11,2026-07-24,Cancer
6633,4909,9,5,2025-03-04,2026-03-16,Migraine
6634,1277,231,4,2025-02-20,2025-03-17,Pneumonia
6635,1738,110,17,2026-04-13,2026-05-02,Pneumonia
6636,4140,48,2,2025-09-30,2025-11-13,Asthma
6637,578,108,9,2026-04-14,2026-05-13,Diabetes
6638,2269,193,2,2024-12-15,2026-07-13,Migraine
6639,2062,148,3,2025-04-01,2025-09-11,Diabetes
6640,2920,21,5,2026-07-04,2026-07-11,Cancer
6641,1313,248,12,2024-09-27,2025-07-23,Fracture
6642,1674,202,16,2025-05-02,2025-12-10,Kidney Stones
6643,2342,241,16,2024-09-07,2025-10-02,Hypertension
6644,1546,49,14,2026-06-26,2026-07-03,Stroke
6645,1174,117,5,2025-09-28,2026-03-19,Migraine
6646,4887,143,9,2025-10-02,2026-06-10,Hypertension
6647,1249,6,16,2026-03-31,2026-08-12,Migraine
6648,3520,129,13,2025-06-16,2025-09-02,Covid
6649,4351,42,2,2025-12-23,2026-05-10,Asthma
6650,2886,231,15,2026-07-24,2026-08-17,Migraine
6651,3017,194,7,2026-07-23,2026-07-27,Asthma
6652,3255,169,4,2024-11-10,2025-02-28,Stroke
6653,2864,60,3,2025-05-03,2025-06-25,Asthma
6654,259,66,6,2025-06-29,2025-09-26,Kidney Stones
6655,2362,150,16,2026-08-05,2026-08-11,Kidney Stones
6656,3887,227,17,2025-08-06,2026-02-23,Hypertension
6657,446,117,17,2024-12-12,2026-01-09,Stroke
6658,4370,103,7,2026-06-10,2026-07-12,Asthma
6659,3259,241,2,2026-05-26,2026-07-17,Diabetes
6660,2861,144,3,2025-11-22,2026-04-22,Fracture
6661,921,92,9,2025-12-23,2026-01-23,Pneumonia
6662,64,7,10,2026-05-13,2026-05-28,Migraine
6663,4828,142,12,2025-07-19,2026-07-22,Cancer
6664,4860,238,20,2025-07-15,2026-05-28,Cancer
6665,145,233,17,2025-03-30,2025-06-02,Asthma
6666,3479,143,6,2026-01-12,2026-03-25,Asthma
6667,3740,116,7,2026-04-03,2026-04-28,Kidney Stones
6668,3306,84,6,2026-03-27,2026-06-28,Cancer
6669,4280,132,5,2026-06-03,2026-07-14,Diabetes
6670,297,170,13,2026-01-08,2026-02-18,Diabetes
6671,4580,198,10,2026-05-29,2026-07-09,Kidney Stones
6672,958,197,1,2026-07-08,2026-07-27,Covid
6673,4004,227,12,2025-02-06,2026-07-01,Covid
6674,2077,22,4,2025-02-14,2026-02-08,Asthma
6675,3933,91,19,2025-07-26,2026-02-11,Kidney Stones
6676,4763,11,18,2025-10-28,2026-07-27,Hypertension
6677,2748,209,4,2024-12-29,2025-05-27,Diabetes
6678,4023,106,7,2025-10-01,2026-01-07,Kidney Stones
6679,4865,67,19,2025-10-30,2026-06-03,Migraine
6680,2998,192,5,2026-07-01,2026-07-15,Pneumonia
6681,2476,185,17,2026-01-29,2026-03-18,Hypertension
6682,4603,154,14,2026-01-17,2026-07-20,Stroke
6683,3407,176,6,2024-08-19,2024-12-06,Fracture
6684,4004,130,12,2025-05-01,2025-07-09,Diabetes
6685,1105,115,16,2026-01-17,2026-05-05,Hypertension
6686,4413,76,15,2026-03-25,2026-08-04,Kidney Stones
6687,2726,248,3,2025-04-17,2025-06-14,Asthma
6688,775,135,12,2025-10-19,2026-05-25,Hypertension
6689,3270,55,10,2026-07-19,2026-08-03,Kidney Stones
6690,1291,157,6,2026-05-09,2026-05-11,Fracture
6691,2580,155,8,2025-05-15,2026-04-20,Kidney Stones
6692,333,42,6,2025-03-14,2026-06-05,Diabetes
6693,2408,104,3,2026-03-19,2026-05-13,Diabetes
6694,1837,137,20,2025-02-12,2025-09-09,Diabetes
6695,2549,222,14,2026-05-03,2026-07-08,Kidney Stones
6696,2736,160,7,2025-12-25,2026-05-07,Stroke
6697,1239,3,1,2024-11-17,2025-01-05,Migraine
6698,298,163,19,2025-10-01,2025-10-18,Diabetes
6699,3065,103,12,2026-05-08,2026-08-09,Cancer
6700,4660,194,2,2026-07-10,2026-07-13,Pneumonia
6701,4711,249,14,2024-12-19,2025-05-18,Hypertension
6702,1439,148,18,2026-03-26,2026-04-02,Cancer
6703,2404,229,17,2025-12-23,2026-02-01,Cancer
6704,3728,148,12,2026-02-28,2026-03-12,Pneumonia
6705,4658,237,16,2024-10-08,2026-01-03,Asthma
6706,1368,148,7,2024-09-14,2026-06-29,Migraine
6707,790,148,10,2024-08-16,2025-04-22,Migraine
6708,2652,169,9,2026-05-08,2026-07-03,Pneumonia
6709,1850,111,12,2025-01-18,2026-02-20,Kidney Stones
6710,2663,249,4,2024-10-29,2025-04-13,Pneumonia
6711,608,218,16,2026-04-26,2026-07-20,Stroke
6712,3379,135,14,2026-01-13,2026-05-18,Diabetes
6713,2045,154,3,2026-05-16,2026-07-26,Kidney Stones
6714,3384,242,6,2024-11-23,2025-10-06,Diabetes
6715,2180,196,4,2026-02-23,2026-06-26,Fracture
6716,2074,41,7,2024-10-28,2026-03-16,Kidney Stones
6717,2550,63,1,2025-06-11,2026-08-08,Stroke
6718,3988,203,1,2025-06-10,2026-01-07,Asthma
6719,2214,108,19,2026-07-12,2026-08-17,Kidney Stones
6720,4613,71,16,2026-05-12,2026-06-15,Diabetes
6721,2741,99,16,2026-01-24,2026-03-26,Cancer
6722,3374,234,8,2026-06-18,2026-07-15,Covid
6723,818,215,9,2025-10-07,2026-04-19,Pneumonia
6724,3740,134,2,2024-11-26,2025-06-30,Cancer
6725,1873,3,4,2024-10-05,2026-07-10,Cancer
6726,789,28,7,2025-08-26,2026-06-29,Pneumonia
6727,2458,58,18,2025-02-10,2025-09-18,Migraine
6728,266,47,3,2025-11-10,2026-03-26,Asthma
6729,3607,126,12,2026-06-26,2026-06-28,Diabetes
6730,1617,172,1,2024-10-17,2025-12-10,Asthma
6731,341,247,13,2025-01-25,2026-05-04,Pneumonia
6732,1354,247,5,2026-07-02,2026-08-06,Stroke
6733,242,108,4,2025-11-26,2025-12-26,Cancer
6734,1813,142,18,2024-09-14,2026-05-12,Asthma
6735,3564,111,19,2024-08-17,2025-07-08,Diabetes
6736,2302,125,20,2024-10-20,2024-11-22,Stroke
6737,2762,67,15,2026-04-10,2026-05-04,Pneumonia
6738,269,187,5,2026-02-07,2026-05-09,Kidney Stones
6739,915,192,15,2026-06-19,2026-07-03,Stroke
6740,2147,249,14,2025-04-19,2026-01-23,Cancer
6741,3257,20,20,2025-09-23,2025-11-26,Stroke
6742,3660,137,5,2025-09-10,2026-03-29,Pneumonia
6743,1681,223,3,2026-07-16,2026-07-24,Diabetes
6744,1400,11,10,2024-10-21,2024-11-04,Cancer
6745,2848,133,4,2024-08-29,2025-05-11,Migraine
6746,1225,71,14,2025-09-25,2026-08-06,Stroke
6747,3457,231,12,2025-03-05,2025-08-19,Kidney Stones
6748,1712,46,3,2026-01-20,2026-02-17,Cancer
6749,3771,79,14,2026-05-09,2026-06-13,Hypertension
6750,753,162,6,2025-11-22,2026-03-04,Kidney Stones
6751,868,193,5,2026-05-15,2026-06-17,Pneumonia
6752,1286,249,17,2024-10-17,2025-12-01,Cancer
6753,1305,89,16,2024-11-19,2026-03-23,Kidney Stones
6754,3893,129,15,2024-12-29,2025-08-21,Asthma
6755,3445,142,12,2025-02-06,2026-03-14,Hypertension
6756,4163,39,2,2025-11-21,2026-03-03,Covid
6757,119,47,6,2025-01-16,2025-07-15,Covid
6758,1086,169,7,2025-05-06,2025-10-31,Kidney Stones
6759,1131,86,7,2025-12-24,2026-04-09,Stroke
6760,313,58,12,2024-12-22,2026-08-03,Hypertension
6761,2208,42,7,2026-07-10,2026-07-21,Asthma
6762,4648,9,7,2024-08-24,2026-04-03,Stroke
6763,214,195,17,2024-11-01,2026-05-25,Migraine
6764,890,81,19,2025-07-20,2026-02-03,Pneumonia
6765,2854,74,6,2024-08-16,2026-06-17,Migraine
6766,1553,34,3,2025-04-08,2026-07-03,Stroke
6767,4270,194,1,2025-03-21,2026-03-22,Cancer
6768,90,146,1,2025-09-01,2026-05-21,Migraine
6769,1435,35,4,2025-07-11,2026-06-29,Stroke
6770,4574,184,7,2025-03-02,2025-06-15,Kidney Stones
6771,2267,147,6,2024-11-28,2026-03-26,Pneumonia
6772,4583,107,11,2026-07-08,2026-08-06,Asthma
6773,846,80,20,2025-12-07,2026-07-31,Kidney Stones
6774,2897,220,11,2026-01-19,2026-07-28,Asthma
6775,2976,134,10,2025-07-17,2026-03-29,Stroke
6776,3479,171,11,2025-11-29,2026-02-20,Pneumonia
6777,3141,148,1,2026-02-17,2026-08-04,Hypertension
6778,3813,15,19,2024-08-31,2026-06-29,Stroke
6779,3431,113,17,2026-05-28,2026-06-01,Hypertension
6780,4447,31,10,2024-12-05,2025-12-27,Fracture
6781,731,200,12,2025-09-18,2026-08-01,Diabetes
6782,789,90,13,2026-03-17,2026-07-13,Pneumonia
6783,3996,154,18,2026-05-13,2026-07-15,Stroke
6784,900,69,9,2026-06-16,2026-07-26,Covid
6785,1613,247,4,2024-10-17,2025-09-23,Hypertension
6786,1393,47,9,2025-07-04,2025-10-19,Pneumonia
6787,4639,170,7,2025-03-24,2025-06-30,Covid
6788,1217,106,2,2025-09-29,2025-10-25,Cancer
6789,1671,62,7,2024-12-06,2025-10-09,Covid
6790,1160,213,11,2025-07-26,2025-07-28,Pneumonia
6791,4320,19,2,2025-08-19,2026-02-13,Pneumonia
6792,244,95,8,2025-01-22,2025-07-02,Kidney Stones
6793,3212,171,18,2024-09-10,2025-12-06,Pneumonia
6794,96,104,1,2025-05-22,2025-08-16,Diabetes
6795,455,225,17,2026-08-03,2026-08-14,Asthma
6796,3255,90,19,2024-10-12,2025-01-25,Migraine
6797,524,21,19,2025-02-11,2025-04-22,Covid
6798,236,134,15,2025-02-10,2025-06-11,Pneumonia
6799,1854,240,17,2025-10-22,2026-08-05,Covid
6800,875,24,14,2025-12-27,2026-07-18,Hypertension
6801,2284,6,5,2024-10-27,2026-03-24,Fracture
6802,148,183,2,2024-08-28,2025-03-11,Kidney Stones
6803,955,228,2,2025-12-12,2026-07-28,Asthma
6804,3599,7,17,2025-05-03,2025-05-17,Fracture
6805,3016,100,2,2026-01-01,2026-03-09,Asthma
6806,1367,151,7,2025-09-21,2025-12-17,Asthma
6807,2766,52,2,2026-02-12,2026-03-20,Diabetes
6808,3058,224,9,2026-02-04,2026-07-13,Asthma
6809,4622,33,3,2024-10-31,2026-02-15,Migraine
6810,1577,58,11,2026-01-24,2026-07-15,Pneumonia
6811,2950,139,4,2025-02-16,2026-02-17,Diabetes
6812,4700,197,4,2025-04-14,2026-07-31,Migraine
6813,4851,80,11,2025-12-17,2026-05-15,Kidney Stones
6814,1218,122,12,2026-08-05,2026-08-07,Cancer
6815,4154,216,16,2026-06-25,2026-08-12,Fracture
6816,2459,166,9,2025-06-15,2025-12-13,Hypertension
6817,3146,81,20,2026-07-12,2026-07-14,Hypertension
6818,1277,219,5,2026-05-14,2026-07-20,Cancer
6819,480,150,5,2025-05-05,2025-09-25,Cancer
6820,279,22,17,2026-03-01,2026-08-01,Kidney Stones
6821,4931,72,20,2025-08-20,2025-09-29,Cancer
6822,1542,200,19,2026-06-23,2026-08-11,Pneumonia
6823,4250,1,2,2025-01-01,2025-11-26,Fracture
6824,1514,38,9,2025-11-29,2026-08-15,Cancer
6825,3903,127,1,2025-11-01,2026-02-25,Stroke
6826,1334,56,2,2026-01-17,2026-07-13,Stroke
6827,1801,154,13,2025-09-29,2025-11-17,Diabetes
6828,2519,157,5,2026-04-14,2026-05-22,Fracture
6829,3985,227,16,2026-02-23,2026-04-01,Stroke
6830,3437,110,5,2025-02-20,2026-08-02,Asthma
6831,576,200,3,2025-01-11,2025-10-06,Fracture
6832,1430,4,7,2024-10-14,2026-01-02,Migraine
6833,3770,197,9,2026-05-26,2026-06-15,Kidney Stones
6834,2726,150,11,2025-06-18,2025-09-08,Covid
6835,324,164,1,2025-11-07,2026-07-21,Covid
6836,4491,110,19,2024-11-26,2025-01-13,Fracture
6837,1272,124,5,2025-01-06,2025-09-05,Kidney Stones
6838,1770,11,13,2025-06-25,2026-06-18,Covid
6839,1144,205,16,2026-03-01,2026-06-16,Fracture
6840,316,202,16,2025-11-12,2026-08-07,Diabetes
6841,4288,242,7,2025-07-02,2025-10-10,Diabetes
6842,3499,101,6,2025-08-24,2026-03-27,Cancer
6843,4220,211,20,2026-01-09,2026-01-27,Pneumonia
6844,2939,120,9,2026-01-17,2026-03-29,Hypertension
6845,1931,15,7,2026-06-11,2026-07-31,Hypertension
6846,3153,5,10,2026-07-05,2026-08-05,Cancer
6847,3579,220,7,2026-07-02,2026-07-20,Covid
6848,4974,7,5,2026-07-07,2026-08-03,Pneumonia
6849,117,185,10,2026-01-26,2026-08-04,Diabetes
6850,1431,173,10,2025-07-06,2026-01-23,Kidney Stones
6851,3415,237,1,2025-03-14,2026-04-28,Migraine
6852,4424,213,17,2026-01-12,2026-07-01,Kidney Stones
6853,3064,104,6,2024-11-02,2025-05-12,Diabetes
6854,2536,159,17,2024-09-01,2025-03-21,Covid
6855,2877,211,9,2025-05-28,2026-04-04,Migraine
6856,218,124,7,2024-12-02,2025-11-26,Fracture
6857,1805,92,16,2026-02-28,2026-05-22,Asthma
6858,2504,33,6,2025-05-03,2026-08-10,Diabetes
6859,1846,216,9,2024-11-04,2025-08-30,Fracture
6860,2307,140,3,2025-05-14,2025-11-04,Pneumonia
6861,2045,23,12,2024-09-18,2025-03-13,Cancer
6862,4207,26,15,2024-11-24,2025-03-21,Cancer
6863,4123,97,5,2026-01-22,2026-06-01,Asthma
6864,2188,159,9,2026-06-03,2026-07-13,Fracture
6865,1614,178,8,2026-03-11,2026-04-30,Diabetes
6866,1139,179,4,2024-11-02,2026-06-23,Hypertension
6867,369,55,2,2025-04-11,2025-05-10,Diabetes
6868,3337,178,12,2025-10-28,2026-08-15,Covid
6869,858,175,12,2025-03-14,2026-03-02,Stroke
6870,3676,216,13,2026-03-04,2026-05-24,Cancer
6871,740,1,15,2024-09-11,2025-07-27,Hypertension
6872,4334,166,14,2025-07-28,2026-07-29,Kidney Stones
6873,2133,156,4,2024-11-11,2026-02-03,Covid
6874,1611,199,3,2026-02-03,2026-03-03,Diabetes
6875,2842,85,4,2025-07-24,2026-03-12,Covid
6876,1208,247,3,2025-06-06,2025-10-12,Stroke
6877,3403,69,13,2025-04-27,2025-05-26,Kidney Stones
6878,1988,169,19,2025-09-01,2026-07-02,Covid
6879,1966,83,13,2025-07-06,2026-01-13,Asthma
6880,2174,122,3,2026-04-05,2026-08-03,Hypertension
6881,826,26,20,2026-03-30,2026-04-11,Stroke
6882,777,143,4,2024-08-21,2025-09-01,Kidney Stones
6883,2449,98,19,2025-04-03,2026-05-22,Fracture
6884,113,83,15,2026-05-23,2026-06-03,Covid
6885,1349,204,19,2024-09-09,2025-12-07,Asthma
6886,2945,20,2,2025-01-22,2026-03-10,Diabetes
6887,4820,109,8,2024-11-19,2025-10-15,Cancer
6888,1892,6,16,2025-03-01,2026-04-08,Pneumonia
6889,1608,71,14,2026-05-14,2026-06-11,Covid
6890,2413,189,17,2026-03-28,2026-06-26,Migraine
6891,3775,240,6,2026-05-07,2026-06-06,Pneumonia
6892,1163,110,19,2025-11-30,2026-06-14,Asthma
6893,473,173,12,2025-03-16,2026-02-01,Stroke
6894,2042,6,9,2025-05-16,2025-11-12,Covid
6895,2998,85,20,2026-06-16,2026-07-29,Hypertension
6896,4201,53,19,2024-11-30,2025-01-11,Hypertension
6897,1358,36,10,2025-10-20,2025-12-26,Pneumonia
6898,3027,30,2,2026-04-24,2026-06-13,Covid
6899,3451,135,5,2025-05-11,2025-08-28,Asthma
6900,4219,70,14,2025-07-07,2025-11-06,Stroke
6901,589,118,9,2025-11-12,2026-01-26,Pneumonia
6902,119,179,9,2026-05-25,2026-06-30,Cancer
6903,2973,176,3,2025-09-29,2025-10-06,Covid
6904,2421,118,6,2025-10-08,2025-11-18,Cancer
6905,4194,102,12,2026-05-08,2026-06-28,Migraine
6906,2876,45,18,2025-07-25,2026-07-02,Asthma
6907,1432,82,12,2025-10-10,2026-07-29,Stroke
6908,3008,22,20,2026-04-20,2026-06-07,Diabetes
6909,2271,117,11,2025-05-24,2026-05-24,Cancer
6910,2438,90,11,2026-07-10,2026-07-19,Asthma
6911,2850,38,2,2025-05-09,2026-04-07,Diabetes
6912,3185,36,6,2025-03-17,2025-08-01,Diabetes
6913,779,184,15,2025-10-08,2026-03-22,Hypertension
6914,1512,98,3,2026-01-10,2026-08-04,Fracture
6915,355,80,20,2025-05-15,2026-03-09,Migraine
6916,3723,243,11,2024-10-25,2025-03-30,Hypertension
6917,2546,180,10,2026-03-02,2026-05-22,Migraine
6918,3315,110,19,2024-10-21,2025-10-30,Hypertension
6919,2510,145,1,2026-04-20,2026-07-22,Diabetes
6920,1603,107,5,2025-01-12,2025-05-04,Hypertension
6921,4830,46,5,2025-11-13,2026-05-11,Hypertension
6922,4457,31,20,2025-08-29,2025-11-20,Cancer
6923,2508,146,2,2026-04-16,2026-06-28,Diabetes
6924,1071,244,18,2025-11-18,2026-05-01,Kidney Stones
6925,115,97,8,2025-07-05,2025-12-10,Cancer
6926,801,148,20,2026-03-05,2026-04-18,Fracture
6927,396,46,16,2026-03-24,2026-07-08,Cancer
6928,3649,67,16,2025-09-03,2026-07-04,Hypertension
6929,4027,191,4,2024-08-24,2024-09-17,Cancer
6930,1240,198,6,2025-05-21,2026-06-09,Asthma
6931,1240,81,7,2025-10-21,2026-03-15,Kidney Stones
6932,3239,77,6,2025-03-01,2025-09-12,Asthma
6933,3752,71,3,2026-01-07,2026-06-12,Stroke
6934,554,44,7,2025-10-13,2025-10-28,Stroke
6935,888,13,5,2024-09-20,2026-05-11,Covid
6936,2137,194,20,2025-06-15,2026-06-26,Fracture
6937,2276,188,7,2026-05-17,2026-05-19,Covid
6938,1116,127,11,2026-02-14,2026-03-29,Fracture
6939,4950,168,9,2025-03-24,2025-05-20,Covid
6940,3226,129,20,2026-01-29,2026-07-26,Asthma
6941,1147,183,8,2026-01-17,2026-02-25,Hypertension
6942,1444,226,9,2024-09-01,2025-02-16,Pneumonia
6943,2149,178,9,2025-09-22,2026-06-21,Stroke
6944,4700,244,20,2026-07-18,2026-08-08,Pneumonia
6945,3857,191,4,2025-07-09,2026-06-09,Hypertension
6946,1677,85,1,2024-09-02,2025-11-23,Hypertension
6947,933,166,6,2025-03-09,2025-05-19,Cancer
6948,2460,53,10,2026-04-21,2026-05-27,Covid
6949,4392,232,20,2025-12-09,2026-08-06,Migraine
6950,4952,215,19,2025-09-17,2026-02-17,Cancer
6951,3688,120,3,2026-06-15,2026-07-29,Covid
6952,544,231,2,2026-01-14,2026-08-15,Migraine
6953,2728,108,5,2024-12-10,2026-03-26,Kidney Stones
6954,3310,177,7,2025-04-21,2025-11-08,Stroke
6955,3646,131,19,2026-05-06,2026-06-29,Fracture
6956,270,3,1,2026-03-20,2026-07-08,Pneumonia
6957,1397,28,19,2025-06-13,2026-05-12,Diabetes
6958,4528,37,17,2025-07-28,2026-07-30,Migraine
6959,1648,63,19,2024-08-13,2025-11-11,Stroke
6960,486,145,7,2024-12-23,2025-03-09,Diabetes
6961,1580,91,19,2025-05-02,2025-11-27,Hypertension
6962,4195,163,2,2025-09-02,2026-05-16,Stroke
6963,1226,213,1,2025-04-01,2026-06-08,Kidney Stones
6964,1,147,8,2024-11-23,2025-03-24,Asthma
6965,4376,155,13,2026-04-28,2026-08-06,Cancer
6966,38,75,3,2025-05-19,2026-07-19,Stroke
6967,865,19,10,2025-02-24,2025-03-10,Asthma
6968,4499,239,13,2026-06-28,2026-07-24,Asthma
6969,3430,110,9,2024-10-29,2025-07-26,Migraine
6970,2067,15,14,2025-10-26,2026-06-13,Migraine
6971,645,30,18,2025-01-30,2026-02-13,Diabetes
6972,4125,135,7,2026-05-24,2026-07-23,Hypertension
6973,12,95,13,2026-01-30,2026-05-11,Pneumonia
6974,3371,83,17,2024-10-30,2025-03-15,Kidney Stones
6975,3033,29,11,2024-09-14,2024-12-07,Pneumonia
6976,2532,9,2,2025-03-01,2025-12-30,Migraine
6977,606,133,16,2026-01-03,2026-06-05,Migraine
6978,363,100,7,2025-03-01,2025-08-09,Fracture
6979,4711,61,4,2024-09-24,2025-10-26,Fracture
6980,2276,216,14,2024-09-19,2025-08-29,Pneumonia
6981,4116,212,13,2025-01-03,2026-05-17,Migraine
6982,4492,108,13,2026-07-10,2026-08-07,Kidney Stones
6983,4311,78,9,2025-09-02,2026-06-29,Asthma
6984,495,212,8,2025-06-02,2026-02-02,Kidney Stones
6985,4017,236,10,2026-01-25,2026-06-24,Pneumonia
6986,1835,27,16,2024-10-26,2024-11-12,Asthma
6987,662,76,2,2025-04-23,2025-08-30,Asthma
6988,3608,220,18,2025-06-04,2026-06-01,Hypertension
6989,1818,99,15,2025-05-28,2026-02-07,Pneumonia
6990,2615,143,13,2025-08-16,2026-06-23,Stroke
6991,131,144,13,2025-06-07,2026-05-08,Diabetes
6992,3816,56,11,2026-08-03,2026-08-15,Hypertension
6993,310,95,15,2026-05-07,2026-07-19,Covid
6994,3450,99,11,2026-02-26,2026-05-09,Kidney Stones
6995,1726,210,7,2025-03-15,2025-05-05,Cancer
6996,3946,57,11,2025-09-23,2026-05-20,Migraine
6997,3048,111,15,2025-03-26,2026-06-18,Migraine
6998,281,99,14,2025-12-01,2026-06-01,Kidney Stones
6999,2963,49,3,2026-04-09,2026-04-10,Hypertension
7000,2714,161,16,2025-06-28,2025-07-09,Migraine
7001,4478,167,3,2024-08-08,2024-09-03,Covid
7002,1921,141,19,2025-11-18,2026-06-27,Pneumonia
7003,457,219,12,2026-02-02,2026-04-02,Asthma
7004,3704,48,4,2026-04-03,2026-06-23,Fracture
7005,2238,247,10,2025-11-24,2025-12-19,Asthma
7006,2756,46,16,2025-03-02,2025-11-10,Pneumonia
7007,4637,53,19,2025-12-14,2026-03-05,Diabetes
7008,39,137,7,2025-07-27,2026-07-15,Pneumonia
7009,813,204,18,2025-02-10,2026-04-24,Covid
7010,2685,38,9,2024-08-14,2026-02-15,Kidney Stones
7011,4972,181,17,2026-07-05,2026-08-17,Pneumonia
7012,905,19,9,2025-02-28,2025-09-13,Hypertension
7013,114,22,6,2025-10-09,2026-03-31,Pneumonia
7014,1027,206,6,2024-08-07,2026-05-17,Covid
7015,3617,203,19,2026-03-30,2026-07-30,Stroke
7016,3126,133,19,2025-11-24,2026-05-31,Cancer
7017,123,185,10,2025-06-27,2025-12-21,Diabetes
7018,1244,41,8,2025-08-05,2025-08-25,Migraine
7019,819,191,7,2025-03-15,2025-11-20,Fracture
7020,1143,235,3,2025-06-05,2026-02-19,Kidney Stones
7021,4271,24,4,2025-01-19,2025-11-10,Kidney Stones
7022,3110,245,18,2026-07-13,2026-07-17,Asthma
7023,2751,243,16,2025-03-28,2026-03-02,Asthma
7024,899,133,19,2024-11-19,2025-06-25,Hypertension
7025,3773,196,8,2026-05-22,2026-06-07,Cancer
7026,221,11,11,2025-08-01,2025-08-08,Migraine
7027,1596,176,12,2025-07-29,2026-01-02,Hypertension
7028,2695,147,20,2025-09-14,2025-11-14,Fracture
7029,4302,241,15,2024-11-01,2025-12-13,Cancer
7030,3293,25,3,2025-08-04,2025-08-14,Stroke
7031,4434,143,20,2024-08-08,2026-02-04,Stroke
7032,4198,136,3,2026-02-05,2026-05-08,Cancer
7033,3397,195,20,2025-07-01,2025-07-11,Asthma
7034,2628,56,1,2026-06-20,2026-08-06,Migraine
7035,119,13,7,2025-06-14,2026-07-25,Covid
7036,2347,221,12,2024-09-29,2026-04-05,Stroke
7037,1675,107,4,2026-04-22,2026-06-21,Stroke
7038,4343,39,11,2024-12-29,2025-08-05,Kidney Stones
7039,2160,219,13,2026-02-14,2026-07-05,Migraine
7040,1808,245,2,2024-10-08,2025-03-15,Stroke
7041,619,182,8,2026-06-24,2026-08-06,Diabetes
7042,1457,34,8,2026-02-17,2026-07-05,Pneumonia
7043,47,114,19,2025-09-07,2025-11-25,Migraine
7044,4208,24,11,2026-07-25,2026-08-01,Cancer
7045,1945,173,9,2025-11-24,2026-07-11,Pneumonia
7046,2917,184,3,2025-02-18,2026-05-22,Kidney Stones
7047,1118,137,18,2025-01-14,2025-02-17,Hypertension
7048,3172,174,20,2026-08-05,2026-08-15,Fracture
7049,4069,175,8,2025-07-23,2026-05-09,Asthma
7050,3929,81,14,2024-11-25,2025-08-17,Diabetes
7051,1627,182,5,2025-04-13,2026-04-11,Stroke
7052,3226,23,7,2024-09-14,2025-07-03,Migraine
7053,4271,237,9,2024-11-18,2025-12-10,Stroke
7054,2414,105,6,2025-06-03,2026-04-29,Covid
7055,3470,188,4,2025-03-09,2026-03-23,Stroke
7056,1618,184,11,2026-07-03,2026-08-08,Pneumonia
7057,2247,22,11,2025-10-17,2026-02-15,Hypertension
7058,2861,58,19,2024-10-09,2026-01-26,Asthma
7059,4133,50,17,2026-02-12,2026-07-14,Fracture
7060,4185,174,6,2024-11-14,2026-01-25,Covid
7061,4829,233,15,2024-08-17,2024-12-06,Diabetes
7062,1816,39,14,2026-02-06,2026-03-26,Covid
7063,123,146,6,2026-04-20,2026-06-15,Hypertension
7064,3244,126,18,2026-05-27,2026-07-15,Migraine
7065,894,49,15,2026-02-01,2026-07-16,Covid
7066,4516,94,18,2024-10-08,2025-04-20,Stroke
7067,4362,93,9,2025-12-11,2026-05-19,Hypertension
7068,4603,15,11,2024-11-05,2026-05-23,Cancer
7069,19,223,1,2026-07-12,2026-07-31,Asthma
7070,2306,79,11,2025-03-09,2025-07-23,Migraine
7071,4608,11,12,2025-11-02,2025-11-15,Kidney Stones
7072,914,1,8,2026-04-20,2026-06-26,Cancer
7073,4916,82,5,2026-03-01,2026-06-13,Kidney Stones
7074,1812,131,6,2025-03-12,2025-03-24,Covid
7075,152,177,5,2025-06-28,2026-07-27,Hypertension
7076,3256,81,11,2024-12-30,2025-01-04,Stroke
7077,1480,98,10,2026-07-06,2026-07-13,Migraine
7078,3143,66,20,2024-12-03,2026-03-27,Diabetes
7079,4680,222,17,2025-12-27,2026-04-09,Fracture
7080,1148,56,5,2025-01-19,2026-08-07,Hypertension
7081,2270,199,17,2026-07-08,2026-07-17,Migraine
7082,2591,162,15,2026-01-31,2026-07-26,Covid
7083,2383,241,18,2025-12-21,2026-01-01,Cancer
7084,4478,10,3,2025-08-01,2025-11-09,Asthma
7085,335,118,13,2024-11-16,2025-10-11,Diabetes
7086,514,117,4,2026-02-09,2026-03-16,Pneumonia
7087,4975,90,4,2024-12-20,2025-03-25,Covid
7088,2707,76,16,2025-07-27,2025-10-18,Cancer
7089,2373,197,9,2024-12-05,2025-08-08,Stroke
7090,725,41,18,2025-06-10,2025-06-14,Cancer
7091,4128,107,18,2025-08-01,2025-12-06,Cancer
7092,1927,190,14,2025-02-01,2026-01-18,Fracture
7093,3380,71,12,2024-12-11,2025-09-05,Covid
7094,3043,143,9,2025-08-15,2025-11-09,Covid
7095,2721,174,6,2026-02-17,2026-03-05,Fracture
7096,4013,40,2,2025-01-11,2026-02-15,Covid
7097,493,5,2,2026-02-24,2026-07-25,Fracture
7098,1918,200,15,2025-08-22,2025-11-02,Cancer
7099,2508,40,13,2025-05-29,2026-03-18,Diabetes
7100,3894,67,12,2026-03-21,2026-05-02,Pneumonia
7101,4046,159,18,2025-04-08,2025-04-12,Hypertension
7102,4685,213,14,2026-01-27,2026-04-08,Stroke
7103,1382,7,17,2025-06-10,2025-11-09,Cancer
7104,1704,208,15,2025-04-13,2026-04-08,Stroke
7105,4384,214,13,2026-07-09,2026-07-23,Diabetes
7106,349,131,11,2026-01-05,2026-05-12,Kidney Stones
7107,4838,125,16,2026-02-13,2026-02-22,Cancer
7108,4208,220,20,2025-09-27,2026-08-12,Kidney Stones
7109,4967,40,10,2026-05-17,2026-06-01,Fracture
7110,450,162,15,2026-02-01,2026-06-30,Covid
7111,2947,29,10,2025-05-31,2026-04-15,Asthma
7112,2554,14,13,2025-11-21,2025-12-07,Fracture
7113,2071,86,14,2026-02-21,2026-06-24,Covid
7114,760,242,8,2025-09-18,2026-03-21,Cancer
7115,1752,218,7,2026-01-27,2026-07-17,Migraine
7116,2602,189,1,2026-03-28,2026-04-29,Asthma
7117,715,131,1,2026-07-15,2026-07-16,Covid
7118,63,130,4,2026-03-28,2026-08-06,Migraine
7119,457,119,7,2026-07-01,2026-07-27,Asthma
7120,796,5,5,2026-07-21,2026-08-12,Hypertension
7121,1433,61,20,2026-07-22,2026-08-10,Pneumonia
7122,2371,26,13,2026-06-21,2026-08-13,Covid
7123,3096,213,20,2024-11-04,2025-12-19,Stroke
7124,3277,56,18,2026-03-28,2026-05-18,Diabetes
7125,1282,148,19,2026-06-24,2026-07-17,Migraine
7126,3505,230,11,2026-03-20,2026-06-16,Stroke
7127,4355,170,17,2026-06-22,2026-06-28,Kidney Stones
7128,373,11,2,2024-10-05,2025-11-23,Kidney Stones
7129,472,15,14,2025-07-16,2025-12-01,Cancer
7130,2855,43,9,2026-04-21,2026-04-25,Migraine
7131,814,30,5,2025-08-10,2026-02-27,Hypertension
7132,2347,225,2,2025-06-17,2025-09-17,Stroke
7133,1107,167,7,2025-09-23,2026-02-25,Pneumonia
7134,4794,181,9,2024-08-14,2024-08-22,Hypertension
7135,4817,2,9,2025-11-20,2026-03-24,Pneumonia
7136,4881,236,19,2026-05-09,2026-06-08,Asthma
7137,726,85,20,2026-03-04,2026-05-20,Diabetes
7138,1105,162,19,2025-09-05,2025-09-06,Migraine
7139,594,59,7,2024-08-20,2025-07-26,Cancer
7140,1577,165,4,2026-04-14,2026-06-22,Asthma
7141,4566,107,17,2025-05-27,2025-09-29,Fracture
7142,392,84,12,2024-12-24,2025-05-14,Kidney Stones
7143,1572,118,7,2026-02-09,2026-07-03,Diabetes
7144,3049,246,9,2025-02-18,2025-04-14,Asthma
7145,2932,116,13,2026-06-01,2026-08-07,Cancer
7146,4348,193,12,2025-06-01,2025-06-09,Cancer
7147,2993,79,6,2025-07-13,2026-04-27,Hypertension
7148,1692,232,13,2024-12-19,2026-07-24,Pneumonia
7149,280,120,14,2025-01-26,2025-07-11,Diabetes
7150,1895,173,6,2026-05-08,2026-06-26,Cancer
7151,2526,25,1,2025-04-01,2026-01-07,Stroke
7152,1758,239,5,2026-07-05,2026-08-08,Kidney Stones
7153,4307,172,8,2025-12-12,2026-02-02,Kidney Stones
7154,1598,90,16,2025-10-02,2025-12-31,Fracture
7155,4907,132,5,2026-03-11,2026-07-06,Diabetes
7156,1697,184,11,2026-04-06,2026-04-17,Kidney Stones
7157,797,190,18,2026-03-28,2026-05-09,Covid
7158,618,221,5,2026-07-05,2026-08-12,Kidney Stones
7159,532,56,6,2025-07-09,2026-03-14,Covid
7160,911,241,1,2026-06-27,2026-07-05,Stroke
7161,4415,217,20,2024-11-20,2026-04-08,Covid
7162,2446,110,3,2024-12-25,2025-03-24,Cancer
7163,3096,78,10,2026-01-15,2026-06-04,Fracture
7164,1482,102,18,2025-11-10,2025-12-18,Pneumonia
7165,3442,147,16,2025-04-26,2026-02-08,Diabetes
7166,4871,154,7,2025-01-20,2026-07-11,Pneumonia
7167,3852,199,15,2024-10-03,2024-11-17,Cancer
7168,185,35,15,2026-05-04,2026-07-09,Fracture
7169,2418,173,3,2025-04-30,2025-05-23,Hypertension
7170,1794,220,9,2025-06-16,2026-01-18,Hypertension
7171,827,66,15,2026-05-24,2026-06-29,Covid
7172,1086,226,13,2025-02-09,2025-05-12,Asthma
7173,769,191,18,2025-06-20,2025-08-30,Cancer
7174,656,199,14,2025-04-08,2025-06-20,Covid
7175,4343,94,1,2024-08-20,2026-05-21,Kidney Stones
7176,965,158,9,2025-11-30,2026-01-12,Cancer
7177,2625,121,20,2024-08-10,2025-11-18,Cancer
7178,417,109,10,2025-01-09,2026-05-17,Stroke
7179,4802,123,19,2026-02-15,2026-03-13,Pneumonia
7180,998,191,19,2026-03-25,2026-07-27,Covid
7181,1360,239,4,2026-07-22,2026-08-09,Stroke
7182,436,195,17,2026-02-04,2026-05-22,Migraine
7183,1935,70,5,2024-10-19,2025-12-07,Kidney Stones
7184,976,139,17,2024-11-02,2025-09-07,Asthma
7185,441,47,15,2025-04-24,2025-06-14,Stroke
7186,2514,117,2,2025-03-22,2026-07-16,Fracture
7187,2320,240,9,2025-08-01,2025-11-10,Pneumonia
7188,4411,239,7,2024-10-29,2025-08-30,Stroke
7189,2925,20,8,2025-05-31,2026-03-18,Covid
7190,2725,183,11,2026-01-12,2026-07-01,Kidney Stones
7191,2544,119,18,2025-10-04,2025-10-29,Asthma
7192,2897,91,16,2025-03-25,2026-08-08,Covid
7193,1962,142,6,2025-12-25,2026-01-07,Fracture
7194,104,235,20,2025-09-10,2026-01-06,Diabetes
7195,402,233,3,2026-03-29,2026-05-09,Hypertension
7196,1229,139,7,2025-01-09,2025-11-02,Covid
7197,996,230,14,2025-11-26,2026-06-04,Asthma
7198,2453,223,11,2026-03-27,2026-06-16,Cancer
7199,4008,131,7,2026-06-26,2026-08-11,Cancer
7200,157,60,2,2025-09-01,2026-05-14,Fracture
7201,744,47,12,2025-09-30,2026-05-04,Pneumonia
7202,3626,34,19,2026-01-12,2026-07-22,Covid
7203,2170,199,4,2026-07-08,2026-08-05,Asthma
7204,3543,230,7,2024-11-27,2026-07-22,Cancer
7205,2231,244,9,2026-06-08,2026-06-20,Fracture
7206,4935,76,16,2026-03-29,2026-07-17,Pneumonia
7207,4423,208,19,2025-02-22,2025-10-14,Pneumonia
7208,3644,108,20,2024-08-08,2026-01-15,Diabetes
7209,1108,65,3,2025-12-16,2026-08-11,Stroke
7210,3255,240,14,2025-09-05,2026-01-26,Cancer
7211,4577,225,18,2024-11-26,2025-06-16,Migraine
7212,706,201,8,2025-08-10,2026-05-13,Cancer
7213,4780,203,11,2025-04-08,2025-09-12,Fracture
7214,4138,42,9,2026-01-22,2026-05-03,Hypertension
7215,2200,119,12,2024-11-24,2025-10-03,Diabetes
7216,137,213,15,2025-04-28,2025-06-18,Cancer
7217,234,234,20,2025-04-08,2025-05-02,Kidney Stones
7218,4142,30,8,2025-04-05,2026-05-10,Hypertension
7219,4237,33,18,2026-05-02,2026-06-02,Hypertension
7220,2237,245,5,2025-01-01,2025-04-22,Fracture
7221,3855,21,11,2025-12-15,2026-08-04,Diabetes
7222,2916,176,12,2026-03-24,2026-08-08,Cancer
7223,4709,99,19,2025-05-15,2026-06-07,Stroke
7224,3440,246,3,2024-12-22,2026-06-04,Diabetes
7225,3524,181,16,2026-02-23,2026-04-01,Covid
7226,1716,127,11,2025-11-21,2025-12-30,Fracture
7227,3769,30,8,2025-10-27,2026-02-11,Asthma
7228,854,188,19,2024-11-30,2024-12-10,Migraine
7229,2742,94,1,2025-08-13,2026-05-31,Migraine
7230,2453,244,6,2025-08-26,2026-06-01,Covid
7231,3958,13,16,2024-09-01,2025-03-02,Pneumonia
7232,270,68,15,2025-05-04,2026-03-24,Cancer
7233,676,153,1,2025-01-02,2025-08-17,Kidney Stones
7234,2405,53,20,2024-11-27,2025-02-12,Asthma
7235,2720,26,14,2025-06-03,2026-07-27,Kidney Stones
7236,4196,141,4,2025-12-24,2026-07-31,Stroke
7237,1605,18,16,2025-12-06,2026-05-12,Kidney Stones
7238,4406,82,7,2026-03-17,2026-08-12,Asthma
7239,1486,141,3,2026-04-01,2026-04-21,Fracture
7240,3894,149,20,2024-08-15,2026-06-02,Covid
7241,3891,154,12,2025-06-12,2025-09-10,Pneumonia
7242,2454,24,10,2026-03-06,2026-07-17,Fracture
7243,1341,183,16,2026-04-04,2026-07-16,Covid
7244,2887,121,2,2026-05-30,2026-06-01,Pneumonia
7245,122,149,17,2026-05-20,2026-06-23,Fracture
7246,4972,12,18,2025-01-11,2025-04-23,Asthma
7247,2381,128,8,2026-04-04,2026-05-31,Asthma
7248,3206,193,2,2026-02-25,2026-05-18,Migraine
7249,1362,214,3,2025-01-12,2025-09-10,Covid
7250,300,4,7,2025-09-16,2026-03-09,Cancer
7251,346,105,16,2025-04-22,2026-08-07,Pneumonia
7252,223,75,18,2024-12-08,2025-12-21,Fracture
7253,2604,166,4,2025-02-21,2025-07-03,Fracture
7254,1127,56,16,2024-11-16,2025-05-16,Hypertension
7255,1831,205,2,2025-03-02,2025-04-25,Pneumonia
7256,2010,241,12,2024-09-16,2025-12-07,Stroke
7257,856,100,16,2025-08-05,2026-08-13,Fracture
7258,362,70,4,2026-07-29,2026-07-29,Diabetes
7259,1235,39,12,2026-05-20,2026-05-29,Migraine
7260,4495,232,16,2025-07-15,2026-02-26,Covid
7261,1220,7,17,2025-11-21,2026-04-26,Covid
7262,3918,184,2,2025-02-23,2025-04-22,Stroke
7263,1193,108,1,2026-02-12,2026-02-24,Cancer
7264,4233,207,18,2025-02-19,2026-02-17,Migraine
7265,2133,143,8,2025-10-07,2026-06-30,Fracture
7266,2062,132,10,2024-12-22,2026-05-01,Stroke
7267,4349,207,18,2026-02-12,2026-04-20,Stroke
7268,345,48,8,2025-07-18,2026-05-27,Diabetes
7269,2301,226,7,2025-03-17,2026-08-04,Pneumonia
7270,1880,125,2,2025-01-05,2025-06-12,Stroke
7271,2293,189,7,2025-11-04,2025-12-28,Asthma
7272,255,81,12,2024-12-14,2026-07-12,Kidney Stones
7273,3642,126,3,2024-08-28,2025-03-26,Covid
7274,233,111,9,2026-06-18,2026-07-13,Fracture
7275,666,124,20,2024-09-12,2025-01-08,Pneumonia
7276,1752,123,6,2026-04-19,2026-06-02,Stroke
7277,2800,152,6,2026-04-25,2026-08-04,Stroke
7278,1294,34,12,2025-08-04,2026-07-14,Stroke
7279,2334,65,16,2025-04-05,2025-10-21,Stroke
7280,2649,231,16,2025-01-29,2025-12-19,Diabetes
7281,3012,145,4,2026-05-06,2026-07-14,Stroke
7282,4867,72,12,2025-05-05,2026-01-16,Kidney Stones
7283,862,12,6,2026-04-06,2026-08-01,Migraine
7284,2640,218,7,2026-05-18,2026-06-05,Kidney Stones
7285,3035,159,5,2024-10-08,2025-04-29,Asthma
7286,2321,2,13,2024-12-08,2026-01-20,Diabetes
7287,4754,59,18,2025-05-17,2026-01-07,Migraine
7288,3300,186,12,2025-07-20,2025-08-26,Stroke
7289,1669,238,10,2025-06-05,2025-09-08,Diabetes
7290,4311,231,7,2025-03-18,2026-05-28,Kidney Stones
7291,2592,48,7,2025-05-29,2026-04-26,Hypertension
7292,1021,60,9,2025-05-13,2026-06-18,Stroke
7293,3715,82,17,2025-08-09,2025-11-04,Pneumonia
7294,2297,136,13,2025-06-02,2026-03-21,Migraine
7295,274,138,4,2026-01-22,2026-05-28,Asthma
7296,4499,40,15,2025-04-04,2025-12-18,Stroke
7297,584,97,12,2025-10-26,2026-05-01,Cancer
7298,661,105,17,2025-03-24,2025-04-26,Kidney Stones
7299,1363,241,4,2025-06-23,2025-09-21,Fracture
7300,1062,199,20,2024-11-09,2025-11-16,Diabetes
7301,633,80,10,2026-05-20,2026-07-31,Covid
7302,706,120,10,2024-12-15,2025-02-10,Asthma
7303,170,112,10,2025-11-14,2026-07-19,Pneumonia
7304,525,156,12,2024-12-26,2025-12-04,Stroke
7305,3195,136,13,2024-09-08,2025-01-09,Diabetes
7306,2754,247,15,2024-09-21,2026-07-04,Cancer
7307,715,233,10,2025-02-02,2025-05-02,Kidney Stones
7308,1644,239,7,2024-08-08,2024-12-29,Covid
7309,1317,83,19,2024-08-17,2025-05-25,Migraine
7310,4445,104,11,2024-10-03,2025-10-10,Covid
7311,3030,83,2,2025-05-02,2025-06-14,Covid
7312,1048,163,4,2025-04-10,2025-04-16,Stroke
7313,1454,70,20,2025-06-28,2025-10-04,Diabetes
7314,2786,32,12,2026-07-29,2026-08-10,Migraine
7315,4028,185,20,2025-06-23,2026-05-26,Fracture
7316,3033,130,15,2024-11-01,2025-11-04,Fracture
7317,494,223,3,2026-05-04,2026-08-15,Diabetes
7318,1549,150,13,2025-06-03,2026-06-08,Pneumonia
7319,1417,37,7,2025-09-05,2026-08-06,Hypertension
7320,4927,56,10,2025-05-08,2025-06-04,Migraine
7321,4367,193,17,2024-08-31,2025-07-28,Covid
7322,1265,25,5,2025-11-06,2026-07-12,Stroke
7323,2178,201,19,2025-01-06,2026-02-14,Fracture
7324,3575,178,10,2024-08-20,2024-10-09,Hypertension
7325,3584,99,17,2024-08-24,2026-05-09,Fracture
7326,2561,205,1,2025-07-12,2025-09-03,Migraine
7327,809,185,7,2026-07-08,2026-07-30,Covid
7328,1734,188,4,2025-02-21,2025-12-02,Stroke
7329,319,174,2,2025-02-15,2025-09-04,Pneumonia
7330,1445,20,4,2026-01-15,2026-05-03,Diabetes
7331,4931,36,4,2025-11-21,2026-08-02,Migraine
7332,143,205,5,2025-08-21,2026-07-31,Fracture
7333,4815,68,19,2026-08-06,2026-08-14,Stroke
7334,3687,205,8,2026-04-01,2026-07-26,Kidney Stones
7335,4821,210,11,2025-04-30,2026-04-01,Migraine
7336,2425,245,7,2026-05-06,2026-05-30,Migraine
7337,1370,207,12,2026-05-27,2026-08-04,Pneumonia
7338,4089,214,18,2026-05-01,2026-05-11,Kidney Stones
7339,4295,97,13,2026-01-15,2026-06-08,Pneumonia
7340,4539,91,13,2024-12-29,2026-06-02,Diabetes
7341,426,178,4,2025-08-05,2026-07-27,Kidney Stones
7342,2469,47,20,2024-11-15,2024-12-20,Cancer
7343,1228,63,12,2025-03-22,2026-06-22,Kidney Stones
7344,2645,53,5,2026-01-23,2026-06-15,Stroke
7345,2015,9,13,2024-11-03,2026-06-07,Covid
7346,3590,122,9,2025-07-31,2026-03-30,Pneumonia
7347,3440,246,4,2025-01-09,2026-07-11,Stroke
7348,1656,115,9,2026-03-23,2026-07-16,Asthma
7349,439,70,6,2025-10-14,2026-05-13,Hypertension
7350,3079,210,1,2025-05-15,2026-01-11,Hypertension
7351,1282,95,9,2024-11-13,2025-03-20,Stroke
7352,1031,164,1,2026-07-03,2026-08-15,Diabetes
7353,3327,28,5,2026-07-16,2026-07-25,Stroke
7354,454,134,12,2025-06-21,2025-07-29,Pneumonia
7355,3155,226,16,2026-02-06,2026-06-20,Stroke
7356,2788,7,5,2024-10-24,2026-05-15,Hypertension
7357,1429,187,11,2025-01-14,2025-08-13,Covid
7358,2219,17,20,2026-06-16,2026-06-21,Hypertension
7359,1801,177,16,2025-08-15,2026-01-17,Migraine
7360,3200,4,9,2026-07-02,2026-07-11,Fracture
7361,1059,19,6,2025-06-18,2026-02-15,Fracture
7362,4665,20,18,2024-09-30,2026-04-28,Kidney Stones
7363,2320,165,20,2026-01-28,2026-04-22,Hypertension
7364,2629,233,7,2025-12-29,2026-08-07,Diabetes
7365,783,163,1,2025-12-18,2026-05-09,Cancer
7366,1127,179,7,2025-10-05,2026-01-08,Kidney Stones
7367,3235,164,2,2025-10-20,2026-03-04,Kidney Stones
7368,3986,127,5,2026-06-27,2026-07-11,Kidney Stones
7369,3965,168,3,2025-07-03,2026-04-16,Stroke
7370,665,180,17,2024-09-09,2025-03-15,Cancer
7371,2581,149,8,2026-05-09,2026-06-19,Migraine
7372,2870,187,8,2025-01-18,2025-10-20,Asthma
7373,1028,203,6,2025-05-22,2026-01-25,Hypertension
7374,56,158,13,2024-11-12,2025-06-24,Cancer
7375,4680,185,6,2026-04-04,2026-07-06,Asthma
7376,1609,149,1,2024-12-23,2025-12-17,Fracture
7377,2311,233,17,2025-09-13,2026-03-26,Asthma
7378,501,190,1,2025-10-19,2025-11-27,Migraine
7379,3675,207,15,2025-10-20,2026-06-23,Cancer
7380,4179,218,12,2026-05-20,2026-07-16,Hypertension
7381,453,137,2,2024-11-29,2025-05-17,Diabetes
7382,3481,236,16,2024-11-15,2025-06-24,Migraine
7383,4443,184,3,2024-10-15,2026-06-03,Stroke
7384,2367,28,18,2025-06-14,2026-07-07,Asthma
7385,1651,87,12,2025-04-09,2025-05-02,Migraine
7386,1333,116,5,2025-05-09,2025-10-03,Covid
7387,1500,52,6,2024-08-19,2025-12-26,Covid
7388,4292,147,2,2024-11-23,2026-07-21,Pneumonia
7389,3362,163,11,2025-06-13,2026-04-23,Pneumonia
7390,3177,207,10,2026-05-09,2026-07-19,Asthma
7391,3061,210,7,2024-09-23,2025-06-26,Asthma
7392,130,29,12,2025-03-22,2025-07-28,Fracture
7393,3415,33,14,2025-04-06,2026-03-15,Diabetes
7394,2776,51,7,2025-11-25,2026-06-05,Diabetes
7395,3574,34,3,2026-06-23,2026-07-28,Fracture
7396,4284,82,7,2024-09-02,2025-02-16,Stroke
7397,4521,248,5,2025-08-13,2025-12-07,Asthma
7398,3571,102,14,2025-02-01,2026-03-25,Migraine
7399,1017,48,19,2024-09-27,2026-06-14,Cancer
7400,4014,207,8,2025-03-18,2025-12-09,Kidney Stones
7401,2703,173,18,2025-09-15,2026-05-19,Kidney Stones
7402,3537,63,7,2024-09-01,2025-10-12,Pneumonia
7403,2507,200,7,2025-08-30,2026-02-26,Asthma
7404,62,61,8,2024-11-30,2025-09-01,Asthma
7405,2071,76,8,2025-09-30,2026-04-19,Asthma
7406,526,213,15,2025-05-11,2026-03-06,Fracture
7407,163,52,9,2025-07-22,2026-07-06,Asthma
7408,1529,48,20,2026-06-19,2026-07-29,Stroke
7409,713,190,9,2024-08-10,2025-05-21,Hypertension
7410,2764,70,2,2026-01-02,2026-03-11,Fracture
7411,433,218,6,2026-03-13,2026-08-10,Covid
7412,843,65,17,2025-07-15,2026-07-20,Hypertension
7413,1024,230,20,2025-07-24,2025-08-28,Hypertension
7414,2717,11,15,2025-08-15,2026-01-24,Asthma
7415,282,229,14,2025-10-10,2025-11-11,Pneumonia
7416,2651,244,9,2026-02-16,2026-03-27,Pneumonia
7417,2565,129,3,2026-06-28,2026-08-02,Pneumonia
7418,2779,231,8,2026-02-14,2026-08-06,Pneumonia
7419,3236,184,1,2025-04-08,2025-09-25,Migraine
7420,1491,143,7,2026-06-06,2026-07-24,Pneumonia
7421,3166,206,9,2025-06-08,2025-11-08,Pneumonia
7422,2553,194,19,2026-03-02,2026-05-29,Stroke
7423,2565,33,12,2024-10-25,2026-04-23,Asthma
7424,2831,240,11,2025-02-18,2025-03-06,Hypertension
7425,1265,83,20,2026-04-16,2026-04-17,Migraine
7426,3692,129,18,2025-05-04,2026-01-02,Fracture
7427,2626,81,19,2026-08-03,2026-08-13,Kidney Stones
7428,983,15,11,2026-06-01,2026-08-17,Stroke
7429,2786,62,17,2026-05-13,2026-07-11,Stroke
7430,3019,190,19,2024-12-14,2026-02-17,Cancer
7431,3555,55,8,2025-11-15,2026-01-08,Fracture
7432,3120,110,16,2026-03-05,2026-03-24,Fracture
7433,2688,54,8,2025-05-27,2026-07-10,Diabetes
7434,476,244,5,2026-06-05,2026-06-28,Kidney Stones
7435,1356,140,5,2025-04-11,2025-09-14,Covid
7436,106,118,4,2025-11-07,2026-07-09,Pneumonia
7437,3051,68,2,2026-04-22,2026-05-29,Fracture
7438,2686,117,2,2025-02-07,2025-05-18,Fracture
7439,695,35,8,2026-04-12,2026-04-26,Migraine
7440,1645,121,19,2025-06-04,2026-06-11,Pneumonia
7441,3066,86,4,2025-01-12,2025-11-24,Diabetes
7442,4953,79,13,2024-10-06,2025-05-07,Diabetes
7443,3875,19,6,2025-08-15,2026-01-03,Kidney Stones
7444,1688,145,16,2025-03-19,2026-04-26,Diabetes
7445,4430,133,11,2025-08-06,2025-12-08,Fracture
7446,3148,93,6,2026-01-23,2026-04-22,Diabetes
7447,2251,196,8,2024-12-15,2026-02-28,Migraine
7448,1252,159,18,2024-08-13,2024-10-25,Asthma
7449,2570,205,14,2025-10-22,2026-02-18,Covid
7450,4965,206,16,2025-11-01,2026-05-20,Pneumonia
7451,3004,217,5,2025-07-21,2025-08-04,Cancer
7452,2081,73,3,2024-09-27,2024-12-12,Asthma
7453,271,161,7,2026-02-04,2026-07-16,Migraine
7454,2749,57,1,2025-04-24,2026-03-28,Covid
7455,69,77,6,2025-12-07,2026-07-30,Fracture
7456,3847,74,3,2026-03-31,2026-04-04,Stroke
7457,890,127,16,2024-11-15,2026-07-29,Migraine
7458,4239,72,19,2024-10-01,2026-04-03,Pneumonia
7459,3081,82,1,2025-06-08,2025-08-13,Migraine
7460,178,106,12,2025-11-29,2026-06-05,Cancer
7461,2160,229,16,2025-12-06,2026-06-20,Stroke
7462,4495,145,8,2025-06-03,2026-05-27,Diabetes
7463,4336,151,8,2025-10-23,2026-07-25,Asthma
7464,4908,92,13,2025-09-19,2025-12-18,Cancer
7465,1659,62,2,2025-08-31,2026-04-19,Asthma
7466,4869,106,8,2025-05-24,2026-03-31,Cancer
7467,3273,17,19,2025-12-24,2026-04-21,Hypertension
7468,1625,91,7,2025-04-19,2025-04-26,Migraine
7469,1296,67,13,2025-02-15,2025-03-22,Kidney Stones
7470,166,101,15,2025-03-16,2025-06-04,Fracture
7471,1279,213,4,2025-11-23,2026-06-14,Pneumonia
7472,2638,142,4,2025-02-13,2026-04-19,Hypertension
7473,1362,157,2,2024-09-10,2025-12-11,Cancer
7474,3497,121,11,2025-07-19,2026-05-01,Pneumonia
7475,4143,49,12,2025-11-09,2026-05-15,Migraine
7476,383,240,7,2024-09-10,2025-12-06,Migraine
7477,705,63,1,2024-10-01,2025-04-07,Pneumonia
7478,4300,44,19,2025-10-24,2026-04-15,Stroke
7479,754,199,7,2024-08-23,2026-05-09,Stroke
7480,3201,229,4,2026-02-08,2026-02-12,Hypertension
7481,630,161,12,2026-07-04,2026-07-17,Pneumonia
7482,1276,114,15,2025-06-20,2025-06-25,Cancer
7483,1492,160,11,2024-12-09,2025-09-07,Fracture
7484,3524,60,7,2025-05-12,2026-01-25,Kidney Stones
7485,592,98,2,2025-07-02,2025-09-07,Pneumonia
7486,3823,156,19,2026-07-04,2026-07-18,Hypertension
7487,4029,49,8,2025-01-18,2026-02-04,Hypertension
7488,1247,68,8,2025-06-22,2026-07-03,Asthma
7489,98,248,6,2024-10-23,2025-06-09,Hypertension
7490,1205,220,2,2026-07-10,2026-08-09,Asthma
7491,2038,206,17,2026-03-12,2026-04-01,Stroke
7492,599,247,18,2025-12-08,2026-02-11,Kidney Stones
7493,556,121,14,2024-08-22,2024-10-07,Diabetes
7494,1691,108,17,2025-03-23,2025-05-17,Cancer
7495,1720,131,9,2025-01-27,2026-03-10,Stroke
7496,3088,121,11,2025-07-07,2026-01-17,Migraine
7497,697,124,7,2026-01-31,2026-07-17,Kidney Stones
7498,3182,156,6,2025-11-26,2026-05-06,Hypertension
7499,2438,218,14,2026-02-24,2026-03-04,Covid
7500,1087,39,4,2025-11-29,2026-03-09,Diabetes
7501,1458,12,15,2024-11-28,2026-03-13,Kidney Stones
7502,3741,2,5,2025-07-22,2026-02-17,Diabetes
7503,111,105,20,2025-10-03,2025-11-09,Asthma
7504,4107,238,4,2024-11-10,2026-07-26,Migraine
7505,2509,116,10,2025-09-23,2025-12-26,Fracture
7506,879,144,14,2025-01-12,2025-10-26,Covid
7507,968,5,5,2026-02-18,2026-03-10,Stroke
7508,2296,81,11,2025-10-04,2026-06-10,Fracture
7509,4535,5,2,2026-06-08,2026-07-10,Fracture
7510,4661,15,11,2024-11-26,2026-02-05,Pneumonia
7511,1271,151,16,2025-02-17,2025-05-19,Diabetes
7512,3509,72,9,2025-06-12,2026-08-15,Stroke
7513,2615,229,6,2025-03-19,2025-08-29,Asthma
7514,3959,56,4,2024-09-20,2024-11-06,Stroke
7515,2753,238,18,2025-04-24,2025-05-12,Cancer
7516,2193,160,16,2026-08-04,2026-08-17,Covid
7517,194,117,11,2026-06-28,2026-07-06,Fracture
7518,2023,39,11,2025-01-20,2025-05-24,Stroke
7519,4077,172,20,2026-02-18,2026-02-21,Diabetes
7520,4888,11,6,2025-11-24,2026-02-07,Migraine
7521,255,120,14,2026-03-13,2026-07-08,Diabetes
7522,4739,151,7,2025-04-29,2026-05-12,Cancer
7523,2571,97,18,2025-03-03,2025-03-06,Fracture
7524,2223,150,5,2025-08-07,2026-05-22,Diabetes
7525,4756,138,11,2025-04-25,2026-01-13,Diabetes
7526,3724,43,4,2025-04-14,2026-03-21,Cancer
7527,4130,44,15,2024-12-11,2025-10-29,Hypertension
7528,3600,102,17,2025-07-23,2025-10-21,Cancer
7529,4210,14,10,2026-06-09,2026-06-27,Migraine
7530,4286,17,9,2025-12-06,2026-05-17,Fracture
7531,3935,217,8,2025-03-07,2026-02-24,Asthma
7532,243,223,16,2024-12-01,2026-02-03,Cancer
7533,2685,20,7,2024-12-17,2026-07-16,Fracture
7534,35,178,3,2025-02-15,2026-02-11,Hypertension
7535,1208,146,16,2025-01-11,2026-02-22,Asthma
7536,1449,145,9,2024-10-06,2025-07-05,Stroke
7537,4559,243,13,2026-04-04,2026-08-03,Asthma
7538,3269,31,3,2026-03-10,2026-08-05,Migraine
7539,4034,108,8,2025-11-30,2026-07-09,Diabetes
7540,2459,194,18,2024-12-29,2026-03-04,Covid
7541,3949,24,7,2026-03-12,2026-06-18,Fracture
7542,4047,167,18,2026-07-19,2026-07-25,Migraine
7543,3563,132,11,2025-07-07,2026-06-26,Hypertension
7544,1796,12,4,2024-12-19,2026-07-15,Diabetes
7545,348,235,16,2025-08-29,2025-11-22,Pneumonia
7546,2724,67,15,2025-06-09,2026-03-06,Stroke
7547,3433,230,1,2025-09-15,2026-02-10,Pneumonia
7548,3588,35,2,2025-04-24,2026-01-29,Cancer
7549,4742,172,6,2025-08-13,2025-08-27,Asthma
7550,4430,230,5,2024-12-08,2025-04-19,Asthma
7551,2651,211,17,2026-05-31,2026-07-31,Asthma
7552,4481,134,11,2026-02-23,2026-08-07,Cancer
7553,1545,42,11,2026-06-07,2026-06-25,Asthma
7554,3743,190,1,2026-06-08,2026-07-17,Fracture
7555,1429,213,18,2026-04-24,2026-05-26,Pneumonia
7556,4808,228,2,2026-07-19,2026-08-05,Fracture
7557,4023,170,7,2025-06-23,2025-11-08,Diabetes
7558,4879,123,15,2025-06-07,2026-03-19,Migraine
7559,3236,200,19,2025-07-09,2025-10-02,Stroke
7560,576,109,14,2024-08-20,2026-04-09,Kidney Stones
7561,750,7,18,2025-09-11,2025-09-13,Stroke
7562,752,130,15,2025-11-26,2026-07-28,Cancer
7563,4058,150,17,2026-07-13,2026-07-24,Pneumonia
7564,1484,114,12,2025-04-08,2025-10-26,Cancer
7565,2141,97,17,2025-03-03,2025-04-29,Diabetes
7566,1420,57,20,2026-06-20,2026-07-17,Kidney Stones
7567,3361,107,10,2024-08-09,2024-10-24,Stroke
7568,1804,222,17,2026-06-19,2026-06-21,Fracture
7569,902,38,18,2024-11-03,2025-11-25,Fracture
7570,1999,197,20,2025-08-14,2026-03-22,Stroke
7571,3630,165,8,2026-04-06,2026-08-16,Asthma
7572,2170,169,3,2025-10-02,2026-06-17,Covid
7573,2532,223,19,2025-03-06,2025-07-04,Migraine
7574,1805,178,3,2026-03-07,2026-06-22,Pneumonia
7575,1953,30,14,2025-08-25,2026-06-29,Kidney Stones
7576,69,136,17,2025-07-15,2026-01-25,Kidney Stones
7577,1018,96,5,2024-11-07,2025-09-16,Cancer
7578,2640,207,6,2024-11-30,2026-04-12,Hypertension
7579,3335,15,7,2026-02-22,2026-03-06,Diabetes
7580,3397,176,5,2026-04-21,2026-07-09,Diabetes
7581,3063,223,8,2026-01-02,2026-04-10,Asthma
7582,3881,70,16,2024-09-21,2026-04-23,Fracture
7583,722,129,1,2025-05-04,2026-02-19,Pneumonia
7584,2438,29,15,2026-06-04,2026-06-05,Kidney Stones
7585,3440,62,18,2024-09-08,2025-04-05,Stroke
7586,1373,10,17,2025-04-08,2025-08-30,Asthma
7587,2635,185,2,2026-01-13,2026-03-25,Asthma
7588,3390,189,8,2026-06-11,2026-08-01,Stroke
7589,4239,198,15,2025-12-25,2026-01-02,Diabetes
7590,1323,58,6,2026-03-01,2026-05-19,Fracture
7591,3712,25,12,2024-09-09,2026-02-26,Hypertension
7592,2259,69,18,2025-12-17,2026-08-11,Pneumonia
7593,4171,140,15,2026-06-22,2026-08-14,Kidney Stones
7594,3107,140,11,2025-06-05,2025-06-13,Pneumonia
7595,1835,166,5,2025-01-09,2025-02-28,Hypertension
7596,2598,46,5,2025-05-30,2026-05-23,Kidney Stones
7597,3540,218,12,2024-08-27,2025-02-06,Stroke
7598,3557,6,14,2025-03-03,2026-02-14,Covid
7599,3304,48,16,2024-11-07,2025-05-08,Fracture
7600,2200,177,14,2025-07-22,2026-02-28,Asthma
7601,1908,173,19,2024-09-11,2025-02-14,Cancer
7602,225,98,18,2026-04-07,2026-07-31,Covid
7603,4997,132,11,2025-04-21,2026-06-22,Hypertension
7604,55,139,11,2024-10-13,2025-09-11,Diabetes
7605,3083,200,17,2025-12-14,2026-07-22,Migraine
7606,4712,229,20,2025-01-03,2025-10-27,Stroke
7607,3920,36,3,2025-07-05,2025-11-21,Cancer
7608,4475,149,8,2025-09-22,2026-03-12,Migraine
7609,4436,85,8,2026-07-26,2026-08-04,Pneumonia
7610,3994,206,19,2026-04-01,2026-06-21,Kidney Stones
7611,4346,143,6,2025-03-29,2026-08-04,Asthma
7612,3538,112,5,2026-02-04,2026-07-02,Hypertension
7613,3147,119,7,2025-07-29,2025-09-21,Kidney Stones
7614,4437,239,6,2024-11-05,2025-09-20,Covid
7615,3817,143,19,2024-12-21,2025-03-16,Pneumonia
7616,4727,247,18,2026-08-03,2026-08-09,Kidney Stones
7617,4560,67,12,2024-09-29,2026-02-21,Fracture
7618,4680,131,4,2024-11-03,2025-03-07,Diabetes
7619,4751,224,10,2025-02-01,2025-07-02,Hypertension
7620,3706,84,1,2025-03-01,2026-06-02,Pneumonia
7621,4931,132,6,2025-10-29,2025-11-06,Pneumonia
7622,3299,147,17,2026-06-07,2026-06-29,Kidney Stones
7623,4421,169,14,2026-07-09,2026-07-30,Asthma
7624,1644,60,7,2025-06-02,2026-03-11,Cancer
7625,1894,242,1,2026-01-10,2026-07-16,Kidney Stones
7626,4538,90,16,2025-10-04,2026-06-17,Diabetes
7627,2166,114,6,2026-03-07,2026-05-02,Migraine
7628,2743,206,17,2025-01-21,2025-08-06,Hypertension
7629,2986,112,7,2026-04-12,2026-04-29,Kidney Stones
7630,4181,213,5,2025-08-08,2026-04-12,Stroke
7631,3519,4,15,2025-08-20,2026-01-06,Covid
7632,4725,213,18,2025-02-21,2025-11-26,Cancer
7633,1453,14,12,2025-04-09,2025-08-20,Pneumonia
7634,2405,10,14,2025-09-24,2025-12-02,Asthma
7635,1791,113,16,2024-10-21,2025-10-26,Asthma
7636,4826,193,5,2025-01-17,2025-05-22,Asthma
7637,1771,197,8,2025-05-07,2026-05-17,Diabetes
7638,3812,56,12,2026-06-27,2026-08-13,Pneumonia
7639,3978,53,15,2024-12-27,2026-03-20,Fracture
7640,3540,177,11,2024-08-10,2026-06-08,Diabetes
7641,2678,232,11,2025-07-13,2025-12-20,Migraine
7642,655,204,8,2025-08-13,2026-01-22,Pneumonia
7643,1203,245,7,2026-07-05,2026-08-01,Kidney Stones
7644,4757,91,18,2025-04-12,2026-04-08,Fracture
7645,4285,190,18,2024-10-05,2025-09-15,Pneumonia
7646,2429,89,16,2025-11-26,2026-08-01,Fracture
7647,4227,27,15,2026-02-26,2026-06-26,Diabetes
7648,1353,223,17,2025-11-06,2026-01-12,Migraine
7649,842,84,8,2025-09-15,2026-01-06,Hypertension
7650,1533,126,19,2026-03-23,2026-04-28,Stroke
7651,1049,226,12,2026-02-17,2026-06-15,Hypertension
7652,1003,242,8,2025-06-02,2026-06-24,Pneumonia
7653,2953,121,14,2025-10-20,2026-08-14,Hypertension
7654,4064,222,10,2024-10-06,2025-09-23,Migraine
7655,1508,31,3,2025-09-17,2026-07-04,Kidney Stones
7656,781,36,11,2026-03-05,2026-04-02,Kidney Stones
7657,218,118,1,2024-10-12,2025-10-21,Pneumonia
7658,3527,159,5,2026-03-26,2026-07-05,Asthma
7659,461,150,2,2025-10-16,2026-06-19,Pneumonia
7660,2037,39,12,2026-03-26,2026-04-29,Cancer
7661,3594,4,1,2025-09-24,2026-05-25,Hypertension
7662,4071,172,17,2025-02-24,2026-07-22,Pneumonia
7663,2199,208,3,2025-07-20,2026-05-26,Pneumonia
7664,2796,166,5,2025-08-28,2025-10-10,Hypertension
7665,4341,110,15,2025-06-17,2026-04-06,Pneumonia
7666,960,113,6,2024-09-18,2026-07-25,Cancer
7667,3841,68,20,2025-04-30,2026-03-01,Cancer
7668,578,25,1,2026-02-05,2026-06-24,Cancer
7669,4515,93,20,2025-11-12,2026-08-08,Covid
7670,1214,96,20,2025-04-03,2026-03-06,Kidney Stones
7671,1744,120,4,2025-01-07,2025-11-11,Stroke
7672,2402,131,14,2025-09-23,2025-10-18,Migraine
7673,3175,64,7,2026-02-14,2026-04-07,Fracture
7674,1475,154,13,2025-08-08,2026-03-24,Hypertension
7675,3853,43,19,2025-02-08,2025-11-02,Asthma
7676,2234,87,19,2025-12-24,2026-07-15,Asthma
7677,2373,132,13,2026-01-25,2026-04-01,Covid
7678,4559,120,16,2024-09-14,2025-05-22,Kidney Stones
7679,596,164,9,2025-10-11,2025-11-01,Diabetes
7680,431,205,6,2025-09-28,2026-07-11,Hypertension
7681,76,6,1,2026-01-31,2026-07-24,Fracture
7682,2867,139,10,2026-03-30,2026-07-21,Covid
7683,3023,178,1,2025-08-26,2026-03-13,Stroke
7684,3776,1,20,2024-08-31,2025-10-29,Covid
7685,4045,58,16,2026-06-17,2026-07-05,Asthma
7686,3468,100,16,2026-06-22,2026-06-27,Pneumonia
7687,3719,72,17,2026-08-07,2026-08-15,Cancer
7688,2051,198,11,2025-07-30,2025-11-25,Pneumonia
7689,2230,38,1,2024-10-18,2025-01-19,Stroke
7690,331,159,20,2025-09-21,2025-12-16,Diabetes
7691,3449,108,17,2026-07-05,2026-08-01,Fracture
7692,59,45,18,2026-03-15,2026-06-15,Cancer
7693,3303,189,4,2024-10-15,2025-06-22,Fracture
7694,777,191,20,2024-08-18,2026-02-23,Hypertension
7695,67,219,19,2025-03-01,2025-11-16,Diabetes
7696,1293,42,13,2026-07-18,2026-07-22,Cancer
7697,2845,196,5,2025-12-16,2026-04-24,Pneumonia
7698,150,24,9,2025-06-03,2025-07-25,Kidney Stones
7699,338,13,5,2026-07-21,2026-08-12,Cancer
7700,4186,192,3,2026-03-04,2026-07-07,Stroke
7701,1948,211,12,2024-11-21,2025-04-04,Kidney Stones
7702,314,100,4,2024-11-01,2025-05-06,Cancer
7703,496,50,17,2025-04-17,2025-05-02,Pneumonia
7704,1061,236,17,2025-10-01,2026-02-28,Covid
7705,242,109,14,2025-04-29,2026-04-18,Cancer
7706,688,210,13,2026-06-05,2026-06-14,Asthma
7707,4294,8,15,2025-04-13,2026-03-04,Cancer
7708,3040,136,3,2025-08-10,2025-12-09,Migraine
7709,1342,137,19,2025-09-30,2026-07-02,Stroke
7710,3806,39,15,2025-03-20,2026-07-17,Migraine
7711,647,12,18,2025-08-20,2026-05-13,Diabetes
7712,4776,52,17,2026-02-08,2026-04-08,Asthma
7713,2890,119,18,2024-12-18,2025-01-31,Kidney Stones
7714,3562,127,7,2025-01-06,2026-03-14,Asthma
7715,4450,77,17,2024-08-08,2024-12-04,Hypertension
7716,4930,97,10,2025-01-11,2026-03-12,Hypertension
7717,1699,63,16,2025-10-06,2026-01-13,Hypertension
7718,3561,65,15,2024-08-10,2026-02-09,Cancer
7719,3768,75,11,2024-08-25,2026-07-19,Fracture
7720,805,83,3,2026-07-26,2026-07-28,Kidney Stones
7721,4753,63,8,2025-01-01,2025-09-19,Kidney Stones
7722,3224,131,2,2025-02-08,2025-04-30,Asthma
7723,4872,82,13,2026-01-20,2026-05-08,Cancer
7724,3847,162,5,2024-10-31,2026-07-27,Hypertension
7725,3800,183,4,2026-01-14,2026-03-04,Diabetes
7726,1453,104,18,2026-04-14,2026-05-14,Pneumonia
7727,3441,12,2,2026-05-04,2026-06-13,Covid
7728,3601,171,17,2026-08-06,2026-08-14,Fracture
7729,3772,126,5,2025-11-19,2026-01-13,Migraine
7730,2560,179,7,2025-07-20,2026-03-26,Fracture
7731,1179,136,16,2024-08-07,2025-05-12,Asthma
7732,2920,142,1,2025-11-30,2025-12-30,Hypertension
7733,3240,124,17,2025-09-01,2026-01-10,Stroke
7734,4181,134,11,2025-10-11,2025-10-28,Cancer
7735,4075,15,9,2025-03-14,2025-06-02,Cancer
7736,4049,98,9,2026-06-10,2026-07-11,Covid
7737,3923,208,1,2026-03-27,2026-07-21,Stroke
7738,916,80,2,2026-02-24,2026-03-24,Hypertension
7739,4354,10,5,2025-02-14,2025-10-18,Diabetes
7740,4358,169,3,2025-10-25,2026-07-10,Stroke
7741,4010,217,13,2025-01-27,2026-06-16,Migraine
7742,118,176,16,2025-03-27,2025-08-30,Pneumonia
7743,1352,69,13,2025-04-22,2026-05-08,Diabetes
7744,3889,103,2,2026-03-30,2026-07-11,Asthma
7745,4673,89,19,2026-01-08,2026-01-20,Asthma
7746,4649,191,6,2026-01-31,2026-08-10,Cancer
7747,618,63,9,2025-08-17,2026-05-03,Diabetes
7748,112,187,12,2025-06-04,2025-10-23,Stroke
7749,2198,221,3,2026-03-15,2026-07-20,Fracture
7750,1805,184,12,2025-11-24,2026-02-15,Hypertension
7751,775,189,8,2025-09-16,2026-01-11,Migraine
7752,3787,152,12,2025-09-29,2026-06-13,Fracture
7753,4013,232,19,2026-03-25,2026-04-13,Pneumonia
7754,1305,9,5,2024-11-14,2025-03-25,Diabetes
7755,4733,216,8,2025-05-22,2026-08-08,Pneumonia
7756,4486,72,15,2025-12-26,2026-02-01,Stroke
7757,2555,34,16,2025-09-21,2025-10-07,Diabetes
7758,183,117,6,2025-02-06,2025-09-02,Pneumonia
7759,4307,194,16,2025-04-30,2026-07-23,Asthma
7760,4116,151,6,2026-06-21,2026-07-24,Asthma
7761,554,18,4,2025-10-14,2026-04-18,Fracture
7762,2681,28,1,2025-09-13,2026-02-22,Hypertension
7763,3938,193,5,2025-12-05,2026-04-19,Migraine
7764,4462,91,6,2025-05-30,2025-09-17,Diabetes
7765,4843,181,15,2025-07-24,2025-08-07,Fracture
7766,605,104,13,2025-05-20,2026-02-17,Hypertension
7767,1670,202,5,2025-03-09,2025-12-18,Asthma
7768,3534,105,7,2025-06-02,2026-05-09,Migraine
7769,885,248,7,2025-10-30,2026-01-13,Pneumonia
7770,497,177,13,2025-07-30,2025-10-25,Migraine
7771,27,119,2,2025-04-21,2026-03-28,Asthma
7772,3839,232,6,2024-08-26,2024-08-31,Fracture
7773,2534,108,9,2024-09-01,2025-04-14,Stroke
7774,2980,57,15,2026-07-01,2026-07-14,Fracture
7775,525,207,15,2026-08-05,2026-08-05,Diabetes
7776,251,46,19,2025-02-03,2025-11-30,Diabetes
7777,4227,184,19,2026-01-30,2026-05-07,Covid
7778,3162,23,4,2025-08-01,2025-12-31,Cancer
7779,3953,108,15,2024-11-02,2025-03-13,Stroke
7780,2461,48,17,2025-12-27,2026-04-13,Covid
7781,3718,231,18,2024-09-28,2026-04-02,Hypertension
7782,2007,33,15,2026-03-10,2026-07-19,Hypertension
7783,2549,64,19,2025-12-20,2026-06-26,Migraine
7784,4369,51,17,2025-03-14,2025-07-11,Pneumonia
7785,3528,63,1,2025-01-03,2025-09-15,Hypertension
7786,1123,32,11,2026-03-08,2026-07-13,Covid
7787,4179,173,13,2025-04-08,2025-10-31,Asthma
7788,4853,134,5,2025-01-28,2025-04-15,Fracture
7789,2765,106,10,2025-07-03,2026-03-16,Hypertension
7790,66,161,1,2026-07-06,2026-08-01,Kidney Stones
7791,2362,194,5,2026-04-01,2026-04-06,Stroke
7792,3352,19,2,2025-01-30,2026-07-04,Pneumonia
7793,2062,83,19,2025-03-16,2026-02-10,Diabetes
7794,4351,43,18,2024-11-21,2026-03-19,Pneumonia
7795,2602,233,7,2025-05-11,2026-04-13,Fracture
7796,2036,110,19,2026-05-03,2026-05-29,Cancer
7797,1637,195,9,2025-11-14,2026-04-06,Covid
7798,972,183,13,2025-12-27,2026-03-31,Stroke
7799,3616,127,11,2024-08-20,2025-01-21,Covid
7800,3174,150,3,2025-07-19,2026-03-08,Diabetes
7801,4285,243,8,2025-10-06,2026-01-17,Diabetes
7802,134,185,11,2025-12-27,2026-03-03,Cancer
7803,155,214,1,2026-06-23,2026-06-23,Stroke
7804,4722,205,16,2026-03-22,2026-04-19,Stroke
7805,2633,149,11,2025-10-23,2026-06-25,Stroke
7806,2842,89,11,2025-07-19,2025-08-31,Fracture
7807,1074,112,8,2025-12-30,2026-01-18,Covid
7808,4379,68,20,2025-04-12,2025-08-08,Hypertension
7809,2095,92,18,2025-01-22,2026-05-08,Asthma
7810,1720,119,18,2025-04-06,2025-12-19,Fracture
7811,1511,131,18,2025-07-29,2025-12-14,Migraine
7812,2462,121,10,2026-04-26,2026-05-05,Cancer
7813,3232,123,10,2024-12-31,2026-07-16,Fracture
7814,1232,243,13,2025-05-22,2025-08-31,Fracture
7815,2376,236,10,2025-12-18,2026-03-29,Stroke
7816,611,177,15,2026-04-25,2026-05-06,Migraine
7817,1876,83,2,2025-06-16,2026-07-10,Fracture
7818,309,68,19,2025-09-25,2026-02-07,Stroke
7819,2235,209,17,2025-03-27,2025-11-24,Hypertension
7820,4399,9,2,2024-10-13,2025-08-01,Asthma
7821,1359,224,1,2026-04-10,2026-06-03,Stroke
7822,926,69,8,2024-09-16,2025-06-30,Migraine
7823,2086,199,12,2025-08-18,2026-03-15,Kidney Stones
7824,2895,245,8,2026-04-27,2026-04-29,Stroke
7825,3930,117,14,2024-08-23,2025-03-14,Fracture
7826,3370,94,5,2026-03-13,2026-05-16,Hypertension
7827,1367,201,10,2025-09-18,2026-03-19,Migraine
7828,1376,17,20,2024-09-11,2026-05-20,Pneumonia
7829,449,229,3,2026-06-02,2026-06-19,Migraine
7830,1334,182,11,2026-08-02,2026-08-08,Asthma
7831,2987,225,13,2024-12-27,2026-04-07,Hypertension
7832,2397,165,3,2025-11-10,2026-06-10,Cancer
7833,1904,156,5,2026-06-03,2026-07-06,Hypertension
7834,3810,104,12,2025-02-23,2025-11-07,Hypertension
7835,2574,222,20,2024-08-31,2025-03-13,Diabetes
7836,1872,233,9,2024-09-01,2025-06-24,Fracture
7837,3287,216,7,2025-08-18,2025-12-23,Pneumonia
7838,4687,37,8,2024-12-06,2025-08-18,Asthma
7839,3284,19,7,2025-12-09,2026-06-20,Stroke
7840,3442,54,12,2026-05-10,2026-06-25,Fracture
7841,1799,246,12,2025-08-05,2026-02-08,Diabetes
7842,2119,93,1,2026-02-16,2026-03-22,Pneumonia
7843,863,192,9,2026-05-06,2026-07-31,Fracture
7844,4612,65,16,2025-09-14,2026-03-18,Migraine
7845,1318,219,13,2025-08-22,2026-04-05,Stroke
7846,1016,206,19,2026-04-04,2026-05-09,Kidney Stones
7847,2460,31,18,2024-09-08,2024-11-05,Migraine
7848,2802,221,1,2024-08-15,2026-05-03,Diabetes
7849,659,178,19,2026-01-02,2026-05-15,Kidney Stones
7850,3759,82,12,2025-08-24,2026-06-07,Hypertension
7851,2453,165,15,2026-01-31,2026-05-16,Asthma
7852,1904,45,10,2024-10-19,2025-06-27,Migraine
7853,3018,72,1,2024-12-17,2025-03-24,Diabetes
7854,2178,102,3,2026-02-26,2026-07-13,Kidney Stones
7855,461,181,17,2026-03-21,2026-05-25,Covid
7856,1222,74,14,2024-11-01,2026-02-04,Fracture
7857,4686,194,5,2024-08-25,2026-06-15,Asthma
7858,845,3,7,2024-09-13,2026-03-16,Diabetes
7859,2565,202,4,2024-12-11,2025-08-11,Pneumonia
7860,635,113,16,2026-01-24,2026-04-24,Fracture
7861,1031,36,18,2026-06-04,2026-06-06,Asthma
7862,2862,217,12,2024-11-09,2026-06-17,Kidney Stones
7863,4142,133,20,2026-06-09,2026-07-01,Hypertension
7864,1955,228,14,2025-09-18,2026-02-12,Covid
7865,4959,198,5,2025-11-25,2026-01-07,Cancer
7866,893,30,6,2024-11-16,2026-03-16,Stroke
7867,471,132,20,2025-08-22,2026-05-20,Cancer
7868,547,35,5,2025-04-03,2026-07-24,Asthma
7869,2205,146,10,2025-12-20,2026-02-15,Diabetes
7870,4274,202,4,2025-05-21,2025-09-08,Covid
7871,291,232,17,2026-08-06,2026-08-11,Migraine
7872,1386,195,15,2025-04-03,2025-12-19,Kidney Stones
7873,300,110,20,2024-11-01,2026-05-19,Fracture
7874,2979,192,18,2025-07-13,2025-10-01,Diabetes
7875,170,63,14,2025-05-10,2026-03-06,Stroke
7876,4972,162,7,2025-03-02,2026-02-23,Asthma
7877,2157,154,2,2025-04-18,2026-02-21,Diabetes
7878,3424,121,11,2024-10-13,2026-02-04,Pneumonia
7879,4025,169,12,2026-02-10,2026-07-07,Fracture
7880,2416,158,13,2025-04-05,2025-12-04,Asthma
7881,3057,163,3,2026-03-10,2026-06-08,Diabetes
7882,2615,163,7,2024-11-17,2024-12-15,Kidney Stones
7883,2,135,16,2026-05-11,2026-07-28,Diabetes
7884,300,85,6,2025-09-11,2025-10-24,Stroke
7885,3855,212,13,2024-12-13,2025-09-05,Asthma
7886,3577,209,17,2025-04-21,2025-10-31,Hypertension
7887,894,225,18,2026-03-04,2026-08-06,Migraine
7888,201,22,11,2025-07-14,2025-08-24,Hypertension
7889,3768,52,12,2026-05-17,2026-06-19,Migraine
7890,3023,101,17,2025-06-30,2025-08-10,Stroke
7891,2926,202,15,2026-05-11,2026-08-03,Cancer
7892,2935,21,11,2025-06-13,2026-04-09,Kidney Stones
7893,558,88,7,2025-11-18,2026-02-04,Diabetes
7894,3304,104,3,2025-02-14,2026-06-13,Migraine
7895,1131,184,12,2024-09-24,2025-07-28,Diabetes
7896,4052,199,4,2026-04-30,2026-06-28,Kidney Stones
7897,4675,173,18,2025-02-08,2025-10-28,Covid
7898,1281,180,10,2025-05-31,2026-01-31,Asthma
7899,2013,13,14,2025-08-26,2025-09-18,Stroke
7900,604,1,14,2024-11-12,2025-09-28,Asthma
7901,833,102,7,2025-10-09,2026-05-12,Stroke
7902,3804,214,8,2024-11-13,2025-04-05,Covid
7903,3550,18,2,2024-12-31,2025-11-23,Kidney Stones
7904,1567,144,9,2025-07-28,2026-03-02,Diabetes
7905,79,82,18,2025-07-13,2026-04-21,Pneumonia
7906,3291,114,6,2025-07-06,2026-01-23,Fracture
7907,610,145,7,2026-07-31,2026-08-08,Migraine
7908,3969,159,11,2024-09-15,2026-01-07,Kidney Stones
7909,1755,16,13,2025-10-17,2026-01-23,Asthma
7910,1099,151,11,2025-01-18,2026-05-27,Asthma
7911,2881,120,9,2026-04-14,2026-07-20,Hypertension
7912,782,230,3,2025-08-31,2025-12-22,Migraine
7913,1707,160,15,2026-06-07,2026-06-24,Cancer
7914,2679,201,9,2024-11-28,2026-06-16,Asthma
7915,884,184,8,2025-12-27,2026-02-19,Asthma
7916,1696,120,13,2024-11-22,2026-05-22,Asthma
7917,2183,23,16,2026-07-16,2026-08-09,Pneumonia
7918,303,180,4,2025-11-03,2025-12-05,Kidney Stones
7919,2933,20,19,2024-11-28,2025-12-14,Hypertension
7920,655,228,16,2025-03-24,2025-11-20,Covid
7921,2057,179,20,2026-01-31,2026-03-05,Hypertension
7922,2086,125,1,2025-11-04,2026-06-21,Diabetes
7923,4911,128,13,2025-12-08,2026-07-17,Covid
7924,3294,105,16,2025-12-23,2026-02-27,Asthma
7925,2970,38,18,2025-11-11,2026-05-04,Migraine
7926,2583,124,12,2025-09-17,2026-08-04,Fracture
7927,728,137,16,2025-09-04,2025-12-26,Diabetes
7928,54,131,5,2025-10-12,2026-02-02,Migraine
7929,4213,227,7,2026-03-06,2026-07-10,Migraine
7930,3982,170,10,2026-01-28,2026-08-01,Migraine
7931,4035,64,7,2026-05-06,2026-06-12,Asthma
7932,3539,195,19,2025-02-12,2026-03-02,Hypertension
7933,4407,154,11,2025-02-19,2025-11-26,Fracture
7934,377,25,15,2025-06-10,2026-06-12,Kidney Stones
7935,2438,144,20,2026-07-22,2026-07-24,Kidney Stones
7936,3511,176,1,2026-03-05,2026-07-29,Kidney Stones
7937,648,242,11,2026-07-12,2026-07-29,Hypertension
7938,3046,121,12,2024-08-19,2025-04-13,Stroke
7939,3024,181,1,2025-03-05,2025-05-27,Diabetes
7940,2079,154,12,2025-10-27,2026-03-02,Cancer
7941,5,149,15,2026-06-23,2026-07-03,Pneumonia
7942,1741,162,20,2026-08-04,2026-08-06,Hypertension
7943,4498,50,11,2025-09-10,2026-06-28,Kidney Stones
7944,941,114,10,2024-09-26,2026-07-21,Pneumonia
7945,2819,237,15,2024-12-20,2026-05-04,Asthma
7946,80,173,5,2024-08-12,2025-11-27,Hypertension
7947,1590,186,8,2025-02-06,2025-03-21,Hypertension
7948,985,70,1,2024-12-29,2025-03-16,Diabetes
7949,2507,145,5,2026-03-07,2026-06-13,Pneumonia
7950,4518,210,16,2024-09-09,2025-09-08,Pneumonia
7951,1457,36,18,2025-11-05,2026-01-20,Cancer
7952,2082,77,1,2025-07-16,2026-05-03,Migraine
7953,2819,82,16,2024-11-08,2024-12-08,Diabetes
7954,2370,78,7,2026-04-03,2026-04-05,Cancer
7955,3806,56,17,2025-09-09,2026-04-01,Pneumonia
7956,3625,72,4,2024-09-25,2026-04-06,Fracture
7957,3737,241,12,2026-04-17,2026-04-26,Cancer
7958,3553,249,2,2026-02-27,2026-07-10,Fracture
7959,3289,68,6,2026-06-26,2026-07-05,Asthma
7960,1893,75,3,2026-06-16,2026-07-11,Asthma
7961,1401,222,15,2026-07-28,2026-08-05,Cancer
7962,2507,200,11,2025-08-19,2026-06-28,Diabetes
7963,2575,131,3,2025-11-30,2026-07-21,Hypertension
7964,4505,79,10,2024-09-07,2025-01-13,Stroke
7965,3358,102,12,2025-11-15,2026-08-13,Diabetes
7966,501,132,11,2024-11-23,2026-05-07,Hypertension
7967,4791,15,19,2026-06-30,2026-08-08,Asthma
7968,4618,217,5,2025-06-15,2026-05-02,Asthma
7969,3696,26,9,2024-08-23,2026-07-25,Stroke
7970,1666,28,13,2026-05-10,2026-07-17,Kidney Stones
7971,3852,168,1,2026-07-08,2026-07-22,Covid
7972,926,149,1,2026-02-18,2026-02-27,Asthma
7973,2187,154,15,2024-08-30,2025-01-31,Fracture
7974,3928,61,12,2026-03-11,2026-03-27,Diabetes
7975,1939,159,15,2025-12-17,2026-01-13,Stroke
7976,8,68,1,2025-02-22,2026-04-22,Migraine
7977,2469,230,15,2024-09-25,2025-03-24,Asthma
7978,1437,124,3,2026-04-11,2026-06-23,Kidney Stones
7979,3477,170,20,2025-07-10,2026-04-04,Migraine
7980,2463,247,5,2026-06-11,2026-07-01,Stroke
7981,4450,188,17,2025-01-09,2026-07-11,Fracture
7982,3026,173,12,2025-08-16,2025-08-26,Cancer
7983,1955,177,8,2026-01-14,2026-07-06,Diabetes
7984,2081,39,12,2025-02-03,2025-02-08,Cancer
7985,4174,57,17,2025-06-06,2025-08-07,Fracture
7986,3714,90,13,2025-12-30,2026-07-18,Kidney Stones
7987,4410,199,8,2024-11-18,2025-07-04,Pneumonia
7988,1601,125,7,2025-02-21,2025-08-05,Hypertension
7989,80,36,8,2025-08-21,2026-01-30,Fracture
7990,2260,125,1,2025-12-30,2026-03-20,Pneumonia
7991,725,80,20,2025-04-02,2026-01-02,Fracture
7992,966,135,9,2025-03-06,2026-08-15,Cancer
7993,4405,35,4,2024-09-05,2026-04-09,Covid
7994,164,104,17,2025-12-06,2026-07-22,Covid
7995,1289,129,17,2026-02-21,2026-07-12,Pneumonia
7996,3933,48,1,2026-02-11,2026-04-30,Diabetes
7997,3520,121,15,2026-01-24,2026-04-14,Covid
7998,4463,165,1,2025-07-10,2026-05-09,Migraine
7999,312,170,16,2025-11-01,2026-01-30,Asthma
8000,2152,200,15,2025-08-26,2026-04-20,Cancer
8001,2276,129,17,2025-03-04,2025-09-05,Stroke
8002,3769,236,10,2025-11-17,2025-12-31,Pneumonia
8003,3646,177,9,2026-07-14,2026-07-15,Covid
8004,107,120,7,2025-07-15,2026-06-14,Pneumonia
8005,4972,111,1,2026-01-14,2026-01-19,Cancer
8006,106,46,7,2025-02-10,2025-08-13,Fracture
8007,4817,129,6,2024-12-22,2025-04-04,Diabetes
8008,768,54,11,2026-07-05,2026-07-22,Diabetes
8009,4,201,5,2024-10-25,2025-05-13,Kidney Stones
8010,498,226,13,2025-03-01,2025-04-06,Fracture
8011,914,234,15,2026-01-20,2026-03-11,Stroke
8012,2220,57,10,2025-09-05,2025-10-04,Cancer
8013,4131,14,17,2025-12-27,2026-05-08,Asthma
8014,4335,9,5,2026-03-24,2026-05-08,Asthma
8015,4277,248,5,2026-05-13,2026-08-16,Fracture
8016,29,8,20,2025-06-03,2025-12-16,Hypertension
8017,1977,197,2,2025-12-26,2026-03-02,Diabetes
8018,4360,62,18,2026-03-03,2026-04-19,Asthma
8019,2230,25,4,2026-07-31,2026-08-17,Cancer
8020,898,230,15,2025-03-09,2025-10-25,Kidney Stones
8021,3692,118,9,2025-04-28,2025-10-30,Hypertension
8022,2892,203,9,2025-12-21,2026-02-24,Diabetes
8023,2031,26,7,2026-07-16,2026-08-06,Hypertension
8024,4369,243,8,2026-02-10,2026-07-31,Kidney Stones
8025,951,41,8,2025-06-28,2026-05-03,Covid
8026,3629,229,16,2025-01-29,2026-07-19,Hypertension
8027,2228,186,20,2024-12-22,2026-02-22,Pneumonia
8028,4019,73,18,2025-09-18,2026-07-21,Hypertension
8029,571,220,14,2026-02-28,2026-04-20,Stroke
8030,884,66,12,2024-08-26,2025-03-30,Pneumonia
8031,4057,157,16,2025-08-03,2025-08-25,Diabetes
8032,2791,74,18,2025-01-03,2025-01-04,Kidney Stones
8033,2022,15,9,2025-02-17,2026-07-20,Asthma
8034,3561,134,1,2026-03-06,2026-06-14,Diabetes
8035,1879,112,16,2024-08-26,2026-08-15,Covid
8036,4477,51,17,2026-03-22,2026-06-16,Diabetes
8037,414,22,20,2026-03-21,2026-04-09,Diabetes
8038,2118,153,6,2025-02-20,2025-05-20,Migraine
8039,3399,66,4,2025-06-20,2026-06-18,Cancer
8040,2357,238,7,2024-09-30,2026-01-01,Asthma
8041,1119,59,1,2025-06-17,2025-11-17,Kidney Stones
8042,1563,59,9,2024-11-30,2025-04-19,Kidney Stones
8043,1833,28,9,2026-03-11,2026-08-07,Asthma
8044,2295,208,1,2026-05-05,2026-06-04,Migraine
8045,950,49,9,2025-07-28,2026-04-07,Diabetes
8046,938,120,16,2026-01-12,2026-07-18,Asthma
8047,862,237,3,2024-10-16,2026-02-01,Stroke
8048,3850,57,10,2026-06-25,2026-07-31,Hypertension
8049,3013,246,11,2026-06-05,2026-06-09,Cancer
8050,3008,1,5,2026-07-12,2026-08-14,Fracture
8051,2641,30,6,2025-08-23,2025-11-04,Migraine
8052,3505,231,16,2026-05-17,2026-06-02,Fracture
8053,2259,176,20,2025-01-08,2025-07-21,Kidney Stones
8054,3148,104,2,2025-04-27,2026-04-23,Asthma
8055,1813,198,4,2025-10-06,2025-10-24,Stroke
8056,587,58,5,2025-11-29,2026-02-21,Migraine
8057,746,3,4,2025-12-04,2026-07-05,Asthma
8058,2794,187,12,2025-07-10,2025-11-19,Covid
8059,1059,205,4,2025-07-21,2025-10-22,Hypertension
8060,294,26,13,2024-11-18,2025-03-08,Covid
8061,3910,70,14,2024-08-14,2026-02-09,Cancer
8062,1896,153,19,2025-01-06,2026-01-19,Stroke
8063,3460,197,6,2024-08-31,2026-02-24,Asthma
8064,3790,206,13,2026-05-24,2026-07-14,Stroke
8065,1124,161,9,2026-02-15,2026-08-11,Fracture
8066,2765,100,16,2024-08-28,2025-11-19,Diabetes
8067,3261,94,15,2024-09-01,2026-02-01,Pneumonia
8068,2718,108,17,2024-09-23,2026-01-06,Kidney Stones
8069,4118,141,15,2026-01-21,2026-07-11,Covid
8070,2784,168,14,2025-05-25,2025-08-17,Covid
8071,3749,178,19,2025-09-14,2026-01-04,Covid
8072,2624,190,12,2025-01-29,2025-07-20,Covid
8073,1694,137,6,2025-08-21,2026-01-13,Hypertension
8074,2363,2,16,2025-09-11,2026-01-01,Asthma
8075,2758,42,5,2025-07-08,2026-03-10,Asthma
8076,1078,69,6,2026-05-16,2026-06-05,Stroke
8077,1703,169,20,2025-03-25,2025-05-04,Fracture
8078,3793,171,1,2025-09-18,2026-07-21,Hypertension
8079,3199,22,17,2025-01-19,2026-01-06,Kidney Stones
8080,1243,36,15,2025-07-24,2026-02-09,Asthma
8081,969,213,18,2024-09-23,2026-08-02,Pneumonia
8082,2092,149,11,2025-03-29,2026-05-24,Asthma
8083,362,14,10,2026-07-07,2026-08-08,Cancer
8084,295,60,15,2026-05-07,2026-07-06,Diabetes
8085,2056,67,20,2025-07-28,2026-02-12,Hypertension
8086,1443,60,19,2026-01-17,2026-08-16,Fracture
8087,3571,13,15,2025-10-23,2026-05-04,Stroke
8088,3424,207,20,2024-08-07,2026-03-19,Diabetes
8089,1388,34,10,2025-01-25,2025-06-08,Hypertension
8090,4224,188,8,2024-10-15,2024-10-15,Cancer
8091,4029,51,19,2025-08-07,2026-05-15,Covid
8092,3385,25,11,2026-01-14,2026-05-27,Stroke
8093,568,150,4,2025-11-01,2026-03-31,Hypertension
8094,1133,198,8,2026-02-17,2026-06-21,Migraine
8095,4262,5,19,2025-07-03,2025-07-10,Asthma
8096,4959,237,13,2025-05-07,2026-02-17,Migraine
8097,1845,93,15,2025-07-08,2026-06-06,Migraine
8098,1290,35,10,2025-06-10,2026-07-05,Migraine
8099,3243,54,20,2026-05-26,2026-05-26,Covid
8100,1128,244,12,2025-03-08,2026-07-23,Covid
8101,2161,155,5,2025-06-20,2025-10-15,Asthma
8102,3680,94,12,2026-04-21,2026-05-20,Covid
8103,1794,228,13,2025-03-12,2025-06-23,Stroke
8104,4570,60,16,2025-08-02,2025-10-11,Kidney Stones
8105,3040,73,8,2025-10-09,2025-12-08,Stroke
8106,2407,29,7,2026-07-30,2026-08-03,Fracture
8107,2212,65,6,2025-07-28,2026-04-05,Diabetes
8108,1643,46,3,2025-08-19,2026-02-27,Diabetes
8109,3859,241,14,2025-11-05,2026-02-16,Fracture
8110,153,14,15,2025-07-02,2026-07-16,Diabetes
8111,1377,140,14,2026-01-19,2026-05-09,Fracture
8112,1191,84,18,2024-11-02,2026-02-06,Asthma
8113,2955,203,7,2024-12-20,2025-07-14,Covid
8114,1529,98,20,2026-08-01,2026-08-06,Cancer
8115,1060,173,9,2025-04-04,2026-03-01,Pneumonia
8116,1928,10,14,2026-04-20,2026-06-06,Kidney Stones
8117,1219,214,3,2025-10-28,2026-01-27,Cancer
8118,4639,83,17,2026-05-05,2026-08-16,Fracture
8119,459,53,2,2026-03-07,2026-03-13,Asthma
8120,1959,3,18,2025-04-16,2025-10-06,Pneumonia
8121,4890,24,20,2026-02-08,2026-04-23,Covid
8122,4118,192,8,2025-10-17,2026-01-27,Kidney Stones
8123,2182,5,18,2025-12-13,2026-08-11,Asthma
8124,4329,60,4,2025-09-09,2026-02-17,Cancer
8125,3573,123,20,2024-12-11,2025-01-31,Diabetes
8126,4351,123,13,2026-07-07,2026-08-06,Stroke
8127,1111,60,12,2024-09-30,2026-02-03,Asthma
8128,3218,183,1,2025-12-11,2026-08-01,Covid
8129,1954,192,19,2025-07-19,2026-02-23,Migraine
8130,2481,161,18,2024-12-30,2026-07-17,Kidney Stones
8131,3697,248,11,2026-07-03,2026-08-09,Fracture
8132,939,171,3,2025-09-27,2025-12-02,Asthma
8133,141,250,19,2024-08-08,2025-10-04,Covid
8134,1738,82,10,2026-03-10,2026-08-16,Kidney Stones
8135,2724,235,17,2024-12-30,2026-01-15,Pneumonia
8136,3442,128,17,2025-10-04,2026-07-23,Covid
8137,2027,2,11,2025-02-06,2025-07-28,Asthma
8138,1802,63,16,2025-02-04,2025-02-13,Pneumonia
8139,2028,224,20,2026-02-07,2026-02-13,Covid
8140,3348,201,1,2026-02-07,2026-04-20,Covid
8141,1487,31,3,2025-11-18,2026-05-20,Stroke
8142,4393,68,7,2024-12-22,2025-11-04,Diabetes
8143,1812,112,4,2025-06-03,2026-07-09,Hypertension
8144,4155,148,10,2026-07-10,2026-08-13,Diabetes
8145,1131,9,10,2024-09-17,2025-05-07,Cancer
8146,440,223,12,2024-09-01,2025-12-27,Cancer
8147,2316,166,9,2025-10-15,2026-05-31,Migraine
8148,4355,226,19,2026-06-25,2026-07-24,Hypertension
8149,473,32,17,2025-02-10,2026-07-13,Fracture
8150,4178,46,4,2025-04-23,2026-07-22,Covid
8151,1223,176,19,2024-10-06,2026-04-08,Fracture
8152,593,125,17,2026-06-09,2026-06-17,Cancer
8153,4046,152,4,2024-09-18,2025-08-22,Hypertension
8154,589,77,19,2024-11-24,2026-07-10,Kidney Stones
8155,2952,202,2,2025-05-09,2026-07-28,Pneumonia
8156,3770,133,9,2026-07-19,2026-07-27,Kidney Stones
8157,1941,69,9,2026-01-08,2026-04-18,Diabetes
8158,2861,51,18,2025-09-04,2026-08-01,Migraine
8159,2930,165,12,2025-04-15,2026-04-13,Pneumonia
8160,3939,167,11,2024-09-03,2026-02-09,Stroke
8161,3996,130,15,2025-01-09,2026-03-03,Pneumonia
8162,1800,239,6,2024-12-25,2025-06-27,Cancer
8163,2157,77,18,2025-11-04,2026-05-28,Pneumonia
8164,3361,55,8,2025-07-05,2025-09-21,Asthma
8165,39,218,1,2025-06-08,2025-09-10,Cancer
8166,438,93,11,2026-04-29,2026-06-23,Covid
8167,223,174,17,2024-08-19,2025-10-05,Pneumonia
8168,3664,184,14,2024-09-10,2024-11-06,Cancer
8169,2248,215,8,2024-12-31,2025-01-20,Fracture
8170,3684,237,5,2026-02-03,2026-07-03,Cancer
8171,910,114,20,2026-07-13,2026-07-28,Diabetes
8172,3446,178,9,2026-07-13,2026-07-31,Pneumonia
8173,2159,185,19,2024-08-28,2025-07-23,Kidney Stones
8174,479,90,7,2025-09-03,2026-01-05,Asthma
8175,1569,28,4,2026-04-05,2026-05-29,Stroke
8176,3620,123,2,2025-10-18,2026-04-06,Fracture
8177,2218,18,11,2024-11-14,2025-09-29,Migraine
8178,4088,53,3,2025-11-30,2025-12-14,Asthma
8179,3510,112,12,2024-12-01,2025-02-14,Migraine
8180,1592,44,12,2025-12-26,2026-01-24,Asthma
8181,3788,245,6,2025-08-13,2025-10-17,Cancer
8182,1752,195,9,2026-01-06,2026-02-26,Cancer
8183,1769,20,3,2025-11-30,2026-04-30,Pneumonia
8184,2879,51,2,2026-04-25,2026-07-07,Diabetes
8185,3471,98,15,2025-04-14,2025-04-26,Kidney Stones
8186,624,221,3,2026-01-04,2026-07-11,Covid
8187,2804,118,19,2025-10-11,2026-02-08,Asthma
8188,1583,85,11,2024-11-15,2026-03-09,Stroke
8189,1709,35,14,2026-02-10,2026-06-23,Diabetes
8190,2677,3,5,2026-05-12,2026-07-04,Kidney Stones
8191,3220,77,18,2026-03-28,2026-04-22,Pneumonia
8192,1307,155,17,2024-09-12,2026-01-16,Diabetes
8193,695,98,3,2025-01-23,2025-07-27,Asthma
8194,4711,44,16,2025-08-12,2025-11-05,Kidney Stones
8195,2965,198,15,2025-06-20,2025-10-03,Stroke
8196,3216,249,13,2024-11-05,2024-12-31,Pneumonia
8197,3284,29,10,2026-05-09,2026-05-29,Diabetes
8198,1791,32,13,2024-12-03,2026-06-12,Asthma
8199,2118,140,2,2026-06-19,2026-07-19,Cancer
8200,151,183,11,2025-04-06,2025-08-21,Kidney Stones
8201,4951,223,15,2024-08-13,2026-06-04,Stroke
8202,3960,122,15,2025-05-17,2026-07-29,Kidney Stones
8203,1777,123,10,2025-11-15,2026-07-24,Migraine
8204,3598,228,7,2025-09-19,2026-06-08,Stroke
8205,3042,190,15,2025-12-22,2026-06-02,Diabetes
8206,2597,242,16,2024-08-08,2025-03-14,Hypertension
8207,1863,98,13,2025-03-02,2026-04-15,Migraine
8208,307,180,18,2026-02-15,2026-06-14,Cancer
8209,2861,159,9,2025-05-11,2025-12-15,Kidney Stones
8210,551,58,12,2025-05-02,2026-06-24,Hypertension
8211,473,169,13,2024-11-28,2025-08-15,Diabetes
8212,1008,231,12,2024-11-15,2026-05-14,Kidney Stones
8213,4163,143,11,2025-10-20,2026-07-10,Hypertension
8214,2657,184,13,2025-12-02,2026-05-08,Cancer
8215,4089,201,18,2025-08-17,2025-09-17,Stroke
8216,4028,97,19,2025-11-13,2026-03-04,Hypertension
8217,2363,175,17,2026-04-19,2026-06-11,Cancer
8218,598,162,15,2025-04-15,2025-11-28,Stroke
8219,2854,186,14,2025-07-16,2026-04-15,Pneumonia
8220,3760,94,12,2025-01-24,2026-07-18,Pneumonia
8221,755,181,18,2026-05-06,2026-06-08,Migraine
8222,4572,118,13,2026-03-18,2026-07-14,Covid
8223,3102,149,13,2025-12-01,2026-06-09,Migraine
8224,4551,54,9,2024-10-22,2026-02-05,Covid
8225,3247,119,4,2024-08-10,2025-02-13,Hypertension
8226,2509,181,3,2025-04-29,2025-06-27,Stroke
8227,4782,122,5,2025-12-23,2026-06-30,Kidney Stones
8228,1708,181,10,2024-10-09,2026-01-15,Hypertension
8229,1104,7,13,2026-02-19,2026-04-11,Migraine
8230,1437,111,7,2025-03-28,2025-04-17,Diabetes
8231,1771,178,15,2025-03-10,2026-03-21,Covid
8232,3169,195,12,2026-07-06,2026-07-08,Pneumonia
8233,160,151,2,2025-09-12,2026-07-31,Pneumonia
8234,2802,75,3,2025-02-26,2025-03-04,Pneumonia
8235,3010,167,15,2026-04-13,2026-06-24,Covid
8236,2962,61,20,2024-09-17,2025-01-13,Kidney Stones
8237,2430,161,9,2026-06-11,2026-08-03,Cancer
8238,2709,47,9,2025-08-06,2026-05-28,Covid
8239,4825,196,11,2026-04-13,2026-04-15,Stroke
8240,2687,112,15,2025-11-27,2026-06-02,Diabetes
8241,3651,247,19,2026-07-31,2026-08-13,Pneumonia
8242,3651,86,8,2025-05-23,2026-06-12,Stroke
8243,4381,157,2,2026-01-22,2026-08-02,Fracture
8244,4134,73,15,2025-05-24,2025-12-16,Asthma
8245,4623,92,6,2025-09-03,2026-06-20,Fracture
8246,742,49,13,2024-11-08,2026-05-01,Migraine
8247,3478,9,11,2026-01-15,2026-07-30,Cancer
8248,3302,228,2,2025-12-11,2026-04-16,Pneumonia
8249,4638,190,16,2025-04-18,2026-01-29,Stroke
8250,3060,179,9,2025-01-23,2026-06-02,Pneumonia
8251,3668,78,9,2024-08-07,2025-12-19,Hypertension
8252,366,71,5,2025-11-19,2026-01-24,Cancer
8253,3851,101,4,2024-10-10,2025-07-09,Fracture
8254,2740,221,14,2025-02-11,2026-03-27,Covid
8255,1821,221,7,2025-05-15,2026-01-09,Pneumonia
8256,4495,75,4,2025-08-29,2026-02-28,Diabetes
8257,285,239,4,2026-01-18,2026-06-20,Stroke
8258,3259,62,6,2024-10-08,2025-10-20,Diabetes
8259,2882,128,16,2024-11-27,2025-11-04,Fracture
8260,683,27,5,2024-09-11,2024-09-28,Diabetes
8261,2226,223,15,2025-06-01,2025-12-21,Migraine
8262,4524,225,3,2025-04-21,2026-06-10,Asthma
8263,3492,34,14,2024-10-16,2026-02-02,Stroke
8264,2569,247,20,2025-01-11,2025-05-24,Covid
8265,2320,110,17,2025-09-27,2026-04-02,Stroke
8266,467,137,6,2025-10-01,2026-03-25,Stroke
8267,2888,105,20,2024-10-03,2026-07-27,Kidney Stones
8268,1090,22,7,2025-02-07,2025-02-25,Diabetes
8269,2315,138,9,2026-02-15,2026-06-08,Kidney Stones
8270,2164,230,13,2026-07-21,2026-07-27,Migraine
8271,4252,20,16,2025-09-13,2025-10-05,Fracture
8272,4773,145,3,2024-08-15,2025-12-06,Fracture
8273,4701,138,11,2025-06-19,2026-05-09,Pneumonia
8274,4045,22,17,2024-09-10,2026-02-10,Pneumonia
8275,4079,100,4,2025-04-27,2026-03-09,Diabetes
8276,2729,137,10,2025-05-19,2025-08-02,Covid
8277,1231,223,17,2025-04-30,2025-06-22,Fracture
8278,4729,20,3,2025-11-23,2026-02-24,Hypertension
8279,2523,36,20,2026-06-04,2026-07-09,Cancer
8280,1655,240,2,2025-01-10,2025-11-07,Pneumonia
8281,4853,144,11,2024-11-22,2026-06-23,Asthma
8282,3054,77,1,2026-03-24,2026-05-03,Diabetes
8283,1885,188,4,2025-01-01,2025-10-10,Cancer
8284,2609,134,14,2025-11-04,2026-06-18,Migraine
8285,3903,241,16,2026-03-29,2026-06-24,Asthma
8286,267,86,5,2026-04-27,2026-06-09,Diabetes
8287,2303,175,3,2026-05-22,2026-06-26,Migraine
8288,1169,14,19,2025-03-20,2025-07-06,Stroke
8289,1985,197,17,2025-04-17,2025-09-30,Kidney Stones
8290,2098,244,12,2026-01-14,2026-05-27,Cancer
8291,274,26,2,2025-10-11,2026-07-20,Covid
8292,2113,121,20,2024-12-30,2026-06-16,Covid
8293,3093,66,9,2025-10-18,2025-12-24,Migraine
8294,1683,95,3,2026-05-28,2026-07-13,Covid
8295,2059,64,19,2026-03-01,2026-04-21,Pneumonia
8296,2027,197,1,2025-04-18,2025-11-27,Hypertension
8297,2282,165,9,2026-03-23,2026-08-11,Kidney Stones
8298,3228,104,17,2025-08-23,2026-04-28,Diabetes
8299,1865,129,10,2026-04-22,2026-05-02,Hypertension
8300,1189,23,14,2024-12-12,2025-11-29,Migraine
8301,2368,85,10,2025-09-19,2026-03-19,Cancer
8302,3389,17,11,2025-05-24,2025-10-15,Cancer
8303,1829,209,14,2025-04-09,2026-08-12,Diabetes
8304,580,164,8,2026-02-20,2026-05-06,Cancer
8305,4772,176,11,2025-06-25,2026-06-17,Asthma
8306,3528,144,8,2025-02-20,2026-02-03,Covid
8307,2074,214,11,2025-03-04,2025-11-17,Migraine
8308,1753,145,13,2025-02-06,2026-05-10,Cancer
8309,4149,237,18,2026-06-21,2026-06-22,Migraine
8310,4179,15,11,2025-09-06,2025-11-18,Fracture
8311,711,25,17,2024-09-28,2025-02-14,Asthma
8312,1604,173,19,2025-11-13,2026-01-31,Diabetes
8313,879,192,17,2025-10-24,2026-01-26,Kidney Stones
8314,2943,202,8,2024-09-20,2025-09-13,Cancer
8315,651,130,11,2024-11-20,2025-12-24,Diabetes
8316,4360,70,1,2026-07-15,2026-08-07,Stroke
8317,2738,39,12,2025-08-22,2026-02-26,Kidney Stones
8318,3028,170,1,2026-02-14,2026-04-17,Pneumonia
8319,1495,70,18,2025-07-21,2026-05-14,Asthma
8320,4373,246,2,2024-09-07,2025-06-28,Hypertension
8321,1042,39,3,2025-09-07,2026-06-07,Fracture
8322,2680,16,20,2026-02-03,2026-05-01,Fracture
8323,2958,41,5,2024-08-08,2025-01-11,Asthma
8324,1814,216,17,2025-08-28,2026-03-25,Stroke
8325,4545,125,6,2025-08-08,2025-09-06,Fracture
8326,4729,209,7,2025-05-14,2025-10-11,Pneumonia
8327,3462,99,20,2026-06-26,2026-08-10,Covid
8328,1606,55,13,2025-09-10,2026-06-27,Stroke
8329,3300,220,12,2025-01-13,2025-07-02,Asthma
8330,3972,66,14,2024-12-31,2025-06-30,Kidney Stones
8331,4764,157,14,2025-08-11,2026-05-31,Fracture
8332,3841,93,3,2025-09-07,2026-07-22,Stroke
8333,2188,196,9,2026-01-02,2026-04-29,Asthma
8334,2976,120,12,2025-04-20,2026-04-24,Cancer
8335,1571,117,11,2026-02-28,2026-06-29,Stroke
8336,468,226,9,2026-06-06,2026-07-01,Asthma
8337,210,4,13,2025-07-12,2025-08-06,Hypertension
8338,2396,164,11,2025-08-11,2026-08-16,Kidney Stones
8339,2720,195,20,2026-01-22,2026-02-21,Diabetes
8340,124,208,19,2026-05-03,2026-08-16,Kidney Stones
8341,3362,91,11,2025-10-11,2026-07-17,Cancer
8342,4387,245,6,2025-01-26,2025-06-09,Hypertension
8343,2119,241,13,2024-11-02,2025-02-22,Fracture
8344,3904,166,1,2026-05-19,2026-06-02,Diabetes
8345,51,70,18,2025-03-05,2025-12-05,Stroke
8346,3700,94,3,2024-11-08,2025-03-31,Fracture
8347,2112,151,8,2025-07-14,2026-03-08,Cancer
8348,4501,104,8,2025-08-08,2026-03-22,Kidney Stones
8349,1022,10,7,2025-03-16,2025-11-12,Asthma
8350,286,39,17,2024-11-18,2025-02-14,Pneumonia
8351,3903,28,4,2025-09-15,2026-03-26,Migraine
8352,4585,124,20,2025-12-15,2026-03-11,Stroke
8353,4988,1,2,2024-08-25,2024-11-14,Stroke
8354,1878,232,7,2025-03-03,2026-02-12,Stroke
8355,3760,65,17,2025-09-21,2026-08-13,Kidney Stones
8356,187,128,3,2026-03-31,2026-05-27,Stroke
8357,1430,16,18,2024-12-27,2026-06-05,Stroke
8358,3006,176,10,2025-08-08,2025-08-27,Pneumonia
8359,2235,2,18,2025-04-11,2026-03-23,Asthma
8360,2119,210,8,2024-11-05,2026-02-11,Covid
8361,1203,25,6,2026-04-20,2026-05-14,Cancer
8362,338,86,10,2025-06-14,2025-08-15,Migraine
8363,3475,25,8,2025-07-09,2025-11-27,Fracture
8364,836,46,19,2025-05-03,2025-07-17,Diabetes
8365,4224,199,7,2026-08-01,2026-08-01,Fracture
8366,1915,36,12,2025-10-20,2026-07-03,Stroke
8367,1524,200,9,2026-05-20,2026-07-19,Fracture
8368,4265,87,20,2026-05-04,2026-06-12,Asthma
8369,4342,77,11,2026-03-20,2026-03-21,Cancer
8370,1846,197,17,2026-07-30,2026-08-03,Asthma
8371,2367,84,5,2026-06-20,2026-07-10,Migraine
8372,2210,229,15,2026-03-06,2026-05-22,Cancer
8373,4639,136,9,2026-05-27,2026-05-27,Kidney Stones
8374,3348,70,6,2024-09-09,2024-10-09,Migraine
8375,1583,73,11,2024-09-14,2026-06-12,Cancer
8376,59,76,17,2025-01-17,2026-07-26,Pneumonia
8377,3763,26,3,2026-06-08,2026-07-05,Stroke
8378,3376,247,6,2025-03-13,2026-07-26,Covid
8379,1936,187,8,2025-12-02,2025-12-17,Asthma
8380,805,63,11,2024-12-27,2025-06-04,Asthma
8381,3217,238,2,2025-08-05,2025-12-27,Cancer
8382,3165,61,3,2025-07-13,2026-01-27,Asthma
8383,4565,46,16,2024-12-02,2025-07-25,Kidney Stones
8384,1136,50,3,2026-02-07,2026-06-13,Cancer
8385,3176,41,4,2025-04-06,2026-07-28,Asthma
8386,2033,115,3,2024-12-21,2025-11-07,Pneumonia
8387,2143,118,1,2025-05-06,2025-11-28,Diabetes
8388,4918,177,20,2025-07-10,2025-11-20,Asthma
8389,379,134,14,2025-07-08,2026-05-01,Covid
8390,1606,10,14,2024-12-07,2025-08-11,Hypertension
8391,4767,224,1,2024-12-02,2025-08-13,Migraine
8392,3908,129,12,2025-02-08,2025-09-25,Covid
8393,2951,141,18,2026-04-11,2026-04-28,Kidney Stones
8394,882,209,12,2025-03-15,2025-12-01,Cancer
8395,4406,155,17,2025-05-31,2025-12-17,Covid
8396,251,88,13,2025-01-25,2025-03-25,Covid
8397,1749,4,12,2025-03-19,2026-01-12,Pneumonia
8398,4861,75,3,2025-04-14,2025-08-12,Fracture
8399,28,136,6,2026-02-26,2026-06-07,Migraine
8400,1190,230,12,2025-07-28,2026-08-04,Stroke
8401,1228,15,11,2026-06-04,2026-07-30,Covid
8402,4980,248,14,2024-09-29,2025-08-29,Stroke
8403,472,200,7,2026-06-08,2026-06-18,Hypertension
8404,2737,244,17,2025-09-18,2025-09-29,Cancer
8405,3276,63,11,2026-01-24,2026-07-09,Kidney Stones
8406,4920,241,5,2024-12-04,2025-04-27,Pneumonia
8407,4140,171,16,2025-06-16,2026-05-15,Migraine
8408,169,80,18,2026-07-24,2026-07-30,Pneumonia
8409,1758,85,10,2025-05-29,2025-11-19,Diabetes
8410,2536,59,18,2025-05-09,2026-02-15,Asthma
8411,3644,42,3,2025-08-24,2025-12-28,Stroke
8412,4655,141,17,2024-10-17,2025-10-25,Hypertension
8413,972,44,6,2024-12-12,2025-07-11,Pneumonia
8414,3718,158,16,2025-03-26,2026-08-01,Covid
8415,2622,119,6,2024-12-20,2025-06-12,Diabetes
8416,2368,115,4,2026-04-17,2026-07-09,Asthma
8417,2843,144,1,2025-10-30,2026-06-26,Cancer
8418,3997,120,4,2026-06-04,2026-08-15,Migraine
8419,3234,116,19,2025-01-15,2026-02-24,Hypertension
8420,462,43,13,2024-09-08,2025-06-20,Fracture
8421,2535,234,12,2026-06-01,2026-07-31,Covid
8422,2825,243,9,2024-10-27,2024-11-22,Cancer
8423,4564,231,8,2025-08-29,2026-05-05,Migraine
8424,601,8,15,2024-08-19,2025-02-23,Diabetes
8425,4992,153,1,2026-02-23,2026-05-04,Asthma
8426,703,122,2,2026-04-19,2026-07-14,Covid
8427,3925,1,14,2025-12-17,2026-02-02,Covid
8428,4765,184,2,2025-10-09,2025-11-24,Kidney Stones
8429,1204,130,8,2024-10-13,2024-12-31,Fracture
8430,448,62,15,2026-06-18,2026-06-26,Pneumonia
8431,4611,88,9,2025-01-13,2026-01-27,Covid
8432,1985,183,8,2024-12-27,2025-09-05,Diabetes
8433,469,86,16,2024-08-15,2026-06-23,Hypertension
8434,3239,39,3,2024-11-02,2026-04-28,Cancer
8435,3066,11,4,2025-07-02,2025-10-23,Asthma
8436,3089,165,6,2025-11-12,2026-03-28,Fracture
8437,3338,124,1,2025-01-16,2026-06-24,Asthma
8438,1374,177,2,2025-06-11,2026-03-15,Cancer
8439,100,10,2,2025-12-02,2026-03-26,Stroke
8440,218,136,11,2025-04-28,2026-03-19,Pneumonia
8441,659,6,12,2026-04-13,2026-06-28,Hypertension
8442,2416,243,13,2025-09-14,2026-07-12,Migraine
8443,4767,31,19,2024-10-04,2024-12-13,Hypertension
8444,3696,63,20,2026-02-01,2026-05-17,Pneumonia
8445,1191,7,2,2025-02-01,2026-04-06,Pneumonia
8446,788,135,14,2024-11-14,2025-08-06,Kidney Stones
8447,427,78,16,2025-12-27,2026-02-12,Pneumonia
8448,3346,245,15,2025-07-12,2025-10-19,Covid
8449,4719,183,7,2025-05-01,2025-07-01,Diabetes
8450,1912,212,15,2024-08-30,2025-06-09,Fracture
8451,2234,55,2,2025-06-09,2025-11-15,Covid
8452,1233,27,3,2024-09-10,2025-10-18,Stroke
8453,3694,168,16,2024-10-23,2025-04-12,Hypertension
8454,1339,98,17,2025-12-24,2026-01-24,Migraine
8455,3206,17,9,2026-04-28,2026-07-17,Fracture
8456,1193,23,15,2026-05-30,2026-07-14,Fracture
8457,2552,98,20,2026-04-15,2026-04-15,Migraine
8458,457,118,5,2024-09-01,2025-08-07,Fracture
8459,3160,237,11,2024-08-09,2026-04-12,Kidney Stones
8460,4281,183,17,2026-04-25,2026-07-19,Kidney Stones
8461,4534,37,8,2025-06-22,2025-08-07,Covid
8462,601,230,4,2024-08-26,2026-02-17,Stroke
8463,1580,63,12,2025-06-14,2025-08-25,Diabetes
8464,1908,8,13,2025-03-28,2026-02-20,Pneumonia
8465,1130,81,8,2024-08-19,2025-09-17,Hypertension
8466,4640,247,13,2025-11-22,2026-01-15,Diabetes
8467,2461,40,15,2026-03-06,2026-04-11,Covid
8468,3987,87,13,2025-03-12,2025-08-31,Hypertension
8469,1960,220,1,2025-09-21,2026-06-09,Migraine
8470,577,239,9,2025-10-25,2026-02-18,Cancer
8471,2078,234,15,2024-10-23,2025-05-17,Covid
8472,842,40,3,2026-01-03,2026-03-01,Pneumonia
8473,1535,42,1,2026-07-10,2026-08-15,Hypertension
8474,4919,49,4,2025-04-27,2026-05-31,Asthma
8475,1839,77,5,2024-10-14,2026-08-14,Stroke
8476,474,56,5,2025-07-04,2026-05-24,Stroke
8477,2451,88,14,2026-01-20,2026-03-12,Pneumonia
8478,2947,50,4,2025-04-15,2026-01-21,Hypertension
8479,1962,61,20,2025-10-23,2026-01-05,Diabetes
8480,2720,58,2,2025-10-10,2026-06-19,Covid
8481,1084,37,15,2025-07-14,2026-01-16,Kidney Stones
8482,323,105,14,2025-12-29,2026-02-09,Fracture
8483,4494,53,18,2025-09-12,2026-02-19,Hypertension
8484,4966,245,5,2026-02-07,2026-07-12,Stroke
8485,2382,108,13,2025-12-25,2026-03-07,Kidney Stones
8486,2771,135,3,2026-02-25,2026-04-08,Hypertension
8487,3450,42,19,2025-06-12,2025-09-28,Diabetes
8488,3421,143,16,2024-08-09,2026-03-08,Asthma
8489,2873,19,15,2025-05-03,2025-09-25,Hypertension
8490,4868,181,11,2025-07-11,2025-09-03,Cancer
8491,4174,215,17,2025-12-28,2026-04-06,Migraine
8492,1694,147,9,2024-10-21,2026-04-30,Diabetes
8493,4229,189,20,2025-05-14,2025-10-17,Diabetes
8494,1280,87,17,2025-07-21,2026-05-05,Asthma
8495,4936,128,12,2024-10-12,2025-11-29,Migraine
8496,2747,78,19,2026-01-27,2026-07-01,Pneumonia
8497,2794,193,15,2026-01-31,2026-04-18,Cancer
8498,756,123,2,2026-04-17,2026-04-18,Fracture
8499,1609,96,11,2025-08-05,2026-03-28,Diabetes
8500,4113,127,7,2025-02-04,2025-09-03,Cancer
8501,445,178,8,2025-06-06,2025-12-16,Hypertension
8502,2169,236,19,2025-05-05,2026-05-13,Stroke
8503,256,222,1,2025-01-25,2025-10-06,Covid
8504,1100,15,20,2024-08-18,2025-02-08,Asthma
8505,4626,226,2,2025-11-20,2026-02-26,Pneumonia
8506,4088,199,3,2025-01-22,2025-02-27,Diabetes
8507,4416,42,19,2025-03-25,2026-07-18,Pneumonia
8508,2064,178,7,2025-03-16,2025-07-01,Hypertension
8509,3635,13,10,2025-08-12,2025-08-31,Cancer
8510,3070,173,17,2025-06-09,2026-04-02,Covid
8511,413,127,12,2024-09-17,2025-03-13,Cancer
8512,4065,237,4,2025-05-14,2026-06-08,Fracture
8513,3700,109,13,2024-09-03,2025-07-18,Asthma
8514,4159,229,16,2025-03-19,2026-07-11,Asthma
8515,4867,158,3,2025-05-17,2026-07-20,Fracture
8516,1733,30,3,2024-10-04,2024-12-26,Hypertension
8517,3144,198,18,2025-01-15,2026-06-08,Hypertension
8518,383,191,3,2024-08-16,2026-04-04,Covid
8519,3184,34,17,2026-05-02,2026-06-01,Hypertension
8520,960,178,12,2026-08-01,2026-08-08,Fracture
8521,2733,77,6,2026-03-06,2026-06-29,Migraine
8522,1198,70,5,2026-05-31,2026-08-03,Covid
8523,2819,51,6,2025-12-09,2026-01-08,Migraine
8524,2628,98,3,2025-09-26,2026-04-22,Covid
8525,1005,39,7,2025-01-29,2026-04-23,Fracture
8526,76,103,8,2025-08-28,2025-12-14,Diabetes
8527,1008,10,2,2026-01-23,2026-02-27,Hypertension
8528,7,232,4,2024-10-13,2026-07-31,Cancer
8529,2248,234,8,2024-08-26,2025-11-14,Diabetes
8530,1830,7,3,2025-11-05,2026-08-02,Diabetes
8531,446,113,19,2025-06-09,2026-01-22,Kidney Stones
8532,408,143,12,2025-02-28,2026-07-21,Kidney Stones
8533,4592,120,2,2026-06-03,2026-07-09,Asthma
8534,4552,221,20,2026-01-24,2026-06-05,Migraine
8535,1736,137,1,2026-04-15,2026-06-24,Covid
8536,4135,9,20,2026-06-14,2026-07-27,Migraine
8537,4357,250,4,2024-12-23,2025-03-23,Diabetes
8538,1797,167,19,2026-05-14,2026-07-02,Pneumonia
8539,613,209,2,2024-11-03,2026-05-17,Asthma
8540,2665,190,3,2025-11-30,2026-01-08,Kidney Stones
8541,1884,24,3,2025-08-25,2026-04-18,Migraine
8542,286,7,5,2026-05-17,2026-05-23,Stroke
8543,4730,95,1,2026-03-12,2026-08-13,Covid
8544,4223,8,19,2026-02-27,2026-03-04,Cancer
8545,3500,80,1,2024-09-04,2024-12-31,Cancer
8546,3746,64,11,2025-08-13,2025-11-27,Fracture
8547,650,85,17,2024-12-02,2025-10-22,Cancer
8548,3243,52,5,2026-05-22,2026-05-24,Migraine
8549,1217,157,11,2026-02-16,2026-03-20,Pneumonia
8550,1260,225,8,2025-09-15,2025-12-29,Asthma
8551,4944,80,14,2026-07-11,2026-07-23,Migraine
8552,3766,40,19,2026-05-04,2026-05-09,Fracture
8553,4196,84,2,2025-04-24,2025-12-10,Fracture
8554,3427,9,7,2025-08-01,2026-05-14,Cancer
8555,1225,148,8,2024-12-01,2025-11-27,Asthma
8556,4976,83,10,2025-02-13,2026-07-10,Covid
8557,4657,231,3,2025-11-24,2025-12-24,Asthma
8558,4508,119,11,2026-07-27,2026-08-06,Asthma
8559,3959,50,8,2026-06-05,2026-08-08,Pneumonia
8560,1627,62,9,2025-09-09,2026-08-10,Diabetes
8561,3922,165,17,2024-08-30,2026-03-30,Cancer
8562,2649,161,11,2025-03-29,2026-03-02,Asthma
8563,4444,228,17,2025-07-11,2025-09-10,Fracture
8564,214,132,13,2024-10-29,2026-04-20,Pneumonia
8565,350,6,4,2025-12-05,2026-07-02,Diabetes
8566,4328,233,10,2024-11-13,2025-12-04,Hypertension
8567,1836,80,20,2026-06-19,2026-06-23,Asthma
8568,2569,199,3,2025-11-16,2026-04-29,Cancer
8569,3576,229,7,2026-02-17,2026-06-21,Stroke
8570,201,192,17,2025-11-03,2026-05-22,Hypertension
8571,364,96,2,2024-10-03,2025-12-16,Stroke
8572,1329,220,13,2024-10-11,2026-04-03,Pneumonia
8573,1631,215,3,2026-05-20,2026-06-30,Asthma
8574,449,202,4,2025-09-15,2026-03-02,Stroke
8575,4635,184,14,2026-02-02,2026-04-08,Migraine
8576,140,191,9,2026-05-15,2026-07-21,Asthma
8577,748,177,20,2025-03-23,2025-12-30,Pneumonia
8578,4377,212,3,2025-04-09,2025-10-21,Stroke
8579,4104,209,9,2024-11-03,2026-07-22,Covid
8580,4331,89,18,2025-06-18,2025-10-23,Stroke
8581,1092,47,1,2024-10-22,2025-10-08,Pneumonia
8582,1433,197,3,2025-02-16,2025-12-16,Diabetes
8583,4069,112,13,2025-07-14,2026-07-25,Migraine
8584,1868,97,4,2025-06-24,2026-06-15,Pneumonia
8585,462,96,16,2025-07-08,2025-08-17,Covid
8586,4287,105,10,2026-03-26,2026-05-08,Cancer
8587,1618,97,10,2026-03-13,2026-06-15,Pneumonia
8588,743,30,1,2026-07-18,2026-07-23,Pneumonia
8589,2342,45,10,2024-12-12,2025-12-03,Migraine
8590,3591,29,12,2026-03-27,2026-04-04,Migraine
8591,3567,188,11,2026-06-09,2026-06-14,Covid
8592,1907,165,3,2025-06-15,2026-06-29,Stroke
8593,656,163,18,2025-09-02,2025-09-10,Cancer
8594,4728,183,15,2025-05-11,2025-12-04,Migraine
8595,3053,233,4,2025-11-12,2026-05-30,Covid
8596,3578,157,17,2024-09-10,2025-11-24,Covid
8597,549,154,7,2026-02-04,2026-06-26,Pneumonia
8598,3301,81,6,2025-08-01,2026-04-29,Migraine
8599,1161,141,8,2025-03-21,2025-08-26,Fracture
8600,4943,19,12,2025-05-20,2025-11-15,Hypertension
8601,1333,126,14,2025-06-22,2025-07-06,Pneumonia
8602,270,31,4,2024-09-05,2026-05-23,Migraine
8603,4947,247,19,2026-04-05,2026-07-26,Kidney Stones
8604,1634,83,9,2026-01-21,2026-02-26,Fracture
8605,4616,20,13,2026-04-17,2026-06-21,Stroke
8606,3337,16,20,2024-11-19,2026-05-02,Covid
8607,3122,166,3,2025-07-15,2025-12-15,Cancer
8608,3296,173,9,2025-10-26,2025-12-14,Hypertension
8609,3089,114,1,2024-10-06,2026-02-23,Cancer
8610,4236,97,6,2026-02-01,2026-03-17,Kidney Stones
8611,1001,206,16,2025-09-28,2025-12-13,Fracture
8612,4617,240,9,2024-09-14,2026-06-12,Fracture
8613,3848,99,18,2025-07-05,2025-10-08,Covid
8614,4400,66,8,2024-09-23,2026-06-23,Asthma
8615,4213,228,9,2025-08-08,2026-05-29,Hypertension
8616,2837,69,13,2026-07-18,2026-07-24,Kidney Stones
8617,2759,205,16,2025-06-04,2026-06-10,Covid
8618,1568,203,18,2026-03-25,2026-04-06,Migraine
8619,2457,16,12,2025-12-01,2026-06-30,Pneumonia
8620,112,172,17,2024-08-29,2026-03-24,Kidney Stones
8621,3840,207,7,2026-07-21,2026-08-04,Migraine
8622,1618,82,16,2026-01-28,2026-05-23,Asthma
8623,2172,233,5,2026-02-01,2026-04-12,Asthma
8624,1555,86,7,2025-02-18,2026-05-19,Diabetes
8625,3820,13,9,2026-06-13,2026-07-20,Migraine
8626,1051,109,15,2025-01-28,2026-08-12,Diabetes
8627,1120,79,14,2025-03-02,2025-05-08,Cancer
8628,2471,26,20,2024-10-11,2026-07-07,Fracture
8629,3791,173,4,2025-10-20,2025-11-26,Covid
8630,743,211,6,2025-08-11,2026-02-17,Hypertension
8631,749,32,9,2024-09-14,2024-10-13,Migraine
8632,899,112,9,2025-12-21,2026-03-10,Hypertension
8633,3887,183,13,2024-12-02,2026-03-15,Cancer
8634,2505,236,10,2026-03-09,2026-05-15,Covid
8635,4162,176,14,2025-01-02,2025-04-30,Covid
8636,1851,191,11,2024-08-17,2025-04-08,Hypertension
8637,1989,18,13,2025-11-15,2026-04-11,Asthma
8638,3844,190,12,2025-10-26,2025-12-19,Pneumonia
8639,1596,241,10,2025-10-26,2026-01-23,Migraine
8640,531,185,4,2024-09-20,2026-01-30,Fracture
8641,1344,117,7,2025-03-18,2026-07-06,Cancer
8642,2209,92,20,2026-03-27,2026-06-11,Kidney Stones
8643,4478,250,3,2024-09-15,2026-05-01,Fracture
8644,3666,182,1,2025-05-09,2025-06-24,Migraine
8645,437,71,7,2026-05-18,2026-08-07,Hypertension
8646,1017,133,5,2024-08-31,2025-03-26,Diabetes
8647,1893,184,3,2026-03-22,2026-07-17,Pneumonia
8648,4241,237,15,2026-06-23,2026-07-08,Diabetes
8649,4200,216,16,2025-06-29,2026-04-26,Asthma
8650,3779,236,14,2026-06-28,2026-07-22,Asthma
8651,3845,140,6,2025-04-09,2025-11-22,Pneumonia
8652,3408,92,7,2026-08-01,2026-08-01,Cancer
8653,4345,106,20,2025-12-09,2026-07-12,Cancer
8654,297,149,12,2024-10-26,2025-02-05,Migraine
8655,3511,93,13,2024-10-06,2025-02-13,Covid
8656,1575,181,3,2025-03-18,2025-09-28,Covid
8657,909,181,14,2026-04-02,2026-05-07,Hypertension
8658,1676,190,18,2025-04-06,2025-09-07,Hypertension
8659,1044,65,18,2026-07-09,2026-07-20,Stroke
8660,4871,101,7,2025-08-01,2026-03-24,Hypertension
8661,3603,192,14,2024-09-09,2025-07-01,Kidney Stones
8662,977,42,8,2025-08-03,2025-09-09,Asthma
8663,1384,82,17,2025-09-20,2026-02-08,Kidney Stones
8664,2863,99,7,2026-03-06,2026-03-13,Pneumonia
8665,2189,240,12,2026-04-24,2026-07-30,Kidney Stones
8666,3850,27,7,2026-06-22,2026-07-21,Asthma
8667,3144,76,18,2024-09-06,2025-10-27,Diabetes
8668,3962,28,1,2026-01-28,2026-04-16,Kidney Stones
8669,3089,120,17,2025-01-23,2025-09-19,Cancer
8670,2164,93,2,2026-05-27,2026-07-13,Stroke
8671,4819,187,10,2026-05-23,2026-07-08,Pneumonia
8672,4011,165,14,2024-08-30,2025-04-08,Diabetes
8673,3525,184,3,2026-04-13,2026-06-23,Stroke
8674,3071,187,18,2025-12-17,2026-03-18,Hypertension
8675,3318,36,6,2026-03-09,2026-03-27,Stroke
8676,3799,78,10,2025-07-01,2025-11-29,Fracture
8677,488,96,3,2024-08-09,2025-10-27,Diabetes
8678,630,146,14,2025-03-19,2025-09-19,Fracture
8679,4497,249,8,2025-02-12,2025-03-22,Covid
8680,2646,68,8,2026-08-04,2026-08-11,Hypertension
8681,3189,30,15,2025-12-31,2026-03-11,Migraine
8682,1262,182,6,2026-04-15,2026-08-04,Diabetes
8683,1887,241,20,2025-03-08,2026-07-15,Stroke
8684,4308,36,16,2026-02-26,2026-04-18,Fracture
8685,566,210,2,2024-08-17,2025-04-30,Stroke
8686,3830,197,9,2026-01-12,2026-02-15,Diabetes
8687,4928,240,14,2024-12-03,2025-09-07,Asthma
8688,1892,235,7,2025-01-20,2025-04-29,Hypertension
8689,772,70,10,2025-05-20,2025-08-28,Covid
8690,3187,156,18,2025-12-30,2026-02-20,Covid
8691,3850,92,16,2025-10-08,2026-05-17,Pneumonia
8692,3906,236,20,2025-07-28,2025-09-10,Asthma
8693,1164,136,3,2024-11-26,2026-03-27,Diabetes
8694,427,60,16,2024-09-22,2024-11-29,Cancer
8695,247,10,7,2026-05-21,2026-05-23,Diabetes
8696,349,114,14,2026-03-26,2026-05-01,Hypertension
8697,1157,122,8,2026-02-01,2026-06-10,Fracture
8698,3380,81,2,2025-11-24,2026-04-02,Pneumonia
8699,924,169,2,2025-10-04,2026-08-16,Migraine
8700,2038,186,15,2025-04-20,2025-11-05,Migraine
8701,2781,117,13,2024-10-29,2025-10-24,Asthma
8702,2553,133,15,2025-05-12,2026-08-07,Migraine
8703,3052,113,10,2025-01-13,2025-07-13,Diabetes
8704,2053,10,17,2026-06-16,2026-08-15,Cancer
8705,1941,189,8,2026-07-04,2026-07-21,Diabetes
8706,3511,219,9,2025-02-01,2025-05-31,Pneumonia
8707,2132,209,12,2025-08-17,2026-06-14,Migraine
8708,1257,139,14,2025-04-10,2026-04-28,Asthma
8709,1520,79,6,2025-08-20,2025-09-09,Kidney Stones
8710,995,64,4,2026-07-10,2026-07-23,Diabetes
8711,2312,27,1,2026-03-21,2026-04-28,Migraine
8712,956,108,13,2025-03-03,2026-08-16,Diabetes
8713,2749,53,13,2026-02-01,2026-07-24,Kidney Stones
8714,4320,25,19,2025-01-03,2025-12-21,Stroke
8715,2952,118,8,2025-10-08,2025-10-17,Asthma
8716,4336,67,10,2026-07-22,2026-08-13,Covid
8717,2863,207,4,2024-08-19,2026-05-14,Cancer
8718,3035,149,9,2026-06-19,2026-07-18,Cancer
8719,3610,204,18,2026-01-07,2026-05-09,Asthma
8720,1565,147,19,2026-02-05,2026-06-06,Covid
8721,4713,125,18,2024-09-01,2026-01-09,Asthma
8722,1428,51,2,2026-02-28,2026-06-12,Diabetes
8723,1979,15,19,2026-05-07,2026-07-06,Cancer
8724,3802,202,11,2025-12-08,2026-07-18,Pneumonia
8725,1962,84,20,2025-04-30,2025-06-10,Fracture
8726,1975,22,6,2024-08-22,2025-04-13,Asthma
8727,3993,239,20,2025-10-08,2026-03-25,Stroke
8728,4976,115,10,2026-02-23,2026-08-03,Asthma
8729,3529,196,7,2025-09-25,2026-02-27,Migraine
8730,4994,149,18,2026-02-25,2026-06-23,Pneumonia
8731,856,242,7,2025-07-13,2026-05-13,Diabetes
8732,1568,70,15,2026-07-26,2026-08-08,Asthma
8733,1707,35,7,2026-07-03,2026-08-01,Pneumonia
8734,278,2,11,2026-02-05,2026-06-02,Kidney Stones
8735,1680,115,7,2026-03-18,2026-08-16,Cancer
8736,92,229,10,2025-10-02,2026-06-11,Stroke
8737,2962,248,5,2024-08-26,2025-01-27,Asthma
8738,2534,142,5,2026-04-17,2026-05-27,Cancer
8739,3014,28,12,2025-06-11,2026-07-19,Fracture
8740,1021,191,3,2024-11-14,2026-06-28,Cancer
8741,1783,5,5,2024-10-30,2025-01-09,Migraine
8742,3190,41,9,2025-06-28,2026-08-08,Asthma
8743,4756,162,15,2025-12-04,2026-08-15,Covid
8744,2082,199,15,2025-07-13,2025-12-08,Migraine
8745,3433,135,17,2026-07-31,2026-08-12,Covid
8746,1766,148,17,2025-09-17,2025-10-19,Hypertension
8747,348,146,8,2025-05-07,2025-06-16,Stroke
8748,1929,136,5,2024-12-25,2025-03-16,Fracture
8749,4381,110,20,2026-04-07,2026-08-02,Pneumonia
8750,4373,60,7,2025-11-19,2026-06-05,Cancer
8751,4772,78,11,2025-09-18,2026-06-08,Cancer
8752,4619,136,20,2026-04-20,2026-06-11,Kidney Stones
8753,1756,177,11,2026-04-08,2026-07-19,Diabetes
8754,933,202,10,2025-04-19,2025-07-27,Covid
8755,4182,31,5,2025-11-03,2026-06-16,Asthma
8756,2275,99,1,2025-08-10,2026-08-16,Migraine
8757,1844,149,14,2026-04-25,2026-05-30,Asthma
8758,1797,51,14,2025-04-27,2025-10-04,Kidney Stones
8759,3667,11,2,2025-03-06,2026-02-22,Fracture
8760,4175,81,2,2025-05-19,2025-12-14,Pneumonia
8761,203,13,5,2024-10-15,2026-07-19,Fracture
8762,592,138,8,2024-12-04,2025-04-01,Kidney Stones
8763,3453,47,10,2025-07-22,2025-08-23,Cancer
8764,884,90,3,2025-10-19,2026-06-15,Covid
8765,749,143,9,2025-03-12,2026-02-06,Covid
8766,2063,185,4,2024-10-02,2025-11-10,Stroke
8767,3797,70,1,2025-11-05,2025-12-06,Pneumonia
8768,3382,232,20,2024-10-16,2025-06-29,Asthma
8769,3632,176,1,2025-08-28,2026-03-21,Covid
8770,2935,117,18,2025-10-27,2026-03-16,Diabetes
8771,1083,185,3,2026-07-23,2026-08-17,Covid
8772,3524,130,4,2025-12-08,2026-08-08,Kidney Stones
8773,399,232,17,2026-01-26,2026-04-18,Pneumonia
8774,1402,102,20,2024-12-16,2025-01-07,Pneumonia
8775,2596,87,14,2025-07-31,2025-11-09,Pneumonia
8776,2754,213,14,2025-07-11,2025-12-13,Migraine
8777,1745,55,18,2024-08-15,2026-04-09,Fracture
8778,4022,144,15,2024-09-11,2025-05-15,Cancer
8779,2965,185,4,2025-03-09,2025-05-30,Migraine
8780,328,123,20,2024-12-27,2025-01-19,Pneumonia
8781,3497,63,17,2025-06-10,2026-05-11,Kidney Stones
8782,665,46,19,2025-12-16,2026-01-31,Migraine
8783,930,230,8,2025-01-20,2026-06-05,Fracture
8784,717,172,17,2026-07-03,2026-07-18,Pneumonia
8785,2734,27,17,2025-04-15,2025-07-24,Asthma
8786,2487,201,20,2024-12-22,2025-05-20,Cancer
8787,331,215,6,2026-01-14,2026-06-05,Stroke
8788,3648,173,11,2024-09-04,2026-01-07,Kidney Stones
8789,3680,150,16,2025-11-02,2026-07-13,Stroke
8790,1202,95,20,2024-08-26,2025-12-18,Fracture
8791,1055,213,15,2025-07-09,2025-07-22,Cancer
8792,3959,119,14,2026-04-29,2026-06-15,Fracture
8793,2880,130,7,2026-02-14,2026-06-05,Asthma
8794,2153,144,15,2026-01-25,2026-06-16,Pneumonia
8795,4131,75,13,2026-05-29,2026-06-29,Pneumonia
8796,531,144,12,2025-01-12,2025-11-13,Covid
8797,3015,205,4,2025-02-25,2026-04-24,Fracture
8798,729,47,19,2025-02-08,2025-03-20,Cancer
8799,1260,212,6,2025-07-17,2025-12-10,Pneumonia
8800,3643,66,14,2026-07-02,2026-07-25,Asthma
8801,1633,188,14,2026-03-06,2026-08-05,Hypertension
8802,86,127,14,2025-09-20,2025-10-07,Asthma
8803,2857,67,13,2026-03-31,2026-05-09,Fracture
8804,1295,224,9,2024-09-30,2026-01-15,Migraine
8805,249,87,4,2025-10-22,2026-03-14,Asthma
8806,4101,51,12,2025-02-14,2025-03-10,Cancer
8807,2938,50,11,2026-07-29,2026-08-05,Kidney Stones
8808,104,240,14,2024-10-14,2026-05-15,Stroke
8809,4537,185,2,2025-12-10,2026-03-07,Asthma
8810,1945,154,18,2025-02-08,2026-04-23,Stroke
8811,2626,104,9,2025-03-19,2025-12-27,Fracture
8812,2252,122,6,2024-10-28,2024-11-18,Pneumonia
8813,2754,55,2,2025-09-03,2026-08-17,Pneumonia
8814,1996,13,16,2025-09-22,2025-12-02,Kidney Stones
8815,3170,147,10,2024-09-08,2026-01-29,Kidney Stones
8816,4462,240,10,2025-11-11,2026-08-05,Pneumonia
8817,1376,182,7,2026-07-31,2026-08-10,Migraine
8818,2796,168,12,2026-01-18,2026-08-16,Diabetes
8819,4915,141,7,2025-01-11,2025-10-21,Diabetes
8820,3337,14,19,2024-08-16,2024-11-04,Fracture
8821,1680,107,3,2025-04-20,2026-04-30,Migraine
8822,443,202,7,2025-10-19,2025-12-31,Pneumonia
8823,4321,13,14,2025-02-11,2026-05-21,Asthma
8824,2999,210,8,2026-02-09,2026-02-13,Diabetes
8825,1746,220,2,2025-01-03,2025-03-24,Kidney Stones
8826,3339,75,20,2025-01-05,2026-08-15,Diabetes
8827,3614,123,14,2026-04-24,2026-08-13,Pneumonia
8828,1894,161,16,2025-08-19,2026-03-24,Migraine
8829,3314,125,16,2024-08-20,2026-07-15,Fracture
8830,4571,234,2,2026-04-10,2026-08-06,Kidney Stones
8831,880,50,13,2024-10-14,2026-04-22,Covid
8832,4223,74,16,2026-04-26,2026-07-16,Diabetes
8833,3294,128,20,2026-07-28,2026-08-12,Fracture
8834,3247,143,8,2025-04-21,2026-04-08,Pneumonia
8835,4216,243,18,2025-04-24,2026-01-31,Asthma
8836,730,124,4,2026-02-01,2026-04-15,Kidney Stones
8837,4732,154,8,2026-07-23,2026-08-15,Hypertension
8838,1983,131,8,2026-06-19,2026-07-07,Covid
8839,849,229,3,2025-02-14,2026-07-23,Pneumonia
8840,4286,3,4,2025-12-03,2026-08-03,Covid
8841,2117,112,7,2024-08-11,2026-07-28,Stroke
8842,940,182,8,2024-09-08,2026-07-23,Cancer
8843,1338,98,12,2026-03-09,2026-07-25,Migraine
8844,657,93,4,2024-12-26,2025-09-18,Pneumonia
8845,2369,10,6,2025-01-12,2026-04-30,Stroke
8846,2880,112,16,2026-04-03,2026-04-23,Covid
8847,2656,227,4,2025-09-14,2025-12-03,Covid
8848,2148,141,15,2025-05-02,2026-06-08,Covid
8849,2300,111,7,2024-09-14,2025-02-19,Fracture
8850,3829,80,3,2025-08-31,2025-10-27,Asthma
8851,3574,180,7,2025-03-20,2025-09-10,Asthma
8852,2622,110,14,2026-05-27,2026-07-02,Covid
8853,4910,154,20,2026-06-04,2026-08-16,Pneumonia
8854,2216,3,18,2026-07-23,2026-07-29,Hypertension
8855,521,190,4,2025-06-19,2025-10-07,Stroke
8856,1899,250,1,2024-12-12,2026-06-13,Cancer
8857,1601,158,14,2026-03-13,2026-08-13,Covid
8858,1237,17,2,2025-08-12,2026-06-23,Cancer
8859,4664,52,18,2025-03-11,2025-11-03,Asthma
8860,4957,51,5,2026-02-09,2026-08-05,Diabetes
8861,2907,128,13,2026-02-17,2026-06-13,Asthma
8862,4435,66,10,2025-09-09,2026-05-02,Covid
8863,1471,235,20,2026-03-19,2026-06-25,Stroke
8864,3638,152,12,2024-12-12,2026-02-04,Diabetes
8865,878,178,6,2025-06-08,2025-09-28,Hypertension
8866,1229,226,20,2025-05-02,2026-01-08,Migraine
8867,4163,44,8,2025-12-09,2026-05-02,Stroke
8868,314,138,8,2024-08-09,2026-06-16,Cancer
8869,1915,51,20,2025-03-16,2025-11-30,Kidney Stones
8870,1158,199,11,2025-12-17,2026-06-05,Covid
8871,4823,59,15,2025-08-01,2026-03-08,Diabetes
8872,942,31,13,2025-02-22,2026-04-30,Pneumonia
8873,135,121,10,2025-07-01,2026-08-04,Asthma
8874,847,114,20,2026-06-18,2026-08-06,Fracture
8875,4835,175,15,2026-02-12,2026-04-13,Fracture
8876,143,103,15,2025-07-10,2026-02-04,Hypertension
8877,1841,104,11,2024-10-12,2025-02-05,Cancer
8878,2028,177,19,2026-07-30,2026-08-08,Hypertension
8879,4374,115,17,2025-06-07,2025-07-22,Covid
8880,3342,198,8,2025-12-30,2026-07-08,Cancer
8881,1478,200,16,2026-04-10,2026-06-30,Stroke
8882,786,99,5,2025-09-18,2025-11-18,Pneumonia
8883,2826,12,14,2025-04-10,2025-09-19,Kidney Stones
8884,3476,15,13,2025-10-06,2025-11-28,Covid
8885,4498,239,16,2025-03-19,2025-10-07,Hypertension
8886,942,241,12,2026-06-05,2026-07-26,Stroke
8887,1794,43,13,2025-01-03,2025-01-10,Covid
8888,1450,197,19,2026-02-13,2026-04-23,Covid
8889,893,180,17,2025-05-10,2025-06-06,Covid
8890,3643,73,2,2025-08-10,2026-07-10,Asthma
8891,3316,197,18,2025-09-11,2026-08-04,Kidney Stones
8892,2471,109,11,2025-04-19,2025-06-21,Cancer
8893,1050,31,4,2026-07-09,2026-07-23,Covid
8894,2871,101,16,2024-09-27,2026-03-26,Kidney Stones
8895,4214,226,5,2025-02-20,2026-05-16,Cancer
8896,2237,194,20,2025-10-08,2026-07-22,Diabetes
8897,2886,46,7,2025-10-17,2025-11-02,Diabetes
8898,2458,26,11,2025-02-24,2026-04-02,Cancer
8899,3194,187,12,2026-06-10,2026-07-31,Diabetes
8900,3282,197,1,2026-05-16,2026-06-27,Fracture
8901,3504,200,6,2025-03-24,2026-04-16,Hypertension
8902,3029,152,2,2025-12-06,2026-08-11,Covid
8903,2381,20,6,2024-09-03,2026-07-20,Pneumonia
8904,2658,248,13,2025-11-30,2026-06-02,Stroke
8905,423,241,17,2026-02-08,2026-07-17,Covid
8906,2900,8,17,2025-10-21,2026-07-02,Fracture
8907,2999,250,2,2025-08-17,2025-09-30,Asthma
8908,442,19,17,2026-02-16,2026-03-11,Cancer
8909,629,219,4,2025-11-13,2025-12-09,Kidney Stones
8910,2980,116,10,2025-08-04,2026-08-10,Diabetes
8911,1447,199,15,2024-08-11,2026-04-16,Migraine
8912,2109,160,18,2024-12-13,2026-07-07,Stroke
8913,323,145,2,2024-11-01,2025-06-18,Fracture
8914,4510,250,6,2025-08-17,2026-03-25,Stroke
8915,401,246,6,2024-08-09,2026-07-12,Stroke
8916,2432,133,9,2025-08-30,2025-12-05,Covid
8917,4422,240,13,2025-04-03,2025-11-12,Migraine
8918,2416,59,18,2024-11-10,2024-12-29,Migraine
8919,3228,10,4,2025-05-10,2025-06-10,Fracture
8920,63,135,6,2025-03-21,2026-06-12,Kidney Stones
8921,2274,72,3,2025-07-06,2025-11-13,Kidney Stones
8922,3591,135,12,2025-08-23,2025-09-18,Stroke
8923,4200,177,16,2025-12-13,2026-06-09,Asthma
8924,1287,88,16,2025-05-29,2026-06-15,Covid
8925,2444,82,13,2025-03-10,2025-12-07,Covid
8926,3946,57,16,2025-03-03,2025-06-03,Pneumonia
8927,659,74,20,2026-03-03,2026-03-10,Hypertension
8928,1904,86,6,2025-03-01,2026-03-01,Migraine
8929,1317,70,20,2025-12-07,2026-08-03,Migraine
8930,1574,23,19,2025-08-17,2026-06-15,Diabetes
8931,267,231,16,2025-01-07,2025-10-11,Asthma
8932,3238,189,3,2025-04-12,2026-08-17,Asthma
8933,1852,215,6,2025-09-22,2026-05-23,Diabetes
8934,1805,175,14,2024-08-22,2026-06-02,Asthma
8935,435,17,20,2026-04-24,2026-08-08,Diabetes
8936,3658,238,4,2026-07-08,2026-08-06,Fracture
8937,3761,38,14,2025-05-21,2026-04-24,Covid
8938,939,32,18,2025-04-24,2026-08-08,Cancer
8939,4429,78,9,2025-05-21,2026-03-05,Covid
8940,636,111,9,2024-11-13,2025-09-06,Migraine
8941,4340,31,5,2026-05-27,2026-06-25,Covid
8942,3442,101,1,2024-12-05,2025-12-07,Asthma
8943,3521,123,2,2026-07-14,2026-07-29,Pneumonia
8944,539,27,7,2024-10-07,2025-10-11,Cancer
8945,1953,5,18,2025-10-19,2026-05-04,Fracture
8946,2121,166,13,2026-01-27,2026-02-22,Cancer
8947,2904,60,20,2024-11-14,2026-03-04,Asthma
8948,319,20,8,2025-07-01,2026-04-04,Stroke
8949,2024,196,4,2026-04-19,2026-08-10,Covid
8950,4487,234,12,2026-05-08,2026-06-06,Kidney Stones
8951,1361,49,16,2024-10-01,2024-10-22,Fracture
8952,2463,27,10,2026-06-02,2026-07-25,Diabetes
8953,4209,130,9,2024-08-12,2025-02-25,Pneumonia
8954,3687,109,4,2025-11-09,2026-08-08,Migraine
8955,2513,238,5,2025-02-17,2025-11-06,Migraine
8956,3255,181,19,2025-02-08,2026-02-23,Migraine
8957,3674,131,10,2025-07-20,2026-08-09,Fracture
8958,2632,105,19,2026-07-20,2026-07-29,Asthma
8959,4561,150,20,2025-04-15,2025-09-26,Fracture
8960,4676,16,6,2025-09-30,2025-10-07,Cancer
8961,3838,228,10,2025-10-02,2025-12-08,Kidney Stones
8962,2729,224,12,2025-04-03,2025-05-09,Migraine
8963,1682,108,20,2025-09-14,2025-10-21,Covid
8964,611,183,3,2026-02-05,2026-03-14,Kidney Stones
8965,3177,220,8,2026-06-15,2026-08-11,Fracture
8966,1250,106,3,2025-02-13,2026-04-29,Diabetes
8967,995,182,16,2026-03-04,2026-04-23,Fracture
8968,825,236,13,2025-04-07,2026-04-03,Fracture
8969,4114,237,4,2026-03-26,2026-04-15,Fracture
8970,3813,31,11,2025-02-08,2026-02-12,Migraine
8971,734,89,17,2026-07-18,2026-08-08,Kidney Stones
8972,1667,205,20,2025-11-10,2026-03-11,Kidney Stones
8973,3897,177,16,2025-09-23,2025-10-13,Kidney Stones
8974,4797,50,8,2026-04-30,2026-07-14,Fracture
8975,4422,201,8,2025-12-01,2026-02-27,Stroke
8976,1733,205,8,2025-03-02,2025-04-11,Stroke
8977,1046,99,16,2025-04-17,2026-05-10,Cancer
8978,252,48,7,2026-03-28,2026-06-19,Asthma
8979,3051,18,14,2026-02-03,2026-08-07,Diabetes
8980,2874,115,3,2026-04-14,2026-05-17,Covid
8981,2294,191,8,2026-01-03,2026-08-06,Asthma
8982,518,116,20,2026-04-28,2026-05-30,Pneumonia
8983,1862,119,6,2025-01-02,2025-07-16,Covid
8984,2007,112,13,2025-10-24,2026-02-23,Hypertension
8985,3978,61,6,2025-10-12,2026-02-24,Asthma
8986,1424,126,14,2025-06-19,2026-06-11,Fracture
8987,3345,22,20,2025-04-15,2025-05-17,Diabetes
8988,2687,176,16,2026-02-14,2026-02-14,Stroke
8989,3362,232,20,2025-05-20,2026-02-05,Asthma
8990,4670,103,9,2025-01-13,2025-08-30,Kidney Stones
8991,1862,141,4,2026-03-29,2026-06-10,Covid
8992,4557,182,1,2026-07-08,2026-08-07,Stroke
8993,4783,55,1,2026-03-06,2026-04-01,Cancer
8994,3590,86,11,2026-02-11,2026-08-08,Kidney Stones
8995,940,123,5,2025-12-16,2026-01-04,Stroke
8996,465,86,16,2025-12-11,2026-06-21,Stroke
8997,1720,75,5,2026-05-07,2026-07-14,Stroke
8998,3485,119,16,2026-03-07,2026-08-14,Diabetes
8999,2617,63,18,2026-05-13,2026-05-24,Diabetes
9000,3371,35,2,2026-07-30,2026-08-07,Stroke
9001,2264,242,15,2025-04-10,2025-07-24,Hypertension
9002,904,235,5,2025-07-02,2025-11-08,Asthma
9003,371,207,9,2024-11-15,2026-02-15,Cancer
9004,4425,232,12,2025-12-02,2026-05-23,Diabetes
9005,2086,120,20,2024-08-15,2024-10-17,Diabetes
9006,3622,104,17,2025-07-18,2026-06-01,Fracture
9007,3850,103,11,2024-09-09,2025-02-15,Covid
9008,1801,149,3,2025-06-04,2025-07-05,Covid
9009,3639,52,3,2025-03-07,2026-02-05,Hypertension
9010,2826,165,15,2024-09-23,2025-09-29,Fracture
9011,4620,102,4,2025-04-30,2026-02-13,Pneumonia
9012,3559,173,7,2026-05-24,2026-05-28,Migraine
9013,2386,140,19,2026-07-21,2026-07-27,Asthma
9014,3839,182,16,2024-12-05,2025-12-17,Diabetes
9015,2069,198,14,2025-12-26,2026-03-28,Covid
9016,1845,90,10,2026-03-26,2026-04-18,Diabetes
9017,953,250,10,2026-05-10,2026-06-06,Pneumonia
9018,4680,226,17,2025-04-29,2025-11-06,Cancer
9019,1262,106,20,2026-04-04,2026-08-03,Diabetes
9020,3194,181,9,2024-09-03,2025-04-19,Fracture
9021,1653,240,8,2025-05-05,2026-05-24,Hypertension
9022,4359,250,17,2026-06-02,2026-07-17,Stroke
9023,2201,78,13,2025-12-22,2026-02-02,Hypertension
9024,4996,116,2,2025-12-30,2026-03-06,Stroke
9025,1465,227,16,2024-10-08,2025-11-01,Pneumonia
9026,3913,46,13,2025-01-09,2025-03-17,Pneumonia
9027,4098,64,8,2024-11-18,2025-11-07,Asthma
9028,303,136,8,2025-04-17,2025-12-03,Covid
9029,28,54,16,2025-01-22,2026-06-18,Cancer
9030,3944,51,16,2026-02-08,2026-05-27,Hypertension
9031,3538,120,13,2025-08-21,2025-11-08,Pneumonia
9032,73,169,11,2025-09-02,2026-06-18,Hypertension
9033,4400,155,19,2026-06-07,2026-07-14,Stroke
9034,3701,212,16,2026-03-22,2026-07-26,Fracture
9035,859,165,18,2025-05-06,2026-04-23,Hypertension
9036,1889,72,3,2025-09-12,2026-02-11,Cancer
9037,4172,184,11,2025-11-13,2026-06-26,Hypertension
9038,3217,177,9,2026-03-19,2026-07-26,Pneumonia
9039,1349,50,6,2025-09-15,2026-08-09,Migraine
9040,1943,58,9,2025-11-25,2026-06-17,Asthma
9041,2323,75,16,2026-07-04,2026-07-26,Pneumonia
9042,430,39,15,2026-03-05,2026-07-05,Asthma
9043,1614,145,9,2026-01-19,2026-06-18,Hypertension
9044,2666,139,9,2025-04-07,2025-10-13,Asthma
9045,3721,142,16,2025-04-17,2025-06-14,Fracture
9046,4861,143,14,2025-01-15,2025-05-07,Migraine
9047,708,106,5,2025-07-07,2026-05-07,Stroke
9048,1838,200,5,2025-02-16,2025-10-19,Asthma
9049,2670,208,10,2026-02-09,2026-03-06,Fracture
9050,1861,230,10,2025-04-25,2025-12-19,Pneumonia
9051,3396,137,3,2026-05-28,2026-07-24,Hypertension
9052,3866,55,1,2025-08-02,2026-04-13,Kidney Stones
9053,1340,216,16,2025-09-13,2025-12-27,Covid
9054,2624,51,10,2025-07-22,2026-02-19,Stroke
9055,4349,201,2,2026-03-04,2026-04-06,Fracture
9056,777,31,20,2026-03-02,2026-06-22,Kidney Stones
9057,251,152,19,2026-03-26,2026-04-06,Pneumonia
9058,3871,194,17,2024-12-25,2026-01-04,Pneumonia
9059,1335,44,1,2025-04-26,2025-08-01,Cancer
9060,4496,193,11,2026-05-09,2026-06-24,Pneumonia
9061,1312,200,14,2025-07-23,2026-04-27,Pneumonia
9062,1384,183,11,2025-06-18,2025-12-14,Fracture
9063,1933,82,10,2026-01-28,2026-02-26,Fracture
9064,2122,82,18,2025-09-26,2025-11-13,Stroke
9065,1458,153,20,2025-05-30,2026-05-09,Migraine
9066,122,211,2,2025-04-25,2026-07-24,Fracture
9067,3682,94,20,2025-07-15,2026-01-16,Hypertension
9068,3356,32,5,2025-04-10,2026-06-16,Hypertension
9069,3070,225,8,2025-12-16,2026-06-04,Fracture
9070,3807,216,1,2026-03-13,2026-06-13,Cancer
9071,3651,187,17,2025-05-14,2025-08-16,Cancer
9072,4147,188,16,2026-01-24,2026-05-29,Stroke
9073,3448,239,9,2026-07-14,2026-08-01,Stroke
9074,2487,184,14,2025-01-25,2026-05-03,Pneumonia
9075,3617,6,6,2025-11-25,2026-04-28,Migraine
9076,3619,88,2,2024-11-09,2026-07-04,Fracture
9077,2507,215,3,2025-04-17,2026-03-24,Cancer
9078,2315,213,1,2024-12-17,2026-05-18,Fracture
9079,4968,37,13,2025-04-12,2026-02-16,Stroke
9080,1676,163,5,2026-02-13,2026-07-12,Hypertension
9081,1465,102,10,2024-09-28,2026-01-15,Asthma
9082,3323,117,2,2025-10-20,2026-07-23,Cancer
9083,806,201,10,2024-11-30,2025-02-11,Stroke
9084,3989,143,19,2024-09-13,2025-01-16,Stroke
9085,2183,236,12,2025-07-13,2026-04-04,Hypertension
9086,3819,116,10,2025-10-17,2026-04-28,Pneumonia
9087,2938,226,2,2025-07-21,2026-04-26,Diabetes
9088,2086,164,13,2025-09-08,2025-10-23,Diabetes
9089,821,146,13,2026-05-07,2026-06-18,Asthma
9090,4847,42,14,2025-09-18,2026-06-04,Diabetes
9091,714,211,16,2025-05-13,2025-05-16,Asthma
9092,3941,138,13,2025-08-23,2025-11-01,Migraine
9093,1242,27,10,2026-07-12,2026-08-07,Pneumonia
9094,700,100,16,2024-11-01,2025-09-12,Stroke
9095,4408,174,17,2024-12-28,2025-05-18,Pneumonia
9096,1518,84,10,2025-03-07,2026-08-13,Diabetes
9097,1399,166,10,2025-07-09,2026-02-23,Fracture
9098,305,197,11,2025-03-11,2025-03-20,Asthma
9099,1517,38,5,2026-03-14,2026-04-24,Covid
9100,4482,102,11,2026-03-17,2026-06-25,Cancer
9101,3029,248,1,2025-01-30,2025-10-08,Kidney Stones
9102,4806,61,20,2025-11-15,2026-02-21,Fracture
9103,1000,222,13,2026-07-31,2026-08-08,Hypertension
9104,596,143,7,2026-03-07,2026-03-26,Covid
9105,2104,208,8,2025-02-06,2026-01-02,Kidney Stones
9106,1949,22,20,2025-04-19,2026-05-30,Asthma
9107,2012,76,8,2025-11-17,2026-08-13,Migraine
9108,430,185,18,2024-09-14,2025-01-05,Migraine
9109,1451,165,14,2025-07-09,2026-01-05,Kidney Stones
9110,3492,111,8,2026-05-13,2026-05-22,Migraine
9111,253,193,2,2026-04-07,2026-05-30,Migraine
9112,2342,78,7,2024-08-21,2025-05-25,Cancer
9113,2590,243,18,2024-10-15,2026-04-23,Asthma
9114,3642,172,15,2025-04-26,2025-12-10,Diabetes
9115,4453,202,1,2024-12-26,2025-09-26,Fracture
9116,3126,198,14,2024-10-19,2024-10-21,Cancer
9117,2842,93,8,2025-10-04,2025-12-02,Kidney Stones
9118,586,91,12,2025-09-17,2026-02-06,Migraine
9119,919,69,19,2026-02-20,2026-06-18,Asthma
9120,2821,120,6,2026-02-01,2026-04-13,Kidney Stones
9121,1994,94,11,2025-09-03,2026-05-15,Migraine
9122,2909,147,20,2026-06-08,2026-07-11,Migraine
9123,1414,206,4,2025-10-12,2025-11-03,Hypertension
9124,4074,246,13,2025-10-19,2026-07-28,Pneumonia
9125,2341,201,16,2026-03-26,2026-06-30,Asthma
9126,1446,232,6,2025-02-17,2026-01-31,Covid
9127,834,26,18,2026-01-31,2026-04-24,Kidney Stones
9128,4720,116,19,2025-09-27,2026-08-03,Diabetes
9129,1160,119,1,2025-05-17,2026-07-10,Pneumonia
9130,3625,76,20,2025-01-15,2026-01-03,Asthma
9131,1929,79,13,2024-08-19,2026-03-08,Cancer
9132,716,217,13,2025-04-04,2025-07-25,Kidney Stones
9133,3112,120,13,2025-02-25,2025-12-01,Diabetes
9134,4750,53,20,2024-08-31,2025-01-30,Covid
9135,4801,102,5,2026-02-10,2026-07-08,Kidney Stones
9136,1640,246,9,2024-10-25,2025-10-04,Covid
9137,2714,72,12,2026-04-16,2026-07-25,Kidney Stones
9138,4705,109,11,2024-11-13,2024-12-23,Hypertension
9139,3785,25,11,2026-03-25,2026-04-19,Cancer
9140,3221,72,6,2024-11-07,2025-03-10,Asthma
9141,4179,126,6,2024-09-10,2025-01-02,Stroke
9142,1592,88,10,2025-10-12,2025-10-15,Hypertension
9143,29,224,11,2025-07-26,2026-03-07,Kidney Stones
9144,3707,53,12,2024-09-14,2024-11-28,Stroke
9145,2559,15,20,2025-08-06,2025-10-20,Kidney Stones
9146,1454,130,8,2024-12-21,2025-11-29,Diabetes
9147,2797,197,2,2026-07-12,2026-07-12,Fracture
9148,4557,80,2,2025-11-22,2026-08-03,Fracture
9149,733,101,14,2024-08-20,2025-07-19,Hypertension
9150,1131,245,14,2026-04-12,2026-06-25,Covid
9151,2706,93,15,2026-01-12,2026-08-12,Covid
9152,222,21,1,2024-10-28,2025-07-10,Fracture
9153,2130,249,1,2025-12-02,2026-02-13,Pneumonia
9154,3158,205,19,2025-10-02,2026-07-31,Stroke
9155,230,117,12,2024-10-30,2025-07-20,Covid
9156,4380,214,12,2025-04-19,2025-12-07,Fracture
9157,540,26,6,2025-01-29,2025-07-08,Diabetes
9158,4952,125,4,2026-05-20,2026-06-25,Covid
9159,1695,248,17,2024-08-23,2025-08-30,Diabetes
9160,4799,75,16,2025-04-28,2025-05-21,Hypertension
9161,3718,5,7,2025-01-04,2025-08-07,Kidney Stones
9162,1953,141,19,2026-02-09,2026-03-20,Fracture
9163,2086,229,1,2025-02-07,2025-09-29,Fracture
9164,4922,20,4,2024-12-23,2025-03-29,Hypertension
9165,3921,141,8,2026-04-20,2026-07-02,Diabetes
9166,1058,137,7,2025-05-25,2025-06-19,Migraine
9167,2497,243,3,2026-07-28,2026-07-30,Migraine
9168,3117,95,20,2024-09-15,2024-10-24,Stroke
9169,2493,56,20,2025-09-08,2025-12-20,Asthma
9170,567,100,12,2026-03-27,2026-05-11,Diabetes
9171,4316,169,19,2025-04-12,2025-10-15,Asthma
9172,1968,219,2,2024-09-26,2026-04-15,Stroke
9173,4232,25,14,2025-10-31,2026-03-31,Cancer
9174,2127,83,12,2026-04-01,2026-06-07,Diabetes
9175,817,90,18,2024-11-20,2025-10-07,Asthma
9176,1336,102,5,2025-07-31,2025-08-07,Covid
9177,1435,100,1,2024-11-30,2026-08-06,Cancer
9178,1579,17,6,2024-12-04,2025-10-06,Diabetes
9179,3633,214,1,2025-03-06,2026-08-05,Cancer
9180,3135,228,8,2024-11-03,2025-06-13,Kidney Stones
9181,4808,220,16,2025-06-14,2026-06-18,Migraine
9182,2745,12,14,2026-05-22,2026-05-28,Cancer
9183,2265,134,18,2024-10-05,2025-08-20,Stroke
9184,2005,119,10,2025-09-13,2026-03-24,Covid
9185,3433,44,15,2025-06-11,2025-07-25,Diabetes
9186,4193,41,6,2025-01-04,2026-06-22,Diabetes
9187,3588,219,20,2025-11-27,2025-12-02,Covid
9188,4677,132,18,2025-03-26,2026-01-08,Kidney Stones
9189,2713,240,18,2025-02-10,2025-12-12,Kidney Stones
9190,3731,216,13,2024-08-29,2024-09-16,Diabetes
9191,3779,111,11,2025-04-10,2025-12-11,Diabetes
9192,226,113,18,2024-12-12,2025-11-04,Diabetes
9193,4193,237,3,2026-04-20,2026-08-14,Diabetes
9194,1651,74,5,2025-12-18,2026-04-15,Diabetes
9195,4622,209,10,2024-11-17,2025-04-03,Migraine
9196,1418,45,10,2026-06-15,2026-07-13,Pneumonia
9197,6,119,11,2025-06-20,2025-11-16,Diabetes
9198,1809,112,2,2026-01-28,2026-05-03,Hypertension
9199,1835,80,16,2025-07-25,2025-11-22,Pneumonia
9200,3773,58,16,2026-07-25,2026-08-13,Fracture
9201,2032,50,14,2025-04-09,2025-11-16,Stroke
9202,1506,188,11,2025-10-10,2025-11-19,Migraine
9203,4659,166,8,2025-07-09,2026-07-30,Migraine
9204,2434,63,2,2025-10-12,2026-07-01,Kidney Stones
9205,644,8,6,2026-07-30,2026-08-01,Kidney Stones
9206,2073,110,3,2026-05-03,2026-05-04,Diabetes
9207,1285,158,13,2025-01-05,2025-07-19,Kidney Stones
9208,3544,161,10,2025-01-21,2026-01-11,Kidney Stones
9209,3127,199,11,2025-01-24,2025-02-19,Migraine
9210,45,22,5,2025-09-18,2026-07-09,Asthma
9211,4377,232,8,2025-12-23,2026-03-07,Migraine
9212,3637,162,14,2026-06-24,2026-08-11,Kidney Stones
9213,3711,88,10,2025-01-12,2025-11-20,Pneumonia
9214,3769,144,3,2026-06-21,2026-08-12,Migraine
9215,4290,117,6,2026-04-20,2026-08-05,Kidney Stones
9216,4957,203,2,2026-04-23,2026-07-25,Cancer
9217,3285,220,17,2026-01-04,2026-02-11,Pneumonia
9218,400,57,1,2025-08-14,2026-08-17,Asthma
9219,3516,177,5,2025-07-07,2026-02-14,Pneumonia
9220,998,190,4,2025-11-08,2025-12-14,Cancer
9221,193,249,7,2025-01-29,2025-05-18,Hypertension
9222,3301,182,20,2025-03-05,2025-11-15,Diabetes
9223,4184,49,20,2025-12-26,2026-06-04,Hypertension
9224,419,246,19,2026-02-19,2026-04-12,Pneumonia
9225,4364,217,11,2025-05-11,2026-04-17,Stroke
9226,15,40,9,2025-08-03,2026-02-18,Covid
9227,1093,137,15,2025-06-26,2025-09-23,Asthma
9228,3729,119,7,2025-12-02,2026-03-28,Stroke
9229,1973,84,11,2025-10-01,2026-06-30,Stroke
9230,2108,115,16,2025-05-24,2025-12-13,Stroke
9231,128,55,15,2024-10-26,2025-01-15,Asthma
9232,4921,248,5,2026-07-16,2026-08-01,Hypertension
9233,3263,217,17,2024-11-04,2024-12-04,Fracture
9234,3292,109,10,2025-07-28,2025-08-04,Migraine
9235,909,83,1,2026-05-23,2026-07-14,Kidney Stones
9236,1116,128,14,2026-04-04,2026-04-27,Stroke
9237,2449,26,5,2026-04-19,2026-06-26,Pneumonia
9238,2906,144,14,2024-12-28,2025-07-03,Pneumonia
9239,3395,192,13,2026-03-24,2026-05-05,Cancer
9240,3180,119,13,2025-11-02,2025-11-03,Covid
9241,270,76,13,2024-08-16,2024-09-12,Cancer
9242,3825,160,6,2025-05-02,2025-12-06,Fracture
9243,2958,60,20,2024-12-10,2025-12-16,Migraine
9244,3853,1,6,2025-12-24,2026-06-28,Hypertension
9245,4389,20,16,2026-04-03,2026-05-14,Covid
9246,3146,147,11,2025-06-28,2025-10-24,Migraine
9247,317,116,11,2026-01-05,2026-06-26,Cancer
9248,3496,36,15,2026-07-04,2026-08-15,Asthma
9249,2277,111,1,2025-11-25,2026-06-29,Stroke
9250,4931,85,1,2025-08-18,2026-05-12,Asthma
9251,2962,120,2,2025-05-14,2026-07-05,Kidney Stones
9252,3420,126,20,2025-05-16,2026-06-30,Kidney Stones
9253,1138,80,12,2026-07-18,2026-07-20,Cancer
9254,1680,109,2,2026-01-30,2026-03-22,Hypertension
9255,2530,111,5,2026-02-22,2026-07-06,Fracture
9256,1913,57,6,2025-11-17,2026-05-11,Cancer
9257,3107,120,6,2025-01-08,2026-04-26,Pneumonia
9258,3047,173,7,2025-08-05,2026-04-07,Diabetes
9259,419,150,17,2024-08-09,2025-09-07,Hypertension
9260,2364,115,12,2024-12-28,2026-05-11,Stroke
9261,454,33,9,2024-11-14,2025-04-22,Covid
9262,2325,134,6,2026-07-01,2026-08-12,Cancer
9263,685,142,6,2025-07-05,2026-07-09,Stroke
9264,2340,160,20,2026-03-25,2026-05-09,Kidney Stones
9265,4618,162,14,2026-03-25,2026-04-13,Asthma
9266,1819,226,12,2026-05-25,2026-07-10,Hypertension
9267,2608,77,11,2025-05-20,2025-11-19,Diabetes
9268,1628,26,9,2025-08-26,2025-10-28,Diabetes
9269,4820,94,11,2026-04-05,2026-07-14,Stroke
9270,204,123,1,2025-03-10,2025-08-26,Fracture
9271,4183,77,3,2026-03-03,2026-06-01,Fracture
9272,410,72,4,2025-01-18,2025-02-06,Pneumonia
9273,3041,67,5,2026-01-21,2026-02-01,Stroke
9274,1135,221,17,2025-08-22,2026-07-16,Fracture
9275,3222,90,19,2025-08-23,2025-12-12,Fracture
9276,1681,2,6,2026-04-23,2026-05-31,Asthma
9277,1494,51,14,2025-07-11,2026-06-14,Stroke
9278,3241,204,17,2025-09-15,2026-01-30,Pneumonia
9279,3925,103,1,2025-02-08,2025-11-05,Migraine
9280,3032,241,3,2025-03-19,2025-10-04,Asthma
9281,3594,237,7,2024-09-01,2025-05-25,Kidney Stones
9282,3482,152,8,2026-03-16,2026-08-07,Asthma
9283,1556,209,10,2026-04-19,2026-08-07,Hypertension
9284,2127,113,13,2026-02-14,2026-03-03,Stroke
9285,2733,121,17,2024-11-13,2025-08-16,Migraine
9286,1451,206,17,2024-11-12,2025-11-04,Cancer
9287,3457,16,13,2026-06-05,2026-07-04,Kidney Stones
9288,834,200,20,2024-11-23,2026-03-11,Asthma
9289,1128,66,3,2025-10-29,2025-11-16,Covid
9290,4893,75,5,2026-04-22,2026-05-31,Asthma
9291,4935,217,5,2026-01-19,2026-01-30,Diabetes
9292,1194,58,9,2025-11-12,2026-08-16,Covid
9293,4687,1,5,2026-01-30,2026-07-26,Migraine
9294,3235,180,12,2026-05-10,2026-05-29,Fracture
9295,4411,26,12,2024-11-26,2025-06-23,Migraine
9296,4087,91,6,2026-01-06,2026-05-03,Fracture
9297,2203,220,14,2025-06-29,2026-04-30,Pneumonia
9298,3370,28,3,2025-08-24,2025-11-11,Cancer
9299,4312,41,4,2025-07-15,2025-12-09,Pneumonia
9300,446,122,12,2025-04-22,2026-02-13,Asthma
9301,3259,235,16,2026-07-18,2026-08-03,Pneumonia
9302,1801,194,3,2026-01-08,2026-06-21,Diabetes
9303,798,31,4,2025-01-15,2025-01-28,Diabetes
9304,432,61,7,2025-10-29,2026-05-14,Pneumonia
9305,1445,8,18,2024-08-24,2025-02-27,Asthma
9306,4879,31,4,2026-08-07,2026-08-17,Kidney Stones
9307,3325,136,16,2025-12-25,2026-06-03,Diabetes
9308,701,41,12,2024-12-30,2026-01-12,Kidney Stones
9309,3756,67,17,2024-09-02,2026-04-27,Cancer
9310,3986,61,11,2026-06-11,2026-07-04,Kidney Stones
9311,3912,54,17,2026-04-16,2026-06-16,Stroke
9312,3442,64,2,2025-09-18,2026-04-04,Cancer
9313,490,9,20,2024-10-01,2025-06-03,Diabetes
9314,4898,198,11,2026-03-02,2026-07-08,Migraine
9315,547,153,2,2026-03-08,2026-07-27,Fracture
9316,4012,32,8,2025-08-05,2026-06-28,Pneumonia
9317,1212,147,4,2024-09-18,2026-01-22,Stroke
9318,482,121,13,2025-05-19,2026-03-21,Diabetes
9319,4553,248,13,2024-10-26,2025-02-24,Migraine
9320,3247,146,17,2025-11-29,2026-02-22,Hypertension
9321,520,174,2,2026-04-20,2026-07-22,Diabetes
9322,1380,70,6,2025-03-27,2026-05-19,Covid
9323,2650,160,2,2024-09-02,2026-07-14,Migraine
9324,1349,3,16,2025-12-21,2026-01-11,Asthma
9325,2998,79,16,2026-02-12,2026-02-12,Migraine
9326,2449,247,3,2024-09-26,2025-04-21,Diabetes
9327,3586,46,20,2024-08-28,2025-10-12,Cancer
9328,2643,203,6,2026-01-05,2026-07-31,Hypertension
9329,87,14,10,2026-05-30,2026-06-11,Migraine
9330,4757,41,16,2024-12-07,2025-09-25,Stroke
9331,147,2,11,2026-07-19,2026-08-08,Cancer
9332,1698,212,6,2024-10-31,2024-12-11,Stroke
9333,3240,82,18,2026-07-12,2026-07-27,Hypertension
9334,3266,125,2,2025-11-23,2026-07-14,Cancer
9335,3738,132,14,2026-07-08,2026-07-12,Covid
9336,2005,179,15,2026-02-03,2026-07-21,Cancer
9337,1056,160,7,2025-02-08,2025-07-20,Migraine
9338,2112,90,12,2026-07-20,2026-07-23,Hypertension
9339,3207,42,1,2026-05-05,2026-05-08,Covid
9340,3492,49,1,2026-04-08,2026-07-29,Covid
9341,2751,108,15,2025-05-05,2025-09-23,Covid
9342,219,223,12,2026-02-26,2026-03-30,Cancer
9343,4978,234,12,2026-07-01,2026-07-08,Covid
9344,2141,138,8,2026-07-31,2026-08-01,Diabetes
9345,1613,2,7,2025-05-24,2026-07-02,Diabetes
9346,3017,211,8,2026-04-07,2026-04-29,Hypertension
9347,4222,117,6,2025-03-29,2025-08-14,Kidney Stones
9348,256,43,8,2025-07-21,2026-08-14,Covid
9349,980,80,3,2025-12-19,2026-03-23,Fracture
9350,3438,41,9,2025-01-18,2025-11-22,Diabetes
9351,2333,214,13,2025-04-29,2025-08-20,Stroke
9352,2848,190,12,2024-11-19,2025-10-26,Covid
9353,3421,65,13,2025-06-29,2025-11-14,Stroke
9354,499,101,18,2024-08-13,2026-07-27,Kidney Stones
9355,676,56,15,2024-12-11,2025-07-16,Fracture
9356,2605,201,2,2026-03-20,2026-07-08,Stroke
9357,1938,75,16,2025-11-02,2026-07-18,Diabetes
9358,2439,140,11,2026-05-28,2026-06-12,Stroke
9359,2761,236,19,2025-05-23,2026-02-21,Diabetes
9360,4661,179,15,2026-05-28,2026-06-06,Cancer
9361,3087,53,19,2025-01-19,2025-02-05,Kidney Stones
9362,3550,191,1,2025-04-21,2025-12-12,Hypertension
9363,2693,153,2,2026-06-12,2026-06-18,Kidney Stones
9364,512,134,4,2026-01-09,2026-02-21,Diabetes
9365,254,128,13,2026-05-20,2026-06-13,Fracture
9366,636,197,14,2024-10-14,2025-08-24,Covid
9367,3526,36,9,2025-03-30,2026-04-21,Cancer
9368,4222,13,13,2026-06-17,2026-07-23,Hypertension
9369,2507,8,7,2025-04-25,2026-05-11,Fracture
9370,4329,221,3,2025-09-29,2025-12-14,Fracture
9371,2507,173,2,2025-02-27,2025-11-15,Cancer
9372,2726,157,7,2025-04-23,2025-08-09,Hypertension
9373,4413,232,10,2024-11-10,2026-03-06,Cancer
9374,2400,153,18,2024-11-24,2025-02-16,Cancer
9375,1187,24,20,2025-12-09,2026-04-15,Covid
9376,4885,55,9,2025-03-19,2025-06-07,Covid
9377,4330,83,1,2024-12-23,2026-01-03,Kidney Stones
9378,3882,80,3,2026-06-04,2026-07-25,Hypertension
9379,4881,42,6,2025-02-25,2025-05-21,Stroke
9380,3895,205,19,2026-03-19,2026-04-12,Stroke
9381,2137,106,8,2026-06-19,2026-07-04,Kidney Stones
9382,2142,206,4,2025-11-30,2026-04-25,Migraine
9383,1152,112,1,2024-10-02,2024-11-27,Cancer
9384,2751,142,12,2026-01-28,2026-02-19,Cancer
9385,1969,84,15,2025-03-04,2025-09-19,Stroke
9386,2552,182,19,2026-03-25,2026-03-26,Cancer
9387,234,219,17,2025-12-23,2026-01-09,Kidney Stones
9388,2942,63,8,2026-02-01,2026-06-15,Pneumonia
9389,2545,110,13,2026-05-15,2026-07-02,Diabetes
9390,736,89,1,2026-03-18,2026-06-03,Cancer
9391,3028,145,15,2025-01-12,2026-01-31,Diabetes
9392,3170,231,3,2025-04-05,2025-08-08,Asthma
9393,3648,66,7,2025-07-05,2026-03-27,Covid
9394,1483,158,16,2024-10-21,2025-07-04,Pneumonia
9395,4216,32,20,2025-02-23,2026-05-16,Cancer
9396,4639,62,2,2025-06-30,2026-07-22,Cancer
9397,4818,230,10,2025-08-23,2026-03-04,Migraine
9398,1391,125,8,2024-11-22,2025-06-16,Diabetes
9399,2014,43,4,2025-11-10,2026-01-01,Diabetes
9400,2976,40,19,2025-06-14,2026-07-27,Stroke
9401,3176,35,8,2024-08-31,2025-03-25,Stroke
9402,2035,111,7,2025-05-07,2026-06-09,Covid
9403,2885,242,3,2025-11-24,2026-05-28,Pneumonia
9404,933,29,16,2025-06-14,2025-12-18,Fracture
9405,1501,39,20,2026-04-01,2026-04-03,Cancer
9406,995,101,9,2026-07-26,2026-08-03,Diabetes
9407,1149,19,11,2025-02-06,2025-06-28,Cancer
9408,3427,247,2,2025-01-03,2026-07-20,Covid
9409,4211,68,20,2025-05-07,2026-06-20,Stroke
9410,1313,56,9,2025-06-29,2025-10-13,Hypertension
9411,4372,59,11,2025-06-21,2025-12-04,Asthma
9412,3876,16,6,2025-12-22,2026-06-23,Hypertension
9413,2513,105,9,2024-11-30,2025-02-13,Migraine
9414,607,149,19,2026-06-22,2026-07-08,Asthma
9415,67,154,4,2026-05-20,2026-06-21,Kidney Stones
9416,1981,214,13,2025-01-14,2025-07-11,Asthma
9417,4052,109,12,2026-06-26,2026-07-01,Kidney Stones
9418,3173,28,6,2025-05-04,2026-06-27,Pneumonia
9419,3031,22,9,2025-01-12,2025-05-06,Asthma
9420,3141,120,9,2026-05-02,2026-07-30,Asthma
9421,4513,204,7,2025-09-25,2026-05-22,Migraine
9422,2456,102,6,2025-05-13,2025-05-21,Diabetes
9423,2443,23,6,2024-10-01,2026-08-15,Stroke
9424,1386,203,19,2025-03-30,2025-06-10,Covid
9425,995,104,20,2026-01-11,2026-05-06,Fracture
9426,2567,143,15,2025-09-09,2026-02-01,Hypertension
9427,429,90,13,2024-12-18,2025-07-05,Stroke
9428,2116,146,19,2024-12-31,2026-01-31,Kidney Stones
9429,1628,102,8,2024-10-22,2024-11-13,Covid
9430,901,228,9,2025-04-05,2025-09-20,Kidney Stones
9431,650,45,7,2025-11-20,2026-07-12,Fracture
9432,2571,60,11,2024-09-14,2026-04-02,Stroke
9433,115,137,14,2025-07-16,2025-12-11,Migraine
9434,2015,81,20,2025-06-10,2025-09-19,Diabetes
9435,3576,33,12,2024-08-27,2026-04-02,Pneumonia
9436,2156,189,2,2025-03-29,2025-08-06,Hypertension
9437,4637,210,12,2025-12-12,2026-06-10,Kidney Stones
9438,4671,138,6,2025-07-29,2026-06-11,Pneumonia
9439,4148,16,15,2025-04-16,2026-07-11,Stroke
9440,4710,120,18,2024-08-09,2025-05-05,Diabetes
9441,124,115,2,2025-12-20,2026-04-04,Fracture
9442,974,3,16,2026-01-16,2026-05-27,Kidney Stones
9443,4146,12,6,2026-08-05,2026-08-16,Asthma
9444,3096,137,16,2025-12-11,2026-07-07,Covid
9445,3055,103,8,2026-07-08,2026-07-09,Pneumonia
9446,2919,186,20,2026-01-04,2026-05-08,Cancer
9447,2564,245,18,2026-04-03,2026-06-20,Fracture
9448,3255,181,16,2025-07-14,2025-08-12,Asthma
9449,3694,56,7,2026-07-26,2026-08-16,Kidney Stones
9450,4667,174,19,2025-06-06,2026-07-20,Diabetes
9451,2484,118,17,2025-07-08,2026-07-17,Stroke
9452,1452,146,6,2026-07-31,2026-08-05,Pneumonia
9453,1930,56,15,2024-11-04,2025-10-09,Cancer
9454,3745,27,6,2025-07-15,2026-04-22,Cancer
9455,1601,219,6,2025-12-20,2026-03-22,Pneumonia
9456,1750,37,5,2026-04-29,2026-07-19,Pneumonia
9457,3411,195,11,2025-10-05,2026-03-13,Stroke
9458,365,76,20,2024-11-29,2025-08-16,Stroke
9459,4693,121,20,2026-05-10,2026-06-26,Fracture
9460,2578,112,2,2024-12-24,2026-08-10,Pneumonia
9461,4503,231,1,2024-09-02,2025-11-02,Cancer
9462,1230,78,15,2026-04-25,2026-04-30,Migraine
9463,4085,112,11,2024-09-22,2024-12-04,Stroke
9464,348,170,5,2026-04-17,2026-05-14,Kidney Stones
9465,2053,123,9,2026-05-20,2026-07-05,Cancer
9466,2242,85,4,2025-12-13,2026-01-13,Pneumonia
9467,41,163,15,2026-07-19,2026-08-14,Stroke
9468,2076,20,5,2026-06-08,2026-07-15,Cancer
9469,2292,70,11,2024-08-12,2025-02-26,Hypertension
9470,3615,145,20,2024-11-13,2026-07-06,Kidney Stones
9471,4306,236,20,2024-10-18,2026-06-02,Hypertension
9472,1925,56,8,2025-11-09,2025-11-25,Hypertension
9473,3294,177,19,2026-06-12,2026-07-19,Hypertension
9474,4292,6,16,2025-05-17,2025-06-02,Stroke
9475,333,129,8,2024-12-29,2025-08-21,Asthma
9476,77,240,14,2026-03-16,2026-05-17,Stroke
9477,3918,45,6,2026-06-15,2026-07-26,Hypertension
9478,3374,77,9,2024-09-11,2026-03-04,Migraine
9479,3129,64,15,2025-01-24,2025-05-31,Pneumonia
9480,3723,114,14,2024-12-17,2026-03-26,Migraine
9481,3983,44,14,2025-12-16,2026-02-17,Pneumonia
9482,3004,199,13,2025-06-09,2026-07-21,Cancer
9483,1624,142,18,2025-07-03,2025-12-15,Covid
9484,1467,250,9,2026-05-25,2026-07-08,Fracture
9485,2050,219,1,2025-08-02,2025-09-03,Kidney Stones
9486,1721,177,16,2024-08-16,2024-08-23,Cancer
9487,3314,159,12,2025-10-22,2026-05-20,Pneumonia
9488,1463,89,17,2025-01-02,2025-01-28,Stroke
9489,2307,158,7,2024-09-16,2026-01-02,Covid
9490,824,29,18,2025-06-05,2025-07-29,Kidney Stones
9491,2350,233,19,2025-07-24,2025-08-14,Kidney Stones
9492,4181,83,6,2025-01-03,2025-09-06,Hypertension
9493,1793,179,17,2026-07-07,2026-07-16,Cancer
9494,2023,23,6,2025-11-19,2025-12-06,Hypertension
9495,792,85,1,2026-06-01,2026-07-20,Hypertension
9496,2197,174,9,2026-01-19,2026-02-11,Stroke
9497,2564,114,13,2025-08-20,2025-09-22,Cancer
9498,2415,186,13,2025-06-13,2026-08-02,Kidney Stones
9499,1657,177,1,2024-11-19,2025-12-31,Migraine
9500,3324,163,19,2025-01-22,2025-04-17,Diabetes
9501,3434,116,11,2025-10-27,2026-06-25,Stroke
9502,3182,74,3,2025-11-27,2026-03-24,Hypertension
9503,1892,3,17,2025-02-21,2025-10-06,Pneumonia
9504,2312,219,16,2026-07-11,2026-07-15,Diabetes
9505,592,170,19,2025-02-23,2025-08-14,Stroke
9506,1111,13,7,2026-01-30,2026-03-30,Covid
9507,3207,163,11,2024-11-09,2025-03-15,Diabetes
9508,1045,143,16,2026-06-06,2026-08-17,Hypertension
9509,4822,23,1,2025-07-14,2026-03-18,Pneumonia
9510,1366,175,12,2026-03-23,2026-08-17,Fracture
9511,2649,105,18,2025-10-15,2025-11-28,Kidney Stones
9512,3069,231,5,2025-06-10,2026-03-18,Fracture
9513,4158,184,7,2024-12-01,2025-09-05,Diabetes
9514,4341,104,2,2025-08-24,2026-07-27,Fracture
9515,2859,11,15,2024-10-16,2025-11-04,Diabetes
9516,640,197,8,2025-08-02,2025-11-25,Fracture
9517,4561,186,11,2025-11-17,2026-07-23,Asthma
9518,4999,83,5,2025-07-28,2026-07-01,Pneumonia
9519,2083,200,9,2025-05-22,2025-10-18,Stroke
9520,2468,130,12,2025-07-15,2025-12-05,Kidney Stones
9521,4644,8,15,2025-01-09,2025-05-28,Pneumonia
9522,831,44,15,2025-11-05,2025-11-30,Kidney Stones
9523,417,221,1,2025-06-21,2025-08-11,Migraine
9524,4408,7,16,2025-11-10,2026-02-13,Covid
9525,2666,82,4,2026-07-31,2026-08-15,Covid
9526,4900,184,18,2025-09-21,2026-02-02,Kidney Stones
9527,2124,241,6,2026-02-02,2026-04-08,Cancer
9528,2931,245,17,2025-07-16,2026-01-12,Pneumonia
9529,3333,146,7,2025-11-16,2026-03-01,Hypertension
9530,1633,115,19,2026-06-21,2026-08-17,Kidney Stones
9531,1779,114,2,2026-04-20,2026-05-21,Pneumonia
9532,2112,61,1,2026-07-25,2026-08-13,Kidney Stones
9533,4160,63,17,2025-08-23,2026-07-23,Fracture
9534,1123,37,13,2025-03-29,2025-04-21,Hypertension
9535,4782,11,11,2025-05-15,2025-10-07,Fracture
9536,3402,181,16,2025-11-04,2026-01-05,Stroke
9537,1854,231,8,2024-08-10,2026-06-26,Kidney Stones
9538,1279,200,3,2026-02-25,2026-04-29,Hypertension
9539,2260,203,13,2025-06-04,2025-07-28,Hypertension
9540,2679,77,19,2024-10-02,2026-02-13,Hypertension
9541,4399,232,19,2026-05-13,2026-08-14,Covid
9542,185,67,17,2025-04-08,2025-04-29,Asthma
9543,2615,150,1,2026-02-24,2026-03-08,Stroke
9544,4455,141,13,2024-09-06,2025-11-06,Pneumonia
9545,2455,239,11,2024-09-03,2026-07-25,Hypertension
9546,1841,102,15,2025-11-20,2026-02-06,Asthma
9547,88,197,10,2026-07-05,2026-07-15,Asthma
9548,3435,33,7,2026-07-26,2026-08-06,Covid
9549,2793,48,9,2026-05-25,2026-07-29,Stroke
9550,1336,36,6,2025-02-19,2025-08-11,Cancer
9551,1185,37,5,2025-02-16,2026-01-06,Pneumonia
9552,1612,119,7,2024-12-30,2025-11-10,Stroke
9553,3143,125,3,2026-05-24,2026-06-15,Migraine
9554,1065,199,8,2026-05-09,2026-06-05,Fracture
9555,3348,143,10,2025-05-20,2026-02-23,Fracture
9556,2411,158,10,2024-10-02,2026-08-15,Kidney Stones
9557,3616,204,9,2026-05-04,2026-05-18,Cancer
9558,3271,220,11,2025-11-18,2026-01-10,Migraine
9559,3949,199,19,2024-10-23,2025-11-23,Fracture
9560,3499,72,13,2024-08-31,2026-04-22,Covid
9561,3171,29,19,2024-11-03,2024-11-28,Asthma
9562,161,93,15,2026-07-27,2026-08-09,Cancer
9563,846,23,15,2026-07-01,2026-07-26,Hypertension
9564,4895,168,12,2026-08-02,2026-08-04,Kidney Stones
9565,3743,74,5,2024-10-21,2026-01-02,Hypertension
9566,32,223,18,2025-02-08,2026-03-11,Diabetes
9567,2371,62,11,2025-10-26,2026-03-05,Cancer
9568,2454,177,1,2025-08-07,2025-10-29,Stroke
9569,1895,88,20,2025-05-27,2026-01-04,Diabetes
9570,1416,144,5,2024-09-03,2026-04-21,Hypertension
9571,1791,6,11,2026-01-27,2026-02-08,Asthma
9572,3791,124,5,2025-11-29,2026-04-25,Fracture
9573,4232,18,2,2026-04-03,2026-07-07,Pneumonia
9574,625,47,20,2024-10-24,2025-11-04,Hypertension
9575,4473,180,15,2026-05-08,2026-08-11,Stroke
9576,3191,156,12,2025-05-30,2025-11-21,Fracture
9577,1101,136,8,2025-05-28,2025-12-13,Kidney Stones
9578,1041,198,9,2024-09-07,2026-08-03,Kidney Stones
9579,1103,39,11,2024-10-20,2026-05-11,Fracture
9580,3181,124,6,2025-03-26,2026-07-23,Asthma
9581,3259,191,18,2026-04-04,2026-04-26,Cancer
9582,3468,193,3,2026-01-19,2026-03-06,Hypertension
9583,2409,231,9,2026-07-13,2026-07-26,Diabetes
9584,2392,8,1,2025-03-08,2026-07-21,Diabetes
9585,3847,195,4,2026-06-15,2026-08-07,Kidney Stones
9586,1244,111,2,2024-09-06,2024-11-28,Covid
9587,2910,114,6,2025-07-03,2025-11-25,Stroke
9588,2820,173,5,2026-08-06,2026-08-06,Fracture
9589,235,34,11,2025-06-28,2026-02-28,Fracture
9590,1447,140,16,2026-05-23,2026-05-23,Migraine
9591,1432,127,16,2025-05-30,2025-06-22,Diabetes
9592,1487,12,11,2024-12-28,2026-07-04,Kidney Stones
9593,63,37,8,2025-08-02,2026-05-05,Diabetes
9594,466,21,8,2025-12-24,2026-07-02,Fracture
9595,371,179,15,2024-09-19,2025-12-13,Stroke
9596,3590,22,2,2025-08-26,2025-09-10,Fracture
9597,2437,165,6,2026-08-07,2026-08-10,Pneumonia
9598,146,1,4,2025-03-31,2025-08-18,Fracture
9599,499,14,13,2026-06-08,2026-07-23,Migraine
9600,2824,196,11,2026-04-06,2026-07-09,Covid
9601,1903,201,7,2026-02-27,2026-03-20,Pneumonia
9602,4451,81,4,2025-09-10,2026-02-06,Fracture
9603,3368,67,11,2025-08-27,2025-12-13,Stroke
9604,1031,235,16,2025-05-07,2026-02-13,Asthma
9605,4962,68,12,2026-06-22,2026-08-16,Kidney Stones
9606,1526,139,8,2024-10-15,2025-02-22,Hypertension
9607,3386,158,8,2025-08-26,2025-11-21,Cancer
9608,3839,33,18,2026-03-20,2026-04-07,Asthma
9609,4391,49,14,2024-10-25,2025-03-17,Cancer
9610,1359,22,2,2026-03-12,2026-08-14,Diabetes
9611,4338,211,12,2025-10-03,2026-05-09,Pneumonia
9612,645,238,2,2024-12-04,2026-04-02,Stroke
9613,2446,217,17,2025-03-25,2025-12-08,Diabetes
9614,2268,188,6,2025-01-05,2025-04-22,Diabetes
9615,3583,204,9,2026-05-14,2026-07-30,Cancer
9616,6,208,8,2025-07-29,2026-05-15,Hypertension
9617,1596,95,7,2025-01-10,2025-05-23,Asthma
9618,387,243,10,2026-06-16,2026-07-28,Pneumonia
9619,637,97,13,2025-06-05,2026-07-27,Migraine
9620,1269,80,20,2025-07-17,2026-05-20,Covid
9621,607,100,14,2025-11-08,2025-12-04,Pneumonia
9622,2989,171,13,2025-12-23,2026-05-02,Migraine
9623,1084,109,18,2025-09-04,2026-03-04,Asthma
9624,4782,241,6,2025-03-09,2026-05-14,Cancer
9625,2493,211,16,2026-06-03,2026-06-22,Cancer
9626,3776,25,10,2025-03-28,2025-09-29,Covid
9627,1581,231,12,2024-10-08,2026-03-11,Asthma
9628,1541,115,20,2025-06-15,2025-07-08,Asthma
9629,1058,57,16,2025-04-06,2025-05-22,Cancer
9630,3927,123,20,2025-11-03,2026-05-23,Cancer
9631,2223,80,6,2026-01-03,2026-05-30,Pneumonia
9632,4617,249,20,2025-08-14,2026-08-15,Kidney Stones
9633,3436,1,20,2025-04-06,2026-03-12,Fracture
9634,4952,83,20,2025-07-15,2025-12-29,Cancer
9635,862,168,6,2025-12-21,2026-07-01,Covid
9636,2539,67,9,2025-07-06,2026-03-16,Stroke
9637,892,170,2,2024-12-02,2026-02-07,Stroke
9638,4103,27,3,2025-11-27,2026-05-17,Pneumonia
9639,1453,43,20,2025-07-22,2026-04-26,Stroke
9640,1127,219,14,2025-12-09,2026-02-28,Fracture
9641,4529,200,14,2025-09-17,2025-12-20,Asthma
9642,4212,57,2,2024-12-03,2026-01-25,Asthma
9643,2297,10,2,2026-02-28,2026-06-08,Fracture
9644,4633,199,2,2025-10-09,2026-08-14,Asthma
9645,2380,88,4,2025-04-01,2026-01-21,Diabetes
9646,545,234,17,2026-03-25,2026-08-09,Cancer
9647,946,98,13,2024-12-17,2026-01-13,Asthma
9648,2882,76,1,2025-07-24,2026-02-15,Asthma
9649,4820,137,14,2024-11-23,2025-12-29,Migraine
9650,1134,212,5,2026-02-28,2026-04-22,Pneumonia
9651,4584,26,7,2025-01-16,2025-06-30,Hypertension
9652,1491,38,11,2025-11-06,2026-04-30,Cancer
9653,3902,48,1,2024-10-06,2024-10-20,Stroke
9654,1916,150,4,2024-09-09,2025-12-07,Pneumonia
9655,316,96,1,2026-04-24,2026-05-23,Cancer
9656,2323,108,10,2025-01-09,2026-04-07,Stroke
9657,1017,160,6,2025-10-30,2026-02-22,Cancer
9658,335,146,3,2026-07-03,2026-08-04,Hypertension
9659,4538,189,3,2026-03-12,2026-04-09,Kidney Stones
9660,2529,123,11,2025-09-26,2025-10-05,Kidney Stones
9661,4368,109,11,2025-11-13,2026-07-09,Stroke
9662,4800,159,2,2026-05-13,2026-06-03,Cancer
9663,2800,221,14,2024-08-11,2024-11-19,Covid
9664,445,47,10,2025-04-29,2025-10-17,Asthma
9665,1760,191,6,2026-01-18,2026-07-09,Stroke
9666,479,236,7,2025-04-12,2026-04-02,Stroke
9667,3110,36,1,2026-04-05,2026-05-06,Fracture
9668,819,223,10,2025-02-10,2025-11-28,Asthma
9669,3970,82,15,2025-05-24,2025-07-06,Stroke
9670,2270,203,2,2026-03-02,2026-04-02,Stroke
9671,1789,19,2,2024-12-16,2025-12-28,Hypertension
9672,3134,97,10,2024-12-17,2025-05-11,Asthma
9673,4906,218,11,2026-04-13,2026-05-10,Fracture
9674,2082,117,18,2025-12-08,2026-06-12,Kidney Stones
9675,4733,4,9,2026-01-03,2026-02-16,Cancer
9676,4945,93,18,2026-04-12,2026-05-22,Covid
9677,1196,186,5,2024-11-30,2025-11-17,Stroke
9678,2822,134,8,2025-08-02,2026-03-02,Stroke
9679,4326,224,20,2026-05-19,2026-08-04,Stroke
9680,336,222,2,2025-09-09,2026-01-20,Covid
9681,4955,206,18,2025-04-08,2025-10-19,Kidney Stones
9682,1284,75,10,2026-05-19,2026-05-21,Hypertension
9683,617,71,13,2025-09-30,2025-10-19,Stroke
9684,1330,41,16,2026-05-29,2026-08-05,Stroke
9685,476,118,11,2025-04-11,2026-03-26,Hypertension
9686,906,246,16,2026-03-02,2026-05-04,Cancer
9687,187,8,8,2025-07-04,2026-05-07,Hypertension
9688,3597,176,13,2026-05-21,2026-08-08,Stroke
9689,1534,134,15,2025-08-08,2026-03-27,Hypertension
9690,4132,237,4,2025-08-04,2026-02-20,Pneumonia
9691,4635,38,5,2025-09-01,2025-09-24,Fracture
9692,635,36,7,2025-02-10,2026-03-16,Stroke
9693,202,48,1,2026-05-12,2026-07-10,Pneumonia
9694,1108,142,9,2025-11-14,2025-12-13,Hypertension
9695,592,115,14,2026-06-28,2026-08-06,Cancer
9696,61,226,18,2024-11-18,2026-07-30,Stroke
9697,2330,78,5,2026-04-03,2026-06-15,Migraine
9698,3429,93,5,2024-10-27,2026-05-02,Asthma
9699,2901,51,20,2026-03-30,2026-08-16,Cancer
9700,3792,239,17,2025-01-06,2026-03-31,Cancer
9701,1701,160,1,2025-12-23,2026-01-13,Migraine
9702,285,10,19,2025-03-11,2025-04-11,Diabetes
9703,560,59,2,2025-06-03,2025-06-04,Pneumonia
9704,2261,221,8,2026-07-29,2026-08-05,Migraine
9705,4007,68,18,2024-12-22,2025-09-24,Diabetes
9706,2648,196,16,2024-08-11,2025-05-29,Migraine
9707,3895,62,18,2026-03-29,2026-03-30,Covid
9708,505,163,16,2026-04-27,2026-05-25,Fracture
9709,4469,182,8,2025-11-27,2026-04-18,Cancer
9710,1241,207,7,2026-08-04,2026-08-14,Pneumonia
9711,3915,89,6,2026-03-29,2026-05-07,Migraine
9712,419,250,5,2026-02-18,2026-04-29,Pneumonia
9713,2753,47,9,2024-09-12,2025-03-26,Diabetes
9714,3581,110,12,2025-03-18,2025-04-02,Hypertension
9715,2543,152,6,2025-12-23,2026-01-08,Hypertension
9716,2284,118,3,2025-04-24,2025-06-02,Pneumonia
9717,2904,182,12,2025-09-19,2026-02-22,Covid
9718,3201,11,9,2024-09-10,2024-11-18,Covid
9719,1726,173,13,2026-05-04,2026-08-14,Diabetes
9720,4691,156,17,2026-03-03,2026-08-09,Diabetes
9721,3713,38,13,2026-06-06,2026-07-12,Diabetes
9722,3475,101,17,2026-02-25,2026-07-07,Kidney Stones
9723,4130,9,10,2025-12-26,2026-07-04,Migraine
9724,1601,174,12,2025-01-27,2025-05-06,Stroke
9725,4522,204,15,2025-11-29,2026-07-22,Stroke
9726,4174,178,15,2025-08-06,2026-07-24,Diabetes
9727,3325,51,14,2026-07-31,2026-08-09,Asthma
9728,645,64,5,2026-06-21,2026-07-10,Hypertension
9729,1192,217,5,2025-07-01,2026-07-29,Diabetes
9730,4334,206,8,2024-10-08,2025-06-19,Pneumonia
9731,2158,221,12,2026-05-25,2026-06-08,Stroke
9732,4292,132,3,2024-12-23,2025-10-20,Hypertension
9733,4143,80,2,2026-05-28,2026-05-31,Stroke
9734,2192,224,6,2025-10-16,2026-08-02,Asthma
9735,3436,112,14,2025-03-16,2026-03-14,Stroke
9736,1198,156,20,2026-06-29,2026-06-30,Migraine
9737,1613,76,1,2026-06-07,2026-06-19,Cancer
9738,4084,234,16,2025-08-01,2026-06-12,Fracture
9739,474,149,1,2025-04-20,2026-01-14,Kidney Stones
9740,2636,63,11,2024-09-24,2025-08-07,Hypertension
9741,1876,120,11,2026-05-09,2026-06-25,Covid
9742,4058,77,12,2024-12-24,2025-05-31,Migraine
9743,4695,19,9,2024-12-11,2025-05-15,Pneumonia
9744,128,69,7,2026-01-27,2026-02-07,Asthma
9745,17,146,12,2025-07-17,2025-09-19,Hypertension
9746,1125,224,13,2026-06-27,2026-07-28,Diabetes
9747,3539,63,4,2025-04-29,2025-05-12,Hypertension
9748,4031,62,13,2025-01-02,2026-01-01,Pneumonia
9749,1269,87,3,2026-04-11,2026-08-06,Fracture
9750,2910,27,6,2024-08-14,2026-05-11,Covid
9751,74,236,19,2026-07-30,2026-08-10,Kidney Stones
9752,2641,109,7,2026-06-20,2026-06-21,Covid
9753,158,94,8,2026-02-04,2026-03-23,Stroke
9754,3293,11,3,2025-01-11,2026-03-22,Kidney Stones
9755,876,48,6,2025-01-18,2025-11-26,Covid
9756,497,107,15,2024-08-11,2025-05-14,Covid
9757,1964,58,14,2024-08-26,2025-05-14,Pneumonia
9758,873,188,2,2025-12-05,2026-02-18,Hypertension
9759,2641,223,5,2026-05-13,2026-07-31,Cancer
9760,2266,223,2,2026-03-07,2026-08-03,Kidney Stones
9761,751,161,8,2024-08-16,2025-07-15,Hypertension
9762,2556,43,8,2025-08-28,2026-07-28,Asthma
9763,2711,28,17,2025-04-05,2026-03-07,Fracture
9764,2391,50,1,2024-11-30,2025-01-05,Fracture
9765,2373,167,12,2024-09-07,2024-11-11,Fracture
9766,533,219,20,2026-03-19,2026-07-22,Fracture
9767,450,17,1,2026-03-11,2026-05-28,Cancer
9768,1911,208,12,2025-10-22,2025-10-30,Covid
9769,2939,157,4,2026-04-02,2026-08-09,Asthma
9770,3816,135,6,2026-02-16,2026-08-06,Kidney Stones
9771,722,216,9,2025-12-03,2026-01-15,Pneumonia
9772,2329,86,10,2024-09-05,2025-02-22,Stroke
9773,4461,230,10,2025-01-25,2025-09-21,Migraine
9774,1450,89,14,2025-12-18,2026-08-06,Cancer
9775,1142,174,18,2024-11-22,2025-10-29,Asthma
9776,2487,217,18,2024-08-08,2025-01-13,Stroke
9777,2666,46,20,2024-11-01,2025-02-28,Stroke
9778,4621,99,4,2024-08-18,2024-10-12,Kidney Stones
9779,236,138,11,2026-04-09,2026-08-15,Pneumonia
9780,1655,214,14,2026-07-19,2026-07-19,Fracture
9781,3889,89,19,2025-08-05,2026-07-28,Stroke
9782,3809,190,4,2025-12-29,2026-03-30,Hypertension
9783,1478,216,14,2024-10-29,2025-02-28,Asthma
9784,2523,7,1,2026-02-20,2026-08-09,Hypertension
9785,3479,69,7,2026-06-07,2026-06-14,Cancer
9786,4978,233,13,2025-07-27,2025-10-04,Migraine
9787,2668,198,2,2026-04-22,2026-07-16,Cancer
9788,3414,1,2,2024-10-31,2026-01-02,Covid
9789,2343,105,3,2026-07-29,2026-08-17,Fracture
9790,4927,81,3,2025-11-06,2026-04-20,Covid
9791,3921,227,6,2024-10-16,2025-01-12,Migraine
9792,4837,197,18,2025-04-15,2026-05-21,Kidney Stones
9793,1803,93,1,2025-12-17,2026-04-17,Migraine
9794,2522,10,9,2026-04-29,2026-05-31,Asthma
9795,1385,241,18,2025-05-07,2025-09-20,Cancer
9796,2177,165,1,2026-02-26,2026-06-10,Pneumonia
9797,3617,26,1,2025-07-29,2026-07-16,Pneumonia
9798,1981,40,19,2024-12-03,2025-04-18,Stroke
9799,1955,166,10,2024-08-13,2025-08-13,Diabetes
9800,3036,48,12,2025-03-19,2025-07-11,Stroke
9801,3606,235,9,2026-06-17,2026-07-07,Asthma
9802,3995,84,7,2025-06-17,2025-08-10,Hypertension
9803,3573,72,12,2025-10-15,2025-11-16,Asthma
9804,3462,202,11,2024-11-10,2026-02-01,Covid
9805,2312,15,4,2024-11-02,2024-11-13,Diabetes
9806,2400,112,10,2025-02-18,2026-07-17,Asthma
9807,1668,245,10,2025-05-30,2025-07-24,Migraine
9808,3711,75,13,2024-10-23,2025-05-12,Pneumonia
9809,3436,146,5,2026-05-28,2026-08-10,Hypertension
9810,715,43,17,2026-06-08,2026-08-04,Diabetes
9811,4873,104,14,2026-07-25,2026-08-02,Kidney Stones
9812,4961,210,19,2026-04-27,2026-05-20,Asthma
9813,779,12,6,2026-01-30,2026-03-30,Stroke
9814,4007,191,11,2024-08-31,2024-10-06,Pneumonia
9815,444,183,1,2026-07-15,2026-07-20,Fracture
9816,237,140,2,2026-07-27,2026-08-11,Hypertension
9817,2791,191,8,2024-08-24,2025-03-18,Kidney Stones
9818,3672,244,6,2024-09-13,2025-05-28,Diabetes
9819,2218,12,18,2024-12-28,2025-08-17,Stroke
9820,4548,223,5,2025-11-15,2026-06-14,Asthma
9821,166,218,13,2024-10-21,2025-08-17,Hypertension
9822,3257,231,12,2026-03-11,2026-05-19,Kidney Stones
9823,2489,105,10,2025-11-24,2026-07-12,Diabetes
9824,4991,214,4,2026-08-03,2026-08-03,Cancer
9825,3582,104,16,2026-05-14,2026-07-25,Cancer
9826,2762,78,11,2025-01-01,2025-04-11,Kidney Stones
9827,3143,175,10,2024-10-08,2024-12-16,Cancer
9828,4120,32,11,2026-05-01,2026-07-31,Pneumonia
9829,2048,170,17,2025-10-07,2026-05-12,Kidney Stones
9830,580,98,15,2026-04-20,2026-08-07,Pneumonia
9831,1104,123,13,2025-08-19,2026-07-03,Cancer
9832,4211,89,8,2024-11-06,2026-04-08,Fracture
9833,4946,249,14,2026-06-25,2026-08-17,Diabetes
9834,270,240,9,2026-05-11,2026-07-12,Covid
9835,4036,211,7,2024-10-08,2026-01-31,Hypertension
9836,1665,153,3,2024-10-15,2025-05-31,Asthma
9837,1614,8,5,2025-07-03,2026-06-07,Diabetes
9838,1568,80,15,2025-06-05,2025-11-24,Kidney Stones
9839,2111,195,6,2024-10-11,2024-11-16,Diabetes
9840,921,119,12,2026-04-06,2026-05-31,Hypertension
9841,2743,24,13,2026-01-21,2026-04-24,Cancer
9842,1460,167,9,2025-12-05,2025-12-30,Migraine
9843,1538,165,6,2026-07-11,2026-08-01,Pneumonia
9844,332,155,16,2025-01-28,2026-05-23,Migraine
9845,1970,237,11,2025-08-17,2026-06-13,Migraine
9846,1866,73,20,2026-07-09,2026-08-14,Pneumonia
9847,2803,100,9,2025-08-18,2026-04-21,Cancer
9848,47,200,3,2025-12-29,2026-06-11,Stroke
9849,1972,123,10,2024-11-27,2025-11-01,Kidney Stones
9850,4240,186,6,2025-10-10,2025-11-28,Stroke
9851,485,211,3,2026-07-13,2026-08-16,Asthma
9852,4718,250,5,2026-07-24,2026-08-10,Asthma
9853,3777,165,1,2024-11-05,2026-06-02,Kidney Stones
9854,1103,170,17,2025-05-16,2025-09-27,Hypertension
9855,928,54,20,2026-03-05,2026-04-18,Stroke
9856,3750,127,10,2026-01-31,2026-05-25,Covid
9857,4352,175,2,2024-08-11,2025-07-25,Covid
9858,5,81,18,2024-11-19,2025-02-18,Fracture
9859,2447,32,6,2026-02-09,2026-02-09,Cancer
9860,627,174,9,2024-11-14,2025-04-22,Covid
9861,201,160,4,2025-07-31,2026-08-17,Hypertension
9862,3058,52,19,2025-04-28,2025-08-18,Stroke
9863,4289,110,15,2026-02-06,2026-06-28,Stroke
9864,3444,244,3,2025-01-07,2026-03-11,Covid
9865,643,220,15,2025-06-27,2026-07-17,Pneumonia
9866,4050,144,18,2025-02-15,2026-04-02,Kidney Stones
9867,4939,184,18,2024-12-31,2026-04-19,Covid
9868,2047,216,12,2026-06-29,2026-08-08,Hypertension
9869,2181,18,4,2024-09-02,2025-04-19,Cancer
9870,3496,93,11,2025-04-06,2026-05-18,Kidney Stones
9871,4374,13,12,2025-02-20,2025-05-23,Cancer
9872,1800,226,16,2026-08-06,2026-08-13,Cancer
9873,3915,97,16,2025-05-30,2026-05-12,Kidney Stones
9874,1937,203,6,2025-09-27,2025-11-18,Covid
9875,2206,23,7,2024-12-27,2026-04-30,Fracture
9876,66,133,5,2026-07-29,2026-08-11,Diabetes
9877,1171,153,10,2025-09-14,2026-07-16,Covid
9878,2818,24,12,2024-08-12,2025-06-23,Kidney Stones
9879,2920,145,6,2026-08-07,2026-08-13,Diabetes
9880,3059,184,17,2025-01-28,2025-12-08,Migraine
9881,3657,5,11,2025-07-25,2025-08-18,Stroke
9882,947,111,12,2025-08-02,2025-10-18,Migraine
9883,4535,40,3,2025-04-12,2026-05-29,Kidney Stones
9884,4105,24,9,2025-07-01,2025-10-02,Cancer
9885,4859,112,1,2025-11-02,2026-07-17,Cancer
9886,1787,164,18,2024-12-15,2026-05-01,Stroke
9887,70,167,15,2024-09-16,2025-10-18,Hypertension
9888,1457,214,11,2026-07-31,2026-08-17,Stroke
9889,2084,102,2,2026-02-16,2026-06-27,Hypertension
9890,628,99,15,2025-08-05,2026-04-26,Hypertension
9891,4781,134,3,2025-08-06,2026-02-13,Hypertension
9892,228,9,14,2024-10-22,2026-04-10,Kidney Stones
9893,2362,240,17,2026-06-28,2026-07-13,Fracture
9894,359,215,11,2025-03-10,2025-11-25,Stroke
9895,4642,27,16,2024-10-20,2025-11-23,Covid
9896,1142,209,12,2026-07-08,2026-08-06,Fracture
9897,1190,74,1,2026-04-25,2026-07-11,Covid
9898,662,63,3,2026-02-06,2026-05-20,Kidney Stones
9899,4165,20,1,2025-08-31,2026-02-06,Hypertension
9900,3313,68,15,2025-06-28,2026-01-09,Diabetes
9901,2465,85,5,2026-05-21,2026-08-16,Migraine
9902,4067,80,13,2026-04-01,2026-08-06,Covid
9903,3267,8,20,2025-10-22,2026-06-04,Asthma
9904,3944,9,1,2025-12-16,2026-07-08,Fracture
9905,68,14,14,2026-02-12,2026-02-25,Covid
9906,3101,115,7,2026-04-09,2026-07-12,Diabetes
9907,2686,28,19,2024-11-30,2026-03-20,Pneumonia
9908,115,200,19,2025-10-11,2025-12-17,Fracture
9909,2433,65,17,2024-12-27,2025-10-12,Pneumonia
9910,2961,86,13,2025-08-30,2025-12-15,Cancer
9911,4519,189,16,2026-04-10,2026-08-17,Pneumonia
9912,2354,227,14,2025-02-20,2026-08-10,Cancer
9913,87,139,2,2024-10-11,2024-12-12,Kidney Stones
9914,4866,247,15,2025-09-08,2026-02-14,Stroke
9915,1745,15,5,2025-02-08,2025-04-07,Kidney Stones
9916,2438,92,18,2024-08-25,2025-03-20,Covid
9917,1348,14,8,2026-03-22,2026-04-09,Covid
9918,3945,17,15,2026-03-17,2026-06-13,Migraine
9919,2778,97,7,2025-08-13,2025-11-11,Covid
9920,486,121,4,2025-09-15,2026-05-27,Pneumonia
9921,497,127,1,2026-06-22,2026-06-26,Fracture
9922,1612,89,4,2026-04-05,2026-04-07,Pneumonia
9923,1408,245,14,2025-03-02,2026-02-14,Hypertension
9924,3686,30,2,2025-03-22,2025-12-11,Migraine
9925,571,226,6,2025-02-24,2025-08-19,Kidney Stones
9926,1665,154,3,2025-04-26,2026-02-21,Pneumonia
9927,2290,186,3,2025-10-15,2026-07-31,Migraine
9928,48,152,17,2025-10-18,2025-12-25,Covid
9929,477,163,10,2026-04-01,2026-07-09,Pneumonia
9930,3231,39,12,2025-07-14,2026-04-26,Kidney Stones
9931,2736,69,8,2025-06-05,2025-08-19,Covid
9932,1945,199,20,2026-03-25,2026-04-26,Migraine
9933,4243,162,17,2025-03-02,2025-11-13,Covid
9934,402,5,12,2025-07-19,2025-12-19,Kidney Stones
9935,237,35,4,2024-12-22,2026-07-08,Asthma
9936,4365,179,5,2026-01-04,2026-06-08,Hypertension
9937,4522,18,18,2025-05-20,2025-11-28,Pneumonia
9938,4676,164,12,2025-04-19,2026-03-05,Cancer
9939,854,247,20,2025-06-13,2026-07-10,Pneumonia
9940,2528,87,6,2025-08-09,2026-06-27,Diabetes
9941,4540,68,16,2024-11-26,2025-04-28,Kidney Stones
9942,1663,54,11,2026-07-22,2026-08-10,Kidney Stones
9943,2122,151,12,2024-11-21,2025-02-16,Diabetes
9944,3747,154,16,2024-12-12,2026-06-19,Covid
9945,319,156,11,2026-05-22,2026-08-12,Hypertension
9946,4720,172,8,2026-04-25,2026-05-13,Stroke
9947,1850,70,19,2026-07-22,2026-08-12,Migraine
9948,1679,82,13,2024-12-23,2026-05-27,Pneumonia
9949,319,25,9,2025-09-14,2025-10-01,Diabetes
9950,1930,176,15,2025-10-29,2026-03-10,Migraine
9951,1594,113,17,2024-11-23,2025-04-16,Hypertension
9952,835,74,17,2025-11-04,2025-11-14,Cancer
9953,4813,154,5,2025-11-27,2025-11-27,Pneumonia
9954,2957,83,6,2024-08-09,2026-04-05,Migraine
9955,748,171,16,2026-01-18,2026-02-10,Stroke
9956,415,236,3,2024-08-10,2025-06-07,Stroke
9957,4853,48,5,2026-02-24,2026-05-04,Stroke
9958,1822,212,14,2025-06-13,2025-10-12,Covid
9959,3962,136,1,2025-06-18,2025-10-15,Diabetes
9960,343,34,13,2025-12-29,2026-05-27,Pneumonia
9961,4795,157,16,2025-09-12,2026-05-20,Pneumonia
9962,4509,45,16,2024-08-29,2024-09-28,Stroke
9963,465,197,19,2025-03-28,2025-07-05,Migraine
9964,2443,62,19,2025-09-15,2026-07-12,Diabetes
9965,2886,94,10,2025-03-25,2026-04-14,Migraine
9966,3871,38,15,2026-06-16,2026-08-05,Pneumonia
9967,259,186,13,2026-02-13,2026-03-02,Asthma
9968,3921,52,11,2025-05-05,2026-05-09,Covid
9969,3852,188,14,2026-02-08,2026-04-22,Cancer
9970,4145,99,2,2024-11-24,2026-07-30,Covid
9971,3620,218,3,2025-01-20,2025-03-29,Asthma
9972,2238,190,12,2025-09-18,2026-02-07,Kidney Stones
9973,2793,55,10,2024-09-12,2025-03-16,Kidney Stones
9974,3690,200,3,2026-06-11,2026-07-06,Diabetes
9975,4260,250,7,2026-08-03,2026-08-12,Diabetes
9976,160,227,16,2025-05-08,2025-07-24,Migraine
9977,3174,212,11,2025-01-09,2025-10-18,Pneumonia
9978,1679,49,1,2025-02-28,2025-07-21,Kidney Stones
9979,1630,4,7,2024-12-18,2026-07-03,Stroke
9980,2614,67,16,2025-04-02,2025-12-28,Covid
9981,1966,149,14,2025-10-20,2026-03-21,Stroke
9982,3372,53,8,2026-04-12,2026-07-30,Pneumonia
9983,3881,34,17,2024-08-09,2025-05-17,Hypertension
9984,2066,71,12,2025-06-19,2026-03-28,Kidney Stones
9985,1001,26,19,2026-02-10,2026-05-09,Diabetes
9986,301,169,18,2026-01-14,2026-08-13,Asthma
9987,874,95,8,2025-11-28,2026-04-23,Pneumonia
9988,3381,175,6,2024-11-18,2025-12-20,Kidney Stones
9989,1062,187,3,2025-09-28,2026-08-14,Hypertension
9990,537,93,15,2026-02-27,2026-05-16,Kidney Stones
9991,4985,19,14,2025-04-14,2025-05-15,Hypertension
9992,2333,57,4,2025-04-23,2025-09-07,Asthma
9993,1862,132,2,2025-01-22,2025-07-22,Fracture
9994,1488,53,2,2025-01-31,2025-09-04,Kidney Stones
9995,4779,115,8,2026-07-09,2026-08-10,Diabetes
9996,1555,4,11,2025-04-16,2025-08-11,Migraine
9997,1026,81,19,2025-04-04,2026-01-29,Fracture
9998,1499,81,4,2026-03-22,2026-05-05,Stroke
9999,2884,121,13,2025-02-18,2026-04-21,Migraine
10000,4691,158,11,2026-07-31,2026-08-04,Fracture
10001,3196,35,1,2026-07-22,2026-08-15,Cancer
10002,1378,54,10,2025-09-29,2026-07-19,Hypertension
10003,1591,61,19,2026-04-04,2026-04-29,Diabetes
10004,1862,127,13,2025-01-20,2025-05-28,Hypertension
10005,3156,1,2,2026-06-13,2026-07-04,Cancer
10006,4748,159,8,2025-04-08,2025-11-08,Hypertension
10007,1190,209,4,2026-02-28,2026-04-16,Covid
10008,754,52,16,2025-04-03,2025-07-21,Asthma
10009,1358,83,13,2025-10-13,2025-12-28,Diabetes
10010,2560,107,15,2026-05-30,2026-06-06,Stroke
10011,666,5,1,2025-01-05,2026-06-10,Hypertension
10012,1416,186,8,2025-05-06,2025-07-31,Asthma
10013,4295,220,18,2025-01-26,2025-08-16,Diabetes
10014,4710,71,9,2024-09-16,2026-05-27,Diabetes
10015,4807,6,20,2024-10-29,2024-11-10,Migraine
10016,3206,135,18,2026-02-22,2026-04-11,Hypertension
10017,955,7,19,2025-04-29,2026-05-16,Stroke
10018,1148,43,5,2025-05-27,2026-01-05,Fracture
10019,4197,78,6,2026-04-12,2026-04-30,Cancer
10020,884,230,19,2025-08-29,2026-05-15,Diabetes
10021,723,105,14,2026-05-14,2026-06-13,Fracture
10022,1250,53,14,2024-08-28,2026-06-18,Cancer
10023,4698,163,19,2026-04-28,2026-06-20,Hypertension
10024,4620,129,10,2025-11-02,2026-05-21,Asthma
10025,891,178,2,2025-09-26,2026-03-27,Diabetes
10026,465,175,18,2025-07-12,2026-05-29,Kidney Stones
10027,4666,135,19,2024-08-15,2025-05-03,Diabetes
10028,4963,159,4,2025-01-15,2026-04-28,Diabetes
10029,838,94,15,2026-03-07,2026-06-22,Fracture
10030,460,85,5,2025-01-11,2025-08-10,Stroke
10031,3779,21,15,2025-06-03,2026-01-20,Kidney Stones
10032,1540,131,2,2025-07-20,2025-07-30,Kidney Stones
10033,2132,157,14,2025-06-13,2025-12-21,Pneumonia
10034,2941,242,11,2025-11-11,2025-11-29,Covid
10035,4886,87,14,2026-02-17,2026-05-10,Asthma
10036,2297,113,7,2025-02-04,2026-06-01,Migraine
10037,1534,145,20,2025-11-17,2026-07-20,Kidney Stones
10038,31,244,13,2026-03-06,2026-04-27,Migraine
10039,2302,48,18,2025-03-21,2026-06-18,Asthma
10040,3506,162,17,2024-10-12,2026-08-02,Migraine
10041,543,172,16,2026-05-25,2026-07-11,Hypertension
10042,3948,23,7,2025-04-28,2025-06-09,Cancer
10043,3396,10,15,2026-07-13,2026-08-08,Kidney Stones
10044,3555,218,9,2025-09-20,2025-11-25,Hypertension
10045,3207,78,16,2025-03-30,2025-04-07,Fracture
10046,796,90,5,2026-05-17,2026-08-16,Stroke
10047,1183,170,18,2026-06-06,2026-06-24,Pneumonia
10048,458,95,6,2025-11-02,2026-07-05,Cancer
10049,1850,226,15,2026-07-07,2026-07-09,Hypertension
10050,3089,226,15,2025-02-06,2025-07-22,Kidney Stones
10051,3008,40,14,2025-12-02,2026-05-07,Asthma
10052,1981,240,13,2025-01-02,2025-10-27,Stroke
10053,48,85,16,2026-04-09,2026-05-30,Covid
10054,799,118,1,2024-08-07,2026-08-10,Migraine
10055,4770,142,12,2024-11-15,2025-09-28,Stroke
10056,3440,42,1,2026-07-17,2026-07-20,Covid
10057,3010,146,15,2025-04-30,2026-04-03,Hypertension
10058,2026,134,6,2025-01-28,2025-07-19,Diabetes
10059,1226,215,5,2026-01-16,2026-02-27,Fracture
10060,3039,43,17,2025-03-17,2026-04-18,Migraine
10061,4048,63,19,2025-05-23,2026-08-08,Fracture
10062,1567,196,2,2024-09-20,2025-06-03,Fracture
10063,3,181,7,2024-10-19,2025-08-31,Stroke
10064,4609,77,7,2025-12-29,2026-01-18,Stroke
10065,4877,146,3,2025-05-31,2026-06-30,Cancer
10066,11,219,12,2025-04-11,2025-06-04,Covid
10067,2559,26,3,2026-02-12,2026-06-21,Fracture
10068,3635,126,12,2024-08-20,2025-07-05,Fracture
10069,462,159,15,2024-12-06,2025-12-23,Hypertension
10070,2314,191,11,2026-07-08,2026-07-26,Stroke
10071,3183,207,8,2025-09-08,2025-10-24,Diabetes
10072,2165,192,2,2024-08-24,2025-06-06,Hypertension
10073,1086,113,1,2026-05-27,2026-06-03,Stroke
10074,1594,60,8,2024-10-18,2026-05-26,Stroke
10075,3077,217,17,2026-04-16,2026-07-17,Hypertension
10076,900,51,2,2024-11-12,2026-04-09,Cancer
10077,2606,126,17,2024-09-14,2026-05-18,Fracture
10078,751,105,7,2025-04-17,2025-11-08,Diabetes
10079,3283,101,14,2024-08-21,2025-10-10,Fracture
10080,1694,121,4,2024-10-28,2025-08-08,Fracture
10081,4916,199,11,2026-02-18,2026-05-15,Diabetes
10082,4576,163,16,2024-10-20,2024-11-21,Cancer
10083,3055,181,12,2025-11-17,2026-01-06,Asthma
10084,972,123,2,2025-01-22,2025-06-14,Migraine
10085,2992,144,13,2026-03-06,2026-06-19,Hypertension
10086,1317,25,14,2025-11-27,2026-03-31,Pneumonia
10087,1690,233,1,2024-10-19,2025-06-07,Asthma
10088,921,165,5,2024-11-14,2026-04-08,Cancer
10089,2455,29,16,2024-10-12,2025-07-23,Pneumonia
10090,928,97,16,2025-12-21,2026-02-12,Hypertension
10091,168,141,4,2024-10-02,2025-09-04,Stroke
10092,650,217,17,2025-10-21,2025-12-11,Asthma
10093,500,104,12,2026-08-05,2026-08-16,Fracture
10094,3775,49,12,2025-07-06,2026-02-01,Diabetes
10095,2926,113,18,2024-12-29,2026-05-22,Pneumonia
10096,3599,6,17,2026-04-05,2026-07-01,Cancer
10097,3794,175,18,2026-01-22,2026-07-24,Asthma
10098,4006,109,12,2025-12-24,2026-03-25,Kidney Stones
10099,3078,121,17,2026-03-23,2026-07-23,Cancer
10100,3080,220,8,2026-03-16,2026-08-16,Covid
10101,3803,162,5,2025-10-09,2026-03-24,Cancer
10102,2499,54,3,2025-07-11,2026-03-29,Diabetes
10103,3836,25,4,2025-02-23,2025-10-24,Covid
10104,4011,104,4,2025-12-11,2026-02-23,Hypertension
10105,1828,43,16,2026-07-28,2026-08-07,Fracture
10106,3925,58,16,2025-01-24,2026-06-23,Cancer
10107,3816,66,5,2025-11-04,2025-12-21,Cancer
10108,170,3,3,2024-12-02,2025-08-01,Hypertension
10109,209,217,13,2025-11-30,2026-01-23,Hypertension
10110,2831,229,9,2025-02-07,2025-04-23,Covid
10111,1760,95,8,2024-10-11,2025-06-01,Kidney Stones
10112,2729,61,15,2025-03-16,2026-06-05,Diabetes
10113,1536,142,1,2025-03-24,2026-03-21,Hypertension
10114,1160,60,15,2025-02-14,2025-07-24,Diabetes
10115,1531,120,20,2025-02-01,2025-08-31,Fracture
10116,4824,61,16,2025-05-12,2026-02-07,Asthma
10117,3280,115,18,2025-11-20,2026-07-27,Fracture
10118,1537,239,20,2026-07-15,2026-08-12,Diabetes
10119,4291,92,5,2025-06-09,2025-08-16,Asthma
10120,1637,31,3,2025-04-27,2025-09-20,Fracture
10121,2971,142,2,2025-04-03,2026-03-07,Covid
10122,585,137,13,2026-05-08,2026-06-13,Kidney Stones
10123,1400,189,3,2025-01-04,2025-11-14,Pneumonia
10124,4581,201,13,2025-06-25,2026-06-20,Stroke
10125,1915,52,5,2025-08-05,2026-04-06,Diabetes
10126,1358,123,9,2025-06-16,2025-10-19,Fracture
10127,1935,184,17,2025-08-22,2026-03-27,Cancer
10128,80,70,12,2026-03-31,2026-05-21,Diabetes
10129,182,156,11,2025-09-18,2026-08-02,Diabetes
10130,944,125,4,2024-08-30,2025-02-22,Cancer
10131,4827,62,14,2025-06-15,2025-11-08,Fracture
10132,2896,138,3,2025-05-25,2026-06-25,Pneumonia
10133,4858,29,9,2025-01-29,2026-08-12,Fracture
10134,656,68,14,2024-10-22,2024-12-13,Covid
10135,2844,228,11,2024-10-30,2025-02-14,Fracture
10136,3153,250,19,2025-07-27,2025-08-31,Diabetes
10137,3086,16,18,2025-04-02,2025-09-03,Stroke
10138,3909,102,14,2024-10-24,2025-11-21,Kidney Stones
10139,4865,171,10,2024-11-30,2025-06-10,Kidney Stones
10140,2593,137,12,2025-11-05,2025-12-17,Stroke
10141,876,78,12,2025-08-23,2025-12-21,Covid
10142,3410,109,4,2024-10-10,2026-05-12,Fracture
10143,2932,196,16,2024-11-03,2026-05-09,Fracture
10144,2643,171,9,2025-04-08,2026-01-24,Fracture
10145,716,87,20,2026-06-22,2026-06-27,Pneumonia
10146,156,107,16,2026-05-01,2026-06-05,Migraine
10147,2250,99,8,2025-12-10,2026-07-25,Migraine
10148,3761,93,7,2024-09-29,2025-07-14,Fracture
10149,4835,238,7,2026-07-20,2026-08-11,Migraine
10150,3239,48,17,2025-01-15,2026-06-09,Asthma
10151,3914,129,2,2025-01-18,2025-06-05,Diabetes
10152,2028,35,20,2024-09-17,2025-02-03,Asthma
10153,3223,152,5,2025-03-15,2025-05-06,Stroke
10154,233,31,6,2024-09-07,2026-02-11,Kidney Stones
10155,731,141,17,2024-12-30,2025-10-24,Covid
10156,275,16,13,2025-08-06,2026-03-20,Hypertension
10157,2813,137,7,2025-04-21,2026-07-15,Covid
10158,250,55,19,2024-08-27,2025-09-27,Cancer
10159,4404,162,13,2025-02-06,2025-10-27,Asthma
10160,3758,122,8,2025-01-14,2026-01-01,Fracture
10161,981,1,17,2025-05-12,2026-01-18,Pneumonia
10162,4719,46,8,2024-11-09,2025-06-20,Pneumonia
10163,1533,99,14,2025-04-02,2026-03-18,Stroke
10164,440,103,9,2026-04-26,2026-06-03,Kidney Stones
10165,4041,241,11,2026-03-09,2026-07-08,Covid
10166,735,125,4,2025-12-27,2026-05-02,Diabetes
10167,4221,249,6,2025-06-20,2026-04-03,Diabetes
10168,2129,25,3,2025-09-21,2026-01-10,Diabetes
10169,3779,198,4,2026-08-06,2026-08-06,Hypertension
10170,1940,120,3,2026-05-21,2026-05-22,Cancer
10171,431,206,19,2025-04-30,2025-12-25,Migraine
10172,1518,39,18,2024-11-18,2026-05-22,Migraine
10173,3193,175,4,2025-12-25,2026-01-12,Stroke
10174,1425,182,4,2025-10-29,2026-03-04,Migraine
10175,4931,51,8,2025-08-06,2026-05-05,Diabetes
10176,3955,168,1,2025-03-05,2026-05-01,Diabetes
10177,3205,171,14,2025-10-07,2026-04-22,Kidney Stones
10178,3187,202,19,2025-08-03,2026-03-06,Asthma
10179,382,46,13,2025-07-12,2026-05-19,Fracture
10180,684,21,1,2026-07-12,2026-08-01,Pneumonia
10181,1934,25,14,2025-09-07,2026-07-13,Cancer
10182,1512,150,16,2024-09-06,2025-03-04,Hypertension
10183,2148,75,8,2026-02-22,2026-05-30,Cancer
10184,3596,224,7,2026-05-23,2026-07-30,Kidney Stones
10185,2645,107,1,2025-08-25,2026-01-16,Diabetes
10186,2798,202,17,2026-06-10,2026-06-18,Stroke
10187,3075,132,10,2026-04-05,2026-07-09,Stroke
10188,167,230,14,2025-10-19,2025-12-31,Fracture
10189,1255,29,17,2025-03-02,2025-08-30,Diabetes
10190,961,10,8,2024-12-10,2025-04-15,Fracture
10191,4008,1,15,2025-11-08,2026-06-21,Pneumonia
10192,2638,39,3,2025-03-19,2026-08-01,Stroke
10193,3201,103,11,2025-05-27,2025-10-25,Kidney Stones
10194,2050,165,13,2024-12-30,2026-03-20,Covid
10195,2162,162,9,2026-07-07,2026-07-07,Asthma
10196,4348,250,2,2026-05-12,2026-07-17,Kidney Stones
10197,2399,9,5,2025-02-05,2026-05-05,Diabetes
10198,3724,158,7,2026-01-18,2026-04-26,Asthma
10199,2305,1,5,2024-09-19,2025-12-15,Migraine
10200,3262,221,7,2025-09-27,2026-01-31,Covid
10201,4128,81,3,2024-08-19,2025-01-31,Hypertension
10202,214,124,17,2025-06-19,2026-03-25,Kidney Stones
10203,631,70,3,2025-02-14,2025-10-17,Covid
10204,4880,244,1,2025-04-19,2025-09-18,Hypertension
10205,3349,111,7,2025-05-15,2025-05-28,Asthma
10206,2043,170,15,2025-02-05,2025-08-15,Asthma
10207,2024,166,12,2025-10-13,2026-07-24,Pneumonia
10208,1173,238,9,2024-12-23,2025-04-10,Hypertension
10209,3212,11,15,2025-01-24,2025-09-13,Migraine
10210,1251,39,14,2025-07-13,2025-08-25,Cancer
10211,3589,34,15,2025-11-27,2026-02-28,Fracture
10212,4054,244,14,2025-03-27,2026-07-24,Hypertension
10213,788,55,18,2024-10-17,2025-03-09,Fracture
10214,2732,149,15,2026-07-08,2026-07-24,Hypertension
10215,2796,105,20,2025-03-26,2026-03-08,Kidney Stones
10216,1751,111,19,2025-05-10,2026-02-12,Fracture
10217,2549,13,6,2024-10-26,2024-11-10,Asthma
10218,2618,3,14,2025-02-20,2025-04-23,Stroke
10219,3626,224,17,2025-02-12,2025-11-28,Migraine
10220,3167,145,8,2026-02-04,2026-06-05,Covid
10221,193,50,11,2025-05-19,2025-12-19,Diabetes
10222,4729,83,9,2025-11-11,2025-12-05,Stroke
10223,4700,250,2,2025-07-15,2026-02-15,Cancer
10224,560,176,11,2025-04-06,2026-07-04,Migraine
10225,1156,22,19,2026-05-04,2026-05-17,Covid
10226,4940,235,8,2025-06-30,2026-02-06,Asthma
10227,2690,10,7,2025-12-11,2026-01-29,Pneumonia
10228,909,181,20,2024-09-10,2024-11-10,Covid
10229,2736,230,11,2025-10-25,2025-12-26,Diabetes
10230,1515,41,1,2025-02-06,2026-03-13,Hypertension
10231,3823,127,2,2025-04-13,2026-06-23,Cancer
10232,2178,9,18,2025-04-29,2026-03-25,Kidney Stones
10233,825,224,1,2026-03-29,2026-04-03,Fracture
10234,4568,204,14,2026-01-24,2026-03-21,Pneumonia
10235,1348,58,16,2024-09-21,2025-01-02,Kidney Stones
10236,3850,132,9,2024-10-04,2025-11-02,Diabetes
10237,4551,95,11,2024-09-17,2025-09-08,Pneumonia
10238,369,33,8,2024-12-29,2025-02-13,Covid
10239,443,7,15,2025-07-11,2025-09-13,Kidney Stones
10240,1490,148,1,2024-11-17,2026-02-08,Hypertension
10241,2821,143,16,2025-02-03,2025-07-03,Covid
10242,1076,17,12,2026-07-10,2026-07-26,Asthma
10243,2779,120,20,2026-02-01,2026-03-04,Covid
10244,3815,92,20,2026-05-29,2026-07-09,Asthma
10245,2584,185,5,2025-04-23,2025-05-14,Migraine
10246,4567,15,4,2026-05-19,2026-06-25,Kidney Stones
10247,112,201,8,2025-04-07,2026-07-06,Hypertension
10248,4710,181,20,2025-07-05,2025-08-04,Pneumonia
10249,1164,100,12,2024-12-01,2025-08-16,Pneumonia
10250,527,48,17,2024-11-28,2025-01-15,Stroke
10251,2146,172,10,2024-11-24,2026-03-17,Pneumonia
10252,4877,173,12,2026-05-30,2026-06-21,Fracture
10253,1690,245,9,2025-04-08,2025-05-05,Stroke
10254,2103,152,17,2025-10-07,2025-11-30,Cancer
10255,3441,108,9,2026-01-07,2026-02-09,Hypertension
10256,4032,14,20,2025-04-08,2026-03-27,Asthma
10257,3964,159,20,2025-08-07,2026-08-02,Cancer
10258,3711,82,11,2026-06-07,2026-07-30,Migraine
10259,2403,39,20,2025-05-03,2026-03-24,Diabetes
10260,993,89,3,2025-10-05,2026-04-09,Covid
10261,2494,132,20,2025-10-24,2026-01-18,Covid
10262,4682,100,15,2026-06-13,2026-07-01,Fracture
10263,3464,67,16,2024-10-24,2025-09-13,Asthma
10264,4877,37,3,2026-04-02,2026-04-18,Stroke
10265,3582,199,12,2026-03-15,2026-07-14,Kidney Stones
10266,1362,121,10,2025-11-24,2026-04-06,Pneumonia
10267,4570,159,11,2024-12-20,2025-06-14,Cancer
10268,3498,156,8,2025-09-15,2026-05-22,Hypertension
10269,2742,23,20,2025-11-01,2026-06-14,Hypertension
10270,3213,178,2,2024-09-26,2026-05-17,Migraine
10271,2097,32,4,2025-12-01,2025-12-14,Stroke
10272,319,102,4,2024-10-03,2024-11-30,Stroke
10273,3359,151,4,2025-03-24,2026-08-17,Diabetes
10274,2751,178,13,2025-09-21,2026-03-13,Kidney Stones
10275,954,63,12,2025-07-12,2026-02-17,Fracture
10276,2462,99,5,2024-11-30,2025-08-03,Fracture
10277,2070,191,3,2025-01-12,2025-05-31,Stroke
10278,2005,13,14,2026-07-26,2026-08-07,Kidney Stones
10279,1485,149,8,2024-08-08,2026-06-20,Covid
10280,4244,104,4,2025-07-30,2026-06-24,Kidney Stones
10281,1939,181,15,2024-10-05,2026-06-17,Kidney Stones
10282,294,87,14,2026-05-19,2026-06-04,Cancer
10283,2953,229,15,2026-01-02,2026-05-27,Asthma
10284,3318,235,4,2026-04-29,2026-08-09,Asthma
10285,94,194,11,2026-03-17,2026-05-06,Pneumonia
10286,2288,240,18,2024-11-07,2025-10-26,Migraine
10287,2020,46,10,2026-05-12,2026-06-24,Fracture
10288,1023,163,20,2025-06-24,2026-07-02,Hypertension
10289,4209,28,18,2026-01-16,2026-06-21,Fracture
10290,1515,208,2,2025-05-05,2026-03-30,Stroke
10291,751,60,11,2025-03-29,2026-08-14,Asthma
10292,2730,241,4,2025-06-15,2025-06-21,Hypertension
10293,1434,135,14,2026-03-17,2026-05-04,Covid
10294,1348,26,1,2025-08-26,2026-02-07,Stroke
10295,3801,52,18,2026-01-24,2026-04-13,Cancer
10296,4749,161,7,2026-02-22,2026-08-09,Kidney Stones
10297,789,2,13,2026-06-08,2026-06-22,Kidney Stones
10298,4296,225,17,2026-05-18,2026-07-17,Kidney Stones
10299,1160,238,3,2024-10-24,2024-10-26,Stroke
10300,782,181,13,2026-04-12,2026-08-15,Pneumonia
10301,2413,133,5,2025-07-19,2025-12-02,Asthma
10302,2479,176,11,2025-01-06,2026-01-05,Diabetes
10303,3077,160,16,2025-04-16,2026-03-21,Hypertension
10304,649,192,15,2025-05-19,2025-10-23,Hypertension
10305,2985,208,1,2026-04-19,2026-06-06,Pneumonia
10306,994,63,11,2025-05-17,2025-07-24,Cancer
10307,853,44,10,2025-04-18,2026-02-24,Asthma
10308,2561,153,13,2025-08-08,2026-03-23,Fracture
10309,3674,63,4,2024-11-17,2026-06-12,Fracture
10310,1925,214,9,2026-07-09,2026-08-15,Kidney Stones
10311,1466,112,10,2024-11-08,2026-07-12,Hypertension
10312,3506,220,9,2026-01-26,2026-07-10,Pneumonia
10313,1546,103,13,2025-08-23,2026-01-17,Migraine
10314,744,32,18,2026-03-28,2026-07-22,Asthma
10315,2458,229,15,2024-10-29,2025-09-03,Covid
10316,3865,102,13,2024-11-03,2025-12-05,Pneumonia
10317,3679,33,19,2025-11-04,2026-07-14,Kidney Stones
10318,3983,113,1,2025-05-06,2025-09-30,Diabetes
10319,3018,10,12,2025-02-02,2026-01-02,Covid
10320,362,50,15,2025-11-05,2025-11-05,Hypertension
10321,4230,3,7,2024-12-22,2026-04-21,Diabetes
10322,1991,238,1,2026-02-09,2026-03-15,Kidney Stones
10323,58,84,17,2025-06-07,2025-12-06,Diabetes
10324,4892,186,16,2024-10-17,2025-02-15,Stroke
10325,507,71,2,2025-10-21,2026-08-11,Asthma
10326,4223,223,12,2025-01-02,2025-09-05,Pneumonia
10327,4281,158,4,2025-08-24,2026-06-21,Cancer
10328,3282,205,14,2025-06-26,2025-09-13,Kidney Stones
10329,1681,162,12,2026-04-10,2026-05-20,Diabetes
10330,2371,158,15,2026-06-18,2026-07-17,Hypertension
10331,3190,17,12,2024-09-15,2026-02-26,Asthma
10332,236,81,9,2024-08-12,2025-11-02,Asthma
10333,1446,249,3,2024-11-09,2025-04-17,Diabetes
10334,1971,7,12,2026-04-24,2026-08-10,Covid
10335,4076,11,10,2026-01-02,2026-01-09,Pneumonia
10336,1104,239,6,2025-06-20,2026-07-20,Asthma
10337,3404,130,7,2024-08-18,2024-09-30,Diabetes
10338,4107,91,13,2026-03-01,2026-04-04,Stroke
10339,1523,133,18,2024-10-12,2026-04-03,Stroke
10340,1376,246,2,2025-11-06,2025-12-22,Kidney Stones
10341,2155,18,19,2025-01-20,2026-02-12,Diabetes
10342,1804,83,18,2025-12-07,2026-02-25,Asthma
10343,630,240,18,2025-01-09,2025-04-28,Hypertension
10344,576,242,12,2025-07-30,2026-07-11,Diabetes
10345,2528,203,15,2025-04-20,2026-04-30,Kidney Stones
10346,3991,92,13,2025-10-16,2025-11-17,Pneumonia
10347,3230,142,7,2025-05-19,2026-02-15,Hypertension
10348,4897,18,3,2026-01-01,2026-06-28,Pneumonia
10349,1011,192,18,2025-09-22,2025-11-17,Covid
10350,1869,140,2,2025-07-04,2026-03-29,Covid
10351,1644,2,12,2024-12-08,2025-05-29,Fracture
10352,3749,37,3,2026-04-07,2026-05-02,Stroke
10353,602,123,6,2026-07-26,2026-08-07,Fracture
10354,731,21,12,2026-06-01,2026-06-03,Stroke
10355,48,22,17,2025-12-09,2025-12-22,Hypertension
10356,627,185,8,2025-01-14,2025-11-18,Asthma
10357,360,72,7,2025-03-23,2026-01-10,Migraine
10358,4015,24,20,2026-08-07,2026-08-17,Asthma
10359,3243,238,2,2025-01-18,2025-08-16,Pneumonia
10360,230,119,7,2024-10-03,2025-08-04,Pneumonia
10361,2674,163,14,2025-05-02,2025-06-03,Pneumonia
10362,2329,63,14,2024-10-14,2025-10-28,Cancer
10363,99,10,7,2026-07-24,2026-08-12,Covid
10364,3954,18,9,2025-11-12,2026-04-01,Migraine
10365,4326,81,5,2026-06-24,2026-08-06,Migraine
10366,1776,139,20,2026-03-25,2026-08-14,Covid
10367,4452,45,4,2026-05-25,2026-07-24,Stroke
10368,1172,133,18,2024-11-01,2025-03-01,Kidney Stones
10369,4767,101,11,2024-11-27,2026-07-29,Covid
10370,4574,31,7,2026-01-07,2026-07-24,Covid
10371,2125,155,1,2025-09-26,2026-07-01,Pneumonia
10372,1401,191,15,2026-05-30,2026-06-12,Cancer
10373,4996,156,3,2024-08-25,2024-11-08,Hypertension
10374,3226,120,18,2025-06-04,2025-07-30,Migraine
10375,1325,79,16,2026-08-04,2026-08-11,Kidney Stones
10376,688,200,7,2026-08-05,2026-08-10,Diabetes
10377,3219,169,13,2026-07-20,2026-08-07,Fracture
10378,610,23,4,2025-03-03,2026-01-21,Hypertension
10379,4351,31,3,2025-10-16,2026-05-06,Covid
10380,714,8,17,2026-07-15,2026-07-20,Kidney Stones
10381,3270,209,14,2024-12-23,2026-03-11,Stroke
10382,2145,193,18,2025-11-12,2025-12-08,Pneumonia
10383,4478,204,14,2025-12-18,2026-03-17,Stroke
10384,1391,162,17,2025-05-24,2025-11-08,Stroke
10385,3860,200,18,2025-02-05,2025-04-26,Hypertension
10386,845,138,16,2025-06-08,2026-08-10,Cancer
10387,2673,33,12,2024-10-28,2026-07-28,Stroke
10388,2201,5,20,2025-12-30,2026-06-01,Diabetes
10389,1747,54,5,2024-12-22,2026-08-14,Stroke
10390,2096,113,3,2025-02-01,2025-08-03,Diabetes
10391,4446,61,8,2026-07-27,2026-08-07,Asthma
10392,4381,104,16,2025-11-30,2026-07-05,Cancer
10393,1088,130,10,2025-09-28,2026-01-04,Fracture
10394,524,135,12,2025-04-17,2025-07-25,Fracture
10395,4261,136,17,2025-01-18,2025-02-25,Migraine
10396,3415,172,13,2026-04-08,2026-07-14,Covid
10397,1372,215,8,2025-01-27,2026-03-09,Migraine
10398,1369,16,10,2025-10-07,2025-10-20,Asthma
10399,725,157,15,2025-12-22,2026-03-29,Stroke
10400,4617,149,7,2025-07-31,2026-04-07,Fracture
10401,2166,80,14,2026-02-04,2026-04-07,Kidney Stones
10402,1229,143,6,2025-05-08,2025-11-20,Kidney Stones
10403,2022,5,11,2025-03-19,2025-10-07,Migraine
10404,3698,44,20,2025-12-18,2026-07-06,Hypertension
10405,3594,237,19,2025-09-19,2026-06-12,Migraine
10406,2744,28,8,2024-10-24,2025-01-09,Kidney Stones
10407,4047,11,11,2024-11-01,2025-01-29,Kidney Stones
10408,3924,196,2,2024-11-29,2025-06-02,Pneumonia
10409,1042,78,3,2024-11-29,2025-07-03,Hypertension
10410,1427,154,18,2024-09-04,2026-03-19,Cancer
10411,2314,15,10,2025-06-20,2026-06-26,Fracture
10412,2726,76,17,2024-09-05,2025-07-26,Stroke
10413,3164,180,12,2024-12-02,2025-03-09,Cancer
10414,987,70,20,2025-11-29,2026-03-09,Fracture
10415,2619,210,9,2026-02-17,2026-04-25,Pneumonia
10416,1052,206,20,2024-11-27,2026-04-14,Covid
10417,4041,170,5,2026-03-05,2026-05-04,Cancer
10418,1596,67,16,2025-08-28,2026-06-12,Asthma
10419,2530,74,20,2025-03-21,2025-08-08,Cancer
10420,1835,45,11,2025-02-27,2026-01-05,Diabetes
10421,1221,29,15,2025-08-03,2026-04-05,Stroke
10422,2127,242,10,2026-04-01,2026-06-25,Migraine
10423,739,160,3,2025-12-03,2026-02-24,Pneumonia
10424,3176,110,18,2024-09-03,2025-02-21,Covid
10425,3437,199,1,2025-09-28,2025-10-31,Kidney Stones
10426,401,204,6,2025-07-16,2025-10-31,Covid
10427,3640,4,10,2025-11-15,2026-01-18,Pneumonia
10428,2278,118,14,2025-06-04,2025-07-06,Pneumonia
10429,4358,166,12,2025-11-12,2026-04-22,Kidney Stones
10430,4439,146,17,2026-01-16,2026-04-25,Diabetes
10431,1421,123,17,2024-11-29,2026-05-09,Kidney Stones
10432,1222,162,5,2025-10-24,2026-08-14,Cancer
10433,420,7,18,2025-08-05,2026-04-21,Pneumonia
10434,2081,13,19,2024-12-18,2025-07-06,Fracture
10435,1672,76,17,2025-04-29,2025-11-16,Asthma
10436,3496,105,4,2026-07-02,2026-07-14,Fracture
10437,4957,244,10,2024-10-05,2025-03-25,Pneumonia
10438,393,153,4,2026-07-25,2026-08-16,Covid
10439,2842,247,8,2024-11-27,2026-07-30,Hypertension
10440,4806,125,9,2024-08-26,2025-04-02,Cancer
10441,1861,74,4,2024-09-10,2025-12-01,Cancer
10442,3673,125,4,2025-09-02,2025-10-27,Stroke
10443,2058,19,13,2026-01-17,2026-02-15,Covid
10444,2868,94,9,2025-09-07,2025-09-29,Hypertension
10445,140,115,13,2025-06-25,2026-03-04,Hypertension
10446,3803,180,16,2026-01-29,2026-06-04,Covid
10447,1808,59,10,2026-06-21,2026-06-30,Fracture
10448,1256,6,7,2025-06-15,2025-07-11,Pneumonia
10449,2020,182,2,2025-04-25,2025-07-03,Covid
10450,1316,180,20,2025-12-18,2026-07-29,Hypertension
10451,431,142,3,2026-06-23,2026-07-08,Stroke
10452,696,43,5,2025-08-28,2026-06-10,Asthma
10453,3476,106,12,2024-09-25,2025-02-01,Fracture
10454,1954,237,1,2026-07-20,2026-08-10,Kidney Stones
10455,2454,63,10,2024-11-20,2026-07-07,Covid
10456,929,119,19,2025-08-16,2026-03-18,Cancer
10457,3396,43,3,2025-09-06,2025-12-09,Stroke
10458,1499,112,14,2024-08-22,2024-12-10,Covid
10459,263,64,11,2026-02-26,2026-03-11,Kidney Stones
10460,1764,53,6,2024-09-17,2026-08-03,Kidney Stones
10461,582,156,4,2025-07-21,2025-09-16,Cancer
10462,4912,116,8,2025-12-26,2026-07-12,Stroke
10463,2242,79,18,2026-01-28,2026-03-27,Cancer
10464,3963,215,17,2026-06-06,2026-07-19,Hypertension
10465,3270,127,10,2024-10-03,2026-03-28,Pneumonia
10466,4233,83,7,2024-10-28,2024-11-23,Migraine
10467,3921,88,16,2026-04-17,2026-06-04,Fracture
10468,1077,239,7,2025-03-22,2025-08-19,Migraine
10469,1797,13,16,2025-02-22,2026-08-16,Migraine
10470,4377,5,16,2024-11-18,2025-05-11,Migraine
10471,404,6,15,2025-07-24,2026-05-19,Cancer
10472,4579,187,19,2026-06-09,2026-07-03,Cancer
10473,511,63,18,2025-08-17,2026-04-09,Migraine
10474,3631,67,18,2024-12-02,2025-05-13,Migraine
10475,2378,216,4,2025-02-14,2026-08-14,Stroke
10476,3135,115,10,2026-04-05,2026-04-15,Hypertension
10477,1089,104,1,2025-12-17,2026-03-25,Hypertension
10478,4201,198,12,2025-05-12,2025-10-01,Asthma
10479,3980,11,9,2026-01-16,2026-06-25,Migraine
10480,4205,40,3,2026-06-21,2026-08-06,Fracture
10481,4129,229,9,2025-07-27,2025-09-16,Pneumonia
10482,915,19,6,2025-07-14,2026-06-21,Hypertension
10483,3835,36,16,2026-05-24,2026-06-04,Fracture
10484,4017,171,11,2024-10-29,2026-03-04,Migraine
10485,3427,44,5,2024-11-12,2026-02-02,Migraine
10486,4184,13,7,2025-02-27,2025-03-14,Fracture
10487,327,243,20,2025-12-31,2026-01-13,Kidney Stones
10488,3853,174,13,2026-06-03,2026-06-04,Stroke
10489,3389,175,17,2024-10-03,2025-05-09,Pneumonia
10490,1505,99,19,2024-11-26,2024-12-17,Fracture
10491,4903,82,6,2026-01-21,2026-08-10,Stroke
10492,2443,98,5,2026-08-01,2026-08-03,Asthma
10493,1687,109,1,2025-01-12,2025-10-15,Asthma
10494,165,114,17,2024-10-02,2025-09-15,Stroke
10495,4354,247,11,2024-10-28,2026-07-14,Fracture
10496,933,177,2,2026-05-14,2026-07-09,Fracture
10497,4198,126,11,2026-04-20,2026-05-28,Diabetes
10498,744,103,6,2025-09-08,2025-10-20,Cancer
10499,4455,250,19,2025-09-19,2026-07-12,Diabetes
10500,2612,176,16,2024-09-21,2026-04-02,Cancer
10501,3598,123,15,2024-10-28,2026-01-30,Migraine
10502,1573,242,7,2025-07-09,2025-09-09,Pneumonia
10503,3608,211,20,2025-11-29,2026-08-07,Migraine
10504,4544,196,7,2024-11-19,2025-11-18,Stroke
10505,3128,77,15,2025-07-03,2026-02-26,Migraine
10506,1606,84,11,2024-12-18,2025-11-08,Diabetes
10507,1857,172,8,2024-12-01,2025-09-13,Covid
10508,3037,237,19,2026-01-07,2026-01-16,Fracture
10509,4792,161,18,2025-01-15,2025-11-01,Hypertension
10510,3677,135,20,2025-04-19,2025-08-05,Diabetes
10511,2923,118,18,2024-09-14,2026-01-26,Asthma
10512,3190,15,8,2026-07-06,2026-07-23,Covid
10513,2913,96,12,2024-11-09,2025-11-08,Covid
10514,3793,202,12,2024-12-31,2025-04-20,Pneumonia
10515,2287,214,14,2025-05-24,2025-10-25,Cancer
10516,1051,199,11,2026-04-01,2026-08-07,Pneumonia
10517,4927,164,9,2025-01-23,2026-05-20,Stroke
10518,986,16,5,2025-05-22,2026-07-25,Cancer
10519,3837,91,1,2025-03-25,2025-04-10,Asthma
10520,116,136,13,2024-10-16,2024-12-23,Pneumonia
10521,1691,177,7,2026-04-19,2026-06-13,Kidney Stones
10522,2783,247,15,2025-08-25,2025-09-06,Asthma
10523,523,246,18,2026-01-11,2026-07-30,Kidney Stones
10524,1366,86,9,2025-06-29,2026-05-23,Stroke
10525,4026,158,2,2024-10-15,2025-11-26,Pneumonia
10526,3652,4,17,2026-02-07,2026-03-05,Pneumonia
10527,3429,84,15,2025-07-31,2026-06-25,Diabetes
10528,4486,107,9,2025-02-15,2026-08-02,Cancer
10529,4230,76,7,2025-07-10,2026-07-31,Kidney Stones
10530,415,210,12,2025-04-07,2026-02-09,Diabetes
10531,4289,200,20,2026-02-09,2026-03-14,Kidney Stones
10532,2777,1,14,2025-10-05,2026-06-15,Cancer
10533,2909,114,18,2025-11-08,2026-05-18,Stroke
10534,727,31,13,2025-06-11,2026-07-23,Fracture
10535,337,62,3,2025-07-30,2026-05-26,Fracture
10536,2322,148,18,2025-09-22,2025-10-11,Hypertension
10537,1258,133,16,2025-03-26,2026-05-15,Asthma
10538,222,122,7,2025-01-11,2025-08-02,Pneumonia
10539,4930,189,6,2024-09-04,2026-03-06,Migraine
10540,823,119,2,2024-10-06,2025-12-16,Covid
10541,4747,211,16,2024-09-10,2025-10-23,Kidney Stones
10542,4901,50,6,2025-09-19,2026-08-17,Diabetes
10543,315,60,6,2025-08-16,2026-06-13,Fracture
10544,4558,7,9,2025-12-08,2026-03-26,Covid
10545,2918,189,16,2024-11-20,2025-02-13,Kidney Stones
10546,4603,176,8,2025-07-19,2026-05-13,Cancer
10547,584,24,9,2025-06-24,2025-10-27,Kidney Stones
10548,4674,149,12,2025-12-27,2026-05-02,Cancer
10549,407,35,8,2025-06-30,2025-11-03,Kidney Stones
10550,1161,17,13,2025-01-20,2025-07-10,Cancer
10551,2135,238,17,2025-06-05,2026-04-09,Fracture
10552,2126,210,20,2025-12-20,2026-02-14,Diabetes
10553,3167,21,19,2026-01-28,2026-03-18,Diabetes
10554,2015,87,11,2026-01-14,2026-08-15,Covid
10555,591,53,13,2026-06-24,2026-08-08,Migraine
10556,2082,232,2,2025-12-06,2026-03-19,Cancer
10557,3925,144,20,2025-03-21,2026-05-15,Stroke
10558,1077,241,10,2025-08-11,2025-09-12,Diabetes
10559,4220,238,20,2026-05-10,2026-07-24,Pneumonia
10560,1569,28,19,2025-03-04,2026-04-20,Covid
10561,387,83,15,2025-05-27,2025-12-17,Cancer
10562,4995,201,12,2024-09-25,2025-02-09,Asthma
10563,3283,32,15,2026-02-08,2026-05-26,Asthma
10564,4983,209,20,2024-12-12,2026-01-02,Migraine
10565,3338,83,6,2025-05-23,2026-02-04,Migraine
10566,175,33,17,2026-01-27,2026-03-24,Hypertension
10567,632,219,11,2025-05-31,2026-06-07,Cancer
10568,802,225,10,2026-01-22,2026-01-24,Fracture
10569,4644,132,13,2025-11-22,2026-07-18,Stroke
10570,2387,9,17,2025-09-17,2026-06-26,Migraine
10571,2251,162,6,2026-04-23,2026-05-11,Covid
10572,223,41,9,2026-03-14,2026-04-15,Stroke
10573,1658,221,12,2025-01-15,2025-03-28,Fracture
10574,784,39,3,2025-01-25,2026-07-03,Fracture
10575,1714,142,14,2025-11-25,2026-04-05,Stroke
10576,675,128,16,2025-09-21,2025-10-02,Migraine
10577,3469,92,18,2025-02-11,2025-10-07,Diabetes
10578,2411,224,12,2025-08-20,2025-10-21,Covid
10579,959,129,7,2025-12-24,2026-05-16,Migraine
10580,748,137,13,2024-10-30,2026-08-10,Cancer
10581,1240,60,2,2026-02-07,2026-05-12,Migraine
10582,4646,97,9,2024-09-24,2026-04-18,Covid
10583,3301,223,6,2025-11-09,2026-02-17,Covid
10584,4337,109,16,2024-12-05,2026-05-06,Pneumonia
10585,1725,239,20,2026-03-01,2026-07-08,Cancer
10586,1070,191,6,2024-11-07,2025-02-10,Covid
10587,1895,54,2,2025-07-02,2025-10-19,Covid
10588,1592,42,8,2026-05-21,2026-07-24,Fracture
10589,1975,83,2,2025-11-04,2026-08-10,Asthma
10590,2413,231,6,2025-10-20,2026-04-17,Cancer
10591,4585,80,15,2025-12-31,2026-01-20,Migraine
10592,1086,154,12,2025-10-04,2026-04-06,Diabetes
10593,2246,125,3,2025-01-12,2025-11-24,Hypertension
10594,4502,40,8,2024-09-21,2026-04-23,Diabetes
10595,1551,38,7,2025-07-10,2026-05-08,Stroke
10596,652,57,8,2024-08-16,2025-09-25,Kidney Stones
10597,4361,7,4,2026-03-31,2026-07-04,Hypertension
10598,1885,27,14,2024-11-11,2026-08-14,Pneumonia
10599,1615,249,6,2024-12-07,2025-03-05,Asthma
10600,2536,113,20,2026-08-02,2026-08-04,Asthma
10601,1094,152,11,2026-05-01,2026-08-04,Stroke
10602,4924,111,10,2026-01-21,2026-02-04,Diabetes
10603,897,104,2,2025-01-16,2025-09-30,Asthma
10604,3866,41,2,2025-04-15,2025-10-10,Diabetes
10605,4815,160,4,2026-07-28,2026-08-09,Cancer
10606,1490,46,18,2025-03-31,2026-08-13,Fracture
10607,3932,118,10,2024-09-29,2024-10-12,Diabetes
10608,4436,16,18,2025-03-07,2026-02-17,Covid
10609,3727,70,7,2025-11-10,2026-05-27,Kidney Stones
10610,981,189,18,2025-12-18,2026-03-14,Cancer
10611,202,203,6,2025-08-06,2025-12-27,Covid
10612,404,154,19,2024-11-07,2026-03-20,Migraine
10613,2505,15,11,2025-06-25,2026-07-11,Fracture
10614,1427,82,16,2024-08-21,2026-05-03,Stroke
10615,4249,226,12,2026-03-02,2026-06-09,Pneumonia
10616,3455,16,5,2025-06-06,2025-07-03,Covid
10617,3918,41,14,2026-03-10,2026-07-27,Diabetes
10618,8,28,5,2026-03-03,2026-06-07,Fracture
10619,4050,102,11,2026-05-30,2026-06-05,Fracture
10620,4575,81,20,2025-03-19,2025-06-25,Covid
10621,4244,81,11,2025-09-24,2026-02-17,Asthma
10622,187,5,19,2026-03-16,2026-07-25,Asthma
10623,2619,79,13,2026-07-16,2026-07-19,Diabetes
10624,1870,31,11,2026-05-05,2026-06-30,Diabetes
10625,3650,148,16,2025-09-26,2026-01-31,Asthma
10626,1146,20,19,2026-02-28,2026-03-18,Diabetes
10627,2657,175,5,2025-10-27,2026-05-04,Pneumonia
10628,4032,53,17,2026-06-19,2026-07-09,Migraine
10629,1199,155,10,2024-08-22,2025-10-26,Fracture
10630,1463,192,1,2025-02-03,2026-01-26,Pneumonia
10631,1934,35,20,2026-03-16,2026-05-16,Kidney Stones
10632,1136,82,6,2025-05-16,2025-11-20,Migraine
10633,1051,213,14,2026-07-29,2026-08-17,Hypertension
10634,2607,37,20,2024-09-01,2025-03-25,Hypertension
10635,70,58,14,2026-06-28,2026-08-10,Hypertension
10636,4525,27,9,2025-04-30,2025-07-12,Stroke
10637,3387,39,20,2025-03-05,2026-06-02,Diabetes
10638,259,102,16,2026-02-03,2026-02-04,Pneumonia
10639,2507,114,15,2026-04-26,2026-07-27,Fracture
10640,3632,155,18,2025-01-22,2026-06-26,Pneumonia
10641,2158,197,11,2026-07-06,2026-07-25,Hypertension
10642,1278,113,10,2024-12-04,2026-02-22,Kidney Stones
10643,3647,125,16,2025-10-10,2026-01-03,Fracture
10644,4884,220,5,2025-09-12,2026-02-11,Pneumonia
10645,45,127,17,2024-12-09,2026-06-14,Diabetes
10646,3136,167,1,2024-09-17,2025-10-03,Pneumonia
10647,2145,192,19,2025-03-21,2026-06-07,Asthma
10648,4866,93,11,2025-08-13,2026-03-16,Cancer
10649,3384,146,19,2025-09-30,2025-10-26,Fracture
10650,1852,104,17,2024-10-01,2025-07-31,Asthma
10651,3535,133,4,2025-02-20,2026-04-06,Asthma
10652,4707,233,19,2026-01-10,2026-07-02,Pneumonia
10653,57,243,12,2024-11-16,2025-08-19,Fracture
10654,3860,238,9,2024-09-22,2025-02-20,Fracture
10655,2394,119,16,2026-02-16,2026-05-22,Kidney Stones
10656,3374,182,11,2024-08-15,2026-06-09,Hypertension
10657,2920,179,3,2024-08-07,2024-10-15,Cancer
10658,1158,249,17,2026-06-02,2026-06-08,Asthma
10659,2593,57,12,2025-05-26,2025-06-28,Stroke
10660,2901,30,1,2024-09-28,2025-01-08,Kidney Stones
10661,4272,175,10,2025-08-07,2026-02-20,Fracture
10662,187,121,9,2025-05-27,2025-08-02,Hypertension
10663,2383,70,19,2024-09-12,2025-10-16,Migraine
10664,1545,104,1,2026-06-04,2026-07-06,Cancer
10665,4161,152,5,2024-11-16,2026-07-25,Cancer
10666,1192,39,8,2025-09-19,2026-02-06,Pneumonia
10667,4439,57,14,2025-07-19,2026-05-23,Asthma
10668,4790,122,5,2025-08-14,2026-07-26,Fracture
10669,4655,118,3,2024-11-18,2025-02-09,Kidney Stones
10670,4622,159,7,2025-06-04,2026-03-29,Hypertension
10671,2423,189,2,2025-07-14,2025-11-10,Migraine
10672,690,108,13,2025-05-04,2025-07-25,Migraine
10673,3207,212,18,2025-08-10,2026-04-25,Hypertension
10674,1948,239,14,2026-02-01,2026-06-28,Kidney Stones
10675,1086,219,8,2025-12-20,2026-03-17,Covid
10676,2000,76,18,2026-01-04,2026-02-20,Cancer
10677,2726,61,12,2026-04-08,2026-07-21,Covid
10678,4573,92,16,2025-11-30,2026-06-04,Cancer
10679,1317,81,19,2025-01-28,2025-10-30,Stroke
10680,3989,23,12,2026-02-17,2026-07-11,Pneumonia
10681,3542,26,16,2026-02-09,2026-04-17,Fracture
10682,100,15,13,2025-03-07,2025-03-16,Hypertension
10683,4746,198,18,2026-01-23,2026-07-23,Migraine
10684,3415,18,19,2025-12-17,2026-02-04,Covid
10685,3642,176,10,2026-05-21,2026-07-13,Diabetes
10686,4043,212,2,2026-01-19,2026-03-26,Pneumonia
10687,901,71,18,2025-06-05,2026-07-28,Hypertension
10688,1944,126,3,2024-10-15,2026-08-14,Fracture
10689,3566,9,8,2025-07-01,2025-08-17,Asthma
10690,472,34,6,2026-06-30,2026-08-12,Fracture
10691,1939,81,19,2025-11-01,2025-11-21,Cancer
10692,22,235,1,2026-01-28,2026-04-30,Fracture
10693,3984,117,12,2025-04-16,2025-08-13,Covid
10694,186,100,10,2024-09-14,2025-07-25,Migraine
10695,2219,204,18,2024-09-23,2026-05-27,Fracture
10696,1726,15,10,2025-10-30,2026-04-06,Migraine
10697,2395,143,9,2026-04-05,2026-05-05,Asthma
10698,3208,217,3,2025-01-19,2025-08-23,Diabetes
10699,584,203,13,2026-01-23,2026-07-17,Cancer
10700,2122,58,13,2025-05-07,2026-02-13,Diabetes
10701,2432,118,20,2025-09-14,2026-01-30,Covid
10702,527,86,4,2024-09-05,2024-11-03,Stroke
10703,1000,137,7,2026-03-08,2026-06-20,Diabetes
10704,4292,141,9,2024-12-21,2025-09-18,Cancer
10705,4005,33,1,2025-06-05,2026-08-04,Migraine
10706,4163,14,15,2025-09-17,2026-05-31,Stroke
10707,2541,108,13,2025-07-30,2026-07-13,Fracture
10708,176,124,3,2025-08-14,2026-02-18,Diabetes
10709,619,22,15,2025-05-04,2025-12-22,Cancer
10710,701,179,17,2025-07-03,2026-07-11,Pneumonia
10711,2731,117,15,2025-10-31,2026-03-03,Diabetes
10712,2306,48,15,2025-08-16,2026-06-29,Fracture
10713,1688,4,5,2025-08-25,2026-01-03,Cancer
10714,2876,127,15,2024-10-28,2026-07-29,Stroke
10715,3742,90,6,2025-10-08,2026-04-24,Cancer
10716,4334,166,15,2026-03-11,2026-07-28,Stroke
10717,4879,115,16,2025-09-07,2025-10-10,Asthma
10718,1202,219,1,2024-12-19,2026-08-11,Asthma
10719,94,78,9,2025-01-02,2025-02-23,Kidney Stones
10720,2091,50,2,2026-07-06,2026-07-29,Stroke
10721,4562,218,13,2025-02-12,2026-08-15,Kidney Stones
10722,2116,190,1,2026-05-17,2026-08-14,Asthma
10723,540,166,2,2025-09-07,2026-02-22,Kidney Stones
10724,3600,107,17,2025-04-26,2026-05-26,Cancer
10725,1975,203,15,2025-06-17,2026-05-08,Cancer
10726,3808,20,12,2026-03-02,2026-06-09,Fracture
10727,3890,56,16,2025-03-02,2025-09-01,Asthma
10728,2263,153,3,2025-09-01,2026-03-13,Hypertension
10729,2711,59,4,2026-04-09,2026-04-19,Cancer
10730,2853,8,6,2025-07-04,2026-01-09,Hypertension
10731,3837,142,16,2024-10-10,2025-04-10,Diabetes
10732,2292,54,16,2025-01-31,2025-08-07,Migraine
10733,4471,32,7,2026-08-03,2026-08-14,Cancer
10734,2336,75,3,2025-12-20,2026-05-31,Migraine
10735,75,53,9,2026-08-02,2026-08-05,Diabetes
10736,4651,63,17,2026-05-25,2026-07-21,Covid
10737,622,60,19,2026-03-01,2026-08-07,Pneumonia
10738,689,108,6,2026-04-16,2026-06-30,Migraine
10739,1465,52,4,2025-09-18,2026-04-18,Covid
10740,2500,193,4,2026-07-23,2026-07-28,Kidney Stones
10741,1224,75,15,2025-05-12,2026-03-31,Diabetes
10742,2002,207,19,2025-01-07,2025-09-27,Stroke
10743,2689,184,6,2024-10-24,2026-03-12,Stroke
10744,2122,145,4,2024-12-01,2026-05-14,Pneumonia
10745,2782,84,7,2025-11-01,2026-02-07,Diabetes
10746,3567,35,14,2026-03-18,2026-08-06,Covid
10747,1596,163,20,2024-08-07,2025-03-24,Pneumonia
10748,3233,190,15,2025-01-31,2026-04-13,Fracture
10749,4398,142,10,2024-12-03,2026-03-28,Asthma
10750,923,99,2,2024-12-02,2025-07-15,Kidney Stones
10751,2778,81,8,2024-10-13,2025-02-24,Hypertension
10752,3805,41,20,2026-05-10,2026-05-26,Diabetes
10753,4136,33,2,2025-11-02,2025-11-22,Asthma
10754,3610,205,2,2026-08-03,2026-08-14,Cancer
10755,2265,79,4,2024-09-30,2025-01-25,Fracture
10756,3968,120,6,2026-01-10,2026-04-14,Fracture
10757,553,95,12,2025-10-22,2026-05-08,Hypertension
10758,1947,14,2,2025-05-04,2025-07-28,Stroke
10759,3092,199,13,2024-09-20,2025-12-08,Migraine
10760,498,106,18,2026-07-01,2026-07-26,Migraine
10761,1983,6,10,2026-01-04,2026-07-14,Cancer
10762,3719,206,12,2025-12-19,2026-06-29,Hypertension
10763,3400,22,11,2025-05-29,2025-11-09,Asthma
10764,4548,72,19,2025-12-18,2026-06-26,Migraine
10765,1382,75,20,2024-11-22,2026-01-04,Kidney Stones
10766,4212,118,1,2025-07-09,2026-07-16,Pneumonia
10767,4229,65,19,2025-08-31,2026-02-11,Pneumonia
10768,271,157,20,2025-12-01,2025-12-12,Stroke
10769,3448,206,14,2024-10-02,2025-12-02,Fracture
10770,1917,234,15,2025-04-11,2026-03-23,Stroke
10771,4435,2,9,2025-05-19,2025-08-02,Cancer
10772,4158,155,10,2026-01-23,2026-06-27,Covid
10773,121,229,18,2025-04-17,2026-02-23,Fracture
10774,2372,211,4,2026-07-30,2026-08-08,Migraine
10775,4569,198,20,2025-05-07,2025-09-09,Cancer
10776,2715,130,9,2025-06-09,2025-10-20,Asthma
10777,4384,167,20,2025-05-19,2025-07-04,Kidney Stones
10778,1613,103,20,2026-01-05,2026-02-24,Asthma
10779,1491,42,6,2025-02-17,2026-06-12,Covid
10780,179,11,1,2024-10-27,2025-07-04,Covid
10781,4782,195,5,2025-11-30,2026-06-10,Asthma
10782,4443,231,20,2024-10-11,2025-11-28,Asthma
10783,773,206,16,2024-09-02,2024-10-10,Diabetes
10784,978,107,12,2025-06-20,2026-06-07,Covid
10785,3117,205,8,2026-02-07,2026-06-28,Covid
10786,2106,202,10,2024-10-02,2025-02-15,Migraine
10787,3843,170,18,2024-09-03,2025-05-22,Hypertension
10788,3259,189,11,2026-01-03,2026-01-29,Stroke
10789,3803,185,7,2025-10-16,2026-07-17,Migraine
10790,1641,156,13,2025-03-13,2026-08-11,Diabetes
10791,2110,146,12,2025-05-21,2026-08-06,Pneumonia
10792,2181,171,1,2026-03-16,2026-04-17,Pneumonia
10793,2678,23,18,2025-12-10,2026-05-12,Asthma
10794,3497,78,19,2026-05-16,2026-06-21,Fracture
10795,1531,134,20,2026-04-05,2026-07-04,Kidney Stones
10796,4038,134,6,2025-12-19,2025-12-29,Kidney Stones
10797,4420,189,20,2026-08-02,2026-08-17,Kidney Stones
10798,2727,118,5,2024-12-19,2026-02-16,Asthma
10799,66,180,2,2024-11-12,2024-12-07,Covid
10800,4497,216,12,2025-11-28,2026-02-02,Migraine
10801,3391,125,1,2024-08-08,2025-04-08,Diabetes
10802,2997,140,15,2025-11-15,2026-02-05,Diabetes
10803,2732,75,14,2025-08-12,2025-11-17,Covid
10804,2613,121,12,2026-07-04,2026-07-04,Stroke
10805,1232,111,9,2025-03-21,2025-10-08,Migraine
10806,3850,165,9,2026-03-30,2026-07-12,Cancer
10807,2673,249,18,2025-06-30,2026-06-07,Asthma
10808,2773,72,6,2025-07-24,2026-03-20,Covid
10809,3396,58,2,2026-03-14,2026-05-30,Asthma
10810,2649,20,11,2025-03-18,2026-01-27,Diabetes
10811,3038,47,11,2026-05-03,2026-08-03,Kidney Stones
10812,3527,244,6,2026-01-28,2026-03-29,Diabetes
10813,640,130,19,2025-01-20,2025-03-16,Fracture
10814,3309,128,5,2026-05-06,2026-05-24,Cancer
10815,2217,179,11,2024-08-11,2026-07-31,Cancer
10816,425,107,16,2026-04-29,2026-05-29,Fracture
10817,1198,148,10,2024-08-18,2025-03-17,Diabetes
10818,1261,53,12,2024-08-19,2024-11-22,Fracture
10819,2163,7,17,2025-11-24,2026-01-20,Covid
10820,4849,118,6,2025-08-18,2026-06-22,Asthma
10821,640,232,4,2026-02-09,2026-02-13,Migraine
10822,193,30,15,2025-06-30,2026-02-04,Asthma
10823,4288,187,18,2025-06-11,2026-06-05,Asthma
10824,312,44,16,2026-02-03,2026-05-19,Fracture
10825,3002,238,7,2024-11-30,2025-12-25,Pneumonia
10826,4473,7,6,2025-05-20,2025-06-28,Hypertension
10827,2136,238,20,2025-03-08,2025-04-10,Cancer
10828,3512,222,6,2026-07-09,2026-08-02,Cancer
10829,1300,116,20,2025-05-23,2025-08-23,Hypertension
10830,2437,89,14,2024-08-22,2025-02-12,Migraine
10831,4207,128,11,2026-07-26,2026-08-15,Stroke
10832,1605,92,8,2026-01-19,2026-08-03,Hypertension
10833,3766,213,13,2026-01-28,2026-08-17,Stroke
10834,4604,235,17,2025-02-15,2026-08-01,Cancer
10835,2191,77,2,2026-08-06,2026-08-11,Kidney Stones
10836,1236,66,10,2024-11-20,2026-03-07,Pneumonia
10837,4021,234,17,2025-05-11,2026-07-20,Migraine
10838,869,72,20,2024-10-26,2024-12-25,Covid
10839,1386,197,15,2025-06-08,2025-09-13,Asthma
10840,2129,83,12,2025-08-15,2025-09-05,Diabetes
10841,4947,228,19,2025-08-04,2025-12-06,Pneumonia
10842,557,103,9,2026-02-16,2026-06-26,Stroke
10843,2763,22,4,2026-01-12,2026-04-15,Pneumonia
10844,4818,170,18,2025-10-10,2025-10-29,Covid
10845,4767,92,12,2025-02-08,2025-09-10,Migraine
10846,351,197,11,2025-03-28,2025-12-14,Diabetes
10847,271,110,1,2025-06-22,2025-09-08,Kidney Stones
10848,4302,51,1,2026-02-08,2026-03-18,Stroke
10849,4305,231,11,2025-05-17,2026-04-18,Migraine
10850,4311,10,17,2025-05-07,2026-01-17,Cancer
10851,819,183,20,2025-02-01,2026-06-08,Kidney Stones
10852,1346,230,9,2024-09-08,2024-12-28,Kidney Stones
10853,848,164,1,2025-09-29,2026-02-12,Fracture
10854,1141,221,6,2025-12-30,2026-03-02,Pneumonia
10855,2764,130,3,2025-09-03,2026-01-19,Diabetes
10856,10,90,12,2025-06-01,2025-11-12,Stroke
10857,3958,121,14,2024-12-14,2026-05-30,Pneumonia
10858,2017,239,19,2025-07-28,2025-09-10,Migraine
10859,4086,147,18,2025-07-02,2026-07-08,Stroke
10860,4526,129,6,2025-10-22,2026-04-30,Hypertension
10861,1788,188,5,2025-06-23,2025-06-23,Covid
10862,3831,38,3,2026-06-17,2026-07-06,Migraine
10863,1579,81,16,2025-06-21,2026-07-18,Stroke
10864,4583,56,2,2024-08-12,2026-01-30,Kidney Stones
10865,2322,187,4,2024-10-14,2025-05-31,Diabetes
10866,3617,63,4,2025-04-25,2026-05-13,Covid
10867,1722,61,8,2025-02-05,2026-07-29,Hypertension
10868,2141,51,17,2024-12-29,2026-07-15,Migraine
10869,607,68,9,2026-03-29,2026-04-29,Cancer
10870,1582,118,15,2024-11-14,2025-08-17,Kidney Stones
10871,4021,8,13,2024-10-23,2026-03-09,Hypertension
10872,3082,100,6,2026-05-11,2026-05-11,Kidney Stones
10873,2900,142,15,2025-03-08,2025-07-06,Fracture
10874,459,179,12,2024-12-18,2025-12-15,Hypertension
10875,3150,155,10,2025-12-17,2026-06-05,Kidney Stones
10876,3191,57,7,2025-12-12,2026-06-03,Asthma
10877,4909,165,17,2025-08-08,2026-07-20,Diabetes
10878,1165,209,16,2024-10-03,2026-06-08,Pneumonia
10879,566,21,16,2026-04-06,2026-08-03,Fracture
10880,1316,135,6,2026-02-16,2026-03-25,Stroke
10881,43,51,20,2026-06-05,2026-07-26,Kidney Stones
10882,810,34,7,2025-08-25,2026-06-25,Hypertension
10883,4888,157,10,2024-10-14,2026-01-05,Diabetes
10884,3030,10,15,2025-03-17,2025-04-22,Pneumonia
10885,1347,40,7,2025-07-01,2025-11-22,Kidney Stones
10886,308,209,14,2026-06-13,2026-07-10,Fracture
10887,2448,131,13,2025-10-26,2026-01-01,Kidney Stones
10888,3382,170,11,2025-03-25,2025-10-02,Cancer
10889,1050,2,12,2025-02-10,2025-09-26,Kidney Stones
10890,1077,162,15,2025-01-20,2026-06-10,Stroke
10891,4703,135,14,2025-03-26,2026-07-06,Cancer
10892,4827,139,2,2024-11-17,2025-02-28,Asthma
10893,4416,247,3,2025-12-12,2026-02-23,Diabetes
10894,4371,55,1,2025-09-12,2026-02-24,Diabetes
10895,2782,75,11,2024-08-23,2025-04-06,Pneumonia
10896,340,221,11,2025-09-28,2026-07-12,Stroke
10897,3340,149,16,2026-01-07,2026-06-01,Fracture
10898,3294,231,11,2025-03-20,2026-02-05,Migraine
10899,2621,186,18,2025-03-24,2025-09-24,Stroke
10900,3223,199,19,2025-06-04,2025-11-14,Hypertension
10901,3056,13,13,2025-03-20,2026-07-08,Migraine
10902,2462,190,20,2026-02-12,2026-07-30,Migraine
10903,3979,200,7,2024-08-18,2025-08-13,Hypertension
10904,4181,150,5,2025-09-26,2026-02-26,Pneumonia
10905,4101,247,13,2025-01-22,2025-07-19,Diabetes
10906,1182,188,10,2026-07-25,2026-08-07,Hypertension
10907,1887,224,18,2026-04-06,2026-07-27,Migraine
10908,3095,64,11,2025-12-09,2026-06-11,Migraine
10909,4846,164,7,2025-04-09,2026-01-26,Pneumonia
10910,1307,222,5,2025-03-01,2025-03-21,Hypertension
10911,389,118,20,2026-06-29,2026-07-13,Asthma
10912,923,129,14,2024-12-21,2025-10-02,Pneumonia
10913,1919,4,5,2026-03-02,2026-05-05,Fracture
10914,3073,47,10,2026-04-17,2026-07-22,Diabetes
10915,4946,201,16,2025-03-17,2026-05-04,Fracture
10916,942,78,5,2025-04-06,2025-07-22,Pneumonia
10917,3612,6,11,2024-09-01,2025-01-28,Diabetes
10918,2874,186,19,2026-04-26,2026-05-28,Cancer
10919,800,188,18,2026-02-15,2026-05-14,Migraine
10920,3583,216,10,2024-09-13,2026-03-23,Diabetes
10921,589,118,5,2025-07-18,2025-10-11,Stroke
10922,1085,10,7,2026-06-23,2026-08-14,Fracture
10923,4469,20,1,2025-11-17,2026-02-05,Migraine
10924,2046,110,1,2024-09-10,2024-11-13,Fracture
10925,3402,232,9,2025-08-09,2026-07-15,Cancer
10926,1864,48,10,2025-01-03,2025-05-19,Covid
10927,761,61,9,2026-03-04,2026-04-17,Stroke
10928,71,235,17,2026-04-13,2026-06-30,Diabetes
10929,3829,224,13,2025-12-15,2026-02-25,Pneumonia
10930,4617,89,4,2025-02-03,2025-04-27,Migraine
10931,761,79,16,2025-07-13,2026-05-14,Kidney Stones
10932,4530,72,7,2025-11-04,2026-02-25,Migraine
10933,555,108,16,2025-04-08,2026-05-08,Asthma
10934,2127,123,9,2025-07-27,2026-03-23,Cancer
10935,3649,208,8,2025-07-14,2025-07-21,Migraine
10936,2420,107,4,2025-10-09,2026-07-22,Fracture
10937,146,144,7,2025-07-09,2026-05-14,Stroke
10938,45,4,10,2026-01-21,2026-01-21,Migraine
10939,1949,176,14,2026-05-19,2026-06-21,Hypertension
10940,4320,170,10,2024-09-04,2025-01-08,Diabetes
10941,922,211,12,2025-05-05,2025-12-28,Fracture
10942,362,25,19,2026-05-04,2026-06-30,Diabetes
10943,4859,148,13,2026-05-02,2026-05-12,Fracture
10944,3759,91,10,2026-07-02,2026-07-13,Pneumonia
10945,4147,95,5,2024-12-16,2025-04-03,Migraine
10946,4398,113,7,2026-04-18,2026-05-27,Migraine
10947,2135,53,3,2025-11-04,2026-02-20,Migraine
10948,958,64,4,2025-07-07,2025-09-22,Migraine
10949,4486,75,11,2025-04-12,2026-04-01,Covid
10950,2387,44,14,2024-12-02,2025-01-30,Migraine
10951,4939,32,20,2024-12-04,2025-11-06,Migraine
10952,840,66,2,2026-01-25,2026-02-09,Kidney Stones
10953,2378,199,15,2026-02-22,2026-08-05,Migraine
10954,1914,181,17,2025-05-29,2025-07-27,Diabetes
10955,3180,80,5,2025-06-29,2026-03-09,Asthma
10956,4995,109,8,2025-02-22,2026-01-06,Stroke
10957,1074,39,20,2024-11-03,2025-02-11,Diabetes
10958,2381,180,10,2024-08-31,2025-08-21,Stroke
10959,3098,180,15,2024-09-18,2025-03-28,Diabetes
10960,3724,54,13,2025-06-23,2026-07-28,Fracture
10961,2121,51,11,2025-11-12,2026-01-20,Kidney Stones
10962,4495,217,8,2025-03-22,2026-05-09,Covid
10963,2554,180,5,2024-09-29,2025-12-10,Fracture
10964,2107,214,9,2025-12-24,2025-12-29,Fracture
10965,773,204,4,2026-07-06,2026-08-05,Hypertension
10966,3975,90,4,2024-10-24,2025-10-22,Asthma
10967,1657,87,17,2024-09-24,2025-07-30,Covid
10968,2738,63,3,2025-08-27,2025-11-08,Fracture
10969,4579,134,8,2025-04-14,2026-03-02,Kidney Stones
10970,1901,11,14,2025-02-20,2025-08-22,Kidney Stones
10971,725,84,14,2024-09-16,2025-08-06,Fracture
10972,863,174,17,2024-08-15,2024-10-30,Fracture
10973,2988,122,5,2025-05-14,2025-12-22,Stroke
10974,677,211,18,2026-04-10,2026-07-09,Covid
10975,4044,22,10,2024-09-21,2024-10-31,Migraine
10976,4729,123,3,2026-05-12,2026-05-14,Pneumonia
10977,812,98,16,2026-06-07,2026-07-21,Cancer
10978,3145,248,20,2025-10-22,2025-12-20,Hypertension
10979,491,100,6,2026-07-06,2026-08-06,Cancer
10980,4306,137,10,2026-08-02,2026-08-10,Fracture
10981,2832,246,4,2025-09-16,2026-05-16,Kidney Stones
10982,560,109,6,2026-07-14,2026-07-26,Fracture
10983,2796,39,14,2025-12-15,2026-04-19,Migraine
10984,2436,248,16,2024-10-04,2025-06-12,Cancer
10985,530,85,17,2026-01-24,2026-03-08,Asthma
10986,3059,132,17,2026-02-06,2026-05-18,Hypertension
10987,3759,168,6,2025-06-26,2025-07-18,Migraine
10988,4836,5,10,2024-09-24,2025-09-16,Kidney Stones
10989,2745,20,1,2024-12-05,2026-06-18,Covid
10990,4573,95,10,2026-01-21,2026-04-07,Diabetes
10991,835,189,15,2024-12-04,2026-03-09,Fracture
10992,1942,74,6,2024-12-02,2025-07-31,Pneumonia
10993,1541,73,13,2025-02-01,2025-09-28,Asthma
10994,1121,105,11,2026-04-14,2026-05-11,Pneumonia
10995,4324,45,12,2026-07-21,2026-08-08,Cancer
10996,1841,65,15,2026-06-03,2026-07-31,Fracture
10997,2269,40,15,2025-02-10,2026-02-24,Kidney Stones
10998,4590,105,1,2025-03-17,2025-05-23,Fracture
10999,1049,196,14,2024-08-27,2026-04-06,Migraine
11000,3557,102,4,2025-12-22,2026-05-22,Covid
11001,1483,242,9,2025-02-11,2025-11-09,Hypertension
11002,1981,47,3,2025-10-04,2026-07-02,Stroke
11003,1500,66,6,2024-10-09,2025-05-03,Fracture
11004,3505,69,3,2025-04-05,2026-06-18,Asthma
11005,1422,217,8,2025-01-17,2025-02-14,Migraine
11006,4620,51,14,2024-09-14,2025-07-23,Hypertension
11007,4357,217,18,2026-04-08,2026-05-21,Stroke
11008,1276,159,3,2024-10-05,2025-05-14,Kidney Stones
11009,2617,168,4,2024-12-11,2025-12-28,Migraine
11010,3995,190,9,2025-09-01,2026-03-19,Hypertension
11011,2875,84,13,2024-08-18,2026-05-24,Stroke
11012,2955,246,2,2026-01-17,2026-06-11,Cancer
11013,2263,46,2,2025-07-17,2026-04-11,Pneumonia
11014,2403,215,20,2025-09-20,2026-08-09,Kidney Stones
11015,4953,139,18,2024-10-23,2026-02-13,Fracture
11016,2266,69,15,2025-02-11,2025-08-01,Hypertension
11017,3585,217,2,2026-02-07,2026-04-20,Kidney Stones
11018,3763,102,17,2025-01-19,2025-09-07,Migraine
11019,3206,192,17,2024-09-15,2025-10-05,Pneumonia
11020,49,135,17,2026-05-27,2026-06-21,Diabetes
11021,3304,20,2,2024-08-09,2024-12-25,Diabetes
11022,1182,204,3,2026-07-27,2026-07-27,Pneumonia
11023,2506,212,19,2025-09-18,2025-12-23,Covid
11024,4395,235,5,2025-07-08,2025-08-28,Fracture
11025,691,80,18,2025-03-17,2026-08-03,Migraine
11026,4309,174,17,2026-04-23,2026-05-01,Covid
11027,1442,166,9,2025-04-19,2025-06-10,Pneumonia
11028,1990,110,9,2024-12-14,2025-09-21,Fracture
11029,3339,16,4,2024-11-11,2025-04-14,Migraine
11030,3711,165,15,2024-12-17,2025-09-17,Asthma
11031,2567,47,9,2024-11-17,2025-04-28,Fracture
11032,4912,154,9,2025-11-29,2026-05-25,Migraine
11033,3854,36,5,2025-01-07,2025-09-27,Diabetes
11034,861,176,17,2025-03-29,2026-03-11,Cancer
11035,2708,100,6,2026-04-26,2026-07-14,Migraine
11036,2330,209,1,2025-10-03,2026-04-22,Pneumonia
11037,2475,200,18,2024-12-30,2025-04-30,Asthma
11038,4534,1,11,2024-10-20,2024-12-21,Migraine
11039,1085,213,17,2025-08-26,2025-10-28,Covid
11040,1554,78,5,2025-09-04,2025-09-22,Covid
11041,664,222,18,2024-09-22,2026-03-01,Diabetes
11042,1423,114,5,2025-12-24,2026-03-23,Hypertension
11043,1385,175,12,2025-04-18,2026-01-15,Pneumonia
11044,4026,188,15,2025-03-08,2026-05-15,Migraine
11045,786,93,12,2025-12-31,2026-08-09,Kidney Stones
11046,4596,158,14,2025-10-08,2026-07-04,Asthma
11047,1548,69,10,2026-03-31,2026-07-26,Cancer
11048,3502,215,15,2025-12-08,2026-04-28,Asthma
11049,1531,192,6,2024-11-16,2025-11-26,Fracture
11050,3325,164,9,2025-05-23,2025-11-26,Stroke
11051,4497,220,9,2024-09-04,2025-12-06,Pneumonia
11052,997,245,7,2025-07-11,2026-07-13,Asthma
11053,1746,45,11,2026-04-23,2026-08-17,Kidney Stones
11054,2015,108,4,2025-04-16,2026-04-24,Diabetes
11055,3466,38,6,2026-02-08,2026-07-18,Cancer
11056,2471,190,14,2024-08-29,2026-07-17,Asthma
11057,3487,191,19,2025-01-26,2025-12-16,Diabetes
11058,36,117,17,2025-04-05,2026-07-29,Covid
11059,2153,35,13,2025-05-19,2026-02-20,Asthma
11060,1290,176,17,2026-05-12,2026-06-23,Stroke
11061,2473,153,7,2024-12-23,2025-08-20,Asthma
11062,464,132,1,2025-06-05,2026-04-13,Migraine
11063,598,243,12,2025-12-11,2026-05-24,Kidney Stones
11064,742,181,15,2025-06-02,2025-12-10,Kidney Stones
11065,4409,70,1,2025-08-26,2026-05-27,Diabetes
11066,216,131,1,2025-07-11,2025-11-21,Migraine
11067,4687,239,20,2026-03-12,2026-06-01,Covid
11068,4298,22,2,2024-12-20,2026-05-03,Migraine
11069,4555,25,3,2026-06-19,2026-07-27,Covid
11070,517,179,13,2026-07-03,2026-07-10,Kidney Stones
11071,3436,1,19,2025-05-21,2025-12-01,Fracture
11072,2708,185,13,2025-11-20,2026-04-13,Fracture
11073,3074,202,1,2024-09-08,2025-08-06,Diabetes
11074,4739,119,20,2026-06-18,2026-06-22,Diabetes
11075,4372,195,5,2026-08-05,2026-08-11,Migraine
11076,2045,110,16,2025-11-24,2025-12-18,Hypertension
11077,2662,89,19,2024-12-09,2026-01-29,Fracture
11078,815,193,18,2025-04-21,2026-02-24,Kidney Stones
11079,4854,192,20,2026-05-25,2026-07-15,Hypertension
11080,975,168,9,2025-06-18,2025-07-04,Stroke
11081,1100,21,6,2025-03-25,2026-07-13,Stroke
11082,1620,189,5,2026-03-20,2026-06-25,Asthma
11083,4933,109,20,2026-01-19,2026-06-25,Migraine
11084,54,46,7,2026-01-01,2026-06-07,Hypertension
11085,73,240,10,2024-12-01,2026-04-26,Hypertension
11086,2580,241,20,2025-07-02,2026-07-17,Kidney Stones
11087,2760,169,2,2026-05-02,2026-06-09,Cancer
11088,481,133,13,2025-02-15,2026-03-10,Asthma
11089,4165,63,4,2026-07-27,2026-08-13,Pneumonia
11090,1196,167,17,2024-11-28,2025-07-04,Migraine
11091,2127,216,9,2024-09-30,2026-05-05,Asthma
11092,3906,77,14,2024-09-06,2026-07-14,Kidney Stones
11093,130,142,20,2025-06-29,2026-03-17,Covid
11094,1992,38,16,2026-03-26,2026-08-06,Diabetes
11095,498,86,6,2024-11-23,2026-07-31,Hypertension
11096,3814,27,11,2025-12-29,2026-04-11,Covid
11097,4622,235,20,2024-09-12,2025-02-17,Stroke
11098,2768,234,8,2026-06-06,2026-06-18,Fracture
11099,2213,42,18,2025-04-13,2026-03-23,Hypertension
11100,2294,78,8,2025-01-05,2025-10-01,Hypertension
11101,2904,189,9,2025-09-28,2025-12-12,Asthma
11102,3334,109,9,2024-12-05,2026-03-27,Cancer
11103,3242,131,1,2026-01-25,2026-05-05,Asthma
11104,2207,49,18,2025-03-14,2026-05-08,Hypertension
11105,2821,162,9,2024-12-22,2025-05-17,Diabetes
11106,4766,111,2,2024-08-25,2024-11-09,Stroke
11107,1659,216,12,2025-12-14,2026-04-30,Cancer
11108,2518,133,16,2025-08-03,2026-07-13,Pneumonia
11109,3090,246,20,2026-07-26,2026-07-31,Stroke
11110,760,25,12,2025-07-29,2025-10-28,Diabetes
11111,2779,20,20,2025-09-25,2026-05-03,Cancer
11112,4925,182,12,2026-05-10,2026-05-25,Fracture
11113,3646,182,6,2026-01-26,2026-05-22,Kidney Stones
11114,1689,223,6,2026-03-27,2026-04-14,Fracture
11115,218,143,13,2024-09-05,2026-04-01,Fracture
11116,4044,174,2,2026-03-08,2026-06-12,Hypertension
11117,1550,171,6,2025-02-08,2025-07-18,Kidney Stones
11118,1715,182,5,2025-01-19,2025-06-05,Cancer
11119,3451,110,1,2026-05-30,2026-08-10,Asthma
11120,33,165,17,2025-06-19,2025-08-14,Pneumonia
11121,2378,97,4,2024-08-22,2024-11-22,Kidney Stones
11122,1375,192,11,2025-09-10,2026-06-09,Pneumonia
11123,1495,49,20,2025-12-20,2026-02-24,Kidney Stones
11124,1886,54,2,2025-12-07,2026-01-06,Cancer
11125,51,136,4,2025-08-27,2026-03-13,Fracture
11126,703,65,20,2025-02-16,2025-10-01,Pneumonia
11127,111,201,15,2025-01-24,2026-06-06,Diabetes
11128,3400,213,5,2026-02-15,2026-06-27,Migraine
11129,3651,183,10,2025-08-06,2025-08-24,Fracture
11130,3281,137,10,2026-03-05,2026-05-18,Hypertension
11131,2555,57,1,2025-02-13,2025-07-28,Kidney Stones
11132,4753,222,8,2024-11-27,2024-12-19,Diabetes
11133,2609,93,11,2025-05-23,2026-03-09,Diabetes
11134,1495,87,4,2026-07-30,2026-08-03,Diabetes
11135,2685,96,5,2025-08-04,2025-09-21,Diabetes
11136,2391,51,11,2026-07-16,2026-07-22,Diabetes
11137,1262,112,19,2026-06-13,2026-07-15,Stroke
11138,4892,102,7,2026-04-23,2026-08-15,Cancer
11139,1976,219,20,2025-10-01,2026-04-12,Stroke
11140,2587,134,11,2025-07-10,2026-01-04,Covid
11141,3779,216,5,2024-10-02,2026-06-17,Stroke
11142,1268,173,7,2026-03-09,2026-04-30,Cancer
11143,2593,208,17,2025-03-07,2025-06-16,Cancer
11144,2192,138,13,2025-02-24,2025-04-07,Stroke
11145,3005,4,12,2025-08-13,2026-08-01,Pneumonia
11146,810,226,15,2026-02-08,2026-06-30,Diabetes
11147,2260,115,6,2025-07-05,2026-06-27,Diabetes
11148,2582,198,19,2026-02-27,2026-05-14,Fracture
11149,4835,29,13,2026-02-01,2026-06-21,Diabetes
11150,4039,54,2,2026-04-14,2026-04-24,Fracture
11151,200,29,2,2025-04-01,2025-04-07,Covid
11152,762,9,11,2025-10-25,2026-01-29,Diabetes
11153,326,157,19,2025-01-28,2025-05-22,Cancer
11154,1353,129,11,2025-08-05,2026-05-12,Stroke
11155,236,38,11,2026-06-15,2026-08-04,Fracture
11156,3981,64,2,2026-03-19,2026-07-21,Pneumonia
11157,117,114,5,2026-02-08,2026-05-22,Migraine
11158,681,243,1,2025-07-02,2025-09-28,Pneumonia
11159,4236,197,8,2025-09-11,2026-03-09,Pneumonia
11160,4567,69,20,2024-10-02,2026-01-27,Kidney Stones
11161,3619,11,13,2025-01-22,2026-06-03,Stroke
11162,2094,157,2,2024-10-22,2026-07-05,Migraine
11163,1211,182,9,2025-05-18,2026-06-08,Asthma
11164,2020,133,1,2025-05-02,2025-10-14,Pneumonia
11165,4015,164,5,2025-03-15,2025-04-21,Covid
11166,2959,168,11,2024-08-07,2026-02-17,Cancer
11167,2937,67,19,2025-04-06,2026-02-11,Stroke
11168,3551,19,3,2026-06-09,2026-07-25,Asthma
11169,2040,179,5,2025-09-01,2026-01-04,Kidney Stones
11170,4213,63,12,2025-06-28,2026-07-12,Covid
11171,3572,219,9,2024-08-11,2026-06-08,Migraine
11172,1490,125,15,2026-03-10,2026-07-16,Kidney Stones
11173,255,60,17,2025-05-15,2025-07-21,Cancer
11174,4895,133,18,2026-04-27,2026-07-09,Stroke
11175,3614,1,20,2026-03-22,2026-08-08,Covid
11176,2273,40,16,2025-05-21,2025-11-03,Covid
11177,1290,73,8,2026-03-31,2026-04-16,Cancer
11178,83,55,3,2024-10-04,2026-02-01,Pneumonia
11179,3273,16,17,2024-11-07,2026-04-01,Pneumonia
11180,225,72,8,2026-05-12,2026-06-13,Fracture
11181,4821,164,13,2026-04-17,2026-07-27,Cancer
11182,988,235,4,2026-07-24,2026-07-28,Fracture
11183,4285,81,4,2025-06-01,2025-07-03,Hypertension
11184,57,232,19,2024-12-08,2026-07-19,Pneumonia
11185,1921,81,14,2025-01-17,2025-06-30,Covid
11186,2883,195,11,2026-06-27,2026-07-30,Asthma
11187,1419,151,11,2024-10-07,2025-11-28,Stroke
11188,1512,215,3,2026-02-10,2026-04-18,Pneumonia
11189,4573,161,16,2024-08-27,2025-01-08,Cancer
11190,171,17,5,2025-08-24,2026-01-31,Kidney Stones
11191,1055,160,11,2025-09-25,2026-05-12,Diabetes
11192,2586,244,8,2025-10-12,2026-08-06,Diabetes
11193,2244,190,3,2025-12-03,2026-01-29,Migraine
11194,373,23,1,2025-02-16,2026-03-04,Diabetes
11195,1221,234,13,2024-11-03,2025-03-18,Diabetes
11196,2079,190,18,2025-08-23,2026-01-03,Cancer
11197,4550,227,6,2025-05-28,2026-04-02,Pneumonia
11198,2794,114,7,2025-04-17,2025-12-21,Kidney Stones
11199,777,1,18,2025-01-01,2025-12-24,Kidney Stones
11200,2297,69,15,2025-04-20,2026-01-02,Asthma
11201,4893,185,10,2026-06-13,2026-07-15,Diabetes
11202,3467,166,4,2026-03-15,2026-07-31,Asthma
11203,4644,45,7,2025-10-22,2026-01-18,Cancer
11204,4964,127,5,2025-03-25,2026-06-06,Migraine
11205,300,5,15,2025-11-29,2026-06-06,Migraine
11206,3712,131,9,2024-11-13,2025-09-09,Diabetes
11207,500,164,12,2025-01-30,2026-08-08,Diabetes
11208,3750,19,11,2025-04-02,2025-12-27,Diabetes
11209,3776,244,11,2024-09-24,2026-04-12,Fracture
11210,2676,242,18,2025-05-04,2025-07-22,Hypertension
11211,3087,204,11,2024-11-03,2025-02-03,Cancer
11212,4424,51,2,2026-05-10,2026-06-06,Stroke
11213,4400,39,20,2026-05-09,2026-08-16,Pneumonia
11214,1243,218,5,2025-11-08,2026-03-17,Stroke
11215,893,106,16,2025-01-19,2026-05-19,Hypertension
11216,118,8,10,2024-12-16,2025-03-06,Cancer
11217,3120,204,5,2026-02-16,2026-05-30,Covid
11218,843,194,5,2025-04-03,2025-08-19,Covid
11219,2890,249,7,2024-10-08,2026-03-29,Migraine
11220,1949,8,14,2024-12-13,2026-02-20,Fracture
11221,4639,173,5,2026-02-14,2026-06-18,Asthma
11222,4620,55,6,2026-03-07,2026-04-20,Covid
11223,4323,88,13,2025-12-13,2026-04-22,Cancer
11224,3329,233,11,2025-06-19,2026-06-18,Migraine
11225,711,247,19,2026-07-07,2026-07-23,Kidney Stones
11226,4477,49,13,2025-12-13,2026-07-11,Diabetes
11227,185,209,15,2025-12-04,2026-04-01,Migraine
11228,1365,164,15,2024-09-08,2026-08-09,Asthma
11229,365,36,8,2025-05-06,2026-04-04,Migraine
11230,3299,129,17,2025-01-17,2026-03-12,Fracture
11231,4199,73,19,2025-04-03,2025-10-06,Hypertension
11232,2209,99,7,2025-06-05,2026-01-23,Stroke
11233,320,193,14,2026-04-28,2026-07-16,Diabetes
11234,2326,97,18,2025-05-07,2026-06-26,Covid
11235,3096,126,9,2025-07-20,2026-06-20,Migraine
11236,3964,146,3,2026-06-25,2026-08-09,Stroke
11237,2387,25,6,2025-12-28,2026-07-11,Migraine
11238,3671,118,20,2024-11-23,2025-04-27,Covid
11239,1878,169,14,2024-11-24,2025-02-02,Pneumonia
11240,2334,67,6,2025-08-18,2026-02-04,Pneumonia
11241,952,31,19,2024-11-08,2025-09-13,Hypertension
11242,3165,20,1,2026-02-22,2026-06-18,Kidney Stones
11243,637,109,15,2025-03-19,2026-04-02,Fracture
11244,724,195,15,2025-05-14,2025-12-05,Pneumonia
11245,4141,10,17,2025-02-22,2026-03-10,Kidney Stones
11246,82,157,10,2026-03-06,2026-07-28,Hypertension
11247,700,126,13,2025-07-23,2025-09-14,Diabetes
11248,1368,9,1,2024-12-02,2026-02-02,Hypertension
11249,1282,102,11,2025-12-29,2026-05-13,Stroke
11250,4899,76,19,2026-02-19,2026-03-24,Migraine
11251,4998,235,15,2025-10-03,2026-02-27,Kidney Stones
11252,3911,218,6,2025-10-23,2025-12-21,Asthma
11253,1211,222,9,2026-08-04,2026-08-05,Asthma
11254,2894,199,9,2024-12-31,2025-01-21,Stroke
11255,239,72,18,2026-04-17,2026-05-13,Migraine
11256,2092,182,19,2026-02-04,2026-06-18,Asthma
11257,4804,64,17,2026-03-10,2026-04-19,Cancer
11258,2669,174,7,2025-12-05,2026-02-05,Cancer
11259,1115,8,20,2025-12-16,2026-04-21,Pneumonia
11260,4970,98,5,2026-04-21,2026-06-29,Covid
11261,2627,222,4,2025-10-26,2026-03-09,Stroke
11262,2913,56,13,2025-08-21,2026-03-20,Kidney Stones
11263,195,135,3,2025-11-28,2026-01-09,Asthma
11264,1673,114,18,2026-08-01,2026-08-15,Hypertension
11265,824,149,19,2024-11-25,2025-06-09,Stroke
11266,1462,165,5,2026-05-19,2026-08-14,Migraine
11267,3530,118,20,2026-02-17,2026-05-06,Migraine
11268,1006,55,8,2025-03-24,2026-04-27,Pneumonia
11269,1582,208,20,2026-04-11,2026-06-08,Migraine
11270,4550,196,4,2024-10-18,2026-05-28,Cancer
11271,2998,83,4,2025-12-03,2026-05-21,Hypertension
11272,4999,159,3,2025-08-18,2026-07-02,Stroke
11273,4893,106,20,2025-12-29,2026-07-21,Cancer
11274,2927,111,15,2026-05-05,2026-06-17,Pneumonia
11275,2561,214,9,2025-08-31,2026-01-27,Pneumonia
11276,577,131,18,2025-01-03,2025-03-24,Hypertension
11277,1403,205,7,2026-03-29,2026-06-06,Fracture
11278,1717,161,18,2024-12-06,2025-10-22,Migraine
11279,806,7,2,2026-04-10,2026-07-02,Covid
11280,1957,17,9,2026-06-14,2026-08-02,Fracture
11281,977,132,11,2025-03-22,2026-03-11,Migraine
11282,3072,27,3,2025-07-30,2026-01-26,Kidney Stones
11283,3722,245,11,2025-03-09,2026-03-17,Hypertension
11284,3896,243,18,2025-07-17,2026-08-14,Kidney Stones
11285,792,250,14,2025-02-15,2026-04-29,Hypertension
11286,2270,238,12,2025-05-07,2025-12-11,Pneumonia
11287,3391,212,16,2026-04-29,2026-07-11,Covid
11288,4817,143,15,2025-06-07,2026-05-19,Asthma
11289,4632,107,4,2024-08-19,2024-11-11,Asthma
11290,470,169,16,2024-09-01,2025-12-20,Migraine
11291,3577,93,18,2026-05-05,2026-07-20,Pneumonia
11292,4748,144,5,2026-01-17,2026-05-11,Fracture
11293,4658,77,3,2025-02-01,2025-02-03,Asthma
11294,1913,169,4,2026-07-13,2026-07-26,Hypertension
11295,2207,214,8,2024-08-24,2026-01-23,Stroke
11296,918,2,12,2025-07-26,2026-03-07,Diabetes
11297,4504,36,6,2025-05-16,2026-02-24,Hypertension
11298,3289,30,17,2025-07-12,2026-05-09,Pneumonia
11299,2394,8,16,2024-12-20,2026-06-02,Diabetes
11300,3290,79,7,2025-02-28,2025-04-02,Cancer
11301,3609,109,11,2025-12-12,2026-07-06,Stroke
11302,3929,155,1,2025-05-10,2026-05-23,Covid
11303,462,182,8,2025-10-10,2026-05-05,Pneumonia
11304,1140,15,7,2025-09-23,2025-12-16,Hypertension
11305,3965,14,11,2025-03-26,2025-12-20,Diabetes
11306,3521,98,5,2026-05-30,2026-07-07,Stroke
11307,4805,103,9,2026-07-09,2026-08-13,Kidney Stones
11308,2829,128,2,2025-09-18,2026-03-16,Diabetes
11309,468,150,7,2025-01-01,2025-03-18,Stroke
11310,3530,167,3,2025-04-02,2025-12-06,Kidney Stones
11311,2854,159,12,2025-06-13,2026-04-05,Hypertension
11312,414,46,9,2025-01-06,2026-01-23,Cancer
11313,46,47,5,2025-10-26,2026-07-16,Asthma
11314,94,161,8,2024-10-18,2026-01-16,Asthma
11315,1351,163,17,2026-06-24,2026-08-10,Hypertension
11316,1185,50,18,2026-03-24,2026-06-21,Hypertension
11317,780,146,15,2025-05-23,2025-11-16,Asthma
11318,3263,221,13,2025-06-03,2025-06-19,Cancer
11319,2825,37,6,2025-04-02,2025-05-15,Cancer
11320,3269,133,4,2025-11-07,2026-03-15,Stroke
11321,2792,39,20,2024-08-25,2025-12-06,Cancer
11322,476,46,16,2026-02-21,2026-05-06,Pneumonia
11323,2478,13,16,2024-12-21,2026-01-18,Cancer
11324,4064,228,19,2025-02-01,2025-06-05,Stroke
11325,542,152,17,2025-07-27,2026-04-17,Kidney Stones
11326,4341,97,14,2025-05-09,2026-01-11,Diabetes
11327,3860,127,7,2025-05-29,2025-06-03,Hypertension
11328,785,183,3,2025-09-05,2026-06-19,Diabetes
11329,3508,155,8,2024-12-18,2026-02-01,Asthma
11330,2856,162,1,2025-06-20,2026-04-12,Fracture
11331,2227,45,6,2026-02-13,2026-08-11,Hypertension
11332,1699,47,2,2025-11-30,2026-06-12,Pneumonia
11333,4740,250,5,2025-02-26,2025-12-04,Kidney Stones
11334,1600,231,15,2024-09-27,2026-01-07,Stroke
11335,1724,119,7,2026-04-08,2026-07-03,Asthma
11336,87,41,4,2025-09-26,2025-10-16,Covid
11337,3818,58,19,2025-03-27,2026-07-20,Covid
11338,1256,180,11,2025-06-26,2026-01-10,Stroke
11339,2303,92,8,2024-12-01,2025-08-26,Cancer
11340,1049,46,7,2025-08-19,2025-09-19,Hypertension
11341,3507,73,17,2025-01-08,2026-04-29,Diabetes
11342,708,32,8,2025-07-20,2026-06-15,Asthma
11343,3422,4,16,2024-11-18,2025-03-10,Stroke
11344,1869,249,9,2025-12-24,2026-02-04,Hypertension
11345,3662,244,15,2026-07-07,2026-08-05,Cancer
11346,2200,73,3,2025-06-27,2025-09-02,Hypertension
11347,4947,39,18,2026-03-09,2026-06-20,Asthma
11348,1580,31,4,2026-06-01,2026-06-28,Migraine
11349,4815,217,4,2026-05-07,2026-05-15,Fracture
11350,1253,219,14,2024-11-30,2026-03-02,Hypertension
11351,2094,51,2,2026-04-11,2026-07-16,Stroke
11352,3323,242,15,2025-03-01,2025-05-26,Pneumonia
11353,3002,191,15,2024-09-04,2025-07-25,Hypertension
11354,2024,16,8,2025-04-03,2026-07-13,Pneumonia
11355,2771,44,5,2025-03-25,2025-09-25,Pneumonia
11356,2473,237,16,2026-06-26,2026-07-27,Kidney Stones
11357,3310,174,19,2025-11-10,2026-07-21,Migraine
11358,2781,189,9,2025-03-22,2026-02-03,Fracture
11359,1085,134,14,2025-11-15,2026-02-12,Hypertension
11360,3677,193,20,2026-01-12,2026-04-17,Hypertension
11361,1821,202,12,2025-04-19,2026-01-07,Diabetes
11362,1144,88,11,2026-07-05,2026-07-14,Cancer
11363,2228,8,12,2026-06-10,2026-08-02,Stroke
11364,1143,147,9,2025-12-02,2026-04-10,Pneumonia
11365,917,223,13,2024-10-30,2026-03-18,Migraine
11366,3764,147,17,2024-09-11,2025-11-17,Covid
11367,2384,35,7,2025-05-15,2026-03-13,Migraine
11368,4711,17,17,2025-10-28,2026-06-29,Covid
11369,3476,127,10,2025-04-08,2026-07-26,Hypertension
11370,1774,65,11,2025-10-18,2026-03-10,Kidney Stones
11371,2628,142,13,2025-07-17,2025-11-01,Kidney Stones
11372,536,106,20,2025-10-16,2026-07-22,Diabetes
11373,3473,113,11,2024-09-27,2026-02-03,Fracture
11374,3206,127,13,2025-08-26,2025-08-27,Asthma
11375,1294,59,5,2026-05-29,2026-07-10,Asthma
11376,811,92,6,2025-03-02,2025-10-19,Hypertension
11377,2303,170,2,2026-01-18,2026-03-11,Pneumonia
11378,4448,41,17,2026-06-09,2026-06-18,Kidney Stones
11379,2447,85,15,2025-08-08,2026-03-16,Asthma
11380,1877,65,3,2025-03-17,2025-08-13,Hypertension
11381,2694,149,4,2026-04-16,2026-08-16,Fracture
11382,777,190,9,2025-09-03,2026-03-13,Diabetes
11383,3015,171,7,2024-09-20,2025-10-28,Pneumonia
11384,2507,246,1,2025-12-06,2026-04-16,Migraine
11385,3586,182,15,2024-12-09,2025-09-26,Diabetes
11386,178,128,4,2025-08-11,2025-12-22,Diabetes
11387,1437,217,3,2025-10-24,2026-04-24,Pneumonia
11388,3625,37,20,2024-08-28,2026-04-01,Cancer
11389,2727,244,16,2026-07-07,2026-07-25,Diabetes
11390,3819,137,16,2026-05-01,2026-07-24,Hypertension
11391,65,173,9,2026-03-14,2026-05-11,Asthma
11392,995,58,20,2025-11-06,2026-06-08,Pneumonia
11393,379,250,14,2025-01-23,2025-07-28,Covid
11394,361,170,5,2026-07-19,2026-08-11,Diabetes
11395,1140,110,16,2026-05-29,2026-05-31,Migraine
11396,1274,106,4,2026-04-02,2026-04-30,Cancer
11397,457,71,17,2025-06-27,2026-07-05,Kidney Stones
11398,2606,124,2,2025-06-07,2026-04-16,Asthma
11399,2006,199,7,2025-10-02,2026-06-16,Covid
11400,125,195,10,2025-02-13,2025-11-23,Kidney Stones
11401,4992,215,8,2025-06-27,2025-07-02,Stroke
11402,2048,104,8,2025-09-22,2026-04-02,Fracture
11403,3467,155,7,2024-11-02,2026-05-25,Covid
11404,2791,124,2,2025-12-10,2026-05-13,Covid
11405,2239,223,11,2025-09-05,2026-01-17,Cancer
11406,4002,103,4,2026-01-27,2026-04-21,Migraine
11407,1274,249,5,2025-06-09,2025-11-08,Migraine
11408,182,57,4,2025-05-31,2026-03-31,Diabetes
11409,721,151,15,2026-03-18,2026-05-03,Migraine
11410,2486,90,20,2026-03-14,2026-04-17,Cancer
11411,848,21,3,2025-03-02,2026-05-11,Kidney Stones
11412,191,209,8,2025-11-21,2026-03-16,Kidney Stones
11413,1775,95,16,2025-01-09,2025-09-13,Migraine
11414,1431,25,14,2024-10-15,2025-05-16,Kidney Stones
11415,1623,250,5,2025-06-10,2025-12-20,Pneumonia
11416,2143,52,16,2026-05-13,2026-08-10,Kidney Stones
11417,2837,68,2,2025-07-03,2025-12-10,Pneumonia
11418,1300,49,10,2026-03-30,2026-04-28,Asthma
11419,1443,52,17,2026-04-29,2026-07-04,Diabetes
11420,3516,36,1,2025-01-17,2025-04-06,Fracture
11421,4858,105,11,2025-12-28,2026-01-12,Kidney Stones
11422,149,125,10,2025-04-29,2025-04-30,Migraine
11423,332,145,7,2025-12-05,2026-05-19,Covid
11424,628,45,10,2026-01-19,2026-03-30,Asthma
11425,3241,13,12,2025-08-23,2025-09-05,Kidney Stones
11426,432,213,4,2024-09-08,2026-08-09,Pneumonia
11427,3486,100,10,2025-01-08,2025-12-24,Fracture
11428,3166,8,19,2025-03-29,2026-03-17,Hypertension
11429,3023,197,4,2024-12-31,2025-05-10,Diabetes
11430,4216,147,7,2025-03-20,2026-07-01,Cancer
11431,1797,172,16,2025-05-22,2026-06-07,Stroke
11432,2658,215,4,2025-07-10,2026-02-10,Fracture
11433,3466,58,16,2025-01-16,2026-04-20,Migraine
11434,3601,239,17,2025-08-28,2025-09-04,Cancer
11435,1345,97,5,2025-12-02,2026-05-19,Asthma
11436,3784,107,17,2026-06-14,2026-07-04,Asthma
11437,1958,73,6,2025-08-11,2026-04-03,Cancer
11438,4767,203,17,2026-04-11,2026-04-26,Fracture
11439,719,168,1,2025-11-07,2026-06-12,Migraine
11440,4540,176,14,2026-06-23,2026-07-14,Fracture
11441,4565,145,11,2025-09-10,2026-06-14,Hypertension
11442,3194,170,11,2025-06-14,2025-07-03,Cancer
11443,2371,131,16,2026-01-17,2026-06-09,Pneumonia
11444,567,205,7,2025-11-05,2026-05-15,Asthma
11445,2028,124,18,2025-10-19,2026-04-12,Stroke
11446,4398,214,11,2025-08-19,2026-03-20,Kidney Stones
11447,3012,107,2,2025-02-20,2026-01-27,Hypertension
11448,1808,89,6,2025-02-09,2026-02-09,Asthma
11449,3681,113,4,2025-04-08,2025-07-30,Pneumonia
11450,2465,235,4,2026-06-19,2026-07-14,Kidney Stones
11451,1743,194,13,2025-12-17,2026-02-19,Hypertension
11452,1966,163,1,2024-12-30,2026-01-29,Migraine
11453,4069,50,19,2024-08-23,2026-04-12,Diabetes
11454,24,28,18,2025-11-07,2026-08-07,Fracture
11455,749,245,16,2024-11-29,2025-12-18,Diabetes
11456,1763,12,17,2025-09-28,2026-03-29,Covid
11457,498,202,14,2026-04-09,2026-05-02,Stroke
11458,2704,67,3,2025-05-08,2025-09-05,Hypertension
11459,253,235,3,2025-07-17,2026-05-01,Migraine
11460,4509,168,1,2025-01-13,2026-07-30,Stroke
11461,2205,52,19,2025-11-10,2026-07-12,Stroke
11462,2035,24,7,2026-05-07,2026-07-17,Pneumonia
11463,1174,192,7,2025-03-28,2025-06-27,Cancer
11464,255,48,7,2026-02-22,2026-06-24,Asthma
11465,1363,223,5,2025-06-20,2026-04-29,Covid
11466,3619,178,15,2026-02-11,2026-06-10,Kidney Stones
11467,1406,183,11,2025-08-12,2026-01-11,Kidney Stones
11468,2126,219,2,2026-01-29,2026-03-21,Migraine
11469,4795,231,9,2025-10-15,2026-05-03,Migraine
11470,3825,174,19,2025-09-30,2026-05-27,Diabetes
11471,1588,220,20,2026-05-13,2026-05-29,Hypertension
11472,2866,122,2,2024-08-24,2025-02-07,Migraine
11473,4298,64,9,2026-07-03,2026-08-02,Migraine
11474,2570,59,2,2024-08-17,2025-09-10,Asthma
11475,4378,222,16,2025-09-15,2026-04-11,Kidney Stones
11476,4150,154,16,2025-08-22,2026-07-27,Covid
11477,1131,30,15,2025-07-16,2025-12-31,Covid
11478,4897,202,14,2026-03-19,2026-05-03,Fracture
11479,3261,232,1,2025-10-20,2025-12-16,Kidney Stones
11480,691,237,4,2025-03-16,2025-05-17,Asthma
11481,60,198,20,2025-09-18,2025-10-16,Hypertension
11482,1944,19,3,2026-05-13,2026-07-21,Stroke
11483,1845,174,13,2025-06-29,2026-07-02,Asthma
11484,1444,164,11,2025-12-21,2026-07-20,Migraine
11485,3442,101,13,2026-05-25,2026-07-16,Stroke
11486,2446,19,14,2025-07-06,2025-11-02,Covid
11487,3051,31,19,2026-06-19,2026-07-29,Hypertension
11488,527,196,19,2025-10-12,2025-11-24,Diabetes
11489,1559,51,4,2026-04-28,2026-06-24,Fracture
11490,2699,90,12,2024-08-07,2025-08-14,Fracture
11491,2465,99,16,2025-12-18,2026-05-27,Diabetes
11492,1719,152,10,2025-08-28,2026-04-04,Migraine
11493,2664,165,19,2025-09-07,2026-04-09,Fracture
11494,84,180,16,2024-11-17,2026-03-24,Hypertension
11495,4030,53,5,2026-02-21,2026-05-27,Migraine
11496,1720,123,4,2025-06-15,2025-12-13,Cancer
11497,2712,76,17,2024-09-02,2025-03-23,Pneumonia
11498,2728,189,8,2026-01-07,2026-02-05,Stroke
11499,3702,84,19,2025-09-28,2026-01-26,Asthma
11500,4790,69,20,2026-03-13,2026-04-04,Kidney Stones
11501,1545,193,12,2025-10-05,2026-01-21,Pneumonia
11502,4441,77,19,2025-11-28,2026-02-01,Pneumonia
11503,3899,21,5,2025-12-06,2026-08-12,Pneumonia
11504,7,135,7,2025-08-15,2026-07-13,Pneumonia
11505,78,27,2,2025-09-12,2026-02-06,Migraine
11506,3845,217,20,2025-09-23,2026-03-25,Stroke
11507,2748,17,9,2026-02-19,2026-07-16,Hypertension
11508,3987,212,4,2025-09-20,2026-05-03,Diabetes
11509,758,43,8,2025-12-12,2026-06-08,Asthma
11510,675,111,2,2026-03-06,2026-07-11,Cancer
11511,987,98,15,2026-01-06,2026-04-09,Kidney Stones
11512,4027,135,9,2025-09-02,2026-02-26,Pneumonia
11513,2640,95,12,2025-03-28,2025-06-28,Asthma
11514,405,13,5,2026-05-25,2026-06-25,Asthma
11515,1069,195,18,2025-01-27,2026-04-18,Hypertension
11516,973,213,14,2025-08-14,2025-11-20,Asthma
11517,4789,223,14,2026-02-15,2026-03-01,Kidney Stones
11518,2725,138,19,2025-10-11,2026-06-21,Asthma
11519,4745,118,17,2025-07-12,2026-02-01,Diabetes
11520,1498,51,13,2025-07-18,2026-03-07,Pneumonia
11521,4141,120,6,2025-05-02,2025-08-23,Pneumonia
11522,2964,243,18,2025-06-13,2025-08-11,Migraine
11523,4474,154,2,2026-07-19,2026-08-15,Diabetes
11524,3740,138,14,2025-11-23,2026-06-05,Migraine
11525,4665,217,8,2025-09-14,2026-03-27,Hypertension
11526,4259,65,15,2024-09-22,2025-06-11,Cancer
11527,2142,237,12,2025-12-16,2026-02-03,Cancer
11528,3491,139,7,2026-01-08,2026-04-01,Pneumonia
11529,197,127,15,2025-03-05,2025-08-26,Stroke
11530,402,114,20,2024-12-12,2026-01-12,Asthma
11531,2803,156,16,2026-01-09,2026-01-29,Cancer
11532,110,188,7,2024-12-20,2025-09-21,Kidney Stones
11533,3364,180,10,2026-01-23,2026-04-24,Asthma
11534,4966,59,15,2025-03-19,2025-06-15,Diabetes
11535,2113,179,8,2025-01-08,2025-08-20,Diabetes
11536,3019,180,5,2024-12-16,2026-06-10,Kidney Stones
11537,4086,228,7,2025-08-10,2026-01-12,Migraine
11538,4293,188,15,2024-09-07,2025-05-25,Asthma
11539,88,142,10,2024-10-04,2025-06-05,Diabetes
11540,1962,110,1,2026-06-26,2026-06-28,Migraine
11541,1969,155,7,2026-07-18,2026-07-19,Cancer
11542,4817,238,14,2025-04-17,2025-12-15,Asthma
11543,901,231,10,2024-09-25,2026-07-27,Pneumonia
11544,1556,64,4,2026-03-04,2026-03-09,Pneumonia
11545,1329,130,15,2026-05-29,2026-08-05,Stroke
11546,3015,52,11,2026-01-24,2026-02-18,Kidney Stones
11547,4169,185,5,2026-06-21,2026-07-07,Hypertension
11548,2736,75,20,2025-11-01,2026-05-06,Stroke
11549,4855,173,14,2024-08-09,2024-08-25,Covid
11550,564,213,19,2025-11-26,2026-02-23,Pneumonia
11551,614,166,9,2025-04-08,2025-05-10,Pneumonia
11552,3382,110,19,2024-09-11,2024-10-31,Migraine
11553,2111,230,10,2025-11-25,2026-07-20,Diabetes
11554,3996,150,6,2025-02-03,2025-04-28,Diabetes
11555,406,214,13,2025-03-29,2026-07-31,Kidney Stones
11556,1294,80,5,2025-06-09,2026-01-09,Diabetes
11557,4912,201,13,2025-02-27,2025-06-14,Cancer
11558,3854,95,3,2026-02-05,2026-07-26,Asthma
11559,4980,183,6,2025-02-03,2025-08-13,Pneumonia
11560,3712,126,19,2025-07-26,2026-07-21,Diabetes
11561,2264,208,17,2025-03-09,2026-06-24,Diabetes
11562,4507,108,14,2026-04-20,2026-06-02,Pneumonia
11563,3731,116,18,2026-03-09,2026-04-14,Asthma
11564,2830,183,9,2024-12-12,2024-12-18,Fracture
11565,1232,179,12,2024-11-26,2026-05-20,Migraine
11566,4710,24,1,2025-10-19,2025-12-15,Diabetes
11567,4039,45,15,2025-06-28,2025-11-11,Cancer
11568,4926,90,13,2024-11-23,2026-04-10,Cancer
11569,265,216,20,2026-06-17,2026-06-24,Fracture
11570,3899,165,20,2025-10-29,2026-02-08,Pneumonia
11571,2771,14,4,2025-02-22,2026-03-07,Pneumonia
11572,4383,183,4,2024-10-10,2024-10-16,Migraine
11573,1713,26,11,2026-06-21,2026-07-01,Covid
11574,3843,208,19,2026-04-27,2026-06-30,Pneumonia
11575,20,169,6,2025-05-23,2026-03-07,Kidney Stones
11576,81,189,18,2025-12-04,2026-08-17,Hypertension
11577,3774,110,18,2025-12-08,2026-07-06,Covid
11578,2690,114,11,2025-03-31,2026-03-05,Cancer
11579,2888,121,3,2024-12-23,2025-08-31,Diabetes
11580,1363,164,12,2026-01-17,2026-05-22,Migraine
11581,1983,121,9,2025-01-05,2026-03-01,Pneumonia
11582,3464,247,19,2026-08-05,2026-08-14,Kidney Stones
11583,4127,24,19,2024-10-02,2026-04-26,Stroke
11584,4834,109,19,2025-03-27,2025-12-07,Asthma
11585,3744,217,11,2025-07-26,2026-07-15,Covid
11586,3986,12,9,2024-09-18,2026-01-21,Migraine
11587,3929,53,6,2025-05-10,2025-08-28,Stroke
11588,3318,133,11,2024-09-27,2024-10-07,Asthma
11589,2432,8,7,2025-12-02,2026-02-14,Diabetes
11590,125,9,2,2024-09-14,2025-07-10,Covid
11591,2368,197,3,2025-06-17,2026-04-26,Asthma
11592,3501,25,15,2026-07-13,2026-08-12,Asthma
11593,4059,126,5,2025-03-24,2025-08-26,Diabetes
11594,185,240,1,2026-02-08,2026-06-24,Pneumonia
11595,4524,61,19,2025-07-30,2025-11-19,Kidney Stones
11596,1551,131,13,2024-12-08,2026-02-09,Fracture
11597,1415,191,7,2024-09-30,2026-06-19,Stroke
11598,3592,106,2,2025-08-11,2026-07-15,Asthma
11599,527,234,18,2024-09-02,2025-09-26,Hypertension
11600,3387,57,1,2026-04-21,2026-08-03,Covid
11601,2560,179,2,2024-09-16,2025-01-11,Hypertension
11602,3848,96,6,2025-02-16,2025-06-17,Cancer
11603,2962,240,17,2025-02-21,2025-08-16,Fracture
11604,4380,243,14,2025-05-20,2025-07-18,Cancer
11605,3517,15,9,2025-04-21,2025-05-27,Stroke
11606,3868,244,11,2025-04-02,2025-10-28,Diabetes
11607,2044,4,8,2025-06-29,2026-02-04,Pneumonia
11608,288,179,6,2026-07-04,2026-07-31,Diabetes
11609,3920,223,10,2026-06-01,2026-08-09,Fracture
11610,2560,23,5,2025-05-26,2026-08-14,Kidney Stones
11611,1409,119,17,2026-04-26,2026-08-14,Kidney Stones
11612,2982,53,4,2025-03-07,2026-03-25,Diabetes
11613,961,48,10,2025-05-11,2025-08-10,Kidney Stones
11614,1121,114,5,2024-10-03,2025-02-20,Kidney Stones
11615,2588,208,9,2025-02-21,2025-10-01,Fracture
11616,1858,144,13,2026-05-04,2026-07-25,Stroke
11617,3587,160,19,2026-02-27,2026-04-10,Stroke
11618,519,240,16,2025-03-23,2026-04-06,Stroke
11619,3488,171,20,2026-02-26,2026-04-26,Cancer
11620,4871,140,17,2025-11-01,2025-11-14,Covid
11621,3234,5,8,2026-03-30,2026-06-28,Hypertension
11622,2590,48,10,2025-11-16,2026-01-10,Stroke
11623,2885,225,16,2024-10-10,2025-12-05,Fracture
11624,3479,177,2,2025-06-27,2025-08-04,Stroke
11625,142,129,3,2025-01-01,2026-07-22,Covid
11626,4997,230,10,2025-09-25,2026-01-28,Migraine
11627,3925,22,9,2026-02-05,2026-08-14,Diabetes
11628,3292,245,15,2024-11-18,2025-09-06,Covid
11629,2275,200,14,2025-01-15,2025-02-03,Pneumonia
11630,2355,184,19,2025-10-27,2026-07-12,Diabetes
11631,2030,29,5,2025-07-15,2025-12-08,Asthma
11632,2122,221,17,2026-02-09,2026-04-07,Diabetes
11633,4408,46,16,2025-08-17,2026-06-22,Kidney Stones
11634,3738,245,3,2024-10-16,2024-11-03,Pneumonia
11635,1037,116,20,2026-02-28,2026-08-17,Cancer
11636,3846,241,6,2025-12-08,2026-06-08,Fracture
11637,2104,35,6,2026-04-01,2026-07-27,Hypertension
11638,1068,56,5,2025-05-17,2026-06-12,Migraine
11639,3938,245,6,2026-01-27,2026-07-30,Covid
11640,1626,184,8,2025-09-24,2025-12-26,Migraine
11641,2464,31,18,2026-02-09,2026-04-11,Cancer
11642,1786,166,15,2025-02-17,2026-08-04,Stroke
11643,502,125,14,2024-08-14,2025-04-17,Pneumonia
11644,740,81,9,2024-11-11,2025-09-03,Kidney Stones
11645,3255,249,18,2025-08-23,2025-09-01,Stroke
11646,3469,179,18,2025-10-07,2025-11-11,Asthma
11647,2493,169,12,2026-08-02,2026-08-11,Asthma
11648,2699,119,18,2025-05-05,2025-12-08,Kidney Stones
11649,1480,235,11,2025-04-14,2025-05-17,Cancer
11650,2547,210,10,2025-07-05,2025-11-07,Migraine
11651,2222,155,14,2026-06-30,2026-07-31,Migraine
11652,4018,218,18,2025-08-14,2026-04-03,Hypertension
11653,4949,136,5,2025-03-15,2026-07-21,Fracture
11654,4425,192,8,2025-10-27,2026-07-21,Covid
11655,2750,234,14,2025-09-04,2026-07-20,Hypertension
11656,3709,231,3,2026-03-29,2026-04-20,Pneumonia
11657,1999,7,12,2025-07-31,2026-07-15,Kidney Stones
11658,1490,142,16,2024-10-10,2025-06-04,Hypertension
11659,991,138,3,2025-12-05,2026-06-16,Covid
11660,194,244,14,2026-04-12,2026-05-24,Pneumonia
11661,4361,201,4,2025-07-05,2026-06-08,Migraine
11662,2017,42,17,2024-12-18,2025-01-05,Diabetes
11663,3546,123,15,2025-11-16,2026-05-14,Diabetes
11664,4151,137,1,2025-07-30,2026-01-26,Covid
11665,4828,37,6,2026-03-16,2026-06-21,Pneumonia
11666,4668,47,13,2024-10-14,2025-11-09,Pneumonia
11667,142,175,20,2024-09-14,2024-12-07,Hypertension
11668,2944,220,13,2025-10-25,2026-07-27,Hypertension
11669,2650,37,5,2025-07-07,2025-07-16,Fracture
11670,3755,126,6,2025-08-12,2025-11-28,Migraine
11671,2364,142,17,2024-08-13,2025-06-07,Cancer
11672,102,186,9,2025-12-22,2026-06-01,Diabetes
11673,4498,227,8,2026-04-03,2026-08-08,Diabetes
11674,2876,219,8,2026-06-07,2026-08-12,Fracture
11675,2063,109,17,2024-11-09,2025-11-05,Hypertension
11676,1093,118,1,2025-10-07,2026-07-21,Fracture
11677,137,127,6,2026-04-17,2026-06-05,Diabetes
11678,4283,199,18,2024-08-29,2025-11-03,Hypertension
11679,3874,204,14,2026-06-04,2026-06-05,Asthma
11680,886,55,6,2026-06-16,2026-08-09,Pneumonia
11681,976,144,18,2024-11-11,2025-10-28,Diabetes
11682,2145,213,3,2025-04-24,2025-10-04,Stroke
11683,4483,203,5,2024-12-09,2024-12-23,Stroke
11684,1781,153,2,2026-07-17,2026-07-21,Kidney Stones
11685,2143,152,18,2025-11-20,2025-11-23,Covid
11686,232,242,14,2025-12-27,2026-05-30,Asthma
11687,871,39,17,2025-02-16,2025-12-11,Covid
11688,4226,168,5,2025-07-10,2025-10-18,Stroke
11689,2295,188,8,2025-10-09,2026-07-09,Migraine
11690,1323,216,17,2024-09-08,2025-11-26,Asthma
11691,491,115,3,2025-04-19,2025-06-19,Asthma
11692,3243,119,8,2026-01-26,2026-02-02,Fracture
11693,4147,128,19,2025-05-30,2026-03-05,Fracture
11694,4050,57,1,2025-11-10,2026-06-26,Stroke
11695,1460,36,17,2025-06-15,2026-01-12,Covid
11696,4361,72,6,2025-03-15,2025-12-06,Hypertension
11697,1937,41,14,2026-04-10,2026-05-01,Covid
11698,4066,146,10,2024-10-04,2025-08-19,Migraine
11699,4244,91,11,2026-04-09,2026-08-12,Diabetes
11700,1314,19,15,2025-03-09,2025-06-06,Diabetes
11701,933,49,8,2025-05-29,2026-01-22,Migraine
11702,1497,115,13,2025-02-04,2026-07-19,Hypertension
11703,236,121,6,2024-11-02,2025-10-30,Hypertension
11704,1074,141,2,2026-06-18,2026-07-25,Diabetes
11705,1985,70,9,2025-11-26,2026-05-14,Stroke
11706,4056,169,8,2024-08-21,2025-11-01,Stroke
11707,2728,198,10,2025-03-24,2025-06-27,Asthma
11708,1743,143,3,2024-10-24,2025-12-18,Asthma
11709,1735,180,14,2024-08-22,2025-08-06,Fracture
11710,3343,212,7,2025-01-11,2026-02-01,Asthma
11711,684,225,9,2024-09-19,2025-09-30,Diabetes
11712,4078,217,15,2026-06-01,2026-07-11,Migraine
11713,1450,225,6,2024-11-01,2026-05-22,Covid
11714,2493,4,2,2025-01-13,2025-05-26,Pneumonia
11715,4254,108,6,2024-09-12,2025-08-23,Migraine
11716,2700,162,13,2026-01-10,2026-06-06,Asthma
11717,1070,185,18,2025-01-12,2025-10-16,Pneumonia
11718,2745,51,18,2025-08-26,2026-03-13,Pneumonia
11719,4972,160,6,2024-10-01,2025-01-09,Hypertension
11720,2444,120,3,2024-12-22,2025-08-24,Pneumonia
11721,3896,215,15,2026-03-01,2026-08-02,Stroke
11722,3329,109,19,2025-05-01,2025-08-16,Pneumonia
11723,1697,65,1,2024-08-20,2025-08-23,Kidney Stones
11724,198,218,4,2026-05-09,2026-07-09,Kidney Stones
11725,2259,142,2,2025-03-10,2026-08-02,Cancer
11726,4871,160,17,2025-08-26,2025-09-07,Cancer
11727,4076,69,18,2024-08-19,2025-09-12,Diabetes
11728,2619,108,5,2026-02-12,2026-02-12,Cancer
11729,4712,2,3,2025-02-27,2026-04-11,Stroke
11730,3549,97,12,2024-08-24,2026-02-14,Covid
11731,4907,110,17,2025-08-13,2025-10-04,Fracture
11732,4520,87,19,2025-01-27,2026-07-26,Pneumonia
11733,286,240,13,2025-07-24,2025-09-19,Asthma
11734,4531,240,13,2026-06-23,2026-08-13,Cancer
11735,3139,174,4,2025-12-17,2026-08-15,Hypertension
11736,2781,140,5,2026-05-03,2026-07-21,Cancer
11737,3375,224,14,2026-04-14,2026-06-15,Stroke
11738,4080,204,2,2025-06-28,2025-07-22,Covid
11739,2656,160,18,2024-11-23,2026-05-18,Migraine
11740,4051,98,9,2024-09-08,2024-11-16,Covid
11741,1449,56,6,2024-08-31,2025-01-03,Hypertension
11742,3859,192,16,2025-07-16,2025-09-15,Pneumonia
11743,3433,249,10,2024-11-17,2026-07-04,Migraine
11744,2220,11,4,2026-02-18,2026-03-13,Cancer
11745,4358,196,18,2024-11-19,2025-12-08,Asthma
11746,138,106,7,2026-01-14,2026-05-30,Covid
11747,1196,188,1,2025-07-13,2026-07-29,Migraine
11748,888,235,17,2025-10-07,2026-03-08,Covid
11749,2082,27,7,2025-10-18,2026-07-11,Hypertension
11750,2637,110,16,2026-01-11,2026-02-10,Hypertension
11751,2983,63,16,2025-11-21,2026-05-21,Hypertension
11752,4292,63,5,2026-02-09,2026-03-27,Pneumonia
11753,2621,212,15,2026-06-21,2026-07-05,Diabetes
11754,170,184,5,2024-08-29,2024-11-22,Covid
11755,2835,172,2,2026-01-10,2026-03-30,Migraine
11756,597,143,6,2025-04-21,2025-05-16,Stroke
11757,3954,79,4,2025-04-30,2026-02-10,Covid
11758,4523,59,7,2025-01-04,2025-05-12,Asthma
11759,373,237,19,2026-06-12,2026-07-11,Fracture
11760,623,224,3,2026-03-17,2026-04-27,Kidney Stones
11761,4494,229,18,2025-06-08,2025-11-28,Hypertension
11762,1027,152,9,2024-09-06,2026-02-06,Diabetes
11763,817,231,4,2024-09-04,2024-10-14,Migraine
11764,4262,77,15,2026-05-25,2026-06-18,Kidney Stones
11765,4230,231,12,2026-03-19,2026-07-16,Kidney Stones
11766,3106,241,18,2026-07-01,2026-08-02,Pneumonia
11767,949,240,8,2025-05-16,2026-01-01,Diabetes
11768,2384,241,11,2025-06-01,2026-07-18,Stroke
11769,2755,27,5,2024-08-14,2025-07-13,Covid
11770,291,33,18,2025-08-23,2025-11-18,Hypertension
11771,3587,89,5,2024-11-06,2025-03-01,Pneumonia
11772,134,157,4,2026-05-21,2026-06-28,Kidney Stones
11773,576,16,17,2025-09-10,2026-05-28,Asthma
11774,982,38,20,2024-09-07,2024-09-12,Hypertension
11775,2735,22,14,2024-10-03,2025-09-26,Pneumonia
11776,3585,39,4,2026-03-13,2026-06-13,Cancer
11777,3059,33,7,2025-08-17,2026-01-05,Covid
11778,2652,226,16,2025-08-27,2026-02-17,Cancer
11779,4360,182,8,2026-05-06,2026-05-28,Cancer
11780,3583,183,20,2026-01-28,2026-06-01,Migraine
11781,1,206,15,2024-12-09,2026-05-13,Cancer
11782,2471,169,10,2024-09-09,2026-06-15,Stroke
11783,4282,181,3,2025-04-09,2026-06-15,Asthma
11784,4989,236,7,2024-11-04,2025-04-03,Pneumonia
11785,4217,108,5,2025-07-07,2026-03-10,Migraine
11786,652,198,3,2025-01-09,2025-05-19,Asthma
11787,4618,165,14,2025-01-18,2025-06-25,Cancer
11788,4083,53,3,2025-04-05,2026-05-26,Cancer
11789,4516,155,12,2025-11-30,2026-08-06,Migraine
11790,3141,50,10,2024-12-06,2024-12-26,Pneumonia
11791,4184,64,14,2026-01-10,2026-06-22,Pneumonia
11792,4153,214,14,2026-02-19,2026-08-12,Covid
11793,1067,151,14,2026-04-22,2026-07-18,Cancer
11794,3969,56,1,2024-12-25,2025-03-15,Diabetes
11795,4854,36,17,2025-05-13,2026-01-19,Stroke
11796,2707,230,13,2025-09-30,2026-02-05,Asthma
11797,4354,140,2,2026-02-18,2026-07-04,Pneumonia
11798,1661,91,11,2026-02-08,2026-07-29,Kidney Stones
11799,2221,149,19,2026-03-01,2026-07-16,Stroke
11800,3960,95,11,2026-07-27,2026-08-16,Asthma
11801,4152,6,17,2024-11-20,2026-07-24,Fracture
11802,2896,2,2,2025-04-25,2026-06-24,Pneumonia
11803,3056,160,10,2025-10-12,2026-08-07,Migraine
11804,3454,169,19,2026-05-05,2026-05-16,Diabetes
11805,2561,66,7,2024-11-17,2026-08-17,Cancer
11806,782,121,12,2024-12-29,2026-08-11,Diabetes
11807,322,177,13,2024-08-22,2026-05-15,Covid
11808,171,214,4,2024-12-21,2025-01-17,Asthma
11809,2324,52,16,2025-05-09,2026-01-29,Asthma
11810,4928,176,15,2026-02-28,2026-03-01,Stroke
11811,2453,75,1,2025-11-09,2026-06-09,Covid
11812,642,248,7,2026-03-17,2026-07-16,Fracture
11813,668,41,12,2025-04-08,2025-08-05,Fracture
11814,4256,121,12,2025-04-09,2025-08-27,Kidney Stones
11815,4065,15,10,2025-11-06,2026-05-05,Pneumonia
11816,4019,222,2,2025-02-22,2025-06-23,Covid
11817,3550,212,13,2025-07-26,2026-02-16,Asthma
11818,699,200,4,2026-06-15,2026-07-08,Kidney Stones
11819,2268,59,12,2025-05-01,2026-03-24,Covid
11820,154,156,1,2024-09-04,2025-09-06,Hypertension
11821,1668,84,18,2025-09-14,2026-08-13,Migraine
11822,1856,212,12,2026-04-04,2026-05-24,Stroke
11823,2172,34,20,2026-07-28,2026-07-31,Stroke
11824,858,102,5,2025-01-14,2025-07-30,Migraine
11825,2707,48,3,2025-01-25,2025-07-21,Cancer
11826,1936,55,10,2025-06-24,2025-09-17,Kidney Stones
11827,1762,86,7,2024-10-21,2024-10-28,Asthma
11828,914,143,18,2024-12-12,2025-04-28,Diabetes
11829,4221,76,3,2026-05-09,2026-08-09,Kidney Stones
11830,955,145,3,2025-04-26,2025-05-12,Covid
11831,534,196,10,2026-03-16,2026-03-18,Diabetes
11832,1926,71,16,2026-03-16,2026-07-15,Cancer
11833,3584,168,8,2026-03-28,2026-04-11,Asthma
11834,420,170,13,2024-10-05,2026-07-11,Covid
11835,4986,33,4,2026-02-27,2026-04-22,Covid
11836,4564,25,16,2025-06-10,2025-12-04,Pneumonia
11837,2801,191,17,2026-07-14,2026-08-07,Pneumonia
11838,3048,46,5,2025-12-25,2026-07-21,Stroke
11839,546,16,9,2025-03-10,2026-03-27,Stroke
11840,2240,227,6,2024-08-19,2025-04-19,Diabetes
11841,1528,33,17,2025-04-06,2026-05-11,Covid
11842,2741,224,19,2025-08-25,2026-06-22,Covid
11843,552,151,1,2025-09-01,2025-11-04,Fracture
11844,696,76,18,2026-07-10,2026-08-01,Covid
11845,28,33,1,2025-01-17,2025-08-01,Kidney Stones
11846,2038,101,3,2025-08-07,2026-01-30,Fracture
11847,2910,33,17,2025-05-28,2025-10-12,Stroke
11848,4327,75,15,2026-06-26,2026-07-07,Diabetes
11849,1608,161,16,2024-10-22,2026-02-07,Migraine
11850,1639,230,15,2025-04-24,2025-05-05,Stroke
11851,1145,113,14,2024-09-28,2024-10-27,Migraine
11852,2332,59,17,2024-12-20,2025-07-24,Hypertension
11853,3006,183,11,2024-12-16,2026-02-27,Stroke
11854,3672,183,19,2025-10-05,2025-11-22,Migraine
11855,117,197,16,2025-01-12,2025-07-28,Covid
11856,3492,108,19,2025-08-22,2025-09-01,Kidney Stones
11857,1740,124,11,2025-09-01,2026-04-09,Fracture
11858,2714,75,10,2024-11-21,2026-07-27,Kidney Stones
11859,3413,131,12,2025-05-01,2026-07-01,Diabetes
11860,741,32,10,2025-02-09,2026-03-09,Diabetes
11861,104,81,9,2025-03-29,2026-06-02,Cancer
11862,1109,198,6,2025-06-28,2026-04-18,Covid
11863,108,76,3,2025-09-05,2025-11-10,Hypertension
11864,2050,186,9,2024-08-29,2026-04-23,Covid
11865,1919,231,18,2025-10-06,2026-01-18,Stroke
11866,1328,121,4,2026-04-11,2026-08-04,Cancer
11867,3941,23,2,2025-12-26,2026-02-08,Migraine
11868,4587,156,10,2025-06-06,2025-10-30,Covid
11869,2092,26,1,2026-03-20,2026-05-20,Migraine
11870,947,242,2,2025-03-24,2025-11-18,Fracture
11871,4072,81,1,2025-06-08,2026-05-04,Diabetes
11872,1105,29,7,2025-03-18,2026-03-13,Migraine
11873,629,195,3,2024-11-28,2026-06-18,Hypertension
11874,1779,82,6,2026-06-01,2026-06-13,Stroke
11875,3347,206,12,2026-05-23,2026-08-06,Asthma
11876,2246,165,7,2026-04-02,2026-07-25,Asthma
11877,1594,150,11,2025-12-03,2026-07-20,Diabetes
11878,824,153,15,2024-08-18,2025-03-08,Migraine
11879,4614,2,20,2025-09-07,2026-08-02,Hypertension
11880,1811,48,11,2025-09-24,2026-08-12,Fracture
11881,2591,210,2,2024-09-17,2025-07-12,Asthma
11882,1538,102,11,2024-10-21,2026-05-14,Kidney Stones
11883,49,229,8,2026-03-19,2026-05-02,Hypertension
11884,4343,212,6,2026-04-28,2026-07-08,Pneumonia
11885,4208,171,14,2025-05-16,2026-05-19,Stroke
11886,1622,113,2,2025-09-25,2025-11-12,Fracture
11887,3733,175,14,2025-01-06,2025-04-28,Fracture
11888,4792,125,2,2025-10-05,2026-01-30,Asthma
11889,3089,164,20,2026-05-05,2026-06-08,Cancer
11890,260,225,2,2026-06-29,2026-07-11,Covid
11891,1791,55,5,2025-06-08,2026-01-23,Migraine
11892,1799,249,2,2025-01-29,2025-05-23,Kidney Stones
11893,1580,169,17,2025-10-25,2026-07-07,Hypertension
11894,3728,172,8,2026-07-15,2026-08-02,Kidney Stones
11895,4903,46,8,2025-01-11,2025-04-10,Covid
11896,3301,118,5,2025-06-29,2026-01-08,Fracture
11897,3198,196,10,2025-09-29,2025-10-01,Covid
11898,1007,203,11,2026-07-12,2026-08-16,Pneumonia
11899,2130,67,13,2024-09-24,2025-06-09,Diabetes
11900,1376,146,11,2025-01-02,2025-09-11,Pneumonia
11901,36,55,15,2026-05-16,2026-06-09,Stroke
11902,3643,193,3,2025-08-30,2025-12-05,Fracture
11903,499,195,10,2024-09-04,2025-02-12,Stroke
11904,1150,42,1,2024-09-27,2025-09-29,Fracture
11905,478,217,16,2025-04-25,2026-07-19,Cancer
11906,4487,220,14,2024-09-17,2026-04-07,Cancer
11907,1121,16,10,2025-01-22,2025-10-18,Migraine
11908,330,41,9,2024-11-12,2026-04-26,Migraine
11909,4739,56,2,2026-02-08,2026-02-27,Hypertension
11910,1853,49,11,2024-10-20,2026-07-13,Kidney Stones
11911,4081,8,13,2025-10-18,2026-07-28,Migraine
11912,2784,15,19,2025-10-08,2026-03-19,Migraine
11913,2502,15,11,2024-09-29,2025-05-05,Migraine
11914,2704,73,2,2026-07-24,2026-07-27,Kidney Stones
11915,4910,55,12,2025-05-31,2026-01-09,Kidney Stones
11916,466,119,5,2025-05-31,2025-12-13,Diabetes
11917,2221,201,7,2026-02-16,2026-04-20,Cancer
11918,3299,205,18,2024-09-15,2026-05-12,Asthma
11919,2610,128,1,2026-07-30,2026-08-10,Kidney Stones
11920,3668,213,5,2025-07-27,2025-09-30,Diabetes
11921,3587,31,12,2025-07-17,2026-06-28,Diabetes
11922,3841,114,8,2025-03-29,2025-10-26,Pneumonia
11923,3080,241,9,2024-09-05,2025-01-13,Diabetes
11924,2839,2,3,2025-11-26,2026-02-01,Diabetes
11925,4867,130,4,2026-05-05,2026-05-22,Fracture
11926,4496,8,5,2025-12-02,2026-04-21,Diabetes
11927,2528,227,19,2026-05-11,2026-08-08,Fracture
11928,4596,222,6,2025-07-06,2025-07-06,Kidney Stones
11929,4159,164,4,2026-07-09,2026-07-15,Covid
11930,4507,212,4,2025-09-23,2026-01-03,Covid
11931,1636,61,14,2024-11-22,2026-07-08,Pneumonia
11932,2106,144,13,2026-02-05,2026-02-10,Covid
11933,4759,34,3,2025-02-02,2026-04-19,Asthma
11934,1315,132,15,2026-07-21,2026-08-05,Migraine
11935,2231,44,12,2026-05-05,2026-05-27,Migraine
11936,1516,65,4,2026-05-19,2026-07-26,Hypertension
11937,4080,187,2,2026-07-04,2026-07-10,Diabetes
11938,4439,191,16,2026-04-12,2026-05-16,Cancer
11939,1346,187,15,2025-12-28,2026-02-25,Fracture
11940,1089,221,4,2026-07-23,2026-08-05,Stroke
11941,3924,250,17,2026-06-18,2026-06-27,Asthma
11942,4066,188,13,2025-01-03,2026-01-25,Fracture
11943,2115,23,7,2024-11-18,2025-11-11,Covid
11944,2879,205,13,2026-06-22,2026-07-01,Fracture
11945,3481,49,7,2025-02-18,2025-10-15,Hypertension
11946,2335,44,13,2025-12-10,2026-05-05,Diabetes
11947,2800,149,9,2025-04-21,2025-05-30,Cancer
11948,4458,43,20,2025-08-17,2025-11-03,Asthma
11949,2462,170,1,2025-12-06,2026-04-25,Kidney Stones
11950,4837,38,5,2025-05-31,2025-10-30,Cancer
11951,3680,45,10,2025-06-09,2025-11-24,Asthma
11952,3385,174,19,2025-06-17,2025-09-25,Cancer
11953,3642,188,17,2026-07-29,2026-07-30,Kidney Stones
11954,4843,246,2,2025-10-06,2025-12-20,Covid
11955,1177,66,16,2025-09-25,2026-04-14,Stroke
11956,538,18,18,2026-03-16,2026-08-04,Cancer
11957,1697,19,13,2025-03-29,2026-07-09,Cancer
11958,4711,113,12,2025-02-01,2025-08-04,Hypertension
11959,4994,14,12,2026-06-29,2026-07-16,Migraine
11960,3837,150,5,2025-06-05,2025-09-18,Stroke
11961,4601,207,17,2025-05-16,2025-12-08,Cancer
11962,856,233,18,2025-01-30,2025-04-23,Fracture
11963,4964,92,4,2025-09-22,2026-02-22,Cancer
11964,106,72,11,2026-05-02,2026-08-11,Asthma
11965,2811,164,13,2026-04-18,2026-06-14,Hypertension
11966,3443,228,6,2026-02-11,2026-06-03,Pneumonia
11967,2003,141,1,2026-03-12,2026-06-27,Migraine
11968,3350,53,13,2025-06-06,2025-06-29,Stroke
11969,4488,98,18,2025-01-12,2025-05-05,Covid
11970,350,45,16,2024-11-18,2026-07-16,Asthma
11971,2501,30,14,2025-09-04,2025-11-20,Stroke
11972,1276,8,5,2024-09-14,2024-10-27,Hypertension
11973,4614,232,3,2024-08-11,2026-04-27,Fracture
11974,3833,205,12,2025-05-08,2025-11-14,Fracture
11975,422,198,7,2025-04-06,2025-05-11,Cancer
11976,7,115,12,2025-04-13,2025-04-23,Diabetes
11977,4573,152,8,2025-01-24,2025-12-18,Covid
11978,1046,105,13,2025-12-25,2026-01-11,Cancer
11979,4680,184,4,2024-08-08,2026-02-22,Cancer
11980,4475,141,1,2026-05-12,2026-07-30,Migraine
11981,2770,146,13,2026-07-24,2026-08-03,Cancer
11982,1229,21,6,2026-04-02,2026-06-08,Diabetes
11983,3834,209,6,2025-09-19,2026-07-15,Diabetes
11984,1515,99,9,2025-04-14,2026-01-23,Fracture
11985,708,191,13,2025-08-08,2026-02-02,Hypertension
11986,25,197,6,2026-03-25,2026-04-25,Fracture
11987,1571,105,5,2026-02-02,2026-04-14,Fracture
11988,4633,210,11,2025-09-25,2026-05-29,Covid
11989,2892,33,10,2025-04-23,2026-02-15,Kidney Stones
11990,2662,52,13,2025-10-21,2025-12-06,Pneumonia
11991,747,46,14,2026-01-22,2026-04-23,Kidney Stones
11992,875,119,2,2024-12-22,2025-09-09,Kidney Stones
11993,782,66,18,2025-09-05,2025-12-21,Cancer
11994,1994,108,9,2024-08-17,2024-11-19,Covid
11995,800,5,4,2024-09-09,2026-04-26,Hypertension
11996,2083,207,19,2025-11-01,2026-01-02,Covid
11997,3452,92,6,2025-05-30,2025-10-17,Covid
11998,1431,84,15,2025-09-15,2026-03-14,Fracture
11999,1073,210,11,2025-05-20,2025-11-23,Pneumonia
12000,4206,232,13,2025-01-25,2025-09-14,Diabetes
12001,3916,141,19,2026-03-29,2026-03-29,Migraine
12002,4217,241,20,2025-04-27,2026-02-06,Hypertension
12003,1185,27,8,2025-06-22,2025-07-15,Migraine
12004,397,127,13,2026-02-08,2026-04-18,Diabetes
12005,1062,184,7,2026-01-03,2026-04-22,Cancer
12006,459,106,19,2025-04-25,2025-07-15,Cancer
12007,1124,16,8,2025-12-24,2026-02-13,Asthma
12008,3391,64,15,2026-06-28,2026-07-07,Kidney Stones
12009,4745,78,17,2026-04-17,2026-05-20,Diabetes
12010,1955,133,19,2026-01-14,2026-01-18,Stroke
12011,1103,163,13,2025-03-02,2025-10-25,Diabetes
12012,468,95,20,2026-02-17,2026-06-11,Kidney Stones
12013,1276,7,18,2025-09-25,2025-12-28,Pneumonia
12014,4606,15,19,2025-04-14,2026-07-16,Asthma
12015,4403,233,18,2026-03-09,2026-05-16,Fracture
12016,997,154,19,2024-12-23,2026-05-09,Cancer
12017,3124,114,12,2025-12-25,2026-07-09,Cancer
12018,3553,162,2,2026-05-31,2026-07-31,Diabetes
12019,3330,204,15,2026-06-13,2026-07-31,Covid
12020,1685,108,8,2025-04-08,2026-05-26,Diabetes
12021,1764,98,7,2024-12-14,2025-10-28,Diabetes
12022,3792,15,12,2024-12-06,2026-07-03,Asthma
12023,2216,59,6,2025-01-06,2026-04-22,Asthma
12024,2465,177,7,2026-01-26,2026-08-01,Covid
12025,4214,171,10,2025-07-02,2025-09-26,Cancer
12026,4058,107,19,2024-09-03,2026-06-19,Migraine
12027,3035,59,9,2024-10-16,2024-12-05,Covid
12028,1536,117,9,2026-01-24,2026-03-27,Covid
12029,2848,177,18,2025-05-04,2025-06-26,Stroke
12030,3543,210,3,2024-11-05,2025-09-14,Diabetes
12031,294,88,10,2025-02-17,2025-08-10,Fracture
12032,3178,85,1,2024-10-19,2025-05-05,Stroke
12033,739,16,15,2025-03-31,2025-12-29,Asthma
12034,2645,194,11,2025-12-13,2026-08-01,Hypertension
12035,3181,13,20,2026-04-09,2026-06-14,Diabetes
12036,2190,238,7,2025-01-03,2026-08-16,Migraine
12037,2233,129,11,2024-12-10,2025-04-17,Diabetes
12038,3454,234,4,2024-09-26,2026-06-25,Kidney Stones
12039,1010,119,9,2026-03-23,2026-05-22,Migraine
12040,2342,28,10,2026-05-26,2026-07-12,Asthma
12041,603,93,10,2026-05-15,2026-08-02,Pneumonia
12042,4061,118,14,2025-08-26,2025-11-30,Covid
12043,1717,160,2,2026-03-15,2026-05-14,Stroke
12044,3180,136,5,2026-01-30,2026-03-24,Asthma
12045,1547,224,3,2026-02-10,2026-04-23,Cancer
12046,2654,157,13,2025-09-07,2026-08-01,Covid
12047,4918,99,6,2025-04-28,2025-07-23,Kidney Stones
12048,2655,184,15,2025-04-03,2025-04-24,Migraine
12049,2368,200,14,2026-05-24,2026-06-19,Covid
12050,4982,53,19,2025-01-24,2025-07-07,Kidney Stones
12051,4864,210,18,2026-01-18,2026-01-28,Migraine
12052,4555,222,20,2025-05-16,2026-08-13,Hypertension
12053,4799,212,10,2025-11-01,2026-01-27,Covid
12054,645,235,17,2024-12-09,2026-04-04,Asthma
12055,3390,243,1,2026-01-28,2026-07-28,Kidney Stones
12056,1270,183,3,2025-10-10,2025-11-27,Asthma
12057,935,50,11,2025-01-26,2025-02-08,Covid
12058,2354,9,20,2026-03-27,2026-07-27,Kidney Stones
12059,3625,177,10,2025-09-04,2026-07-11,Asthma
12060,2712,26,11,2025-07-13,2026-05-29,Migraine
12061,563,181,9,2025-07-06,2026-01-08,Asthma
12062,290,40,12,2024-08-12,2025-10-27,Hypertension
12063,306,67,7,2025-05-18,2026-08-15,Fracture
12064,91,242,9,2026-06-20,2026-06-29,Migraine
12065,4497,32,17,2024-09-04,2025-09-06,Fracture
12066,3952,209,9,2024-12-27,2025-07-21,Diabetes
12067,1257,157,8,2026-01-05,2026-03-26,Migraine
12068,2632,69,4,2025-09-03,2025-11-24,Stroke
12069,2268,228,13,2025-04-10,2026-03-27,Covid
12070,1806,178,16,2025-10-15,2026-03-16,Cancer
12071,4519,107,15,2025-12-23,2026-01-19,Kidney Stones
12072,1124,238,4,2025-08-26,2026-01-07,Kidney Stones
12073,3550,241,14,2025-10-22,2026-01-15,Kidney Stones
12074,866,2,7,2025-09-19,2026-08-12,Migraine
12075,445,180,1,2025-05-12,2026-05-06,Stroke
12076,3359,72,13,2024-11-25,2025-12-18,Stroke
12077,1118,121,15,2024-10-28,2026-05-14,Fracture
12078,1625,63,6,2025-10-05,2026-06-05,Hypertension
12079,4689,54,1,2025-11-17,2026-03-06,Asthma
12080,4749,26,12,2026-03-25,2026-07-02,Pneumonia
12081,4992,205,19,2025-04-07,2026-03-11,Migraine
12082,1701,130,4,2025-03-15,2025-07-04,Diabetes
12083,4997,115,7,2025-09-07,2025-10-24,Kidney Stones
12084,3688,148,14,2026-03-30,2026-07-27,Covid
12085,4469,132,5,2026-08-06,2026-08-07,Asthma
12086,3423,188,3,2026-02-15,2026-06-20,Covid
12087,2457,160,3,2026-08-04,2026-08-08,Fracture
12088,677,234,5,2026-03-30,2026-08-03,Covid
12089,997,231,20,2025-07-08,2026-03-04,Kidney Stones
12090,897,52,10,2026-06-06,2026-06-30,Diabetes
12091,2099,235,4,2025-05-21,2026-01-15,Migraine
12092,1997,74,17,2024-08-15,2025-08-11,Fracture
12093,4698,20,3,2025-03-04,2025-09-08,Asthma
12094,1295,148,4,2026-05-04,2026-05-17,Asthma
12095,244,73,6,2026-05-19,2026-07-03,Fracture
12096,80,222,10,2025-06-18,2025-10-22,Diabetes
12097,1794,204,7,2025-06-14,2025-11-12,Covid
12098,4797,119,2,2025-10-24,2026-02-08,Pneumonia
12099,1701,195,13,2026-03-01,2026-07-25,Covid
12100,162,31,6,2026-02-09,2026-03-16,Asthma
12101,826,84,3,2024-09-11,2026-06-02,Stroke
12102,1971,184,6,2026-06-21,2026-07-10,Asthma
12103,4146,135,16,2025-10-31,2026-07-05,Asthma
12104,1239,78,16,2025-10-25,2026-08-01,Fracture
12105,493,132,1,2026-06-25,2026-08-09,Covid
12106,3740,227,16,2025-08-21,2026-02-01,Pneumonia
12107,1096,152,9,2025-08-16,2026-01-27,Hypertension
12108,4120,57,13,2025-11-28,2026-08-07,Asthma
12109,3111,151,7,2024-11-26,2025-02-06,Migraine
12110,3618,53,15,2025-04-11,2025-06-15,Fracture
12111,3201,53,5,2024-10-17,2024-12-01,Diabetes
12112,863,193,2,2024-10-26,2026-05-14,Stroke
12113,3407,219,19,2025-10-18,2025-12-21,Covid
12114,2817,26,10,2025-04-11,2025-11-03,Fracture
12115,4828,114,5,2024-08-19,2024-11-16,Fracture
12116,3734,223,17,2026-03-25,2026-08-03,Cancer
12117,1106,128,14,2025-01-26,2025-10-30,Diabetes
12118,3294,209,2,2024-12-29,2026-05-28,Covid
12119,2085,202,7,2025-05-20,2025-08-04,Diabetes
12120,2136,238,16,2026-07-09,2026-08-11,Cancer
12121,4247,159,14,2025-09-04,2026-05-23,Migraine
12122,2980,85,8,2026-07-05,2026-08-06,Kidney Stones
12123,2463,176,20,2025-07-19,2025-12-30,Fracture
12124,886,7,9,2025-04-26,2026-02-12,Kidney Stones
12125,3154,152,11,2025-11-24,2026-05-14,Hypertension
12126,1014,57,13,2025-09-04,2025-09-29,Cancer
12127,4644,138,14,2026-04-27,2026-06-11,Diabetes
12128,2889,205,17,2026-05-29,2026-06-30,Fracture
12129,3360,135,13,2024-12-18,2025-04-27,Cancer
12130,381,44,19,2024-08-07,2025-02-08,Asthma
12131,387,113,7,2024-09-07,2025-06-30,Covid
12132,706,156,1,2026-04-30,2026-05-27,Stroke
12133,356,25,11,2025-12-22,2026-06-11,Asthma
12134,1161,223,13,2025-10-10,2025-12-16,Diabetes
12135,1236,30,5,2026-05-27,2026-06-01,Hypertension
12136,4428,16,15,2026-07-10,2026-08-07,Asthma
12137,737,224,8,2024-11-19,2025-11-06,Kidney Stones
12138,2070,121,16,2026-07-11,2026-08-15,Diabetes
12139,4900,175,3,2026-04-08,2026-05-01,Migraine
12140,1543,210,18,2026-05-30,2026-06-04,Kidney Stones
12141,2429,122,6,2024-11-06,2026-06-07,Asthma
12142,3681,232,4,2026-02-06,2026-03-04,Stroke
12143,4244,239,10,2025-04-10,2025-09-14,Hypertension
12144,2445,131,11,2025-03-05,2026-08-04,Hypertension
12145,2004,43,4,2026-05-25,2026-06-23,Kidney Stones
12146,3377,85,5,2024-10-05,2026-06-25,Migraine
12147,4464,115,18,2025-05-20,2025-08-19,Fracture
12148,430,18,18,2024-10-30,2025-08-18,Cancer
12149,4817,76,8,2026-05-03,2026-06-13,Cancer
12150,3252,124,18,2024-10-19,2025-06-24,Cancer
12151,234,228,4,2025-06-24,2026-07-29,Kidney Stones
12152,4420,169,6,2025-09-28,2025-10-15,Covid
12153,1085,202,5,2024-10-21,2025-01-13,Fracture
12154,4551,9,11,2025-12-29,2026-05-26,Hypertension
12155,2881,126,9,2025-08-24,2026-08-03,Cancer
12156,2163,241,4,2026-06-06,2026-07-26,Cancer
12157,875,162,4,2026-02-23,2026-02-28,Asthma
12158,2371,56,14,2025-03-29,2026-07-03,Fracture
12159,3573,91,6,2025-12-04,2026-04-20,Hypertension
12160,1803,211,8,2025-02-16,2026-05-18,Covid
12161,754,99,1,2024-12-09,2025-06-04,Diabetes
12162,1810,135,18,2025-12-30,2026-05-23,Cancer
12163,4036,101,15,2025-10-31,2025-11-17,Migraine
12164,3987,149,8,2025-06-11,2025-10-13,Asthma
12165,2626,186,11,2025-03-04,2025-08-18,Diabetes
12166,1824,158,15,2025-11-04,2026-06-20,Diabetes
12167,4300,20,7,2025-12-04,2025-12-13,Kidney Stones
12168,4819,174,14,2026-02-09,2026-06-23,Hypertension
12169,1304,44,18,2024-10-01,2024-10-10,Kidney Stones
12170,4370,106,17,2025-05-25,2026-07-19,Stroke
12171,423,207,12,2024-11-12,2026-03-29,Stroke
12172,1457,19,7,2024-08-27,2025-06-24,Fracture
12173,1268,170,14,2026-04-14,2026-06-05,Diabetes
12174,4377,30,18,2025-12-23,2026-03-18,Cancer
12175,4206,138,19,2024-09-12,2025-03-12,Migraine
12176,3021,82,14,2025-07-05,2026-03-04,Pneumonia
12177,202,225,13,2025-08-10,2026-04-14,Fracture
12178,1329,174,4,2025-04-11,2026-02-05,Diabetes
12179,4532,228,6,2025-03-25,2025-11-10,Covid
12180,4699,73,10,2025-04-03,2026-05-25,Kidney Stones
12181,989,113,15,2026-04-02,2026-08-03,Hypertension
12182,324,123,13,2025-07-17,2025-07-27,Kidney Stones
12183,4186,227,7,2025-12-20,2026-03-19,Cancer
12184,3530,34,11,2025-04-09,2026-01-27,Diabetes
12185,729,171,19,2026-07-10,2026-08-17,Kidney Stones
12186,4353,13,5,2024-12-02,2025-09-14,Covid
12187,2245,148,20,2026-06-28,2026-07-07,Hypertension
12188,3126,163,1,2024-12-27,2025-04-06,Diabetes
12189,1418,205,19,2025-03-30,2025-05-14,Kidney Stones
12190,3635,212,19,2025-03-17,2025-10-03,Hypertension
12191,1988,166,14,2024-09-06,2025-08-12,Stroke
12192,2474,138,1,2025-05-15,2025-06-17,Pneumonia
12193,3495,102,13,2025-10-10,2026-02-02,Pneumonia
12194,1323,110,13,2025-01-25,2026-03-20,Hypertension
12195,4562,220,14,2025-11-27,2026-01-12,Kidney Stones
12196,3709,131,7,2025-07-25,2025-11-24,Asthma
12197,2150,79,5,2025-06-13,2026-01-30,Covid
12198,3101,40,19,2025-03-31,2025-12-02,Cancer
12199,102,33,16,2025-04-02,2025-08-26,Pneumonia
12200,2444,113,18,2025-08-31,2026-03-23,Diabetes
12201,4045,62,10,2025-07-02,2025-08-03,Hypertension
12202,758,166,12,2024-10-21,2025-09-10,Fracture
12203,3815,224,11,2024-10-03,2025-08-05,Covid
12204,4131,90,18,2026-07-03,2026-07-25,Stroke
12205,4731,137,5,2025-03-24,2025-08-31,Pneumonia
12206,2215,111,12,2025-03-20,2025-09-07,Pneumonia
12207,3275,91,6,2024-09-12,2025-10-01,Hypertension
12208,2084,44,3,2026-06-01,2026-06-02,Stroke
12209,4177,114,13,2025-08-06,2026-02-09,Kidney Stones
12210,1143,61,6,2026-06-12,2026-07-22,Hypertension
12211,1123,247,18,2024-10-01,2025-04-07,Kidney Stones
12212,2822,75,2,2025-08-17,2025-12-28,Cancer
12213,4010,178,3,2024-12-01,2025-08-20,Stroke
12214,3899,155,12,2026-07-25,2026-07-30,Migraine
12215,3089,197,6,2025-06-14,2026-04-09,Asthma
12216,2396,118,5,2024-12-30,2026-04-14,Asthma
12217,1986,79,5,2024-08-15,2025-07-22,Fracture
12218,1915,97,7,2024-08-30,2026-06-13,Covid
12219,1981,122,9,2025-03-24,2026-04-10,Asthma
12220,229,154,14,2025-12-30,2026-04-09,Diabetes
12221,373,214,8,2025-08-22,2025-12-04,Asthma
12222,4128,156,11,2026-04-29,2026-04-30,Covid
12223,4660,47,3,2026-01-24,2026-01-31,Fracture
12224,1884,244,11,2026-04-03,2026-07-11,Covid
12225,4668,118,6,2025-07-04,2026-06-11,Diabetes
12226,207,173,19,2025-01-14,2026-01-21,Diabetes
12227,172,63,2,2026-07-31,2026-08-03,Diabetes
12228,5,204,20,2025-09-12,2026-01-06,Stroke
12229,2360,33,15,2024-11-02,2025-02-20,Stroke
12230,2029,232,14,2026-04-10,2026-05-19,Stroke
12231,773,195,19,2024-10-04,2026-06-14,Asthma
12232,1251,178,19,2025-07-05,2025-10-13,Cancer
12233,304,141,7,2025-08-06,2025-08-22,Asthma
12234,1686,183,14,2025-05-18,2025-12-15,Kidney Stones
12235,704,242,3,2026-06-19,2026-08-16,Fracture
12236,1693,49,13,2025-08-24,2026-03-31,Fracture
12237,394,12,7,2024-10-10,2026-04-24,Stroke
12238,3081,118,5,2026-07-02,2026-07-07,Hypertension
12239,4873,125,10,2025-03-31,2025-12-07,Pneumonia
12240,3442,93,17,2025-08-15,2026-06-27,Diabetes
12241,762,78,17,2025-01-11,2025-12-02,Migraine
12242,4299,71,17,2026-07-05,2026-07-22,Asthma
12243,2166,54,1,2025-01-19,2025-05-16,Diabetes
12244,4086,84,4,2025-09-10,2026-01-16,Kidney Stones
12245,4454,71,2,2025-12-22,2026-01-29,Hypertension
12246,2084,214,4,2026-04-13,2026-06-25,Diabetes
12247,1947,111,6,2025-03-26,2025-07-19,Cancer
12248,191,249,10,2026-05-28,2026-06-06,Hypertension
12249,3296,2,2,2026-07-24,2026-08-12,Pneumonia
12250,2912,16,15,2024-08-25,2026-07-16,Hypertension
12251,3900,157,11,2024-12-11,2025-08-17,Pneumonia
12252,854,15,16,2025-04-21,2025-12-07,Covid
12253,620,71,9,2025-12-19,2026-08-07,Kidney Stones
12254,4810,84,10,2024-09-17,2025-03-30,Pneumonia
12255,3118,221,12,2025-07-30,2025-09-15,Stroke
12256,2802,87,1,2026-02-24,2026-07-30,Stroke
12257,3381,191,2,2025-08-04,2025-11-30,Kidney Stones
12258,585,215,1,2024-10-30,2025-02-20,Asthma
12259,4839,190,5,2024-10-19,2026-04-09,Fracture
12260,1940,6,11,2025-03-01,2025-12-12,Migraine
12261,3974,40,11,2025-12-18,2026-08-11,Fracture
12262,779,37,11,2025-06-17,2026-02-22,Covid
12263,4200,16,19,2025-03-31,2025-05-09,Fracture
12264,3879,104,9,2025-01-19,2026-01-21,Stroke
12265,4997,127,14,2026-04-17,2026-05-28,Migraine
12266,527,210,9,2026-01-31,2026-05-19,Pneumonia
12267,3189,195,14,2026-04-03,2026-05-30,Fracture
12268,429,239,13,2025-11-23,2026-07-08,Asthma
12269,1990,107,17,2026-06-09,2026-07-21,Kidney Stones
12270,1995,250,2,2026-02-01,2026-02-20,Migraine
12271,3698,1,14,2026-01-28,2026-04-14,Kidney Stones
12272,3363,125,4,2025-06-21,2026-07-07,Kidney Stones
12273,523,90,15,2024-11-27,2025-06-16,Cancer
12274,206,30,14,2025-09-24,2026-07-21,Fracture
12275,2952,155,17,2026-06-16,2026-07-25,Diabetes
12276,949,114,14,2024-10-18,2026-06-05,Pneumonia
12277,460,47,11,2024-09-27,2025-07-26,Fracture
12278,2140,152,8,2026-03-03,2026-07-23,Kidney Stones
12279,1347,128,10,2025-08-12,2026-04-09,Asthma
12280,2162,50,3,2025-12-03,2025-12-29,Covid
12281,2744,90,14,2025-09-18,2026-04-29,Fracture
12282,4126,187,19,2024-11-28,2026-02-17,Stroke
12283,2774,201,20,2024-10-03,2025-11-27,Cancer
12284,656,195,13,2024-10-30,2026-03-10,Fracture
12285,1386,106,16,2024-12-22,2026-04-21,Pneumonia
12286,2949,178,10,2025-08-17,2026-05-08,Covid
12287,4408,49,14,2026-01-31,2026-06-26,Kidney Stones
12288,1557,239,18,2025-07-30,2026-07-28,Hypertension
12289,4037,53,18,2024-11-07,2026-06-28,Hypertension
12290,178,219,6,2025-04-05,2026-06-09,Fracture
12291,19,94,1,2025-02-22,2025-03-07,Hypertension
12292,3970,168,1,2025-01-16,2025-06-29,Cancer
12293,1698,183,8,2025-07-16,2026-04-26,Hypertension
12294,3644,25,13,2024-12-27,2025-02-21,Diabetes
12295,3528,122,2,2024-09-20,2025-10-24,Kidney Stones
12296,3005,92,1,2025-05-12,2026-07-24,Stroke
12297,705,213,18,2026-06-06,2026-06-12,Fracture
12298,1261,166,18,2025-12-26,2026-02-16,Covid
12299,2901,4,2,2025-11-18,2026-02-17,Migraine
12300,2387,7,2,2024-09-25,2025-06-19,Cancer
12301,3214,250,9,2025-09-23,2026-05-22,Fracture
12302,3060,245,14,2024-09-26,2026-06-17,Migraine
12303,1701,201,20,2024-12-16,2025-09-12,Diabetes
12304,4628,87,2,2025-02-06,2025-03-25,Hypertension
12305,1941,52,2,2026-02-04,2026-02-21,Migraine
12306,1047,136,4,2024-12-18,2025-12-28,Stroke
12307,3150,134,8,2024-10-25,2024-11-06,Fracture
12308,2936,35,13,2026-04-05,2026-05-11,Covid
12309,1116,35,7,2025-05-14,2025-06-08,Cancer
12310,482,182,10,2024-08-07,2024-08-18,Pneumonia
12311,376,199,13,2024-08-18,2026-04-09,Fracture
12312,4611,203,20,2025-10-24,2026-07-12,Covid
12313,1777,126,15,2025-12-12,2026-02-06,Asthma
12314,4300,49,9,2025-04-11,2025-12-12,Cancer
12315,3540,85,20,2025-05-10,2025-11-09,Cancer
12316,1841,145,14,2026-01-16,2026-03-26,Fracture
12317,1391,229,19,2026-06-19,2026-06-22,Stroke
12318,4284,36,4,2025-03-23,2025-10-14,Pneumonia
12319,194,90,12,2024-09-10,2026-08-04,Stroke
12320,1815,241,8,2026-01-15,2026-02-07,Hypertension
12321,403,168,3,2024-09-27,2024-11-25,Migraine
12322,2099,153,2,2025-01-27,2025-05-25,Migraine
12323,1692,226,7,2025-02-11,2025-11-05,Diabetes
12324,2924,10,5,2025-12-20,2025-12-30,Stroke
12325,52,88,13,2026-07-13,2026-08-11,Diabetes
12326,2913,144,20,2024-12-23,2025-03-29,Fracture
12327,472,142,11,2024-10-23,2025-12-28,Cancer
12328,1106,156,1,2026-04-27,2026-06-18,Hypertension
12329,4067,176,17,2024-11-16,2025-09-19,Pneumonia
12330,3773,209,6,2026-02-02,2026-07-23,Asthma
12331,3794,98,18,2024-08-16,2025-11-04,Covid
12332,4319,24,5,2025-03-24,2026-07-24,Cancer
12333,2050,102,6,2025-11-10,2026-06-04,Pneumonia
12334,3630,229,2,2024-09-26,2025-12-01,Cancer
12335,4559,207,11,2025-09-16,2026-03-11,Migraine
12336,4134,225,6,2025-05-30,2025-08-15,Migraine
12337,1377,10,9,2024-09-13,2026-07-16,Migraine
12338,1551,55,9,2025-03-09,2026-07-12,Migraine
12339,2359,13,4,2025-01-22,2025-05-13,Diabetes
12340,302,96,5,2025-03-31,2025-07-09,Stroke
12341,221,52,18,2024-10-31,2025-11-23,Cancer
12342,4123,221,1,2026-04-13,2026-07-07,Fracture
12343,3233,100,5,2024-10-19,2026-03-27,Hypertension
12344,3227,184,18,2024-08-07,2025-08-28,Pneumonia
12345,4516,195,16,2025-06-08,2026-06-25,Kidney Stones
12346,3687,239,13,2024-10-10,2025-12-10,Hypertension
12347,4668,170,10,2024-11-20,2026-02-10,Migraine
12348,1863,115,15,2025-07-03,2025-07-19,Asthma
12349,4828,126,3,2025-09-13,2026-06-21,Covid
12350,2976,173,5,2026-01-06,2026-08-01,Diabetes
12351,3992,215,1,2025-04-12,2025-12-29,Covid
12352,4004,200,2,2026-02-26,2026-04-07,Asthma
12353,2864,18,3,2025-07-11,2025-09-19,Asthma
12354,1385,18,16,2026-02-22,2026-07-21,Asthma
12355,1657,230,13,2025-06-26,2026-03-03,Asthma
12356,2535,129,4,2024-11-07,2026-08-15,Fracture
12357,2143,12,1,2026-04-07,2026-05-26,Pneumonia
12358,1169,98,9,2026-01-05,2026-06-15,Cancer
12359,2553,79,16,2025-09-08,2025-12-10,Hypertension
12360,4039,60,1,2025-11-06,2026-01-27,Fracture
12361,4331,106,17,2025-01-16,2025-12-17,Kidney Stones
12362,3244,176,2,2024-10-22,2026-02-20,Hypertension
12363,1534,76,7,2026-06-30,2026-07-25,Stroke
12364,3402,188,9,2025-09-19,2026-04-27,Diabetes
12365,1415,122,15,2025-01-05,2025-02-13,Hypertension
12366,2029,5,12,2025-08-09,2025-11-08,Asthma
12367,3423,131,4,2024-11-09,2025-11-25,Diabetes
12368,2071,226,15,2025-03-28,2025-12-13,Covid
12369,3078,242,7,2024-10-07,2026-01-30,Hypertension
12370,4864,192,10,2025-05-08,2025-08-10,Kidney Stones
12371,1891,138,11,2024-10-07,2025-06-27,Covid
12372,4224,37,2,2026-07-20,2026-08-04,Fracture
12373,4567,30,19,2025-01-19,2025-03-14,Pneumonia
12374,149,28,1,2024-11-04,2026-06-28,Hypertension
12375,2308,108,8,2025-04-24,2026-08-04,Diabetes
12376,1578,42,19,2024-09-02,2026-08-05,Fracture
12377,2131,122,16,2025-09-23,2026-04-16,Diabetes
12378,2530,129,4,2026-06-22,2026-08-06,Hypertension
12379,159,27,19,2025-01-25,2026-01-06,Hypertension
12380,3452,23,12,2025-03-06,2025-04-18,Stroke
12381,2780,229,7,2025-04-02,2025-08-16,Covid
12382,3742,232,7,2025-08-12,2026-07-26,Fracture
12383,2955,116,8,2026-07-01,2026-08-15,Hypertension
12384,335,20,10,2026-07-15,2026-08-01,Kidney Stones
12385,3453,194,10,2024-11-18,2025-09-30,Covid
12386,333,133,9,2025-09-24,2026-03-20,Stroke
12387,2500,209,3,2025-01-30,2025-07-24,Fracture
12388,2039,19,11,2024-10-06,2025-09-08,Cancer
12389,3529,120,4,2024-09-10,2026-05-15,Hypertension
12390,1168,94,15,2024-09-05,2025-07-16,Diabetes
12391,4081,96,19,2024-09-24,2025-09-18,Fracture
12392,4159,168,15,2026-02-24,2026-03-28,Pneumonia
12393,3322,184,10,2026-03-16,2026-04-11,Stroke
12394,1652,143,14,2025-03-29,2025-04-16,Kidney Stones
12395,3482,89,10,2024-10-18,2025-09-28,Pneumonia
12396,131,205,16,2024-10-17,2026-07-14,Diabetes
12397,2633,179,5,2025-03-23,2025-11-06,Pneumonia
12398,4084,2,13,2026-06-26,2026-08-15,Migraine
12399,3649,40,11,2025-12-04,2026-05-15,Stroke
12400,1883,161,5,2026-03-12,2026-03-30,Covid
12401,1466,185,12,2025-07-29,2026-06-26,Fracture
12402,4180,104,16,2025-11-07,2026-05-05,Stroke
12403,733,177,12,2025-10-24,2025-12-31,Asthma
12404,3667,154,5,2025-08-24,2025-10-26,Asthma
12405,3223,4,10,2025-09-27,2026-03-03,Fracture
12406,4293,117,6,2024-12-16,2025-11-21,Cancer
12407,4114,5,11,2024-11-10,2026-01-13,Pneumonia
12408,3194,193,4,2026-04-18,2026-04-20,Pneumonia
12409,1596,237,2,2025-09-10,2025-11-23,Fracture
12410,2676,138,9,2025-10-01,2025-11-18,Covid
12411,2918,199,3,2024-10-08,2024-10-31,Cancer
12412,2400,91,9,2026-02-22,2026-04-20,Hypertension
12413,4663,7,6,2026-04-26,2026-04-27,Fracture
12414,3512,113,11,2025-10-12,2026-07-21,Asthma
12415,1929,32,16,2025-08-06,2025-10-09,Kidney Stones
12416,2668,119,5,2026-03-05,2026-07-14,Migraine
12417,2995,84,13,2024-10-27,2025-08-10,Diabetes
12418,616,136,11,2026-06-11,2026-07-30,Stroke
12419,594,30,2,2025-02-03,2026-01-02,Stroke
12420,1402,89,7,2026-03-12,2026-05-20,Kidney Stones
12421,3084,51,16,2024-12-08,2026-01-17,Migraine
12422,2398,45,16,2024-09-01,2025-10-14,Migraine
12423,698,235,11,2024-11-11,2025-08-29,Hypertension
12424,4475,248,8,2026-04-05,2026-05-23,Asthma
12425,770,39,13,2026-02-25,2026-06-06,Migraine
12426,3242,9,5,2025-01-04,2025-07-24,Cancer
12427,4347,189,15,2024-10-27,2025-03-04,Covid
12428,1852,140,18,2025-12-21,2026-07-07,Fracture
12429,1755,94,11,2025-07-03,2025-09-11,Pneumonia
12430,780,17,17,2025-06-08,2025-12-04,Pneumonia
12431,537,171,9,2025-08-08,2026-03-19,Migraine
12432,416,36,9,2025-01-26,2026-02-19,Fracture
12433,694,238,18,2026-05-14,2026-05-15,Asthma
12434,874,232,17,2025-10-22,2026-03-05,Hypertension
12435,2442,89,13,2026-02-20,2026-04-25,Stroke
12436,857,146,18,2026-01-30,2026-04-10,Migraine
12437,1751,216,5,2026-03-20,2026-04-01,Kidney Stones
12438,4204,234,19,2025-12-10,2026-07-09,Diabetes
12439,3772,116,9,2024-12-03,2025-01-05,Hypertension
12440,4440,117,11,2025-11-18,2026-01-03,Asthma
12441,2876,142,4,2025-05-01,2026-07-09,Fracture
12442,4865,26,12,2026-03-22,2026-05-07,Kidney Stones
12443,2917,97,12,2026-04-09,2026-05-30,Kidney Stones
12444,4722,19,6,2025-04-19,2026-07-30,Fracture
12445,3113,96,10,2025-05-03,2026-04-30,Migraine
12446,969,159,19,2026-02-09,2026-06-05,Stroke
12447,712,218,19,2025-11-17,2026-06-11,Stroke
12448,4531,27,2,2024-10-10,2026-02-02,Migraine
12449,2583,172,20,2026-03-18,2026-06-06,Stroke
12450,3664,224,12,2026-07-01,2026-07-03,Diabetes
12451,4317,208,7,2025-05-01,2026-03-10,Migraine
12452,3807,208,10,2025-12-12,2026-07-23,Cancer
12453,4850,124,15,2026-02-26,2026-04-24,Hypertension
12454,2504,185,1,2026-03-19,2026-04-04,Kidney Stones
12455,656,163,9,2026-04-18,2026-05-02,Kidney Stones
12456,1223,102,1,2026-04-17,2026-05-24,Cancer
12457,4193,187,15,2025-01-05,2025-01-12,Cancer
12458,1064,16,3,2025-03-14,2025-08-18,Cancer
12459,2444,123,8,2025-03-04,2025-06-03,Hypertension
12460,3167,144,5,2026-02-11,2026-06-08,Fracture
12461,3573,184,4,2025-08-01,2026-07-30,Migraine
12462,2937,159,4,2025-06-09,2026-01-16,Fracture
12463,611,33,9,2026-02-18,2026-02-21,Fracture
12464,2877,7,1,2025-10-05,2026-06-03,Asthma
12465,3972,238,4,2025-06-04,2026-08-06,Pneumonia
12466,4445,236,4,2024-09-14,2025-12-22,Hypertension
12467,2881,126,9,2026-02-23,2026-07-26,Diabetes
12468,2200,66,6,2024-08-23,2026-04-27,Covid
12469,4638,104,2,2026-06-10,2026-08-01,Asthma
12470,2937,114,17,2026-05-18,2026-08-11,Diabetes
12471,611,56,9,2025-07-25,2026-02-15,Covid
12472,3115,225,18,2025-03-15,2025-04-28,Fracture
12473,2011,88,5,2025-02-21,2026-05-02,Pneumonia
12474,4353,86,16,2025-10-13,2026-07-28,Stroke
12475,4647,208,9,2025-03-16,2025-09-06,Fracture
12476,4841,136,12,2026-08-07,2026-08-12,Pneumonia
12477,708,151,11,2025-09-06,2026-01-22,Stroke
12478,941,103,2,2024-10-19,2025-07-03,Kidney Stones
12479,600,86,16,2026-07-28,2026-08-12,Asthma
12480,4122,247,2,2024-09-21,2025-08-31,Migraine
12481,1779,22,7,2025-03-27,2025-10-15,Migraine
12482,2728,114,4,2024-12-31,2024-12-31,Cancer
12483,4171,51,11,2025-09-29,2025-12-28,Diabetes
12484,3860,211,3,2024-10-30,2025-07-19,Hypertension
12485,4427,67,7,2025-07-29,2026-07-23,Pneumonia
12486,827,245,2,2025-09-07,2025-12-24,Hypertension
12487,4534,232,4,2026-04-08,2026-08-13,Pneumonia
12488,3000,239,1,2025-04-11,2025-10-16,Fracture
12489,2679,144,14,2025-11-21,2025-11-21,Stroke
12490,1617,63,19,2025-01-04,2025-11-06,Asthma
12491,2561,227,3,2026-05-01,2026-07-19,Kidney Stones
12492,876,12,20,2026-01-05,2026-01-06,Fracture
12493,2321,43,15,2025-11-08,2026-02-17,Diabetes
12494,572,19,3,2025-10-27,2026-04-02,Kidney Stones
12495,4112,4,1,2025-05-03,2025-07-27,Migraine
12496,2055,39,3,2026-04-01,2026-06-23,Fracture
12497,2656,217,2,2026-07-26,2026-07-29,Cancer
12498,2310,197,20,2026-03-28,2026-07-02,Migraine
12499,3720,128,5,2026-04-17,2026-08-11,Fracture
12500,3425,210,2,2026-04-29,2026-05-24,Asthma
12501,4774,192,5,2024-11-21,2025-07-29,Covid
12502,713,33,8,2025-09-26,2026-06-23,Migraine
12503,4337,147,4,2026-04-06,2026-07-20,Pneumonia
12504,4211,12,3,2026-07-08,2026-07-31,Covid
12505,3705,141,16,2026-03-10,2026-03-10,Kidney Stones
12506,3601,150,12,2025-05-01,2025-05-13,Pneumonia
12507,1139,117,10,2025-09-03,2025-09-25,Covid
12508,600,3,10,2025-05-24,2025-12-26,Kidney Stones
12509,886,219,6,2025-05-29,2026-07-08,Cancer
12510,830,98,18,2025-10-05,2026-07-17,Covid
12511,1615,190,3,2025-06-03,2025-08-03,Hypertension
12512,3957,234,17,2025-11-22,2026-08-10,Hypertension
12513,2411,146,1,2024-10-30,2025-05-09,Covid
12514,2237,48,6,2025-04-27,2025-07-15,Stroke
12515,4825,56,18,2025-10-17,2026-04-23,Covid
12516,4520,236,16,2025-12-15,2025-12-17,Pneumonia
12517,3438,196,14,2026-02-19,2026-05-04,Cancer
12518,4679,181,16,2025-08-13,2026-08-05,Diabetes
12519,4573,214,20,2025-11-07,2026-07-24,Pneumonia
12520,2819,209,18,2025-12-16,2026-05-24,Asthma
12521,1367,187,1,2026-01-06,2026-04-14,Fracture
12522,4848,229,16,2024-10-21,2024-11-28,Asthma
12523,2457,196,7,2024-09-10,2025-06-01,Asthma
12524,2680,92,14,2026-02-18,2026-07-30,Migraine
12525,3267,25,19,2024-11-13,2026-04-10,Diabetes
12526,3220,237,13,2025-02-27,2025-03-29,Asthma
12527,1150,245,15,2026-01-25,2026-05-05,Stroke
12528,4510,104,16,2025-10-31,2026-02-08,Fracture
12529,1328,231,14,2025-07-11,2025-12-13,Asthma
12530,286,233,6,2026-05-14,2026-06-13,Cancer
12531,4038,181,11,2026-01-09,2026-02-13,Pneumonia
12532,1178,122,13,2024-12-01,2025-06-22,Pneumonia
12533,1894,218,18,2025-01-09,2025-03-08,Stroke
12534,4976,232,15,2025-05-18,2026-06-02,Fracture
12535,1305,18,12,2024-11-01,2025-02-03,Cancer
12536,4347,189,16,2025-10-21,2026-05-14,Diabetes
12537,1085,145,13,2025-10-25,2026-02-12,Hypertension
12538,607,42,11,2025-11-20,2026-04-18,Diabetes
12539,676,7,2,2025-05-31,2026-06-19,Cancer
12540,3478,181,5,2026-07-23,2026-07-30,Covid
12541,2506,111,15,2025-10-12,2026-08-04,Pneumonia
12542,4229,210,10,2025-06-27,2026-06-24,Diabetes
12543,3987,169,11,2026-01-20,2026-03-30,Asthma
12544,2287,122,7,2026-05-06,2026-05-20,Covid
12545,3887,156,4,2025-03-20,2025-12-17,Kidney Stones
12546,1213,42,16,2025-04-01,2026-05-09,Kidney Stones
12547,4936,167,18,2026-07-07,2026-07-29,Pneumonia
12548,563,127,3,2024-09-27,2024-12-24,Asthma
12549,3861,216,3,2024-08-27,2026-06-08,Diabetes
12550,2304,96,16,2025-04-06,2025-09-20,Pneumonia
12551,1298,28,16,2025-08-31,2026-01-19,Stroke
12552,3553,234,14,2025-12-10,2026-02-11,Fracture
12553,704,73,15,2026-07-27,2026-07-29,Hypertension
12554,320,245,6,2024-09-09,2025-09-12,Cancer
12555,3884,131,6,2025-07-01,2025-09-04,Cancer
12556,1789,58,10,2026-01-20,2026-01-21,Hypertension
12557,3615,131,8,2025-12-10,2026-03-04,Diabetes
12558,3192,62,14,2026-04-12,2026-06-12,Pneumonia
12559,651,115,8,2025-08-20,2025-11-19,Kidney Stones
12560,2188,180,8,2024-08-23,2026-04-12,Covid
12561,1794,235,10,2025-05-24,2026-05-22,Asthma
12562,3354,17,4,2026-03-19,2026-05-17,Covid
12563,1333,241,7,2025-12-25,2026-06-17,Diabetes
12564,3345,83,3,2024-12-11,2025-02-17,Stroke
12565,4412,127,1,2025-02-03,2026-03-17,Hypertension
12566,1378,250,1,2026-05-09,2026-06-28,Pneumonia
12567,1575,71,7,2026-02-23,2026-08-09,Cancer
12568,4478,206,6,2026-05-13,2026-06-15,Migraine
12569,256,79,18,2024-10-12,2025-11-10,Covid
12570,1561,170,16,2024-11-27,2025-12-11,Diabetes
12571,1156,179,4,2024-11-27,2026-06-14,Cancer
12572,4174,172,16,2026-02-06,2026-07-23,Asthma
12573,2422,225,5,2025-03-06,2025-06-02,Fracture
12574,1386,238,3,2026-05-20,2026-08-09,Kidney Stones
12575,4473,69,5,2026-04-20,2026-07-16,Asthma
12576,3786,202,14,2025-06-17,2025-09-25,Covid
12577,3778,215,12,2025-07-14,2026-01-23,Asthma
12578,3546,131,9,2026-07-21,2026-07-28,Kidney Stones
12579,1662,156,1,2026-03-13,2026-07-09,Kidney Stones
12580,3753,234,6,2025-08-30,2026-05-29,Stroke
12581,370,247,3,2026-03-13,2026-04-12,Stroke
12582,486,173,15,2025-02-03,2025-11-16,Cancer
12583,2822,75,6,2024-11-18,2025-07-27,Pneumonia
12584,4475,26,6,2025-07-21,2026-03-26,Hypertension
12585,3721,215,8,2026-03-05,2026-04-18,Fracture
12586,2333,199,2,2026-04-20,2026-06-16,Covid
12587,1942,247,7,2025-12-06,2026-08-13,Migraine
12588,3408,170,9,2025-02-08,2025-05-17,Pneumonia
12589,3756,10,15,2024-09-29,2025-06-12,Diabetes
12590,1497,232,20,2024-10-03,2026-05-14,Stroke
12591,2536,234,19,2026-03-26,2026-04-03,Diabetes
12592,255,47,15,2026-01-02,2026-06-14,Fracture
12593,2273,134,7,2025-12-01,2026-05-16,Stroke
12594,2848,245,2,2026-04-24,2026-07-13,Fracture
12595,2972,98,11,2025-11-07,2026-07-06,Asthma
12596,4806,211,14,2025-02-03,2025-03-08,Fracture
12597,4353,79,11,2025-03-10,2025-06-27,Hypertension
12598,2762,161,1,2026-07-03,2026-07-15,Stroke
12599,3387,17,11,2024-09-20,2026-06-27,Asthma
12600,1456,79,13,2024-09-19,2026-03-28,Migraine
12601,1310,105,1,2024-11-13,2024-12-31,Kidney Stones
12602,4476,100,14,2026-04-22,2026-05-23,Cancer
12603,3238,167,12,2026-05-13,2026-08-02,Pneumonia
12604,1404,82,4,2025-04-01,2026-05-28,Asthma
12605,3727,61,20,2025-01-29,2025-07-27,Diabetes
12606,4794,198,7,2025-11-18,2026-05-26,Kidney Stones
12607,1694,125,1,2025-02-06,2026-03-14,Hypertension
12608,4459,144,16,2026-06-11,2026-07-03,Diabetes
12609,3410,160,9,2024-12-29,2026-02-28,Fracture
12610,11,204,11,2025-10-25,2026-04-28,Stroke
12611,4369,38,18,2026-06-14,2026-07-15,Kidney Stones
12612,4240,217,7,2025-03-01,2025-07-14,Diabetes
12613,553,50,17,2025-05-25,2026-02-15,Kidney Stones
12614,622,135,12,2024-11-19,2026-01-04,Kidney Stones
12615,1302,147,14,2025-12-14,2026-05-18,Kidney Stones
12616,3372,159,14,2025-02-25,2025-07-19,Asthma
12617,3466,195,11,2024-10-24,2025-03-29,Stroke
12618,449,38,11,2024-10-19,2025-01-20,Migraine
12619,3685,65,1,2025-03-28,2026-05-02,Migraine
12620,4197,168,9,2026-02-10,2026-05-03,Kidney Stones
12621,2790,250,14,2024-10-11,2026-05-23,Pneumonia
12622,3355,74,2,2026-05-08,2026-07-23,Asthma
12623,3971,238,14,2024-09-05,2025-05-29,Hypertension
12624,2823,73,4,2025-07-12,2025-09-05,Diabetes
12625,1962,101,14,2025-10-24,2026-04-02,Migraine
12626,1807,125,4,2026-04-18,2026-07-02,Migraine
12627,2744,74,1,2025-03-26,2026-03-23,Asthma
12628,3128,198,14,2024-08-08,2025-08-21,Fracture
12629,442,112,13,2024-09-26,2024-12-25,Diabetes
12630,1451,113,17,2025-09-16,2026-04-04,Pneumonia
12631,776,245,17,2024-11-07,2026-06-12,Asthma
12632,1548,114,2,2025-07-23,2026-01-14,Kidney Stones
12633,2331,73,3,2024-11-06,2026-04-06,Covid
12634,2121,231,8,2025-11-01,2025-11-24,Stroke
12635,243,196,16,2025-08-18,2026-05-08,Pneumonia
12636,2276,131,15,2025-06-24,2025-09-05,Migraine
12637,910,179,18,2025-03-19,2026-01-31,Asthma
12638,3686,176,9,2025-01-13,2025-07-27,Cancer
12639,12,115,11,2026-07-04,2026-08-15,Covid
12640,468,115,4,2026-07-30,2026-08-11,Diabetes
12641,2570,198,9,2025-12-31,2026-07-15,Covid
12642,3580,187,20,2026-02-27,2026-05-01,Hypertension
12643,3745,194,13,2026-02-22,2026-03-10,Kidney Stones
12644,2692,120,4,2024-11-12,2025-10-25,Asthma
12645,2194,177,6,2025-03-01,2025-12-03,Kidney Stones
12646,229,106,13,2026-02-01,2026-04-08,Migraine
12647,1356,202,12,2026-06-27,2026-08-03,Covid
12648,1666,110,18,2025-05-24,2025-11-19,Migraine
12649,1708,188,13,2026-07-15,2026-08-03,Asthma
12650,358,35,17,2025-06-10,2026-03-28,Covid
12651,2411,180,18,2025-06-11,2025-06-19,Asthma
12652,3239,21,5,2026-03-02,2026-05-19,Hypertension
12653,2888,181,15,2026-07-05,2026-07-13,Covid
12654,4798,49,6,2026-06-06,2026-07-18,Hypertension
12655,1492,3,8,2025-11-19,2026-07-20,Migraine
12656,1356,65,9,2026-01-31,2026-08-01,Cancer
12657,4838,218,1,2025-08-10,2025-10-15,Migraine
12658,4579,73,10,2026-07-21,2026-08-07,Cancer
12659,3105,240,17,2026-05-30,2026-06-19,Covid
12660,1082,158,7,2025-03-08,2025-12-15,Fracture
12661,1888,32,15,2025-07-07,2025-07-26,Pneumonia
12662,4777,135,7,2024-11-20,2024-12-13,Kidney Stones
12663,3170,49,6,2025-02-05,2025-05-11,Hypertension
12664,2282,211,2,2025-07-25,2025-08-25,Covid
12665,2020,227,1,2024-10-01,2026-08-01,Kidney Stones
12666,1480,144,11,2025-09-27,2025-12-02,Fracture
12667,4657,76,16,2024-11-26,2025-09-16,Kidney Stones
12668,2310,143,19,2024-10-07,2025-12-16,Kidney Stones
12669,3898,150,4,2026-04-06,2026-04-25,Cancer
12670,1613,162,20,2024-10-10,2025-01-02,Cancer
12671,4276,1,9,2025-09-09,2026-04-25,Diabetes
12672,230,109,14,2024-08-09,2026-02-22,Fracture
12673,1581,177,5,2024-11-22,2025-04-12,Asthma
12674,1282,84,6,2024-10-23,2025-01-25,Kidney Stones
12675,1521,180,16,2025-04-19,2025-10-21,Migraine
12676,2778,140,7,2025-03-30,2026-08-10,Cancer
12677,4001,209,5,2025-01-08,2025-06-29,Diabetes
12678,3248,51,5,2026-05-24,2026-08-09,Cancer
12679,3287,51,18,2025-10-25,2026-04-22,Pneumonia
12680,3926,129,3,2025-03-25,2026-03-13,Kidney Stones
12681,3983,180,4,2025-08-12,2025-08-12,Pneumonia
12682,4597,242,3,2025-04-28,2026-06-17,Kidney Stones
12683,1989,115,18,2025-11-30,2026-01-05,Stroke
12684,4497,45,7,2025-05-07,2025-07-02,Migraine
12685,1963,105,8,2026-04-22,2026-05-05,Cancer
12686,3170,66,14,2025-07-26,2026-04-12,Fracture
12687,773,75,13,2024-08-28,2025-08-21,Pneumonia
12688,558,209,6,2026-05-13,2026-07-25,Kidney Stones
12689,2238,193,3,2025-07-07,2026-06-27,Pneumonia
12690,747,1,20,2026-06-18,2026-07-21,Pneumonia
12691,1713,195,18,2026-02-27,2026-04-24,Hypertension
12692,3051,158,18,2025-10-12,2026-06-24,Migraine
12693,2731,76,10,2026-04-13,2026-04-22,Diabetes
12694,4050,195,15,2026-02-13,2026-03-06,Hypertension
12695,150,187,16,2026-05-11,2026-06-21,Diabetes
12696,4579,179,10,2025-05-05,2025-11-22,Pneumonia
12697,1942,227,19,2024-10-08,2025-02-12,Fracture
12698,2778,230,8,2025-05-13,2026-05-17,Kidney Stones
12699,4394,231,18,2025-04-17,2025-10-18,Pneumonia
12700,2279,176,15,2025-09-08,2026-02-24,Fracture
12701,2022,41,16,2025-08-10,2026-05-03,Fracture
12702,178,123,4,2026-06-28,2026-07-09,Asthma
12703,3947,98,15,2026-02-02,2026-03-28,Asthma
12704,4299,137,6,2026-04-20,2026-08-09,Kidney Stones
12705,1812,187,10,2025-04-19,2025-07-14,Stroke
12706,507,205,15,2025-01-28,2026-06-12,Stroke
12707,2455,2,17,2026-02-05,2026-03-17,Diabetes
12708,3885,238,20,2025-11-01,2025-11-14,Hypertension
12709,2996,12,17,2024-12-26,2025-04-24,Pneumonia
12710,4176,208,2,2024-09-29,2025-01-11,Diabetes
12711,4679,38,12,2026-07-05,2026-07-19,Fracture
12712,956,189,8,2026-07-28,2026-08-05,Kidney Stones
12713,4146,38,1,2025-09-13,2026-04-03,Fracture
12714,3465,162,1,2026-04-10,2026-06-27,Fracture
12715,3890,201,5,2024-12-24,2025-06-09,Covid
12716,1145,130,6,2025-02-08,2025-09-28,Covid
12717,4764,78,11,2025-05-14,2026-08-16,Migraine
12718,1849,46,15,2025-03-26,2026-07-19,Diabetes
12719,2874,215,16,2025-10-11,2026-06-19,Migraine
12720,650,192,19,2025-12-02,2026-05-06,Pneumonia
12721,2956,152,2,2026-03-22,2026-06-24,Fracture
12722,3871,117,4,2026-04-18,2026-07-03,Fracture
12723,4108,185,1,2025-01-09,2025-02-18,Diabetes
12724,505,87,14,2026-04-09,2026-04-11,Asthma
12725,1465,198,11,2025-11-12,2025-12-02,Pneumonia
12726,1906,10,17,2024-10-28,2026-04-28,Migraine
12727,2868,33,20,2025-07-12,2025-11-20,Covid
12728,1697,16,1,2026-03-23,2026-05-27,Migraine
12729,729,88,17,2025-08-31,2025-11-10,Covid
12730,3344,157,1,2026-07-03,2026-07-21,Asthma
12731,1228,65,5,2025-06-10,2026-07-02,Fracture
12732,3628,26,20,2026-06-24,2026-08-16,Fracture
12733,225,117,13,2026-04-02,2026-04-10,Hypertension
12734,239,2,11,2025-05-31,2025-09-25,Covid
12735,2473,26,20,2025-01-25,2025-04-09,Kidney Stones
12736,4625,197,18,2025-04-07,2025-09-03,Covid
12737,2944,154,5,2025-12-25,2026-01-02,Fracture
12738,1321,246,3,2026-07-30,2026-08-01,Kidney Stones
12739,107,232,3,2025-11-01,2026-02-03,Asthma
12740,2392,156,17,2024-09-28,2026-02-04,Migraine
12741,4866,191,4,2024-10-02,2025-08-10,Migraine
12742,1465,62,3,2025-11-21,2026-04-06,Diabetes
12743,1376,126,15,2025-02-14,2026-05-31,Covid
12744,4245,124,20,2026-04-20,2026-08-07,Covid
12745,3174,190,20,2026-04-17,2026-05-08,Diabetes
12746,1697,76,20,2025-05-08,2026-01-04,Asthma
12747,4191,31,9,2026-05-14,2026-07-24,Cancer
12748,4189,145,7,2025-01-22,2026-07-16,Kidney Stones
12749,4974,188,19,2025-02-11,2025-11-19,Stroke
12750,2848,194,4,2026-03-03,2026-03-09,Diabetes
12751,4440,198,14,2025-08-17,2025-10-06,Hypertension
12752,4094,135,3,2025-03-05,2025-09-17,Asthma
12753,613,62,11,2026-05-30,2026-07-05,Pneumonia
12754,4296,88,15,2025-10-08,2026-05-06,Stroke
12755,4859,247,12,2025-03-23,2025-09-01,Stroke
12756,1877,42,16,2026-01-24,2026-02-03,Asthma
12757,4655,160,1,2026-01-14,2026-01-26,Diabetes
12758,2409,161,20,2025-01-16,2025-10-19,Asthma
12759,3878,44,17,2025-04-24,2025-11-25,Kidney Stones
12760,2510,142,17,2024-10-05,2026-01-02,Hypertension
12761,3711,182,20,2025-09-11,2025-12-04,Asthma
12762,4483,46,17,2026-02-19,2026-07-29,Fracture
12763,2419,133,14,2024-11-04,2026-06-08,Pneumonia
12764,3299,188,18,2024-09-16,2025-09-06,Stroke
12765,4321,159,16,2026-07-15,2026-07-16,Kidney Stones
12766,3642,115,13,2026-03-29,2026-08-09,Asthma
12767,2298,134,7,2025-06-11,2025-07-30,Hypertension
12768,4241,47,10,2025-04-20,2025-06-03,Fracture
12769,1874,119,17,2025-07-07,2025-12-04,Cancer
12770,3516,106,14,2025-04-18,2026-05-10,Cancer
12771,2098,185,19,2025-06-15,2026-08-04,Stroke
12772,2077,217,19,2024-10-11,2024-11-05,Fracture
12773,2678,241,18,2025-04-25,2025-08-30,Covid
12774,198,63,14,2025-03-31,2025-11-16,Stroke
12775,339,244,6,2026-06-03,2026-07-16,Diabetes
12776,1114,108,9,2026-04-18,2026-07-11,Pneumonia
12777,2883,139,18,2025-02-12,2026-05-20,Cancer
12778,2630,169,3,2024-08-28,2026-07-18,Pneumonia
12779,2041,128,10,2024-10-13,2025-08-07,Migraine
12780,3084,8,14,2024-11-10,2026-06-16,Fracture
12781,2366,245,7,2025-11-17,2026-06-27,Covid
12782,467,2,20,2025-10-25,2026-03-17,Pneumonia
12783,1375,109,4,2024-08-15,2025-01-26,Diabetes
12784,2997,200,9,2026-04-27,2026-04-29,Migraine
12785,1858,57,16,2025-11-19,2026-04-08,Migraine
12786,2375,107,17,2026-05-09,2026-06-18,Stroke
12787,512,143,6,2025-10-08,2026-07-21,Migraine
12788,818,123,5,2025-08-17,2026-05-11,Kidney Stones
12789,1108,42,12,2026-01-03,2026-05-24,Pneumonia
12790,3463,223,3,2026-05-22,2026-07-22,Kidney Stones
12791,765,233,1,2025-09-11,2026-05-27,Diabetes
12792,2067,32,20,2025-07-15,2026-03-30,Migraine
12793,1542,150,14,2024-09-04,2026-06-16,Cancer
12794,61,20,9,2025-08-13,2026-02-02,Diabetes
12795,1583,123,15,2025-11-22,2026-05-19,Cancer
12796,395,190,7,2025-09-19,2026-07-09,Fracture
12797,3204,112,13,2025-11-06,2026-03-15,Kidney Stones
12798,1562,193,3,2025-11-27,2026-02-07,Kidney Stones
12799,662,237,15,2025-04-04,2025-12-30,Cancer
12800,3432,231,4,2025-09-16,2026-04-29,Migraine
12801,2658,192,1,2026-06-27,2026-07-25,Cancer
12802,1326,9,6,2025-11-29,2026-08-10,Cancer
12803,4343,132,1,2025-01-18,2025-12-05,Fracture
12804,3161,128,1,2025-08-21,2025-12-25,Fracture
12805,3747,134,8,2025-05-03,2025-10-15,Diabetes
12806,2860,135,7,2025-09-23,2025-09-29,Cancer
12807,1940,29,7,2026-02-17,2026-07-12,Migraine
12808,4777,51,13,2025-02-19,2026-03-24,Pneumonia
12809,2256,209,18,2026-02-27,2026-04-06,Cancer
12810,4436,92,13,2026-07-13,2026-07-22,Stroke
12811,2471,132,3,2024-08-18,2025-10-02,Cancer
12812,4711,207,15,2026-02-25,2026-06-23,Cancer
12813,2247,66,5,2024-10-16,2025-09-27,Pneumonia
12814,2513,49,16,2025-10-25,2026-01-22,Cancer
12815,57,69,20,2026-07-28,2026-08-11,Migraine
12816,4491,194,15,2025-03-05,2025-05-18,Pneumonia
12817,1446,4,15,2025-03-23,2025-11-05,Covid
12818,2547,146,3,2025-12-30,2026-07-31,Hypertension
12819,2139,88,16,2026-01-08,2026-04-05,Covid
12820,500,14,18,2025-02-26,2025-04-19,Pneumonia
12821,960,212,13,2026-02-04,2026-07-25,Hypertension
12822,834,32,3,2024-08-23,2026-01-08,Pneumonia
12823,2832,39,14,2025-07-16,2025-08-27,Fracture
12824,139,152,9,2025-07-08,2025-11-01,Kidney Stones
12825,1187,2,1,2025-05-05,2025-09-06,Migraine
12826,2675,153,19,2024-10-30,2026-05-16,Hypertension
12827,959,87,4,2025-04-08,2026-04-21,Diabetes
12828,2952,99,3,2025-01-11,2025-03-21,Cancer
12829,3008,8,10,2025-07-25,2025-10-03,Pneumonia
12830,1856,33,5,2026-07-24,2026-08-02,Kidney Stones
12831,3137,244,8,2026-03-26,2026-04-04,Migraine
12832,3661,158,5,2026-02-17,2026-05-03,Kidney Stones
12833,1305,237,5,2026-02-21,2026-04-05,Stroke
12834,3823,85,17,2025-10-24,2026-01-19,Stroke
12835,2585,96,16,2026-03-27,2026-08-15,Diabetes
12836,1936,171,17,2026-04-30,2026-05-27,Migraine
12837,4298,153,17,2026-08-03,2026-08-12,Fracture
12838,2075,152,16,2026-03-18,2026-04-08,Kidney Stones
12839,3467,219,18,2026-06-28,2026-08-08,Migraine
12840,2777,155,6,2026-01-20,2026-07-31,Kidney Stones
12841,597,182,15,2025-09-08,2026-01-29,Asthma
12842,3107,68,13,2026-06-12,2026-07-12,Migraine
12843,1663,28,10,2026-04-12,2026-05-28,Pneumonia
12844,965,138,3,2024-09-27,2025-08-15,Asthma
12845,4978,213,16,2025-03-05,2025-08-14,Pneumonia
12846,2529,190,3,2025-10-17,2026-02-11,Hypertension
12847,642,208,8,2025-09-24,2026-02-01,Fracture
12848,4007,229,17,2025-04-21,2025-06-02,Fracture
12849,4998,134,18,2025-06-09,2026-07-09,Covid
12850,4908,75,7,2026-06-06,2026-07-27,Pneumonia
12851,3884,184,2,2026-08-04,2026-08-11,Asthma
12852,4568,21,8,2025-02-20,2025-04-06,Fracture
12853,319,143,5,2026-04-25,2026-06-06,Cancer
12854,2606,238,3,2024-12-12,2025-12-12,Stroke
12855,4695,125,20,2025-05-05,2025-11-06,Diabetes
12856,1981,138,16,2025-05-24,2026-04-10,Migraine
12857,456,145,11,2025-03-17,2025-09-11,Pneumonia
12858,4254,207,1,2024-09-12,2024-09-29,Stroke
12859,3425,109,3,2026-05-01,2026-07-04,Migraine
12860,337,159,18,2025-12-06,2026-07-10,Asthma
12861,2582,127,17,2026-04-20,2026-07-13,Asthma
12862,3197,19,10,2025-06-08,2025-12-29,Fracture
12863,3866,145,12,2026-07-06,2026-08-04,Covid
12864,1263,83,15,2025-05-01,2025-09-11,Asthma
12865,2926,245,12,2025-05-10,2026-02-06,Stroke
12866,2890,18,7,2026-02-01,2026-05-04,Kidney Stones
12867,3921,212,5,2025-03-27,2025-12-28,Migraine
12868,2997,85,7,2025-05-05,2025-08-16,Asthma
12869,2573,178,19,2024-12-04,2026-06-12,Covid
12870,1422,107,16,2025-12-08,2026-05-12,Stroke
12871,3237,142,15,2026-03-04,2026-04-04,Asthma
12872,1072,28,8,2025-05-25,2026-08-01,Stroke
12873,4092,245,15,2025-06-21,2025-07-30,Asthma
12874,1908,118,19,2025-06-13,2025-10-28,Stroke
12875,4250,14,12,2025-04-17,2025-11-12,Hypertension
12876,1076,218,19,2025-03-10,2026-04-08,Diabetes
12877,4670,8,8,2024-12-04,2025-06-28,Diabetes
12878,4679,243,16,2025-04-02,2025-09-05,Covid
12879,3992,131,13,2025-06-09,2026-08-04,Kidney Stones
12880,673,27,3,2024-08-26,2025-08-23,Hypertension
12881,2387,122,10,2024-11-02,2026-08-15,Asthma
12882,1920,87,5,2025-05-20,2025-07-18,Kidney Stones
12883,28,58,1,2024-09-24,2024-11-20,Fracture
12884,3903,54,18,2025-08-10,2026-02-08,Cancer
12885,3252,232,9,2024-11-05,2025-01-11,Covid
12886,375,16,14,2025-10-10,2026-03-14,Pneumonia
12887,3958,172,1,2025-02-09,2026-05-21,Cancer
12888,75,19,1,2026-01-01,2026-01-19,Pneumonia
12889,46,119,11,2026-02-27,2026-06-24,Fracture
12890,2414,153,18,2025-08-18,2025-09-20,Hypertension
12891,2247,188,8,2026-05-12,2026-06-06,Migraine
12892,228,179,20,2025-01-08,2025-10-29,Stroke
12893,3679,113,17,2025-02-22,2026-03-14,Fracture
12894,2590,16,11,2025-06-09,2026-07-10,Asthma
12895,3197,50,7,2024-09-12,2024-09-18,Migraine
12896,3202,118,14,2025-10-19,2025-11-10,Fracture
12897,2325,149,13,2025-03-23,2026-05-09,Kidney Stones
12898,1170,219,17,2025-06-19,2025-07-08,Pneumonia
12899,1377,153,5,2026-07-29,2026-08-03,Diabetes
12900,4162,71,3,2026-01-14,2026-05-12,Kidney Stones
12901,4576,182,14,2025-06-15,2025-06-25,Migraine
12902,1989,211,20,2024-12-17,2026-03-13,Asthma
12903,2795,158,15,2025-08-17,2026-01-16,Asthma
12904,502,220,13,2025-10-10,2025-11-10,Pneumonia
12905,3593,113,12,2025-06-13,2026-08-08,Diabetes
12906,576,231,12,2026-03-29,2026-04-27,Fracture
12907,2239,126,14,2025-10-07,2025-10-21,Stroke
12908,205,147,17,2026-06-22,2026-06-27,Diabetes
12909,3456,209,8,2026-06-06,2026-08-12,Cancer
12910,1083,111,8,2026-04-12,2026-07-16,Covid
12911,3284,101,17,2026-05-22,2026-07-25,Fracture
12912,1571,178,18,2024-09-17,2025-05-14,Migraine
12913,2946,230,19,2026-01-11,2026-03-18,Asthma
12914,4078,235,11,2025-05-22,2025-10-13,Stroke
12915,224,249,6,2026-05-19,2026-07-20,Diabetes
12916,2268,244,5,2025-08-26,2026-05-08,Stroke
12917,3087,69,8,2026-07-17,2026-08-11,Covid
12918,207,4,11,2026-03-01,2026-03-19,Fracture
12919,4875,155,6,2025-07-22,2026-04-23,Pneumonia
12920,1156,26,19,2026-05-28,2026-08-10,Diabetes
12921,1347,172,14,2026-01-17,2026-03-01,Kidney Stones
12922,4710,155,1,2025-06-22,2026-05-09,Migraine
12923,1509,204,7,2025-03-27,2025-07-19,Fracture
12924,2934,221,8,2025-02-13,2026-07-02,Fracture
12925,3783,36,1,2024-11-06,2025-04-18,Cancer
12926,4233,190,11,2026-08-02,2026-08-08,Pneumonia
12927,2210,201,3,2025-08-11,2025-10-15,Hypertension
12928,1723,146,12,2024-09-17,2025-06-02,Hypertension
12929,1707,15,12,2026-02-19,2026-06-27,Covid
12930,4531,53,3,2025-12-19,2026-04-24,Cancer
12931,4586,33,9,2025-09-26,2026-02-22,Hypertension
12932,2447,8,12,2025-03-18,2025-08-11,Cancer
12933,2224,23,18,2024-09-24,2026-06-04,Stroke
12934,4402,69,13,2026-06-13,2026-06-30,Asthma
12935,3950,19,12,2025-12-10,2026-01-25,Kidney Stones
12936,1022,95,5,2026-06-04,2026-07-05,Diabetes
12937,3748,220,1,2025-03-21,2025-08-09,Cancer
12938,2067,77,14,2026-01-12,2026-05-02,Cancer
12939,2934,120,5,2025-11-18,2026-03-05,Fracture
12940,1211,49,11,2025-04-25,2025-05-12,Covid
12941,2361,35,10,2025-03-18,2026-03-27,Kidney Stones
12942,4361,56,15,2025-11-02,2025-11-16,Diabetes
12943,2197,218,4,2025-01-13,2025-11-16,Asthma
12944,1276,220,14,2025-09-24,2026-04-04,Diabetes
12945,349,62,5,2025-05-25,2025-06-21,Stroke
12946,4769,190,17,2025-07-21,2026-04-16,Pneumonia
12947,910,134,9,2025-01-19,2026-07-12,Stroke
12948,4905,66,13,2025-06-17,2026-07-08,Fracture
12949,3056,151,13,2026-05-12,2026-05-15,Diabetes
12950,698,83,12,2026-08-02,2026-08-06,Covid
12951,3252,165,4,2025-08-18,2025-11-10,Asthma
12952,4347,49,7,2024-10-03,2025-07-19,Stroke
12953,423,76,18,2025-02-14,2026-02-27,Cancer
12954,485,187,6,2026-02-12,2026-07-06,Covid
12955,1527,115,12,2026-03-05,2026-03-21,Asthma
12956,4252,14,14,2025-01-19,2025-11-27,Pneumonia
12957,2445,12,7,2026-06-10,2026-07-13,Cancer
12958,3501,81,6,2025-03-25,2025-08-17,Covid
12959,4371,49,5,2025-05-08,2026-07-16,Covid
12960,1802,177,11,2025-12-28,2026-04-09,Hypertension
12961,4889,124,6,2025-12-13,2025-12-23,Hypertension
12962,4617,25,5,2025-08-11,2025-09-30,Hypertension
12963,3998,240,5,2025-07-04,2025-12-01,Migraine
12964,2239,185,1,2025-02-20,2026-06-08,Cancer
12965,201,227,16,2025-05-11,2026-04-12,Hypertension
12966,1055,231,7,2025-01-07,2025-07-23,Covid
12967,1896,47,19,2025-09-26,2025-10-16,Migraine
12968,3080,188,1,2026-01-25,2026-06-15,Kidney Stones
12969,4470,185,18,2025-03-30,2025-07-30,Kidney Stones
12970,733,149,19,2026-06-30,2026-07-09,Covid
12971,3269,52,11,2025-06-01,2026-06-21,Migraine
12972,677,165,12,2026-04-03,2026-07-15,Kidney Stones
12973,1650,41,20,2026-05-20,2026-08-13,Migraine
12974,2735,48,20,2024-08-14,2025-02-18,Hypertension
12975,608,79,8,2025-03-30,2025-07-23,Diabetes
12976,3085,248,16,2026-01-04,2026-01-05,Kidney Stones
12977,1074,197,2,2024-10-16,2025-10-04,Pneumonia
12978,4072,77,16,2025-01-26,2026-06-07,Hypertension
12979,2100,18,9,2025-09-23,2025-12-08,Fracture
12980,2806,121,19,2024-08-26,2025-11-02,Diabetes
12981,195,183,6,2026-01-24,2026-07-28,Covid
12982,2721,82,17,2026-05-16,2026-07-26,Migraine
12983,1237,195,17,2026-05-12,2026-05-19,Hypertension
12984,1765,26,4,2025-08-13,2025-10-22,Covid
12985,4944,144,18,2024-10-23,2025-04-21,Hypertension
12986,3094,30,8,2025-01-27,2026-01-26,Migraine
12987,485,36,9,2025-12-10,2026-05-23,Stroke
12988,3162,231,1,2024-12-07,2026-06-08,Pneumonia
12989,4173,179,9,2026-03-11,2026-07-08,Covid
12990,1014,139,1,2025-03-13,2025-09-05,Diabetes
12991,2875,124,20,2024-12-27,2025-07-20,Covid
12992,3233,231,14,2025-05-19,2026-04-08,Fracture
12993,2408,201,1,2026-01-20,2026-06-23,Cancer
12994,4370,242,3,2025-07-31,2026-04-22,Asthma
12995,1250,203,12,2025-05-12,2025-06-11,Migraine
12996,355,187,19,2026-02-03,2026-04-12,Hypertension
12997,467,185,6,2025-06-16,2025-11-26,Covid
12998,1650,57,4,2026-07-12,2026-07-21,Pneumonia
12999,691,11,11,2025-08-13,2026-05-27,Covid
13000,3231,104,2,2025-02-12,2025-04-05,Kidney Stones
13001,4316,208,14,2025-10-05,2026-08-01,Migraine
13002,3805,24,12,2026-07-12,2026-08-12,Cancer
13003,1905,25,17,2025-12-21,2026-05-22,Cancer
13004,191,38,6,2025-06-15,2025-12-22,Pneumonia
13005,2690,141,12,2025-05-21,2026-02-19,Migraine
13006,3356,111,16,2025-07-24,2026-03-17,Stroke
13007,2962,37,9,2025-03-02,2025-05-14,Kidney Stones
13008,4053,130,7,2026-02-07,2026-05-04,Diabetes
13009,675,194,9,2026-01-04,2026-03-29,Stroke
13010,2673,12,9,2025-04-26,2025-10-08,Stroke
13011,2203,173,7,2025-05-30,2026-05-18,Hypertension
13012,3643,139,1,2025-05-27,2025-12-25,Fracture
13013,3689,59,17,2025-04-03,2025-09-15,Hypertension
13014,4699,168,16,2026-02-08,2026-07-16,Stroke
13015,1213,115,19,2024-10-10,2025-06-27,Kidney Stones
13016,3532,86,2,2026-07-30,2026-08-14,Diabetes
13017,3976,202,13,2025-09-25,2026-07-15,Hypertension
13018,1433,4,5,2025-11-08,2026-06-12,Pneumonia
13019,3085,101,15,2025-09-28,2026-07-15,Diabetes
13020,2290,217,17,2026-03-12,2026-07-21,Hypertension
13021,1617,70,1,2025-01-10,2025-10-16,Asthma
13022,1223,167,11,2025-09-08,2026-02-17,Kidney Stones
13023,653,152,15,2025-10-14,2026-05-14,Migraine
13024,4523,238,11,2025-02-19,2026-02-14,Covid
13025,3121,33,13,2024-11-10,2025-07-22,Covid
13026,4616,144,11,2025-10-05,2026-08-03,Diabetes
13027,2628,83,14,2025-11-09,2026-07-31,Covid
13028,1618,107,19,2026-04-13,2026-04-15,Migraine
13029,2112,82,18,2024-12-29,2025-02-28,Stroke
13030,907,67,18,2026-01-20,2026-03-30,Covid
13031,4900,131,9,2025-05-15,2025-10-14,Hypertension
13032,4718,242,8,2025-03-18,2025-11-28,Covid
13033,2952,149,7,2026-07-16,2026-07-23,Migraine
13034,4506,207,5,2025-02-15,2026-06-10,Migraine
13035,637,227,9,2025-07-14,2026-01-28,Pneumonia
13036,2752,122,19,2025-03-10,2025-11-09,Hypertension
13037,1994,238,8,2026-01-27,2026-04-09,Cancer
13038,3186,183,9,2026-05-01,2026-05-02,Cancer
13039,160,154,7,2025-06-18,2026-02-17,Fracture
13040,1071,2,16,2025-12-30,2026-04-05,Cancer
13041,1980,30,1,2024-09-28,2025-01-05,Stroke
13042,4291,30,1,2024-10-25,2025-05-12,Pneumonia
13043,2057,2,10,2025-04-01,2026-05-29,Fracture
13044,2006,70,1,2025-07-05,2026-01-21,Asthma
13045,561,23,20,2025-01-24,2026-07-12,Pneumonia
13046,4187,161,3,2024-11-07,2026-04-12,Pneumonia
13047,796,49,6,2026-01-12,2026-02-07,Migraine
13048,4311,229,2,2025-08-08,2026-07-12,Migraine
13049,4109,214,10,2024-08-30,2025-12-21,Fracture
13050,959,167,18,2025-11-11,2025-11-11,Covid
13051,3059,203,7,2026-05-21,2026-06-17,Fracture
13052,3248,163,15,2025-06-17,2025-12-23,Covid
13053,1034,223,4,2026-02-15,2026-06-02,Stroke
13054,3061,190,11,2025-06-26,2025-11-20,Covid
13055,3278,140,11,2025-08-04,2026-01-02,Asthma
13056,3326,240,4,2026-05-09,2026-07-05,Kidney Stones
13057,3395,246,12,2026-02-15,2026-06-12,Stroke
13058,2124,171,3,2024-09-30,2025-02-26,Pneumonia
13059,3527,156,17,2025-11-19,2026-02-06,Cancer
13060,1748,250,4,2025-10-16,2026-07-29,Migraine
13061,1619,147,10,2025-02-25,2026-01-04,Asthma
13062,3828,117,10,2025-04-22,2025-06-15,Stroke
13063,1114,14,6,2025-02-19,2025-02-20,Cancer
13064,2626,218,17,2025-12-25,2026-02-22,Pneumonia
13065,1731,28,3,2024-08-10,2025-08-22,Pneumonia
13066,3386,123,4,2025-06-29,2026-07-24,Covid
13067,4178,165,1,2026-05-12,2026-05-26,Asthma
13068,4216,220,18,2024-09-26,2026-05-18,Fracture
13069,924,184,4,2026-04-16,2026-05-19,Diabetes
13070,1818,207,10,2026-07-16,2026-07-24,Diabetes
13071,4208,69,1,2024-12-04,2025-09-15,Kidney Stones
13072,3558,155,4,2025-12-15,2026-06-11,Fracture
13073,3407,204,19,2024-09-18,2025-12-25,Cancer
13074,3734,100,16,2025-04-01,2026-04-15,Cancer
13075,2933,209,5,2026-03-17,2026-07-05,Asthma
13076,2173,96,8,2025-11-30,2026-05-31,Kidney Stones
13077,161,17,13,2026-07-06,2026-07-25,Migraine
13078,892,70,14,2025-04-05,2025-09-08,Fracture
13079,2817,41,15,2025-03-18,2026-05-11,Asthma
13080,2230,30,2,2026-04-23,2026-06-10,Diabetes
13081,1184,189,19,2025-10-20,2025-12-27,Kidney Stones
13082,4056,73,7,2025-10-16,2025-11-24,Asthma
13083,2650,113,4,2025-12-16,2026-05-04,Stroke
13084,307,216,19,2024-08-12,2025-02-16,Hypertension
13085,850,6,5,2026-06-18,2026-06-25,Fracture
13086,2057,56,14,2026-02-21,2026-07-29,Stroke
13087,1091,240,16,2026-01-10,2026-06-14,Migraine
13088,3928,147,12,2025-06-14,2026-04-08,Kidney Stones
13089,2708,233,11,2026-05-05,2026-06-18,Covid
13090,628,18,11,2025-08-16,2026-01-04,Kidney Stones
13091,4545,32,9,2025-11-07,2026-02-21,Diabetes
13092,4521,142,17,2026-07-17,2026-08-17,Diabetes
13093,1344,200,17,2026-02-26,2026-04-10,Pneumonia
13094,1420,226,18,2025-06-10,2025-08-28,Diabetes
13095,4912,125,6,2024-11-25,2025-11-24,Cancer
13096,3726,150,1,2024-09-19,2026-01-12,Kidney Stones
13097,3868,51,9,2025-08-02,2026-04-07,Cancer
13098,4544,195,17,2026-03-22,2026-07-08,Stroke
13099,2586,86,15,2025-12-25,2026-06-01,Diabetes
13100,1497,75,4,2026-03-11,2026-07-19,Asthma
13101,39,90,9,2026-05-25,2026-07-21,Hypertension
13102,2378,221,16,2024-11-17,2025-12-08,Cancer
13103,2953,68,7,2025-05-22,2026-01-09,Cancer
13104,3537,34,3,2025-12-29,2026-07-13,Covid
13105,4448,91,3,2026-08-05,2026-08-08,Cancer
13106,1611,113,16,2026-01-31,2026-05-27,Cancer
13107,2411,233,18,2025-04-19,2025-05-11,Kidney Stones
13108,400,3,11,2025-11-06,2026-01-11,Stroke
13109,4673,75,13,2024-10-25,2024-11-26,Migraine
13110,935,12,15,2025-06-07,2026-04-11,Kidney Stones
13111,4646,26,1,2024-10-11,2026-02-10,Diabetes
13112,3668,212,3,2024-10-05,2025-02-21,Stroke
13113,1158,94,10,2025-07-02,2025-09-28,Covid
13114,677,42,2,2026-07-29,2026-08-13,Migraine
13115,1689,36,10,2026-01-28,2026-06-16,Diabetes
13116,3321,130,6,2024-09-21,2026-02-26,Kidney Stones
13117,4955,154,5,2025-03-05,2026-05-23,Fracture
13118,895,4,18,2025-05-15,2026-07-16,Migraine
13119,1492,91,4,2026-06-05,2026-07-11,Kidney Stones
13120,519,90,20,2024-10-06,2026-07-20,Hypertension
13121,3970,93,11,2025-10-21,2026-03-29,Stroke
13122,4097,147,16,2025-11-09,2025-11-27,Covid
13123,4652,199,15,2026-02-21,2026-06-16,Hypertension
13124,3691,234,13,2026-03-19,2026-08-01,Pneumonia
13125,4952,22,14,2025-11-25,2025-12-16,Asthma
13126,2115,138,15,2025-07-26,2026-05-22,Diabetes
13127,1869,77,20,2026-06-09,2026-07-22,Hypertension
13128,1976,88,7,2025-10-04,2025-11-06,Migraine
13129,4947,101,11,2025-02-22,2025-03-11,Pneumonia
13130,897,127,9,2026-02-08,2026-04-03,Stroke
13131,4870,238,7,2026-02-19,2026-04-09,Covid
13132,2647,131,10,2025-08-06,2025-09-09,Asthma
13133,1231,184,1,2024-10-03,2026-06-21,Kidney Stones
13134,1009,188,19,2025-05-28,2025-08-03,Fracture
13135,916,147,6,2025-05-06,2026-05-20,Asthma
13136,2527,135,13,2026-01-20,2026-04-13,Stroke
13137,3146,33,9,2025-11-26,2026-05-24,Pneumonia
13138,3719,35,17,2026-06-09,2026-06-16,Fracture
13139,4505,178,4,2026-02-03,2026-02-08,Fracture
13140,568,150,1,2025-12-08,2026-01-25,Cancer
13141,2546,43,4,2025-04-29,2025-10-23,Diabetes
13142,2016,214,3,2024-12-16,2025-03-07,Migraine
13143,3055,131,8,2025-12-24,2026-02-05,Pneumonia
13144,3523,37,12,2026-05-15,2026-07-08,Kidney Stones
13145,3203,204,2,2025-12-20,2026-08-11,Stroke
13146,3031,5,10,2025-10-29,2026-03-27,Pneumonia
13147,1961,81,17,2024-11-02,2026-03-05,Asthma
13148,2981,233,9,2025-06-08,2026-03-04,Stroke
13149,4377,56,16,2025-07-11,2025-07-11,Covid
13150,331,162,17,2025-02-02,2025-05-27,Fracture
13151,4881,180,10,2025-04-26,2026-05-03,Diabetes
13152,4341,82,16,2025-06-03,2025-09-23,Covid
13153,2850,50,9,2024-11-13,2025-09-17,Diabetes
13154,4051,238,18,2024-09-22,2026-03-21,Pneumonia
13155,3592,83,5,2025-06-08,2026-06-27,Hypertension
13156,4073,15,8,2025-07-18,2026-03-12,Stroke
13157,804,102,9,2026-06-23,2026-06-26,Asthma
13158,834,216,10,2025-04-17,2026-07-18,Hypertension
13159,4650,180,3,2024-08-19,2026-03-20,Hypertension
13160,4883,138,18,2025-07-24,2025-07-26,Kidney Stones
13161,3588,53,10,2025-06-07,2025-11-15,Diabetes
13162,1330,71,9,2026-07-31,2026-08-17,Migraine
13163,3966,187,3,2025-04-04,2026-07-05,Stroke
13164,1382,164,12,2025-10-23,2026-05-24,Fracture
13165,406,138,11,2025-04-12,2025-12-15,Fracture
13166,981,156,2,2025-05-27,2025-07-04,Stroke
13167,3000,52,14,2026-03-01,2026-06-07,Diabetes
13168,4548,149,10,2026-01-15,2026-04-22,Stroke
13169,4628,124,6,2026-05-12,2026-06-15,Kidney Stones
13170,360,131,14,2024-12-02,2025-01-07,Hypertension
13171,2087,212,17,2025-10-05,2026-02-06,Covid
13172,1219,76,16,2026-07-02,2026-07-09,Asthma
13173,4748,94,20,2025-10-29,2026-01-13,Hypertension
13174,4230,127,5,2025-10-04,2026-06-08,Diabetes
13175,4251,132,11,2024-09-03,2025-10-10,Kidney Stones
13176,286,48,16,2024-09-15,2025-04-30,Diabetes
13177,297,135,3,2026-02-22,2026-04-14,Kidney Stones
13178,768,191,20,2025-12-01,2026-02-05,Asthma
13179,4816,104,7,2026-07-20,2026-08-04,Migraine
13180,181,5,3,2025-06-27,2026-07-31,Covid
13181,3028,11,7,2025-04-12,2025-11-17,Pneumonia
13182,4538,50,8,2025-11-24,2025-12-17,Migraine
13183,3994,85,17,2026-07-12,2026-07-25,Cancer
13184,4800,187,13,2025-01-30,2026-03-06,Covid
13185,3461,231,7,2025-06-12,2025-11-06,Kidney Stones
13186,688,134,14,2025-11-16,2025-12-27,Asthma
13187,2209,149,12,2025-09-16,2026-05-02,Fracture
13188,3051,79,4,2025-01-27,2025-06-09,Diabetes
13189,1583,76,4,2026-06-24,2026-06-26,Pneumonia
13190,141,103,20,2026-06-11,2026-06-16,Migraine
13191,3523,35,7,2025-12-14,2025-12-27,Covid
13192,2753,161,7,2025-12-07,2026-04-26,Migraine
13193,1572,100,13,2024-10-14,2025-09-19,Migraine
13194,905,134,9,2024-12-16,2025-11-11,Pneumonia
13195,4932,241,4,2025-06-01,2026-05-18,Kidney Stones
13196,3847,87,7,2026-04-23,2026-05-22,Covid
13197,140,157,7,2024-10-08,2025-10-15,Asthma
13198,1999,137,17,2026-07-17,2026-07-25,Diabetes
13199,3260,184,4,2024-10-23,2026-01-27,Hypertension
13200,2077,85,2,2026-04-22,2026-06-09,Fracture
13201,3234,135,11,2025-01-31,2026-06-26,Pneumonia
13202,4343,179,12,2026-06-09,2026-08-08,Cancer
13203,604,59,4,2025-09-15,2026-06-09,Migraine
13204,2340,201,1,2024-11-28,2025-03-14,Kidney Stones
13205,654,5,7,2026-05-04,2026-08-07,Cancer
13206,3614,178,17,2024-10-04,2025-02-04,Fracture
13207,4757,109,7,2025-04-23,2025-07-08,Migraine
13208,4863,186,10,2025-10-01,2026-01-27,Kidney Stones
13209,1625,213,10,2025-03-17,2026-04-07,Stroke
13210,4150,136,12,2025-11-30,2026-02-24,Hypertension
13211,650,238,17,2024-09-25,2026-05-22,Diabetes
13212,2300,182,7,2025-04-05,2026-01-01,Fracture
13213,420,204,6,2025-02-09,2025-02-22,Kidney Stones
13214,2638,226,6,2025-01-08,2025-07-11,Diabetes
13215,2898,147,3,2025-10-24,2025-11-30,Asthma
13216,4387,201,8,2026-06-04,2026-08-07,Migraine
13217,3518,211,16,2025-11-01,2026-02-02,Covid
13218,955,60,15,2025-01-20,2026-06-04,Diabetes
13219,4671,48,3,2025-02-05,2026-07-12,Migraine
13220,1407,149,2,2025-06-30,2025-12-31,Asthma
13221,4588,152,1,2024-10-13,2025-09-07,Hypertension
13222,3371,239,11,2025-09-25,2026-08-14,Pneumonia
13223,889,240,12,2025-02-22,2025-12-17,Fracture
13224,1469,145,19,2025-05-24,2025-08-12,Kidney Stones
13225,728,46,8,2026-04-21,2026-07-10,Covid
13226,4549,44,2,2024-10-21,2025-09-07,Diabetes
13227,4997,215,18,2026-04-19,2026-08-10,Stroke
13228,548,127,1,2025-08-22,2025-10-31,Pneumonia
13229,4969,11,18,2025-10-05,2025-12-30,Covid
13230,4206,178,1,2024-12-24,2026-03-07,Kidney Stones
13231,4349,212,13,2025-04-27,2026-05-27,Kidney Stones
13232,1113,77,5,2025-07-21,2026-03-21,Hypertension
13233,1211,189,18,2024-12-16,2026-05-31,Stroke
13234,2453,193,1,2025-07-28,2026-01-19,Hypertension
13235,3827,141,15,2025-12-22,2026-04-27,Covid
13236,1518,10,11,2024-09-06,2026-03-24,Asthma
13237,3528,165,5,2026-01-11,2026-07-18,Diabetes
13238,2307,216,16,2025-08-06,2026-03-18,Hypertension
13239,699,20,9,2025-07-27,2026-02-11,Covid
13240,4776,153,19,2025-11-14,2026-04-30,Migraine
13241,2275,233,6,2024-10-25,2025-08-19,Hypertension
13242,734,66,17,2026-04-12,2026-05-18,Diabetes
13243,4558,68,2,2025-07-30,2026-05-29,Stroke
13244,4684,180,14,2026-04-21,2026-07-14,Pneumonia
13245,60,69,5,2025-05-04,2025-11-26,Asthma
13246,4265,97,4,2026-02-25,2026-05-19,Cancer
13247,2350,111,19,2026-07-17,2026-07-19,Covid
13248,368,136,20,2024-08-19,2025-12-31,Covid
13249,4940,202,16,2025-02-04,2025-06-18,Asthma
13250,4706,104,5,2026-08-05,2026-08-17,Cancer
13251,2388,222,15,2025-02-20,2026-04-20,Kidney Stones
13252,174,72,20,2025-12-31,2026-08-03,Kidney Stones
13253,1687,88,8,2025-08-03,2025-12-08,Fracture
13254,827,59,11,2026-06-23,2026-08-15,Diabetes
13255,2364,6,16,2026-05-13,2026-06-13,Asthma
13256,866,4,7,2026-05-19,2026-08-01,Asthma
13257,2941,139,17,2026-01-22,2026-03-19,Migraine
13258,1456,117,5,2026-02-14,2026-07-01,Asthma
13259,4664,53,15,2025-09-18,2026-06-04,Hypertension
13260,2889,131,11,2025-04-22,2025-12-18,Diabetes
13261,1983,120,17,2024-11-11,2025-10-24,Diabetes
13262,3386,4,5,2024-12-11,2026-01-08,Hypertension
13263,3465,42,5,2024-09-13,2025-07-01,Kidney Stones
13264,2489,100,19,2024-11-27,2025-04-28,Cancer
13265,4058,210,11,2025-09-14,2026-06-20,Cancer
13266,525,138,12,2025-07-19,2026-05-20,Migraine
13267,567,204,7,2025-07-04,2026-06-08,Pneumonia
13268,1587,36,5,2025-09-13,2026-08-10,Stroke
13269,3972,159,3,2024-09-06,2025-07-29,Asthma
13270,3969,239,4,2025-11-24,2026-01-03,Migraine
13271,2461,68,14,2026-04-13,2026-07-16,Stroke
13272,728,118,14,2025-04-09,2025-06-02,Asthma
13273,906,64,19,2025-05-31,2025-07-01,Hypertension
13274,506,41,2,2025-09-29,2026-02-09,Migraine
13275,1736,4,15,2025-01-02,2025-05-15,Covid
13276,597,179,5,2025-05-02,2025-05-21,Hypertension
13277,749,24,5,2025-12-01,2026-04-04,Fracture
13278,2387,72,3,2026-07-05,2026-08-15,Pneumonia
13279,2066,217,15,2025-06-21,2026-08-10,Cancer
13280,649,133,18,2026-03-09,2026-05-13,Stroke
13281,1306,149,2,2024-10-10,2026-03-03,Hypertension
13282,176,197,17,2024-08-25,2024-12-30,Migraine
13283,283,186,18,2025-10-16,2026-08-13,Migraine
13284,2304,147,15,2024-09-23,2024-11-05,Migraine
13285,2306,121,18,2024-11-26,2026-05-05,Kidney Stones
13286,4762,214,19,2025-12-29,2026-01-08,Stroke
13287,3409,45,11,2026-07-16,2026-07-30,Asthma
13288,457,57,17,2026-02-20,2026-04-06,Hypertension
13289,3786,106,6,2025-10-05,2026-05-31,Covid
13290,3646,6,17,2025-12-21,2026-07-13,Fracture
13291,3881,206,18,2025-04-30,2026-04-23,Fracture
13292,574,114,17,2026-07-15,2026-07-26,Cancer
13293,3718,108,7,2024-10-15,2025-08-04,Fracture
13294,3667,55,14,2026-01-23,2026-03-21,Hypertension
13295,876,95,20,2026-05-13,2026-07-24,Cancer
13296,4624,52,17,2024-12-02,2025-06-15,Asthma
13297,3845,219,7,2025-01-24,2025-04-28,Pneumonia
13298,3875,141,12,2025-12-29,2026-06-11,Kidney Stones
13299,3549,158,7,2024-09-20,2026-01-28,Covid
13300,4072,194,11,2025-06-06,2026-06-25,Stroke
13301,2765,117,13,2026-04-22,2026-08-09,Fracture
13302,4194,42,19,2025-08-19,2026-06-26,Hypertension
13303,3609,215,18,2025-10-09,2025-12-12,Covid
13304,3010,20,15,2025-12-25,2025-12-30,Hypertension
13305,170,163,11,2025-03-10,2026-08-14,Asthma
13306,4233,177,6,2026-05-04,2026-05-29,Cancer
13307,1165,80,18,2026-03-02,2026-07-23,Stroke
13308,173,193,5,2024-09-14,2025-04-07,Kidney Stones
13309,1706,180,20,2025-01-13,2025-08-30,Diabetes
13310,620,14,13,2026-04-18,2026-06-27,Pneumonia
13311,653,72,7,2026-01-27,2026-02-14,Cancer
13312,1,129,5,2024-10-23,2026-04-27,Pneumonia
13313,3420,19,19,2026-03-28,2026-07-17,Kidney Stones
13314,2319,201,7,2025-02-10,2026-01-02,Diabetes
13315,797,101,4,2025-12-10,2026-07-11,Asthma
13316,27,36,7,2025-10-20,2026-01-09,Cancer
13317,1095,124,6,2025-01-30,2025-12-13,Stroke
13318,2093,184,2,2025-02-23,2025-07-18,Asthma
13319,2794,193,3,2025-07-11,2026-03-06,Diabetes
13320,506,146,20,2025-08-08,2025-08-14,Fracture
13321,1349,201,16,2024-10-16,2026-07-05,Stroke
13322,1529,136,8,2026-02-11,2026-08-17,Stroke
13323,2850,34,16,2025-07-13,2026-01-19,Pneumonia
13324,3470,135,19,2025-10-30,2026-02-13,Covid
13325,1548,247,12,2026-01-20,2026-06-24,Fracture
13326,2655,49,13,2026-03-19,2026-04-22,Pneumonia
13327,2724,211,5,2024-11-03,2025-01-09,Fracture
13328,1855,171,17,2024-11-24,2025-05-16,Migraine
13329,4383,84,1,2026-02-11,2026-06-09,Stroke
13330,3781,86,19,2024-10-13,2026-04-05,Stroke
13331,2742,42,19,2025-05-26,2026-06-21,Cancer
13332,4981,43,3,2026-05-24,2026-07-02,Migraine
13333,1163,236,7,2025-07-28,2026-05-15,Kidney Stones
13334,3015,83,15,2026-07-10,2026-07-24,Cancer
13335,2184,83,5,2025-02-07,2026-05-23,Hypertension
13336,1426,137,20,2026-04-21,2026-04-23,Stroke
13337,1628,19,14,2025-06-04,2026-03-13,Stroke
13338,1028,232,4,2024-08-16,2026-02-21,Asthma
13339,1589,66,6,2024-08-31,2025-07-29,Stroke
13340,1102,174,20,2026-08-06,2026-08-09,Asthma
13341,4088,221,17,2025-05-18,2026-03-23,Diabetes
13342,4378,158,16,2026-03-25,2026-04-04,Hypertension
13343,4173,190,10,2024-12-19,2025-04-10,Pneumonia
13344,2226,82,7,2025-08-24,2025-11-08,Cancer
13345,4308,139,17,2026-07-17,2026-08-02,Covid
13346,1373,146,16,2025-12-19,2026-07-06,Migraine
13347,4119,188,13,2024-10-11,2025-05-24,Pneumonia
13348,3405,124,11,2025-09-10,2026-05-16,Hypertension
13349,3887,63,8,2024-10-22,2025-06-28,Stroke
13350,3288,164,3,2026-07-12,2026-07-25,Asthma
13351,762,108,17,2026-03-19,2026-06-10,Fracture
13352,1676,69,12,2026-06-12,2026-06-25,Stroke
13353,3691,9,7,2026-01-07,2026-07-16,Kidney Stones
13354,1171,170,16,2024-12-05,2025-04-08,Hypertension
13355,973,208,9,2026-03-12,2026-07-06,Kidney Stones
13356,3826,48,19,2025-02-03,2025-05-08,Fracture
13357,3669,37,6,2024-12-12,2025-03-20,Asthma
13358,2256,182,8,2026-06-19,2026-07-02,Kidney Stones
13359,2934,137,8,2026-03-04,2026-04-09,Kidney Stones
13360,2423,217,18,2026-04-11,2026-06-14,Kidney Stones
13361,1895,112,15,2024-10-06,2024-10-24,Diabetes
13362,3093,40,5,2026-01-17,2026-07-14,Cancer
13363,611,218,13,2026-04-13,2026-06-22,Kidney Stones
13364,201,249,3,2025-08-11,2026-04-07,Kidney Stones
13365,2967,62,11,2025-03-18,2025-12-05,Diabetes
13366,1753,202,18,2025-08-14,2025-10-17,Diabetes
13367,1309,93,11,2025-06-09,2026-05-28,Kidney Stones
13368,2651,84,11,2025-01-25,2025-09-02,Fracture
13369,3355,115,11,2024-12-27,2025-08-17,Kidney Stones
13370,1364,133,13,2025-05-06,2025-10-10,Stroke
13371,394,101,7,2025-09-19,2025-12-15,Covid
13372,3843,134,10,2025-09-15,2026-07-17,Stroke
13373,4308,125,15,2026-04-11,2026-08-12,Migraine
13374,1265,63,16,2024-08-20,2024-09-17,Pneumonia
13375,1213,162,6,2025-05-27,2025-12-22,Stroke
13376,4011,100,13,2026-04-06,2026-05-20,Asthma
13377,1426,219,12,2026-07-16,2026-08-14,Pneumonia
13378,1647,237,8,2024-09-11,2025-04-11,Migraine
13379,4738,110,16,2026-06-18,2026-07-13,Asthma
13380,1572,85,10,2026-01-22,2026-07-03,Hypertension
13381,3121,237,7,2025-01-06,2026-04-24,Pneumonia
13382,4628,54,9,2026-01-02,2026-05-15,Cancer
13383,3503,86,4,2025-11-08,2026-07-22,Kidney Stones
13384,4565,153,6,2024-12-24,2025-10-11,Cancer
13385,557,165,9,2025-07-19,2026-03-14,Stroke
13386,89,101,7,2025-07-15,2026-08-13,Diabetes
13387,3444,32,15,2025-01-11,2026-07-03,Cancer
13388,2241,71,10,2025-01-12,2025-10-12,Fracture
13389,2881,232,13,2026-01-06,2026-08-06,Stroke
13390,3979,43,15,2024-10-20,2025-08-18,Pneumonia
13391,416,157,7,2024-12-25,2025-03-01,Diabetes
13392,3758,167,6,2025-01-27,2025-05-05,Asthma
13393,1661,167,20,2026-05-05,2026-06-18,Diabetes
13394,3031,92,8,2025-03-06,2026-01-30,Cancer
13395,3909,250,2,2025-01-09,2025-05-06,Hypertension
13396,2855,123,6,2026-01-03,2026-03-25,Diabetes
13397,2343,141,19,2024-09-12,2025-03-21,Covid
13398,1406,161,19,2025-02-15,2026-04-08,Cancer
13399,380,202,14,2024-08-24,2026-02-28,Cancer
13400,4656,222,18,2026-01-13,2026-06-04,Fracture
13401,690,62,1,2025-03-22,2025-11-30,Asthma
13402,3378,117,3,2026-05-29,2026-07-17,Kidney Stones
13403,4395,55,6,2025-09-20,2026-02-15,Asthma
13404,3473,174,10,2025-10-16,2025-12-10,Stroke
13405,227,130,13,2026-04-26,2026-06-08,Asthma
13406,1107,24,7,2026-06-27,2026-08-10,Fracture
13407,953,149,3,2025-02-08,2026-01-17,Kidney Stones
13408,3991,145,2,2024-10-14,2026-05-07,Asthma
13409,2372,127,14,2026-01-01,2026-07-06,Hypertension
13410,3422,104,1,2025-04-10,2026-03-12,Pneumonia
13411,850,94,8,2024-10-26,2025-08-24,Covid
13412,4507,139,20,2026-05-03,2026-07-20,Asthma
13413,2784,116,8,2026-04-09,2026-06-13,Diabetes
13414,2246,151,16,2026-06-21,2026-08-15,Diabetes
13415,468,236,5,2024-09-21,2025-07-03,Asthma
13416,1415,83,18,2025-02-07,2026-07-12,Pneumonia
13417,3500,97,6,2024-10-16,2025-12-15,Pneumonia
13418,4777,241,3,2024-09-30,2026-03-05,Cancer
13419,2584,125,20,2025-09-28,2025-12-24,Fracture
13420,2396,18,1,2024-08-08,2026-06-12,Pneumonia
13421,3166,167,19,2025-01-05,2025-09-04,Kidney Stones
13422,3331,10,9,2025-11-28,2026-08-13,Fracture
13423,114,154,6,2025-02-21,2026-04-16,Hypertension
13424,2727,233,13,2025-01-19,2025-06-25,Cancer
13425,545,246,13,2026-05-11,2026-07-06,Asthma
13426,1635,143,5,2025-10-07,2025-12-18,Covid
13427,2644,221,17,2026-02-21,2026-05-13,Asthma
13428,1008,130,1,2025-10-21,2025-10-24,Pneumonia
13429,4646,59,20,2025-12-01,2025-12-20,Kidney Stones
13430,660,250,8,2024-09-24,2024-12-26,Migraine
13431,1862,242,16,2026-08-02,2026-08-15,Fracture
13432,1163,15,20,2026-04-18,2026-06-28,Diabetes
13433,595,18,8,2026-02-18,2026-06-10,Kidney Stones
13434,2670,216,13,2025-06-18,2026-08-01,Kidney Stones
13435,2459,138,12,2026-05-11,2026-05-18,Hypertension
13436,32,132,13,2025-01-15,2025-08-20,Fracture
13437,4011,144,11,2025-09-01,2025-12-06,Asthma
13438,2168,15,10,2025-05-25,2026-07-30,Diabetes
13439,2462,32,2,2024-08-31,2025-06-23,Pneumonia
13440,3160,48,7,2025-07-11,2025-12-13,Pneumonia
13441,3201,122,20,2026-02-20,2026-07-22,Covid
13442,4621,39,11,2025-07-10,2025-08-23,Kidney Stones
13443,2227,139,20,2025-02-15,2025-08-10,Diabetes
13444,3518,169,6,2025-04-07,2026-07-27,Covid
13445,3010,144,1,2025-06-17,2025-11-01,Pneumonia
13446,595,41,2,2026-06-27,2026-07-10,Covid
13447,3421,205,4,2025-04-04,2025-11-12,Asthma
13448,495,194,17,2024-11-23,2026-08-12,Stroke
13449,4026,44,10,2025-09-26,2025-10-21,Asthma
13450,2357,39,15,2025-11-02,2026-05-23,Cancer
13451,919,249,2,2025-02-20,2025-10-15,Cancer
13452,3903,194,20,2025-05-27,2026-05-01,Covid
13453,2686,217,14,2024-08-31,2025-09-14,Kidney Stones
13454,4636,10,18,2026-07-05,2026-08-04,Migraine
13455,1549,65,1,2025-11-30,2026-01-18,Hypertension
13456,3339,196,9,2024-08-07,2026-04-13,Asthma
13457,1490,30,16,2025-04-04,2026-01-01,Diabetes
13458,2587,112,9,2024-11-18,2026-06-21,Stroke
13459,1928,130,6,2025-11-27,2026-03-17,Asthma
13460,603,9,8,2024-11-13,2025-07-23,Covid
13461,1795,141,1,2024-11-13,2025-05-21,Diabetes
13462,557,148,17,2026-07-20,2026-07-25,Covid
13463,1898,222,4,2025-08-28,2025-09-08,Cancer
13464,115,134,20,2024-10-10,2026-07-28,Fracture
13465,1532,172,3,2025-08-28,2025-11-25,Kidney Stones
13466,3138,160,13,2025-07-28,2025-10-09,Fracture
13467,2349,97,7,2025-06-19,2025-12-13,Asthma
13468,778,41,19,2026-06-21,2026-07-21,Diabetes
13469,3803,106,19,2025-12-13,2026-02-28,Hypertension
13470,2584,53,10,2026-02-04,2026-06-30,Kidney Stones
13471,4428,208,16,2024-12-14,2025-03-16,Diabetes
13472,4991,5,18,2026-03-28,2026-07-20,Fracture
13473,2234,231,13,2025-01-22,2026-01-21,Migraine
13474,4315,246,7,2026-07-22,2026-07-27,Migraine
13475,4119,14,6,2026-04-13,2026-05-21,Stroke
13476,301,37,9,2025-09-19,2026-03-08,Asthma
13477,3296,30,13,2024-11-16,2025-05-06,Migraine
13478,2582,114,8,2025-08-16,2026-05-28,Migraine
13479,1682,168,1,2024-08-24,2024-12-14,Pneumonia
13480,2112,112,15,2026-03-15,2026-03-21,Hypertension
13481,443,225,5,2025-10-22,2026-02-24,Asthma
13482,1576,42,15,2025-01-11,2025-05-01,Pneumonia
13483,1554,211,18,2024-11-21,2026-02-03,Diabetes
13484,4254,130,13,2026-06-28,2026-08-01,Fracture
13485,3342,22,10,2025-03-17,2026-02-02,Fracture
13486,1810,84,17,2026-06-18,2026-08-04,Fracture
13487,4306,187,6,2024-11-03,2026-02-11,Hypertension
13488,4706,65,4,2026-02-23,2026-06-26,Pneumonia
13489,4130,140,19,2026-03-11,2026-08-05,Diabetes
13490,3548,144,8,2025-02-14,2026-07-19,Asthma
13491,2525,183,14,2026-04-11,2026-06-30,Pneumonia
13492,1280,70,20,2025-06-11,2025-12-07,Hypertension
13493,140,176,9,2025-11-07,2026-05-04,Pneumonia
13494,765,80,20,2026-04-24,2026-04-25,Asthma
13495,1958,233,10,2025-01-28,2025-11-07,Cancer
13496,358,158,1,2025-09-30,2026-05-15,Pneumonia
13497,31,22,7,2026-04-04,2026-04-07,Cancer
13498,1461,138,11,2026-05-01,2026-06-23,Hypertension
13499,2881,221,7,2026-06-08,2026-07-29,Hypertension
13500,3880,31,1,2025-12-09,2026-04-27,Migraine
13501,4396,52,5,2025-11-27,2026-04-13,Fracture
13502,4509,139,4,2026-02-27,2026-07-20,Cancer
13503,2399,56,16,2025-05-13,2025-08-23,Asthma
13504,2772,117,7,2025-07-20,2025-09-13,Kidney Stones
13505,2699,217,19,2025-03-16,2025-09-11,Kidney Stones
13506,2846,196,3,2025-02-10,2025-06-13,Pneumonia
13507,381,2,12,2025-08-26,2026-06-18,Covid
13508,4902,73,18,2026-03-24,2026-05-18,Stroke
13509,2554,227,7,2025-04-10,2026-02-11,Migraine
13510,3933,99,19,2026-01-30,2026-08-07,Fracture
13511,246,3,18,2026-04-12,2026-08-05,Fracture
13512,409,139,16,2025-04-03,2025-12-29,Cancer
13513,4536,173,13,2025-09-03,2025-10-23,Diabetes
13514,2129,158,6,2024-12-10,2026-03-10,Hypertension
13515,1916,98,19,2025-06-30,2026-01-19,Kidney Stones
13516,4039,8,14,2025-02-15,2026-02-22,Cancer
13517,3868,207,2,2024-10-12,2025-08-25,Hypertension
13518,1532,2,16,2025-06-12,2025-08-14,Kidney Stones
13519,45,73,11,2026-02-20,2026-07-27,Asthma
13520,4828,88,12,2025-05-27,2026-02-03,Stroke
13521,1410,112,15,2024-10-16,2026-03-31,Kidney Stones
13522,1894,104,12,2026-07-14,2026-07-24,Asthma
13523,2896,166,3,2025-11-03,2026-07-23,Hypertension
13524,3739,225,7,2025-12-29,2026-06-11,Diabetes
13525,1233,42,4,2026-07-05,2026-07-30,Asthma
13526,3776,142,16,2025-08-23,2026-04-14,Diabetes
13527,81,5,9,2024-08-17,2025-10-03,Migraine
13528,1004,203,6,2025-05-12,2025-05-30,Pneumonia
13529,162,138,4,2025-10-10,2026-02-26,Hypertension
13530,3781,64,14,2025-05-16,2025-11-01,Pneumonia
13531,1413,132,20,2025-07-07,2026-03-13,Kidney Stones
13532,88,179,10,2026-05-26,2026-06-07,Hypertension
13533,2022,125,19,2026-07-20,2026-07-31,Kidney Stones
13534,3,131,12,2024-11-01,2026-08-03,Asthma
13535,4012,236,11,2025-04-18,2026-07-20,Stroke
13536,4716,181,10,2024-12-23,2025-03-12,Diabetes
13537,2243,162,18,2024-11-11,2025-04-03,Fracture
13538,3293,166,3,2025-03-05,2025-08-17,Cancer
13539,1247,180,20,2026-02-21,2026-03-26,Hypertension
13540,854,109,17,2025-07-06,2025-07-17,Pneumonia
13541,3399,210,4,2025-08-06,2025-09-26,Pneumonia
13542,687,153,16,2025-02-17,2025-03-24,Cancer
13543,4833,105,11,2024-11-22,2025-12-26,Asthma
13544,4247,201,17,2025-08-19,2026-05-11,Cancer
13545,3899,65,11,2024-10-04,2024-11-10,Stroke
13546,1844,181,19,2025-09-24,2025-12-11,Asthma
13547,546,155,6,2026-05-27,2026-06-14,Hypertension
13548,935,183,5,2026-02-01,2026-08-16,Fracture
13549,1537,239,12,2026-01-10,2026-05-26,Kidney Stones
13550,1069,133,11,2025-01-08,2026-02-28,Hypertension
13551,3782,83,20,2025-09-06,2026-06-05,Covid
13552,2818,184,17,2024-10-08,2024-12-15,Pneumonia
13553,40,51,1,2026-07-15,2026-07-27,Covid
13554,415,63,19,2024-10-24,2025-05-14,Asthma
13555,3141,37,5,2024-10-05,2025-01-23,Asthma
13556,4653,218,14,2024-11-30,2025-07-11,Cancer
13557,2308,191,18,2025-12-11,2026-05-07,Migraine
13558,2538,1,18,2026-05-30,2026-06-18,Kidney Stones
13559,605,124,18,2026-05-16,2026-05-30,Fracture
13560,739,172,10,2024-12-16,2026-07-14,Hypertension
13561,752,209,2,2025-01-05,2025-08-07,Stroke
13562,662,228,17,2025-12-30,2026-01-04,Covid
13563,1518,212,15,2024-11-11,2026-04-18,Hypertension
13564,1038,144,3,2026-05-15,2026-06-01,Fracture
13565,779,4,19,2025-07-17,2026-02-03,Pneumonia
13566,730,176,1,2026-01-06,2026-07-30,Hypertension
13567,2224,75,1,2025-02-18,2025-12-07,Fracture
13568,2699,185,20,2024-12-05,2025-02-10,Diabetes
13569,1919,102,1,2025-02-03,2025-03-27,Covid
13570,300,171,13,2026-03-05,2026-07-17,Covid
13571,3576,121,8,2026-06-28,2026-07-07,Pneumonia
13572,3581,178,6,2024-08-28,2026-07-02,Hypertension
13573,1160,49,11,2025-12-07,2026-03-28,Diabetes
13574,4332,179,6,2026-05-16,2026-06-18,Diabetes
13575,4678,145,10,2025-10-12,2026-05-14,Pneumonia
13576,1026,224,19,2025-06-22,2026-08-17,Diabetes
13577,3395,71,1,2026-03-07,2026-05-25,Pneumonia
13578,426,43,10,2025-01-26,2025-09-01,Hypertension
13579,2764,170,12,2026-04-29,2026-07-27,Covid
13580,3401,244,17,2024-11-05,2024-12-04,Diabetes
13581,552,216,4,2025-03-19,2026-06-18,Migraine
13582,4762,111,2,2025-03-04,2026-05-02,Diabetes
13583,4510,160,9,2026-03-19,2026-07-29,Pneumonia
13584,4900,222,9,2026-03-10,2026-04-05,Cancer
13585,1330,228,14,2025-12-21,2026-07-25,Pneumonia
13586,4318,107,18,2026-03-23,2026-06-04,Cancer
13587,3282,27,3,2025-06-28,2025-08-10,Migraine
13588,2821,139,2,2026-01-26,2026-07-06,Diabetes
13589,3347,166,2,2025-10-21,2026-03-28,Diabetes
13590,2413,77,3,2025-05-09,2025-05-12,Pneumonia
13591,4517,93,12,2025-04-18,2025-09-17,Kidney Stones
13592,3981,69,13,2025-02-06,2025-04-20,Asthma
13593,595,242,15,2024-12-17,2025-04-23,Covid
13594,2406,162,13,2025-11-16,2026-04-22,Pneumonia
13595,3503,214,14,2024-11-16,2026-03-23,Cancer
13596,1852,108,2,2025-06-17,2025-10-02,Pneumonia
13597,3769,82,20,2026-04-20,2026-06-21,Asthma
13598,4020,121,8,2024-09-30,2025-06-20,Kidney Stones
13599,866,100,8,2025-07-09,2026-08-09,Asthma
13600,2756,225,8,2025-12-02,2026-01-03,Hypertension
13601,794,32,20,2025-12-15,2026-04-13,Diabetes
13602,4300,220,4,2026-07-24,2026-08-05,Fracture
13603,1707,117,19,2024-09-06,2025-03-26,Covid
13604,246,182,2,2025-12-18,2026-07-31,Stroke
13605,1719,155,12,2026-04-09,2026-07-31,Stroke
13606,3615,195,7,2025-10-18,2025-10-27,Pneumonia
13607,2274,70,20,2025-12-21,2026-05-22,Diabetes
13608,1749,109,1,2025-05-17,2026-06-25,Fracture
13609,1937,3,10,2024-10-26,2025-08-14,Kidney Stones
13610,4407,16,10,2024-11-05,2026-04-16,Pneumonia
13611,4359,34,14,2024-08-25,2025-04-08,Migraine
13612,2247,140,13,2024-09-16,2025-12-23,Diabetes
13613,192,54,5,2025-01-22,2025-01-22,Asthma
13614,4114,40,2,2026-03-08,2026-07-09,Kidney Stones
13615,119,87,18,2025-04-19,2026-03-11,Fracture
13616,1441,25,13,2025-03-27,2025-05-21,Asthma
13617,2969,112,19,2025-06-25,2025-09-25,Migraine
13618,3322,101,19,2025-06-07,2026-01-15,Covid
13619,2940,3,4,2025-01-05,2026-05-25,Migraine
13620,2432,42,15,2025-11-07,2026-03-01,Stroke
13621,2437,24,6,2025-11-10,2026-03-03,Stroke
13622,3691,152,9,2025-03-11,2025-05-09,Migraine
13623,2270,125,20,2025-01-10,2026-03-17,Hypertension
13624,2009,61,14,2026-05-11,2026-06-11,Covid
13625,3480,250,11,2024-12-26,2025-10-29,Migraine
13626,561,186,2,2024-09-27,2025-03-17,Kidney Stones
13627,951,64,16,2025-07-12,2026-01-21,Hypertension
13628,416,98,12,2025-11-26,2026-01-27,Asthma
13629,2062,85,2,2024-10-19,2025-08-28,Covid
13630,3432,194,1,2025-06-28,2025-09-09,Hypertension
13631,1409,218,3,2025-07-22,2026-03-23,Kidney Stones
13632,2220,25,12,2026-01-23,2026-04-27,Covid
13633,1340,61,2,2025-08-03,2026-08-12,Cancer
13634,3488,92,11,2024-12-29,2026-04-06,Fracture
13635,172,171,12,2025-02-27,2025-08-03,Hypertension
13636,1341,95,9,2025-05-23,2025-11-08,Hypertension
13637,994,179,15,2024-10-25,2025-03-12,Stroke
13638,1825,240,15,2024-11-05,2025-06-11,Pneumonia
13639,1268,193,15,2025-07-31,2026-07-24,Asthma
13640,125,51,1,2025-07-02,2026-07-12,Kidney Stones
13641,2197,31,12,2025-10-13,2026-06-26,Pneumonia
13642,685,62,2,2026-03-29,2026-06-02,Diabetes
13643,2837,198,1,2025-02-16,2025-07-26,Diabetes
13644,4342,28,4,2026-02-17,2026-02-23,Stroke
13645,3895,151,6,2026-07-24,2026-08-03,Covid
13646,488,37,7,2026-04-24,2026-06-21,Kidney Stones
13647,4351,202,16,2025-07-12,2026-01-22,Hypertension
13648,2097,112,11,2025-09-27,2026-02-04,Hypertension
13649,3729,181,19,2026-04-30,2026-07-08,Asthma
13650,3211,82,20,2024-08-24,2025-04-08,Kidney Stones
13651,2430,115,14,2024-10-21,2025-06-05,Hypertension
13652,4987,201,6,2025-04-13,2025-09-22,Kidney Stones
13653,904,198,14,2026-01-17,2026-07-18,Diabetes
13654,1510,81,4,2024-08-10,2025-08-07,Migraine
13655,2599,33,9,2026-01-26,2026-03-31,Stroke
13656,70,243,1,2025-06-06,2025-08-26,Covid
13657,1397,31,19,2025-08-20,2025-12-10,Cancer
13658,56,229,3,2025-10-01,2025-10-22,Fracture
13659,1210,40,19,2026-01-28,2026-07-08,Fracture
13660,394,162,1,2025-11-07,2026-02-07,Migraine
13661,1824,113,13,2026-07-27,2026-08-02,Stroke
13662,1822,184,8,2024-08-13,2026-07-06,Kidney Stones
13663,2750,158,4,2024-09-23,2025-08-21,Hypertension
13664,3245,50,5,2026-04-04,2026-07-29,Migraine
13665,3839,187,20,2025-11-15,2026-06-28,Migraine
13666,3087,30,2,2024-11-12,2026-02-19,Covid
13667,1511,16,3,2026-06-20,2026-07-14,Diabetes
13668,120,2,2,2026-04-27,2026-07-10,Covid
13669,1900,72,17,2025-05-09,2025-08-14,Covid
13670,3811,115,19,2025-07-29,2026-03-18,Pneumonia
13671,4646,194,13,2025-07-25,2026-04-07,Stroke
13672,1851,20,20,2025-12-30,2026-01-17,Asthma
13673,3911,165,20,2024-08-07,2025-05-24,Migraine
13674,3740,5,2,2026-06-21,2026-06-22,Hypertension
13675,1981,12,8,2024-11-23,2025-01-11,Asthma
13676,3223,174,19,2025-09-16,2026-01-20,Migraine
13677,3362,232,14,2024-08-17,2025-07-31,Kidney Stones
13678,3148,200,16,2025-11-27,2026-06-26,Pneumonia
13679,2883,183,15,2025-02-18,2025-08-28,Kidney Stones
13680,1959,37,19,2026-07-08,2026-07-23,Diabetes
13681,721,105,3,2024-11-13,2025-04-10,Hypertension
13682,3344,248,3,2025-03-05,2026-04-19,Pneumonia
13683,880,247,5,2025-09-23,2026-01-05,Asthma
13684,4778,209,13,2026-03-18,2026-07-20,Diabetes
13685,2121,242,8,2026-05-09,2026-07-31,Fracture
13686,3443,189,13,2024-11-14,2025-01-10,Hypertension
13687,3932,248,8,2026-01-01,2026-03-11,Fracture
13688,804,157,14,2025-10-16,2026-04-10,Diabetes
13689,4196,192,6,2024-11-26,2025-04-25,Stroke
13690,1109,47,5,2024-11-29,2025-09-27,Asthma
13691,4663,129,15,2025-06-30,2025-09-14,Migraine
13692,2708,97,6,2025-07-09,2025-07-09,Diabetes
13693,4639,127,1,2025-12-13,2026-07-01,Migraine
13694,2357,130,20,2025-08-03,2026-04-02,Fracture
13695,4207,35,1,2025-02-02,2026-02-22,Migraine
13696,3178,26,20,2025-06-16,2026-02-27,Cancer
13697,4765,153,10,2024-09-30,2026-04-26,Diabetes
13698,3987,27,14,2024-10-21,2025-05-16,Cancer
13699,1528,137,3,2026-07-17,2026-08-09,Asthma
13700,3284,166,16,2025-12-28,2026-07-05,Pneumonia
13701,2748,198,10,2026-06-26,2026-08-06,Migraine
13702,2770,166,11,2024-09-06,2026-04-09,Asthma
13703,4820,5,4,2025-12-30,2026-04-30,Cancer
13704,1034,229,13,2025-11-23,2026-06-20,Covid
13705,625,185,8,2026-05-22,2026-08-13,Asthma
13706,4222,83,13,2026-08-07,2026-08-13,Stroke
13707,2313,159,10,2024-09-25,2025-12-20,Migraine
13708,1815,134,13,2025-12-29,2026-07-18,Stroke
13709,4235,112,19,2026-03-28,2026-07-25,Hypertension
13710,4856,243,16,2026-05-28,2026-08-10,Fracture
13711,832,42,10,2025-07-05,2026-07-04,Fracture
13712,4469,165,4,2026-06-06,2026-06-24,Cancer
13713,2851,194,20,2026-02-28,2026-05-15,Migraine
13714,4207,137,15,2026-04-22,2026-04-26,Cancer
13715,680,58,16,2026-01-15,2026-06-16,Kidney Stones
13716,3008,125,11,2025-04-06,2025-11-24,Covid
13717,2534,10,6,2025-10-18,2026-02-24,Covid
13718,2429,47,19,2024-09-25,2025-10-04,Covid
13719,1801,167,2,2026-06-13,2026-07-16,Stroke
13720,3148,132,7,2026-07-24,2026-08-07,Stroke
13721,1139,211,18,2025-10-19,2026-02-14,Covid
13722,2996,151,15,2026-02-27,2026-05-26,Fracture
13723,3262,34,14,2025-02-28,2025-05-02,Covid
13724,3301,195,6,2025-04-15,2025-05-29,Cancer
13725,1616,236,6,2025-08-17,2026-04-25,Cancer
13726,90,77,8,2025-11-19,2026-01-24,Migraine
13727,2053,171,19,2026-04-22,2026-06-28,Pneumonia
13728,2492,236,2,2025-09-23,2026-08-11,Migraine
13729,4600,45,7,2024-11-11,2024-11-25,Asthma
13730,667,50,1,2026-03-08,2026-04-04,Stroke
13731,2104,123,4,2025-03-05,2026-05-16,Pneumonia
13732,4087,225,17,2024-11-12,2024-11-15,Covid
13733,2512,207,19,2026-03-09,2026-08-02,Hypertension
13734,1695,4,13,2025-07-05,2026-05-07,Fracture
13735,243,21,8,2025-08-21,2026-01-14,Stroke
13736,3855,209,16,2026-01-23,2026-04-11,Diabetes
13737,3761,201,12,2024-10-18,2026-07-04,Hypertension
13738,4731,37,4,2026-02-19,2026-02-23,Asthma
13739,4919,52,8,2026-04-01,2026-07-29,Cancer
13740,3628,170,10,2025-02-06,2025-04-27,Diabetes
13741,3914,93,4,2025-09-10,2026-03-21,Stroke
13742,4863,139,19,2025-06-19,2026-04-28,Diabetes
13743,3754,121,8,2026-07-06,2026-07-06,Diabetes
13744,3093,51,14,2026-01-30,2026-06-10,Covid
13745,1031,127,16,2026-01-26,2026-07-24,Stroke
13746,2736,43,13,2026-03-13,2026-06-10,Covid
13747,4599,67,18,2025-07-04,2025-09-16,Pneumonia
13748,43,47,5,2024-08-26,2024-12-30,Diabetes
13749,2458,166,14,2026-05-03,2026-08-13,Diabetes
13750,3098,240,17,2025-04-13,2026-08-13,Hypertension
13751,3143,21,11,2025-05-06,2025-08-25,Asthma
13752,3852,138,18,2025-07-16,2025-10-26,Fracture
13753,4540,135,6,2026-06-07,2026-06-11,Pneumonia
13754,415,204,6,2024-10-14,2025-10-28,Hypertension
13755,652,24,9,2026-04-16,2026-05-11,Migraine
13756,3028,109,8,2025-01-24,2026-03-26,Asthma
13757,1094,22,6,2024-10-07,2026-04-03,Migraine
13758,2758,233,18,2025-07-24,2026-01-31,Diabetes
13759,564,157,3,2024-10-29,2025-02-06,Fracture
13760,1194,245,1,2026-01-17,2026-07-25,Pneumonia
13761,2691,17,9,2026-02-03,2026-05-24,Cancer
13762,2805,64,7,2025-04-27,2025-09-17,Cancer
13763,4254,160,15,2026-06-27,2026-06-30,Migraine
13764,756,1,4,2025-09-29,2026-01-22,Fracture
13765,2675,242,11,2026-03-10,2026-06-04,Kidney Stones
13766,1216,225,20,2024-12-17,2025-11-09,Cancer
13767,1999,84,11,2025-01-11,2026-05-21,Pneumonia
13768,4603,104,20,2025-03-17,2025-05-07,Diabetes
13769,2928,217,5,2025-06-27,2026-05-25,Stroke
13770,4913,87,3,2026-07-29,2026-07-29,Migraine
13771,1366,135,9,2025-06-17,2026-02-16,Asthma
13772,4752,213,16,2026-01-21,2026-01-28,Pneumonia
13773,3058,206,10,2025-06-13,2025-11-11,Migraine
13774,1258,16,17,2025-10-06,2025-12-05,Hypertension
13775,310,160,7,2025-01-08,2025-01-09,Fracture
13776,2348,68,20,2025-07-06,2025-10-05,Hypertension
13777,1457,118,9,2026-04-22,2026-08-16,Covid
13778,2253,57,4,2025-05-02,2025-08-01,Migraine
13779,136,61,3,2025-06-02,2026-04-05,Diabetes
13780,1758,51,2,2025-11-28,2026-02-05,Stroke
13781,4768,35,6,2024-08-30,2026-01-25,Hypertension
13782,4389,136,20,2025-09-19,2026-02-27,Asthma
13783,3447,37,11,2025-10-07,2025-10-11,Migraine
13784,1928,158,9,2026-02-27,2026-04-01,Cancer
13785,4855,157,17,2024-09-13,2025-02-12,Migraine
13786,3749,31,7,2025-11-01,2026-04-11,Migraine
13787,3137,117,10,2026-03-10,2026-04-23,Kidney Stones
13788,4386,132,17,2026-03-04,2026-03-19,Migraine
13789,644,140,7,2026-07-15,2026-07-22,Pneumonia
13790,1751,58,11,2024-10-16,2024-10-27,Cancer
13791,281,180,20,2025-11-26,2026-07-12,Hypertension
13792,4429,212,6,2025-11-04,2025-11-05,Hypertension
13793,2729,171,7,2025-05-15,2025-08-10,Migraine
13794,2350,68,15,2026-02-25,2026-08-16,Pneumonia
13795,4596,217,3,2026-06-14,2026-07-25,Migraine
13796,1296,38,16,2026-01-24,2026-03-02,Kidney Stones
13797,4215,3,10,2025-03-23,2025-08-06,Cancer
13798,4031,219,18,2025-07-09,2025-08-09,Diabetes
13799,4984,23,13,2026-06-02,2026-06-02,Migraine
13800,4434,121,10,2025-04-28,2025-07-28,Fracture
13801,1899,249,11,2026-05-31,2026-07-09,Cancer
13802,4804,180,7,2026-07-02,2026-07-15,Fracture
13803,2446,85,10,2025-10-20,2026-05-02,Stroke
13804,3581,83,2,2024-09-02,2024-12-17,Kidney Stones
13805,3161,114,6,2024-09-30,2026-07-17,Diabetes
13806,1143,198,2,2025-10-16,2025-10-18,Migraine
13807,3739,210,14,2026-07-24,2026-07-25,Covid
13808,208,187,18,2026-03-18,2026-08-03,Cancer
13809,4820,60,1,2024-09-25,2026-06-10,Stroke
13810,2631,197,5,2025-05-22,2025-09-19,Asthma
13811,3171,155,14,2025-12-25,2026-04-24,Fracture
13812,699,50,14,2026-06-17,2026-07-29,Kidney Stones
13813,3170,166,6,2025-01-24,2025-05-27,Asthma
13814,4816,25,13,2025-12-30,2026-05-19,Asthma
13815,1117,209,1,2025-09-30,2025-12-03,Hypertension
13816,4470,151,7,2025-08-23,2025-10-14,Pneumonia
13817,3923,114,15,2025-03-20,2025-11-25,Pneumonia
13818,2439,158,12,2026-06-27,2026-07-02,Hypertension
13819,2393,157,17,2026-05-25,2026-05-25,Covid
13820,1633,110,19,2026-05-09,2026-06-03,Fracture
13821,2411,192,8,2025-04-03,2026-07-24,Kidney Stones
13822,479,30,19,2024-11-05,2026-03-08,Covid
13823,1447,119,17,2025-05-09,2026-01-11,Asthma
13824,570,88,18,2026-01-28,2026-07-13,Hypertension
13825,3197,99,17,2025-03-20,2025-09-26,Covid
13826,3688,7,19,2025-08-24,2025-12-23,Migraine
13827,3674,34,3,2025-09-07,2026-03-02,Diabetes
13828,4470,246,18,2025-11-22,2025-12-07,Stroke
13829,2314,13,13,2026-06-17,2026-06-17,Covid
13830,3702,15,7,2025-08-13,2026-03-26,Hypertension
13831,3426,215,12,2025-04-30,2025-08-04,Migraine
13832,1835,82,16,2026-01-23,2026-03-26,Migraine
13833,1798,68,12,2025-05-02,2025-10-04,Pneumonia
13834,4059,58,13,2026-06-29,2026-07-19,Kidney Stones
13835,1358,232,16,2026-03-24,2026-05-05,Pneumonia
13836,3596,158,5,2024-12-23,2026-03-18,Fracture
13837,701,57,6,2026-02-19,2026-08-17,Stroke
13838,3447,119,3,2025-11-29,2026-03-04,Asthma
13839,2344,166,13,2024-11-14,2026-07-13,Stroke
13840,715,143,12,2026-05-02,2026-07-21,Fracture
13841,499,157,5,2026-04-12,2026-06-29,Migraine
13842,623,3,3,2026-01-06,2026-02-09,Diabetes
13843,3706,190,13,2025-12-16,2026-08-15,Hypertension
13844,42,111,1,2025-09-28,2026-01-06,Hypertension
13845,1730,72,17,2025-04-02,2026-02-28,Diabetes
13846,4500,120,18,2026-07-13,2026-08-17,Fracture
13847,4831,247,5,2025-03-03,2025-04-18,Fracture
13848,277,2,4,2026-04-02,2026-04-07,Kidney Stones
13849,3439,206,6,2024-11-14,2025-07-05,Kidney Stones
13850,3821,56,16,2025-06-30,2026-02-18,Hypertension
13851,1603,16,9,2026-08-07,2026-08-12,Diabetes
13852,576,96,10,2025-02-19,2026-04-06,Hypertension
13853,4721,21,12,2025-06-02,2026-07-27,Kidney Stones
13854,3358,150,1,2025-02-04,2025-09-06,Migraine
13855,4050,33,8,2025-11-29,2026-02-04,Asthma
13856,518,100,20,2025-07-07,2026-08-12,Diabetes
13857,1254,10,14,2024-11-22,2026-05-11,Stroke
13858,2274,81,7,2025-02-24,2025-11-18,Pneumonia
13859,1863,25,18,2025-06-19,2026-05-30,Cancer
13860,4328,101,9,2026-02-06,2026-05-26,Asthma
13861,111,197,7,2025-12-03,2026-05-01,Asthma
13862,3540,195,20,2025-08-12,2025-08-25,Stroke
13863,1053,22,3,2025-02-15,2026-03-21,Covid
13864,2291,126,10,2025-06-24,2026-04-14,Asthma
13865,4448,140,3,2025-07-22,2026-06-24,Diabetes
13866,4325,185,6,2025-03-17,2025-08-11,Diabetes
13867,1910,55,20,2025-08-27,2025-11-20,Migraine
13868,3065,78,1,2026-07-22,2026-08-07,Kidney Stones
13869,4367,192,19,2026-05-23,2026-07-19,Fracture
13870,3226,141,18,2026-07-30,2026-08-12,Migraine
13871,3169,12,19,2024-12-31,2025-06-30,Hypertension
13872,2519,81,12,2025-04-27,2026-06-01,Fracture
13873,1923,228,2,2025-09-16,2026-01-12,Cancer
13874,2109,176,19,2025-03-29,2026-07-27,Stroke
13875,437,180,6,2026-04-15,2026-07-26,Stroke
13876,1929,56,13,2025-03-31,2025-05-14,Cancer
13877,4984,196,11,2026-06-29,2026-07-16,Covid
13878,1187,136,11,2025-05-23,2026-07-18,Stroke
13879,412,101,16,2026-06-09,2026-08-15,Migraine
13880,580,57,19,2025-12-28,2026-01-18,Diabetes
13881,4747,235,16,2024-11-22,2025-05-11,Migraine
13882,4490,220,5,2024-09-08,2024-12-30,Cancer
13883,2883,189,5,2025-01-29,2026-01-14,Pneumonia
13884,1340,155,7,2026-05-31,2026-06-28,Hypertension
13885,3338,37,10,2025-09-15,2025-12-13,Diabetes
13886,4758,96,3,2026-01-01,2026-05-25,Fracture
13887,4186,160,14,2025-01-10,2025-12-06,Pneumonia
13888,2104,239,2,2026-06-28,2026-07-28,Cancer
13889,4976,242,12,2025-01-18,2026-04-06,Hypertension
13890,39,219,3,2026-06-18,2026-08-10,Cancer
13891,1717,89,20,2026-07-29,2026-08-17,Diabetes
13892,533,23,9,2026-01-09,2026-05-17,Stroke
13893,630,164,11,2025-02-12,2026-06-26,Kidney Stones
13894,3947,73,9,2025-01-04,2026-02-24,Diabetes
13895,1706,164,14,2024-10-29,2025-10-22,Stroke
13896,2209,249,19,2025-08-09,2026-06-25,Asthma
13897,1184,72,10,2025-07-24,2026-07-26,Kidney Stones
13898,3092,123,9,2025-07-14,2025-10-19,Stroke
13899,4572,113,13,2025-01-05,2025-10-12,Covid
13900,588,206,1,2025-01-01,2026-06-30,Asthma
13901,2534,186,15,2024-09-24,2025-11-29,Pneumonia
13902,4134,150,18,2025-01-04,2026-05-22,Cancer
13903,4671,230,15,2026-04-11,2026-07-05,Migraine
13904,560,213,4,2026-06-27,2026-06-28,Hypertension
13905,2508,103,3,2026-01-18,2026-06-23,Covid
13906,3845,99,18,2026-01-16,2026-08-09,Covid
13907,336,188,6,2025-11-11,2026-02-19,Stroke
13908,98,115,7,2025-04-11,2026-06-21,Asthma
13909,1147,245,14,2025-11-19,2026-04-03,Hypertension
13910,2101,80,8,2025-11-23,2026-04-21,Pneumonia
13911,2458,166,3,2024-10-31,2025-12-04,Cancer
13912,3884,53,16,2025-10-10,2025-11-10,Fracture
13913,2403,164,8,2025-03-22,2025-12-21,Stroke
13914,1225,83,14,2026-05-23,2026-06-08,Kidney Stones
13915,1130,103,2,2025-10-10,2025-12-07,Pneumonia
13916,4792,74,7,2024-08-13,2024-10-03,Migraine
13917,2483,177,3,2025-02-13,2025-07-16,Migraine
13918,120,249,12,2025-10-10,2026-01-06,Migraine
13919,614,135,15,2026-02-10,2026-02-23,Asthma
13920,2436,214,11,2024-09-07,2026-07-10,Asthma
13921,771,135,7,2025-07-04,2026-03-24,Diabetes
13922,2193,195,4,2025-02-22,2026-01-27,Pneumonia
13923,4665,110,16,2024-08-14,2026-07-20,Asthma
13924,3241,49,13,2026-01-23,2026-08-08,Stroke
13925,2535,66,12,2026-02-14,2026-07-06,Diabetes
13926,2242,80,8,2024-10-15,2025-03-08,Asthma
13927,2636,7,1,2025-08-15,2025-09-12,Cancer
13928,77,197,19,2025-05-31,2025-08-28,Diabetes
13929,3143,40,1,2025-08-16,2026-07-12,Asthma
13930,3048,184,20,2025-12-23,2026-03-07,Hypertension
13931,4828,82,1,2026-03-15,2026-06-25,Hypertension
13932,4153,143,5,2026-07-22,2026-08-04,Covid
13933,4214,91,6,2026-04-04,2026-04-10,Hypertension
13934,935,137,3,2026-02-02,2026-06-13,Cancer
13935,4062,148,20,2024-10-25,2024-11-12,Kidney Stones
13936,1626,175,13,2025-06-29,2026-01-28,Diabetes
13937,860,32,1,2024-08-25,2025-11-02,Pneumonia
13938,2741,26,9,2026-03-13,2026-07-05,Covid
13939,1244,166,11,2024-11-18,2026-02-06,Cancer
13940,3847,189,8,2025-05-17,2026-02-11,Fracture
13941,250,128,7,2024-09-30,2025-12-24,Fracture
13942,4729,41,18,2026-01-20,2026-02-14,Asthma
13943,2375,173,4,2026-08-05,2026-08-13,Migraine
13944,2663,84,9,2026-04-22,2026-07-17,Asthma
13945,1425,14,20,2026-06-02,2026-07-30,Kidney Stones
13946,4471,198,10,2025-11-16,2026-01-09,Fracture
13947,3564,17,9,2025-08-18,2026-06-02,Asthma
13948,1967,143,12,2025-11-28,2026-05-27,Asthma
13949,4963,198,18,2025-01-24,2026-03-17,Diabetes
13950,1456,131,14,2024-09-10,2026-02-08,Covid
13951,1405,67,8,2025-11-10,2026-08-10,Pneumonia
13952,1933,51,18,2026-03-23,2026-08-12,Covid
13953,4996,103,7,2025-08-20,2026-07-27,Asthma
13954,1676,193,14,2026-06-23,2026-08-17,Asthma
13955,3855,104,9,2025-09-26,2026-03-19,Cancer
13956,3294,62,14,2026-04-12,2026-06-04,Cancer
13957,4442,38,19,2026-02-27,2026-03-11,Covid
13958,773,203,1,2025-10-07,2026-03-01,Fracture
13959,4643,219,9,2025-09-16,2025-11-02,Hypertension
13960,1019,158,9,2026-02-21,2026-03-09,Stroke
13961,4349,128,12,2026-03-24,2026-04-02,Kidney Stones
13962,1230,240,16,2026-03-14,2026-07-21,Asthma
13963,3602,179,14,2025-03-06,2026-04-07,Hypertension
13964,1000,73,17,2025-04-11,2025-08-27,Covid
13965,4079,86,19,2025-01-13,2025-07-10,Cancer
13966,4498,9,15,2025-01-18,2025-12-14,Pneumonia
13967,1658,170,2,2025-04-06,2025-12-26,Kidney Stones
13968,2843,216,9,2025-06-03,2026-03-21,Migraine
13969,3914,74,1,2025-11-24,2025-12-30,Pneumonia
13970,4283,67,8,2026-03-05,2026-05-09,Covid
13971,2970,70,9,2024-12-16,2025-08-03,Diabetes
13972,3773,146,11,2026-08-03,2026-08-09,Cancer
13973,2214,115,11,2026-03-08,2026-03-30,Cancer
13974,3410,89,16,2026-06-26,2026-07-26,Diabetes
13975,179,62,6,2025-10-09,2025-12-15,Migraine
13976,4993,175,19,2025-06-20,2025-09-11,Fracture
13977,4997,199,17,2026-01-06,2026-02-09,Asthma
13978,1343,84,8,2026-03-02,2026-07-13,Hypertension
13979,3235,17,5,2025-06-18,2026-05-25,Kidney Stones
13980,1759,5,4,2025-03-16,2025-04-09,Pneumonia
13981,1785,24,12,2025-12-26,2026-04-26,Covid
13982,1900,155,8,2024-09-25,2025-09-07,Cancer
13983,1712,153,17,2024-08-11,2026-02-10,Diabetes
13984,433,152,11,2025-07-31,2025-10-19,Cancer
13985,1479,126,20,2025-04-07,2025-05-20,Migraine
13986,1252,22,9,2026-06-07,2026-08-13,Hypertension
13987,289,173,6,2025-02-18,2026-07-26,Pneumonia
13988,4066,106,12,2026-07-01,2026-07-03,Asthma
13989,2115,45,17,2025-05-09,2025-08-02,Covid
13990,318,177,7,2026-04-11,2026-07-24,Stroke
13991,11,9,5,2025-12-02,2026-04-21,Hypertension
13992,4741,71,2,2024-11-19,2025-01-22,Diabetes
13993,3962,206,1,2025-12-06,2026-01-27,Migraine
13994,3095,137,16,2024-11-10,2025-07-08,Migraine
13995,2648,135,8,2024-11-17,2025-03-08,Diabetes
13996,2272,32,6,2026-01-28,2026-02-09,Hypertension
13997,4920,122,2,2024-12-09,2026-04-14,Hypertension
13998,815,198,12,2026-06-28,2026-07-29,Diabetes
13999,3272,179,3,2024-11-13,2025-05-29,Fracture
14000,4638,87,14,2024-11-20,2025-10-31,Hypertension
14001,814,178,10,2026-05-19,2026-06-03,Migraine
14002,1185,236,1,2025-08-20,2025-08-28,Diabetes
14003,2396,48,19,2024-12-26,2025-06-22,Cancer
14004,1679,184,15,2025-02-12,2026-04-27,Covid
14005,2081,149,10,2025-10-19,2026-01-19,Asthma
14006,153,119,9,2026-03-07,2026-07-31,Fracture
14007,3551,228,6,2024-10-09,2025-07-25,Diabetes
14008,4439,92,4,2025-04-08,2025-11-14,Pneumonia
14009,4576,89,16,2026-07-25,2026-07-28,Fracture
14010,1589,63,16,2024-10-30,2026-03-08,Diabetes
14011,4139,207,9,2024-11-05,2026-02-08,Kidney Stones
14012,391,124,14,2026-07-16,2026-08-05,Stroke
14013,3563,93,7,2025-10-24,2026-07-12,Fracture
14014,2899,172,3,2025-07-16,2026-03-12,Kidney Stones
14015,987,48,7,2026-03-15,2026-05-03,Migraine
14016,2379,115,15,2026-07-03,2026-07-24,Diabetes
14017,2364,35,2,2025-09-15,2026-05-19,Cancer
14018,2204,38,4,2025-05-11,2025-06-07,Stroke
14019,2926,29,19,2025-08-22,2026-03-22,Fracture
14020,3545,39,6,2025-12-24,2026-03-27,Asthma
14021,1374,82,8,2026-08-07,2026-08-07,Asthma
14022,2061,68,3,2026-05-24,2026-06-23,Pneumonia
14023,4244,147,19,2026-01-24,2026-03-21,Fracture
14024,602,181,18,2025-05-01,2026-04-01,Pneumonia
14025,4109,190,1,2026-03-07,2026-03-09,Kidney Stones
14026,3317,246,12,2026-02-10,2026-05-07,Pneumonia
14027,4061,138,10,2025-12-04,2026-06-30,Pneumonia
14028,2908,109,16,2025-04-04,2025-05-22,Hypertension
14029,4321,64,2,2026-06-15,2026-08-05,Covid
14030,659,212,15,2026-01-23,2026-02-27,Fracture
14031,1535,14,5,2025-11-11,2025-11-21,Fracture
14032,675,26,10,2026-06-21,2026-07-10,Cancer
14033,4107,241,9,2025-10-27,2026-06-02,Kidney Stones
14034,3037,107,6,2025-04-02,2026-06-03,Asthma
14035,90,144,5,2024-12-03,2025-01-22,Pneumonia
14036,1829,17,18,2026-03-31,2026-06-11,Stroke
14037,2056,224,17,2026-07-02,2026-08-04,Asthma
14038,1361,221,9,2025-09-24,2026-05-12,Pneumonia
14039,2573,166,8,2024-09-28,2025-05-14,Pneumonia
14040,2436,1,8,2024-12-16,2025-07-04,Pneumonia
14041,4897,37,9,2025-02-06,2025-10-14,Hypertension
14042,1795,221,14,2025-06-02,2026-01-02,Diabetes
14043,3572,145,11,2025-09-17,2025-10-21,Kidney Stones
14044,1170,128,13,2025-12-27,2026-04-30,Diabetes
14045,549,99,10,2024-11-14,2025-09-03,Pneumonia
14046,4512,195,6,2025-12-05,2026-01-14,Hypertension
14047,923,244,12,2025-11-02,2026-07-19,Hypertension
14048,2736,130,18,2026-01-18,2026-02-17,Migraine
14049,2330,27,6,2025-10-11,2026-06-11,Cancer
14050,2703,151,10,2025-07-08,2025-12-24,Stroke
14051,3152,234,19,2025-12-04,2026-02-09,Hypertension
14052,4122,243,17,2026-01-01,2026-05-09,Migraine
14053,645,24,3,2025-03-17,2026-04-13,Kidney Stones
14054,2967,161,16,2025-05-25,2025-09-29,Diabetes
14055,2334,15,3,2025-01-28,2026-02-23,Migraine
14056,3995,196,5,2025-07-07,2025-12-02,Fracture
14057,1262,181,20,2025-09-19,2025-11-08,Hypertension
14058,3281,171,17,2026-04-19,2026-08-12,Covid
14059,52,242,11,2026-04-07,2026-08-09,Asthma
14060,771,76,7,2025-04-26,2026-01-07,Kidney Stones
14061,3206,164,10,2026-07-02,2026-07-13,Pneumonia
14062,4781,165,14,2025-09-27,2026-01-14,Hypertension
14063,3469,215,14,2025-10-25,2026-06-10,Covid
14064,906,46,17,2025-07-26,2025-12-18,Asthma
14065,1093,155,11,2026-04-20,2026-08-02,Migraine
14066,3909,101,6,2026-06-25,2026-07-20,Hypertension
14067,4532,144,3,2025-03-28,2025-08-14,Stroke
14068,2791,177,8,2026-01-17,2026-04-13,Stroke
14069,4763,227,5,2026-07-26,2026-07-31,Migraine
14070,239,134,4,2026-06-21,2026-07-01,Pneumonia
14071,3489,210,20,2025-02-02,2026-06-03,Stroke
14072,4015,2,20,2026-04-24,2026-05-13,Asthma
14073,3610,136,19,2025-03-18,2026-03-10,Kidney Stones
14074,1769,204,6,2024-09-22,2025-11-25,Kidney Stones
14075,1004,64,10,2026-03-05,2026-03-29,Migraine
14076,1102,206,1,2024-10-17,2024-12-26,Asthma
14077,276,246,15,2026-02-24,2026-06-13,Hypertension
14078,63,163,3,2025-10-20,2026-06-03,Kidney Stones
14079,3477,78,9,2025-03-12,2026-06-15,Asthma
14080,3953,179,13,2025-06-13,2026-02-27,Kidney Stones
14081,1461,191,19,2026-08-05,2026-08-13,Cancer
14082,2003,39,11,2025-12-26,2026-02-27,Stroke
14083,1725,215,17,2025-12-14,2026-07-25,Fracture
14084,3788,163,6,2025-04-25,2025-10-28,Fracture
14085,628,244,6,2025-12-09,2026-07-08,Cancer
14086,4263,186,9,2025-03-31,2025-11-12,Hypertension
14087,2307,223,19,2025-06-23,2025-12-22,Stroke
14088,416,102,2,2026-05-25,2026-07-22,Kidney Stones
14089,3608,82,10,2025-05-17,2026-04-01,Fracture
14090,1653,57,20,2025-03-08,2025-09-06,Stroke
14091,1513,5,17,2025-12-06,2026-03-14,Kidney Stones
14092,4024,221,3,2025-02-13,2025-11-18,Hypertension
14093,3676,118,16,2025-05-20,2025-10-20,Stroke
14094,3689,171,17,2026-01-31,2026-02-14,Fracture
14095,1928,137,4,2026-02-02,2026-08-14,Fracture
14096,3711,172,17,2024-08-09,2025-10-09,Migraine
14097,489,168,8,2025-07-08,2025-11-15,Covid
14098,1207,204,16,2026-03-01,2026-04-12,Diabetes
14099,4632,157,9,2024-12-14,2025-11-24,Hypertension
14100,3571,81,17,2026-02-11,2026-04-16,Kidney Stones
14101,3248,126,11,2025-05-31,2026-06-26,Hypertension
14102,4812,53,2,2024-11-03,2025-07-26,Stroke
14103,99,14,9,2025-10-29,2026-03-22,Hypertension
14104,768,241,18,2025-08-24,2026-04-26,Hypertension
14105,403,170,3,2025-04-20,2026-01-30,Kidney Stones
14106,277,12,10,2025-10-18,2026-08-10,Diabetes
14107,1565,222,20,2024-10-30,2026-05-23,Kidney Stones
14108,3574,72,4,2025-01-29,2025-11-04,Migraine
14109,2058,247,11,2026-01-15,2026-03-15,Kidney Stones
14110,2356,91,15,2024-10-19,2025-07-26,Kidney Stones
14111,1373,101,4,2024-08-27,2025-12-14,Pneumonia
14112,276,126,12,2025-07-22,2025-10-08,Kidney Stones
14113,4288,144,18,2025-11-04,2026-06-28,Stroke
14114,1201,74,1,2026-05-10,2026-08-10,Cancer
14115,3574,112,20,2025-11-11,2026-06-12,Migraine
14116,4490,47,18,2025-04-16,2026-01-16,Covid
14117,625,151,17,2026-05-22,2026-05-28,Stroke
14118,3102,244,11,2025-12-11,2026-04-01,Fracture
14119,2156,4,9,2026-03-19,2026-05-14,Asthma
14120,107,20,2,2026-08-03,2026-08-07,Pneumonia
14121,4120,236,16,2024-11-26,2026-02-13,Migraine
14122,4294,37,19,2025-01-12,2025-04-17,Diabetes
14123,48,220,9,2025-11-14,2026-07-11,Covid
14124,2024,51,6,2024-08-07,2025-11-07,Asthma
14125,776,218,7,2026-07-26,2026-08-04,Stroke
14126,1935,172,20,2025-09-30,2025-12-15,Cancer
14127,2002,239,6,2025-02-05,2025-12-10,Pneumonia
14128,4795,104,16,2025-10-01,2026-06-17,Asthma
14129,4779,63,7,2025-10-20,2026-05-06,Asthma
14130,535,234,5,2025-12-28,2026-03-03,Covid
14131,2806,11,16,2025-02-19,2025-07-29,Kidney Stones
14132,4710,154,17,2025-10-05,2026-05-08,Kidney Stones
14133,1523,75,13,2025-01-19,2025-09-19,Asthma
14134,3572,61,10,2025-01-18,2025-02-09,Covid
14135,2671,119,9,2025-07-12,2026-01-18,Pneumonia
14136,2536,244,3,2026-08-03,2026-08-17,Kidney Stones
14137,4698,240,1,2025-02-15,2025-09-29,Cancer
14138,3348,145,20,2025-05-16,2026-03-25,Stroke
14139,3287,15,1,2025-05-31,2025-10-16,Fracture
14140,709,222,8,2025-05-04,2025-12-29,Cancer
14141,2257,205,8,2026-05-27,2026-08-09,Hypertension
14142,2871,85,16,2025-02-18,2026-07-24,Asthma
14143,1272,171,20,2026-06-16,2026-07-20,Covid
14144,2591,63,19,2026-04-22,2026-05-25,Kidney Stones
14145,4223,164,20,2025-07-23,2026-03-26,Covid
14146,3980,139,18,2025-10-29,2026-05-29,Kidney Stones
14147,2771,140,17,2026-04-15,2026-07-30,Fracture
14148,1840,196,6,2026-04-27,2026-04-30,Fracture
14149,1098,239,19,2025-03-17,2026-04-10,Pneumonia
14150,2431,166,7,2025-09-22,2025-11-05,Covid
14151,4957,220,5,2026-04-11,2026-04-12,Cancer
14152,2437,89,7,2026-05-30,2026-08-15,Pneumonia
14153,1731,214,17,2024-10-16,2025-12-21,Pneumonia
14154,1190,150,5,2025-08-22,2025-10-12,Migraine
14155,1636,122,17,2026-06-08,2026-07-25,Kidney Stones
14156,4224,206,18,2026-03-20,2026-06-21,Kidney Stones
14157,305,123,19,2025-04-01,2026-05-10,Hypertension
14158,4529,35,18,2026-06-24,2026-08-09,Hypertension
14159,1189,197,2,2025-11-19,2026-04-25,Fracture
14160,1267,67,13,2025-08-14,2026-02-28,Stroke
14161,1450,175,16,2025-03-28,2025-11-30,Covid
14162,2423,201,1,2024-10-24,2025-09-28,Hypertension
14163,3216,28,10,2026-01-12,2026-05-15,Stroke
14164,1196,154,13,2025-05-16,2026-03-22,Stroke
14165,3233,174,20,2025-04-17,2025-12-21,Asthma
14166,1269,94,14,2026-02-28,2026-04-17,Stroke
14167,15,165,11,2025-10-03,2026-08-13,Covid
14168,3693,13,16,2026-07-09,2026-08-10,Cancer
14169,4939,185,13,2026-03-15,2026-08-07,Asthma
14170,4660,132,10,2026-05-19,2026-05-23,Kidney Stones
14171,2995,129,12,2025-08-23,2026-01-31,Fracture
14172,4267,176,5,2024-11-01,2026-06-19,Asthma
14173,1994,57,16,2025-12-02,2026-05-25,Cancer
14174,2499,244,4,2025-11-26,2026-02-28,Diabetes
14175,1416,56,4,2025-05-10,2025-09-20,Asthma
14176,3760,18,5,2025-07-19,2026-04-30,Migraine
14177,4158,141,3,2025-09-26,2026-06-17,Cancer
14178,1468,140,4,2026-06-11,2026-06-20,Diabetes
14179,4383,150,15,2024-11-15,2026-02-21,Stroke
14180,697,185,1,2026-02-07,2026-03-18,Fracture
14181,3772,175,3,2026-03-22,2026-06-30,Asthma
14182,3258,62,5,2025-11-28,2026-07-22,Fracture
14183,4644,68,10,2025-07-13,2026-03-26,Hypertension
14184,1600,147,8,2025-01-25,2025-09-10,Migraine
14185,1038,188,8,2026-03-09,2026-07-15,Kidney Stones
14186,2222,157,20,2026-07-14,2026-08-03,Hypertension
14187,2926,58,10,2025-10-02,2026-08-10,Cancer
14188,1348,52,6,2026-05-14,2026-07-19,Migraine
14189,923,185,10,2025-06-21,2026-04-17,Fracture
14190,3625,26,17,2026-04-19,2026-06-08,Cancer
14191,3691,70,9,2026-06-22,2026-06-25,Kidney Stones
14192,664,38,7,2024-10-13,2025-10-25,Kidney Stones
14193,2551,22,6,2025-06-23,2026-05-10,Cancer
14194,2223,82,11,2025-02-13,2025-04-08,Asthma
14195,3723,133,17,2026-05-19,2026-08-14,Migraine
14196,4057,131,15,2025-09-19,2026-01-06,Pneumonia
14197,50,201,16,2024-08-25,2025-11-19,Stroke
14198,1389,129,10,2026-04-09,2026-06-13,Cancer
14199,2512,175,4,2024-10-24,2025-02-17,Diabetes
14200,4940,1,16,2026-03-09,2026-07-30,Diabetes
14201,1637,4,13,2025-06-22,2026-06-02,Fracture
14202,4796,43,10,2025-01-23,2025-09-09,Diabetes
14203,4037,22,1,2026-03-07,2026-05-11,Cancer
14204,661,130,10,2026-06-30,2026-07-27,Cancer
14205,899,75,8,2026-02-20,2026-04-05,Kidney Stones
14206,4287,237,20,2025-03-03,2026-02-26,Cancer
14207,3232,135,6,2025-03-13,2026-01-18,Asthma
14208,4406,215,3,2025-06-27,2026-01-28,Pneumonia
14209,1720,123,17,2026-04-21,2026-06-22,Covid
14210,3452,158,8,2025-06-17,2025-06-30,Stroke
14211,1987,169,14,2025-09-21,2026-07-29,Fracture
14212,505,56,12,2025-10-09,2026-01-31,Covid
14213,494,108,15,2024-08-10,2024-11-25,Stroke
14214,1679,213,9,2024-08-29,2025-08-15,Pneumonia
14215,2661,203,10,2025-08-11,2025-11-27,Diabetes
14216,1696,192,3,2026-06-12,2026-08-02,Asthma
14217,2383,63,4,2026-03-05,2026-05-13,Diabetes
14218,4716,57,5,2025-12-14,2026-07-06,Migraine
14219,1931,242,14,2025-05-02,2025-06-10,Kidney Stones
14220,2815,43,18,2025-10-21,2026-02-21,Fracture
14221,310,119,17,2025-02-01,2026-02-27,Diabetes
14222,1375,59,9,2025-08-17,2025-12-15,Covid
14223,4437,202,9,2025-03-19,2025-12-20,Kidney Stones
14224,3724,68,8,2025-05-21,2025-10-07,Kidney Stones
14225,757,171,9,2026-06-16,2026-06-26,Stroke
14226,4228,37,7,2026-06-08,2026-07-19,Stroke
14227,3645,214,8,2025-03-31,2025-11-13,Hypertension
14228,293,141,7,2025-04-28,2025-07-29,Kidney Stones
14229,1903,150,5,2024-12-28,2025-08-15,Fracture
14230,662,162,19,2025-06-10,2025-08-15,Diabetes
14231,368,149,19,2025-12-28,2026-01-17,Asthma
14232,1153,115,3,2025-07-01,2026-03-08,Asthma
14233,348,117,9,2025-01-03,2025-02-18,Migraine
14234,92,97,5,2025-06-19,2025-12-06,Hypertension
14235,3003,136,5,2025-06-24,2026-03-14,Migraine
14236,2258,163,16,2025-07-21,2025-12-16,Stroke
14237,2421,84,10,2026-03-11,2026-05-10,Cancer
14238,1134,77,18,2025-06-08,2026-07-27,Fracture
14239,4641,47,2,2024-11-30,2026-07-19,Hypertension
14240,1039,103,18,2025-12-11,2026-02-15,Covid
14241,2348,27,18,2026-07-09,2026-07-23,Kidney Stones
14242,649,159,13,2024-11-22,2025-06-02,Kidney Stones
14243,3465,142,18,2025-01-14,2025-08-25,Kidney Stones
14244,2194,108,2,2025-05-08,2026-08-02,Kidney Stones
14245,1720,100,5,2025-11-07,2026-06-03,Migraine
14246,1602,217,1,2025-01-16,2025-04-25,Diabetes
14247,168,94,2,2025-04-29,2026-02-01,Asthma
14248,4398,178,3,2025-02-16,2026-03-09,Covid
14249,3439,111,12,2025-02-26,2025-08-28,Diabetes
14250,609,220,11,2025-12-26,2026-02-24,Pneumonia
14251,1747,247,2,2025-10-17,2026-02-14,Stroke
14252,3901,102,15,2026-01-25,2026-03-29,Migraine
14253,1891,73,5,2025-12-08,2026-07-30,Asthma
14254,3965,205,19,2025-01-10,2025-07-27,Covid
14255,1658,92,5,2026-01-22,2026-02-25,Kidney Stones
14256,2683,234,20,2026-06-03,2026-07-16,Pneumonia
14257,1197,250,16,2026-01-27,2026-05-18,Migraine
14258,3000,116,18,2024-09-17,2025-05-15,Fracture
14259,2794,149,9,2024-12-02,2025-01-20,Fracture
14260,2142,103,10,2026-03-23,2026-08-05,Diabetes
14261,521,200,3,2025-09-19,2026-07-20,Diabetes
14262,2752,41,12,2025-07-14,2026-08-06,Stroke
14263,2470,179,4,2024-12-17,2026-06-18,Diabetes
14264,4610,178,13,2025-02-17,2025-10-14,Kidney Stones
14265,789,249,9,2024-08-24,2025-06-22,Diabetes
14266,3504,154,1,2026-02-18,2026-04-21,Cancer
14267,4611,188,11,2025-07-03,2025-11-19,Hypertension
14268,1999,218,11,2024-08-28,2026-03-06,Pneumonia
14269,2431,140,14,2025-07-22,2026-07-29,Migraine
14270,4866,71,9,2024-08-29,2025-04-08,Kidney Stones
14271,3592,122,2,2025-12-02,2025-12-11,Asthma
14272,2794,109,19,2025-09-02,2025-09-14,Pneumonia
14273,4224,151,16,2025-06-29,2025-12-27,Migraine
14274,4866,44,5,2026-05-11,2026-07-28,Cancer
14275,956,10,9,2026-01-04,2026-08-07,Asthma
14276,2839,226,7,2025-02-01,2025-06-27,Diabetes
14277,4447,227,7,2024-12-24,2025-10-14,Hypertension
14278,2107,121,15,2025-04-18,2025-08-15,Kidney Stones
14279,12,222,11,2026-02-08,2026-03-25,Diabetes
14280,2645,130,13,2024-10-07,2025-07-26,Migraine
14281,1756,50,14,2025-03-18,2026-07-15,Kidney Stones
14282,3605,60,19,2026-06-27,2026-08-05,Covid
14283,2944,84,14,2025-09-27,2026-05-24,Cancer
14284,223,109,7,2025-03-09,2026-01-08,Migraine
14285,1848,14,15,2025-05-11,2026-06-21,Diabetes
14286,1050,10,18,2025-12-15,2025-12-24,Asthma
14287,4357,153,2,2024-09-26,2025-11-14,Kidney Stones
14288,2596,73,13,2025-01-17,2026-01-21,Pneumonia
14289,4554,170,3,2026-02-27,2026-05-16,Pneumonia
14290,4912,94,19,2026-05-15,2026-06-15,Fracture
14291,1530,63,18,2026-07-06,2026-07-31,Fracture
14292,557,175,6,2024-10-09,2026-07-28,Stroke
14293,1685,31,14,2025-01-10,2026-06-04,Stroke
14294,2531,139,6,2026-08-05,2026-08-08,Cancer
14295,2448,44,5,2025-11-18,2026-06-13,Cancer
14296,4193,248,6,2025-08-10,2026-06-29,Fracture
14297,1797,124,1,2024-10-06,2025-04-14,Kidney Stones
14298,3154,21,10,2026-03-12,2026-06-01,Cancer
14299,1795,79,14,2024-09-29,2025-05-15,Pneumonia
14300,1671,24,3,2025-12-14,2026-02-14,Covid
14301,4046,180,4,2025-03-24,2025-04-02,Cancer
14302,4515,179,5,2025-06-18,2026-05-02,Kidney Stones
14303,3679,16,13,2025-05-24,2025-12-06,Kidney Stones
14304,71,30,11,2024-11-07,2025-12-18,Stroke
14305,1367,218,5,2024-08-21,2024-09-20,Kidney Stones
14306,1308,85,10,2025-08-08,2026-07-29,Migraine
14307,1564,201,20,2026-03-26,2026-06-20,Stroke
14308,3642,228,5,2025-09-20,2026-06-22,Covid
14309,3241,200,18,2025-04-25,2025-09-02,Kidney Stones
14310,712,174,19,2024-11-20,2025-09-11,Diabetes
14311,4380,75,12,2026-02-25,2026-03-15,Covid
14312,4388,127,13,2025-07-14,2025-12-24,Stroke
14313,1349,89,5,2026-02-13,2026-04-04,Fracture
14314,4027,157,2,2025-11-12,2026-03-02,Fracture
14315,4720,112,1,2026-04-20,2026-07-20,Pneumonia
14316,3303,115,4,2024-10-13,2025-05-08,Hypertension
14317,2714,134,10,2024-12-05,2025-02-19,Fracture
14318,2883,55,10,2026-05-26,2026-07-25,Kidney Stones
14319,1243,216,20,2025-11-05,2026-04-22,Hypertension
14320,3180,226,16,2026-04-03,2026-05-29,Pneumonia
14321,3907,9,17,2024-10-03,2025-05-07,Migraine
14322,2047,192,5,2026-08-03,2026-08-03,Covid
14323,628,154,7,2025-03-03,2025-10-26,Stroke
14324,987,188,17,2025-04-26,2026-02-07,Fracture
14325,4139,70,1,2026-01-20,2026-02-20,Migraine
14326,469,96,18,2024-10-27,2025-04-29,Stroke
14327,3084,73,4,2024-08-22,2025-12-16,Covid
14328,4847,160,18,2026-06-15,2026-08-09,Kidney Stones
14329,3791,215,6,2025-03-18,2026-03-21,Kidney Stones
14330,2123,245,18,2025-10-26,2026-06-03,Asthma
14331,517,172,9,2024-11-27,2025-10-19,Hypertension
14332,1084,50,11,2025-04-23,2026-03-02,Hypertension
14333,993,107,8,2025-05-11,2026-03-16,Cancer
14334,1946,29,3,2025-09-05,2026-04-30,Covid
14335,1146,214,6,2024-09-20,2025-07-29,Pneumonia
14336,1809,2,1,2025-05-23,2026-06-25,Migraine
14337,707,33,15,2024-10-08,2026-02-20,Cancer
14338,4965,61,12,2025-02-07,2025-12-18,Hypertension
14339,3359,134,17,2025-04-19,2025-04-25,Pneumonia
14340,3649,69,3,2025-08-30,2026-06-20,Kidney Stones
14341,999,8,8,2025-02-01,2026-05-14,Diabetes
14342,4205,121,14,2024-12-28,2025-04-02,Pneumonia
14343,271,7,1,2026-05-29,2026-07-25,Pneumonia
14344,3998,5,13,2026-02-05,2026-05-18,Stroke
14345,1818,69,4,2026-01-09,2026-02-10,Fracture
14346,3259,57,16,2025-09-25,2025-12-07,Fracture
14347,3684,133,16,2025-07-25,2025-11-29,Asthma
14348,3919,57,17,2024-10-07,2025-08-08,Cancer
14349,448,96,12,2025-04-17,2025-12-26,Fracture
14350,4159,174,4,2025-03-12,2026-07-26,Diabetes
14351,1085,13,16,2024-12-28,2026-07-07,Migraine
14352,348,167,9,2025-03-03,2025-07-24,Kidney Stones
14353,1510,18,12,2026-04-12,2026-07-25,Migraine
14354,4226,10,12,2026-04-15,2026-07-12,Diabetes
14355,272,105,4,2025-02-01,2025-12-16,Cancer
14356,4639,42,3,2025-02-12,2025-07-02,Covid
14357,3228,201,13,2025-08-20,2025-08-28,Migraine
14358,4506,27,4,2026-01-29,2026-05-14,Fracture
14359,1898,191,3,2026-06-18,2026-08-07,Kidney Stones
14360,3242,167,2,2025-02-01,2025-07-13,Kidney Stones
14361,2735,170,18,2026-04-28,2026-05-16,Cancer
14362,4445,150,6,2025-09-27,2025-10-17,Fracture
14363,4203,73,4,2025-09-18,2025-09-19,Pneumonia
14364,3755,245,1,2026-04-30,2026-07-03,Kidney Stones
14365,2654,125,12,2026-06-08,2026-08-11,Covid
14366,4393,30,20,2025-03-26,2026-04-04,Pneumonia
14367,4638,7,12,2024-10-14,2025-11-14,Migraine
14368,1138,159,16,2024-10-01,2025-05-14,Asthma
14369,1227,1,18,2025-05-02,2025-10-28,Pneumonia
14370,4543,223,1,2025-11-05,2026-01-17,Pneumonia
14371,262,174,12,2024-10-27,2025-03-13,Migraine
14372,3118,241,10,2024-09-21,2024-10-22,Asthma
14373,3639,125,13,2026-08-03,2026-08-14,Hypertension
14374,134,168,4,2025-07-28,2025-10-21,Cancer
14375,3226,231,10,2025-06-29,2026-03-30,Asthma
14376,1811,64,16,2024-08-30,2025-06-02,Asthma
14377,1779,81,5,2024-10-17,2024-12-09,Pneumonia
14378,3934,196,11,2025-06-08,2026-06-17,Asthma
14379,2644,19,1,2026-05-16,2026-06-25,Diabetes
14380,4974,102,20,2025-01-04,2026-05-06,Migraine
14381,4929,172,19,2024-09-13,2025-09-29,Stroke
14382,1864,123,9,2024-10-16,2026-07-24,Covid
14383,60,92,17,2025-08-15,2026-01-11,Pneumonia
14384,3913,63,6,2025-07-30,2026-05-14,Hypertension
14385,4047,143,11,2025-06-03,2025-10-28,Pneumonia
14386,4727,151,8,2026-08-01,2026-08-05,Diabetes
14387,3885,213,16,2026-06-17,2026-06-17,Covid
14388,3099,169,4,2026-04-27,2026-06-25,Stroke
14389,2143,20,8,2025-03-09,2026-05-19,Migraine
14390,4424,146,1,2026-07-09,2026-08-05,Hypertension
14391,1987,44,9,2026-02-13,2026-05-08,Cancer
14392,589,37,3,2025-08-13,2026-01-08,Diabetes
14393,146,215,14,2025-03-26,2026-05-08,Migraine
14394,3715,169,11,2025-08-31,2025-11-28,Kidney Stones
14395,2117,97,14,2026-06-01,2026-08-09,Hypertension
14396,4249,123,15,2025-12-08,2026-03-12,Hypertension
14397,3190,128,7,2025-02-08,2026-04-24,Diabetes
14398,3930,177,20,2026-02-16,2026-05-26,Hypertension
14399,719,21,6,2025-07-05,2026-02-25,Asthma
14400,3159,230,8,2025-08-15,2026-03-19,Pneumonia
14401,2174,247,15,2025-03-26,2025-08-14,Fracture
14402,3017,2,11,2025-06-20,2025-11-28,Covid
14403,3965,123,9,2025-10-15,2026-01-30,Migraine
14404,2666,180,4,2025-02-20,2026-02-11,Hypertension
14405,338,193,7,2026-04-10,2026-07-02,Pneumonia
14406,2671,145,13,2024-09-16,2024-12-19,Pneumonia
14407,1942,76,7,2025-06-08,2026-03-23,Stroke
14408,1320,243,11,2025-05-12,2025-06-02,Stroke
14409,4321,106,13,2024-08-30,2025-12-08,Fracture
14410,1283,60,12,2026-04-07,2026-04-07,Migraine
14411,4282,172,2,2024-12-08,2025-01-29,Asthma
14412,1074,26,15,2026-07-01,2026-07-15,Diabetes
14413,4581,46,12,2026-02-15,2026-03-27,Covid
14414,481,92,9,2024-08-26,2025-02-22,Fracture
14415,4061,214,20,2025-04-24,2026-05-25,Kidney Stones
14416,4044,49,14,2026-07-18,2026-07-30,Covid
14417,1683,78,17,2026-04-14,2026-06-12,Covid
14418,2461,15,8,2025-05-21,2026-08-17,Covid
14419,31,159,1,2024-11-16,2025-04-10,Covid
14420,1905,229,19,2026-06-10,2026-08-08,Asthma
14421,20,205,20,2025-08-06,2026-02-14,Stroke
14422,470,9,17,2025-02-16,2025-03-21,Stroke
14423,4115,180,16,2026-06-13,2026-06-20,Diabetes
14424,3204,130,14,2024-08-14,2024-10-11,Fracture
14425,4856,70,9,2025-04-29,2025-11-27,Pneumonia
14426,4275,25,9,2025-10-24,2025-11-06,Migraine
14427,3483,188,5,2025-10-25,2026-07-08,Diabetes
14428,4386,6,18,2024-10-31,2025-08-18,Kidney Stones
14429,286,138,17,2026-06-09,2026-06-23,Stroke
14430,771,67,11,2024-12-07,2024-12-14,Migraine
14431,1081,79,8,2026-08-01,2026-08-17,Migraine
14432,2029,172,4,2026-02-01,2026-07-03,Kidney Stones
14433,3948,114,15,2024-09-17,2024-12-15,Cancer
14434,861,120,20,2026-01-13,2026-04-23,Hypertension
14435,4741,232,20,2025-07-06,2026-08-04,Stroke
14436,4371,133,13,2025-09-16,2026-07-26,Diabetes
14437,1674,139,18,2025-10-24,2026-06-23,Stroke
14438,1201,193,5,2025-05-21,2026-04-01,Covid
14439,4016,203,1,2025-10-09,2026-06-05,Migraine
14440,1665,241,20,2025-12-04,2026-07-08,Hypertension
14441,3313,17,17,2026-04-24,2026-06-27,Diabetes
14442,4722,188,20,2025-07-22,2026-02-22,Migraine
14443,4474,130,3,2025-02-08,2025-09-07,Asthma
14444,4133,147,7,2026-02-17,2026-04-28,Fracture
14445,1361,96,19,2026-04-04,2026-06-04,Migraine
14446,2294,194,17,2024-10-13,2025-01-29,Covid
14447,4741,208,15,2024-11-19,2025-09-29,Stroke
14448,4420,169,3,2026-03-29,2026-05-29,Migraine
14449,2733,102,14,2026-01-05,2026-02-22,Cancer
14450,1376,93,20,2024-10-11,2026-01-09,Migraine
14451,1312,189,3,2025-08-18,2026-07-08,Cancer
14452,3584,168,18,2025-03-16,2026-02-09,Fracture
14453,894,59,20,2025-10-06,2026-06-04,Hypertension
14454,3244,86,10,2026-03-30,2026-06-15,Cancer
14455,1893,250,19,2024-11-11,2025-05-07,Covid
14456,2031,20,8,2026-03-29,2026-05-28,Fracture
14457,2626,50,12,2026-05-10,2026-07-18,Stroke
14458,1980,51,1,2026-03-23,2026-06-01,Migraine
14459,646,30,9,2026-06-22,2026-08-04,Diabetes
14460,2604,15,2,2024-11-24,2026-06-30,Diabetes
14461,2189,224,12,2025-01-05,2025-06-05,Stroke
14462,1864,23,11,2025-06-12,2026-06-20,Covid
14463,4787,20,18,2025-07-27,2026-04-16,Fracture
14464,860,154,16,2025-08-29,2025-11-03,Migraine
14465,852,153,17,2025-09-11,2025-10-11,Fracture
14466,1933,165,18,2024-12-15,2025-05-09,Stroke
14467,4345,4,14,2025-08-04,2026-05-08,Kidney Stones
14468,1952,96,8,2025-06-09,2026-04-30,Kidney Stones
14469,2518,111,16,2025-03-25,2026-07-21,Hypertension
14470,3550,28,4,2026-04-05,2026-04-28,Diabetes
14471,1203,184,3,2026-04-03,2026-04-25,Cancer
14472,4469,62,11,2025-04-16,2026-04-12,Kidney Stones
14473,4077,166,14,2026-04-12,2026-05-08,Covid
14474,4072,226,7,2025-09-01,2026-07-24,Diabetes
14475,2889,108,8,2026-06-12,2026-07-06,Pneumonia
14476,1189,246,6,2025-02-20,2026-04-12,Migraine
14477,1141,139,2,2026-04-26,2026-05-12,Asthma
14478,4437,189,17,2024-11-20,2025-05-13,Asthma
14479,322,167,10,2025-02-12,2026-02-11,Covid
14480,3286,227,20,2025-01-28,2025-04-06,Cancer
14481,4819,86,7,2025-10-28,2026-08-17,Asthma
14482,3133,231,15,2025-05-26,2026-01-12,Fracture
14483,2362,214,10,2025-12-03,2026-06-08,Covid
14484,4608,150,1,2024-10-13,2025-04-30,Diabetes
14485,3613,174,16,2024-11-12,2024-12-23,Covid
14486,2884,225,20,2025-01-21,2025-04-02,Covid
14487,2108,3,11,2025-09-29,2025-10-26,Cancer
14488,408,94,12,2026-03-15,2026-05-21,Stroke
14489,1241,95,19,2025-02-12,2026-04-07,Migraine
14490,1233,53,14,2024-10-10,2025-06-27,Hypertension
14491,180,73,19,2026-03-16,2026-08-09,Diabetes
14492,2876,239,3,2025-10-29,2026-03-16,Pneumonia
14493,4669,248,5,2026-04-28,2026-05-20,Kidney Stones
14494,1585,136,6,2025-09-06,2025-12-16,Migraine
14495,1792,156,5,2024-08-10,2026-03-27,Hypertension
14496,4773,124,12,2025-01-13,2026-03-09,Cancer
14497,1042,157,3,2026-04-09,2026-06-19,Kidney Stones
14498,1686,95,16,2026-01-06,2026-02-09,Fracture
14499,1774,87,10,2025-12-03,2026-04-21,Fracture
14500,640,113,3,2026-02-04,2026-02-22,Hypertension
14501,3885,51,20,2026-05-23,2026-08-07,Stroke
14502,1591,179,3,2025-02-06,2025-03-19,Fracture
14503,2220,10,4,2025-05-27,2026-06-13,Diabetes
14504,3246,110,9,2025-03-20,2026-05-25,Migraine
14505,4354,245,4,2025-03-22,2025-04-16,Stroke
14506,21,108,20,2024-12-19,2026-02-10,Asthma
14507,1303,13,1,2026-06-09,2026-07-20,Cancer
14508,3681,31,7,2025-03-19,2025-05-05,Asthma
14509,938,114,4,2025-01-22,2025-09-10,Kidney Stones
14510,3135,73,7,2026-03-05,2026-04-19,Diabetes
14511,3499,183,14,2026-01-11,2026-02-22,Kidney Stones
14512,202,243,14,2026-06-12,2026-06-13,Pneumonia
14513,1926,117,8,2026-06-04,2026-06-07,Fracture
14514,4252,54,2,2025-10-24,2025-12-21,Stroke
14515,2895,210,1,2026-01-11,2026-06-01,Diabetes
14516,4581,238,2,2024-11-08,2026-03-01,Kidney Stones
14517,3441,187,6,2025-08-22,2025-09-10,Diabetes
14518,3709,99,5,2024-11-09,2026-07-11,Hypertension
14519,2998,29,8,2026-04-04,2026-05-05,Covid
14520,4988,104,9,2024-09-25,2025-01-25,Cancer
14521,4595,173,11,2024-11-06,2025-06-19,Kidney Stones
14522,2217,121,1,2025-01-19,2026-03-13,Diabetes
14523,853,158,15,2025-10-05,2025-12-02,Cancer
14524,4023,241,14,2025-01-10,2025-07-11,Asthma
14525,2043,169,11,2025-11-07,2026-01-25,Cancer
14526,1498,38,4,2026-05-24,2026-08-17,Cancer
14527,2182,67,6,2025-03-18,2025-11-03,Kidney Stones
14528,3004,180,5,2024-09-03,2025-05-22,Hypertension
14529,1616,64,15,2025-08-23,2026-07-02,Migraine
14530,3087,5,5,2025-01-29,2025-12-12,Kidney Stones
14531,4877,219,15,2026-02-05,2026-03-02,Diabetes
14532,3842,77,20,2024-12-24,2025-02-12,Fracture
14533,4446,173,18,2026-04-06,2026-04-25,Pneumonia
14534,3928,96,19,2024-12-23,2025-12-30,Kidney Stones
14535,998,231,19,2025-08-19,2025-12-22,Kidney Stones
14536,3407,144,7,2026-05-15,2026-06-12,Migraine
14537,2295,68,15,2024-08-27,2026-08-05,Kidney Stones
14538,3183,59,16,2025-03-31,2026-05-09,Cancer
14539,4366,220,9,2025-03-16,2026-05-28,Diabetes
14540,3515,61,20,2026-07-10,2026-08-10,Cancer
14541,2712,29,9,2025-09-07,2026-05-28,Cancer
14542,1293,41,7,2025-07-31,2026-06-03,Cancer
14543,1762,226,14,2025-06-13,2025-12-10,Fracture
14544,1423,170,11,2026-05-17,2026-07-08,Kidney Stones
14545,1203,62,10,2026-07-09,2026-08-13,Cancer
14546,1061,80,12,2025-06-29,2025-10-02,Pneumonia
14547,1578,53,3,2025-04-03,2026-05-24,Kidney Stones
14548,738,54,5,2026-04-27,2026-05-21,Pneumonia
14549,561,41,5,2025-01-20,2026-05-15,Kidney Stones
14550,936,53,15,2025-12-14,2025-12-18,Kidney Stones
14551,3775,69,12,2024-10-01,2026-01-13,Pneumonia
14552,3405,106,18,2025-05-29,2026-01-19,Hypertension
14553,4756,57,8,2026-05-05,2026-07-26,Pneumonia
14554,4038,81,11,2024-10-22,2024-10-27,Migraine
14555,1497,117,12,2025-12-09,2026-06-20,Cancer
14556,2067,85,11,2026-01-06,2026-01-24,Fracture
14557,3772,61,15,2026-03-10,2026-07-12,Kidney Stones
14558,3702,148,5,2025-06-14,2025-12-10,Stroke
14559,4167,172,6,2026-03-15,2026-03-24,Kidney Stones
14560,4401,182,10,2024-09-18,2026-02-26,Kidney Stones
14561,2869,182,17,2026-05-01,2026-05-17,Diabetes
14562,1194,69,6,2025-02-07,2025-11-15,Covid
14563,2503,44,2,2026-02-21,2026-03-20,Migraine
14564,2810,45,2,2025-01-01,2025-04-16,Asthma
14565,1470,106,3,2026-06-09,2026-07-09,Kidney Stones
14566,3239,211,2,2026-07-17,2026-08-10,Stroke
14567,1375,130,13,2025-05-12,2026-02-20,Covid
14568,177,215,15,2025-12-09,2026-05-17,Diabetes
14569,2132,199,8,2025-10-10,2026-06-18,Diabetes
14570,2494,20,12,2025-06-13,2026-04-20,Kidney Stones
14571,3457,116,4,2026-06-20,2026-07-13,Diabetes
14572,1904,59,9,2025-02-01,2026-03-24,Asthma
14573,552,76,9,2026-03-12,2026-03-27,Migraine
14574,2968,229,20,2026-06-23,2026-07-16,Migraine
14575,3031,96,1,2025-02-26,2025-08-26,Asthma
14576,3,22,6,2025-12-28,2026-03-24,Covid
14577,2558,154,3,2025-02-18,2026-07-23,Fracture
14578,3683,21,14,2025-02-15,2025-07-11,Migraine
14579,4422,235,9,2025-02-14,2025-06-24,Stroke
14580,779,76,8,2026-05-05,2026-07-04,Diabetes
14581,809,232,10,2026-05-28,2026-08-10,Asthma
14582,1319,136,14,2025-09-01,2026-03-11,Fracture
14583,2933,7,12,2024-11-16,2026-04-30,Covid
14584,1698,195,16,2025-12-08,2025-12-26,Kidney Stones
14585,2373,98,14,2026-04-08,2026-08-15,Hypertension
14586,421,195,15,2026-06-14,2026-06-29,Hypertension
14587,4292,42,19,2025-06-15,2025-11-08,Hypertension
14588,3748,89,5,2024-12-03,2025-06-17,Stroke
14589,2056,59,7,2025-03-31,2025-04-09,Covid
14590,3508,132,17,2025-12-01,2026-02-18,Migraine
14591,4837,204,13,2024-08-10,2026-02-25,Hypertension
14592,3297,208,9,2026-06-24,2026-07-28,Fracture
14593,3008,217,11,2024-12-29,2025-06-17,Covid
14594,2879,245,1,2025-05-24,2025-06-25,Hypertension
14595,2484,22,2,2026-05-31,2026-08-03,Kidney Stones
14596,1299,190,15,2024-09-28,2024-10-10,Kidney Stones
14597,2246,186,2,2025-02-12,2026-03-09,Kidney Stones
14598,2746,203,12,2025-02-16,2026-06-16,Pneumonia
14599,2413,177,4,2025-03-06,2026-04-26,Pneumonia
14600,624,238,9,2025-06-12,2026-03-15,Hypertension
14601,1866,214,11,2025-03-18,2026-07-31,Cancer
14602,2227,229,18,2025-06-07,2026-02-02,Stroke
14603,1189,124,13,2025-08-10,2025-12-27,Asthma
14604,3818,72,2,2025-06-16,2025-09-19,Pneumonia
14605,796,203,20,2025-07-24,2025-12-12,Hypertension
14606,1100,9,18,2026-07-22,2026-07-28,Migraine
14607,1852,210,17,2024-08-11,2025-02-21,Diabetes
14608,3425,239,14,2025-03-13,2025-05-04,Asthma
14609,2717,227,11,2025-05-23,2025-08-20,Pneumonia
14610,1149,189,14,2025-07-30,2026-06-13,Covid
14611,507,101,2,2025-02-24,2026-01-28,Pneumonia
14612,1777,198,20,2024-10-29,2025-09-23,Cancer
14613,889,43,13,2025-03-02,2025-07-18,Migraine
14614,4301,121,17,2025-03-06,2025-07-01,Asthma
14615,1452,145,2,2026-06-24,2026-06-24,Covid
14616,2455,69,9,2024-10-27,2026-06-21,Kidney Stones
14617,4168,110,11,2025-11-13,2026-03-09,Kidney Stones
14618,4946,185,5,2026-05-02,2026-05-09,Migraine
14619,3854,138,15,2025-08-17,2026-05-09,Covid
14620,3174,105,2,2025-02-27,2025-10-13,Hypertension
14621,1300,82,5,2026-04-04,2026-06-26,Covid
14622,2916,223,17,2025-05-07,2026-07-01,Pneumonia
14623,992,35,12,2025-05-06,2025-11-15,Migraine
14624,4311,199,2,2024-08-13,2025-10-20,Cancer
14625,2555,70,17,2026-06-19,2026-07-04,Pneumonia
14626,4828,45,2,2026-04-17,2026-07-27,Hypertension
14627,2111,197,9,2025-12-08,2025-12-18,Stroke
14628,1712,49,9,2025-10-04,2026-08-13,Fracture
14629,3798,152,3,2025-03-02,2026-02-15,Stroke
14630,2755,226,15,2025-10-30,2026-03-18,Stroke
14631,77,38,13,2026-05-23,2026-07-18,Pneumonia
14632,4620,13,7,2024-10-28,2025-11-17,Asthma
14633,4008,189,18,2024-12-10,2025-07-03,Kidney Stones
14634,741,180,2,2025-01-19,2025-11-07,Diabetes
14635,1930,169,17,2025-09-20,2025-10-26,Pneumonia
14636,992,243,5,2026-06-19,2026-08-15,Cancer
14637,3390,229,18,2025-08-05,2026-06-14,Hypertension
14638,4388,192,9,2024-12-18,2025-10-05,Pneumonia
14639,1984,239,5,2026-02-18,2026-03-11,Fracture
14640,3214,71,7,2025-10-25,2026-07-26,Diabetes
14641,585,122,9,2025-10-04,2026-06-04,Diabetes
14642,3313,126,14,2025-01-09,2025-12-24,Stroke
14643,4211,241,10,2026-05-25,2026-07-04,Cancer
14644,1007,42,7,2026-06-13,2026-06-25,Stroke
14645,4190,77,5,2025-07-07,2026-03-13,Hypertension
14646,795,246,13,2025-05-27,2025-12-01,Kidney Stones
14647,2636,158,11,2026-04-07,2026-06-15,Kidney Stones
14648,3294,51,19,2025-12-29,2026-03-11,Asthma
14649,1063,223,9,2025-10-31,2026-06-13,Covid
14650,1851,250,7,2025-08-15,2025-09-07,Diabetes
14651,3679,164,6,2025-03-26,2026-05-20,Diabetes
14652,2720,81,2,2026-07-31,2026-08-01,Cancer
14653,1930,218,18,2025-09-06,2026-03-05,Kidney Stones
14654,3659,203,16,2025-04-25,2026-06-22,Covid
14655,4280,165,13,2026-05-17,2026-05-26,Diabetes
14656,2191,199,13,2025-03-23,2026-05-16,Migraine
14657,4684,7,3,2026-03-14,2026-05-25,Kidney Stones
14658,1362,49,16,2025-08-03,2025-10-30,Asthma
14659,1880,109,10,2025-08-16,2026-05-12,Asthma
14660,4775,222,13,2026-06-17,2026-07-05,Diabetes
14661,2814,235,7,2025-03-22,2025-06-09,Covid
14662,50,24,11,2025-02-07,2026-06-01,Covid
14663,4920,218,9,2025-04-12,2026-05-06,Asthma
14664,4080,108,17,2025-01-23,2025-09-05,Migraine
14665,2261,62,3,2025-09-26,2025-10-11,Cancer
14666,3571,21,1,2026-01-25,2026-06-07,Migraine
14667,2133,146,8,2025-01-15,2025-06-29,Pneumonia
14668,2331,19,12,2024-12-18,2025-04-27,Asthma
14669,3254,5,5,2024-08-22,2025-01-22,Covid
14670,195,35,16,2025-04-14,2026-03-26,Asthma
14671,1166,6,5,2024-09-25,2025-01-21,Fracture
14672,881,7,8,2026-05-22,2026-06-27,Hypertension
14673,253,97,14,2026-05-31,2026-07-07,Hypertension
14674,3980,168,15,2025-07-29,2026-02-14,Diabetes
14675,809,138,4,2025-07-12,2025-12-09,Hypertension
14676,993,64,7,2025-12-24,2025-12-29,Cancer
14677,1883,100,12,2025-03-24,2025-10-13,Migraine
14678,4596,171,2,2025-10-28,2026-04-07,Pneumonia
14679,3612,23,9,2025-01-29,2026-01-09,Pneumonia
14680,841,6,20,2026-03-29,2026-08-06,Pneumonia
14681,4862,171,13,2025-02-27,2026-07-13,Hypertension
14682,2463,138,11,2025-12-30,2026-05-30,Fracture
14683,4561,237,10,2025-10-12,2025-11-02,Hypertension
14684,3870,147,16,2025-06-12,2025-09-12,Stroke
14685,1382,59,12,2026-04-04,2026-05-11,Pneumonia
14686,156,219,12,2026-05-29,2026-08-04,Kidney Stones
14687,4182,242,13,2024-11-19,2026-03-16,Cancer
14688,3743,72,19,2026-07-03,2026-08-12,Covid
14689,2000,11,11,2025-06-13,2025-10-10,Fracture
14690,393,170,19,2026-05-30,2026-07-04,Stroke
14691,183,157,2,2025-04-11,2026-07-13,Asthma
14692,3595,184,16,2024-12-05,2025-09-20,Asthma
14693,1415,179,3,2024-08-14,2024-12-04,Hypertension
14694,4409,37,7,2025-10-24,2026-07-18,Cancer
14695,1141,186,9,2026-05-28,2026-07-22,Migraine
14696,4606,215,17,2026-01-05,2026-05-05,Kidney Stones
14697,2723,41,5,2025-11-04,2026-05-02,Stroke
14698,3937,231,17,2026-07-26,2026-08-04,Stroke
14699,3026,125,3,2024-10-07,2024-10-22,Cancer
14700,4975,113,6,2025-11-08,2026-04-09,Migraine
14701,567,52,3,2025-04-29,2025-12-07,Hypertension
14702,2348,11,13,2025-01-01,2025-04-14,Cancer
14703,3256,181,18,2024-08-16,2024-08-26,Stroke
14704,3124,121,9,2024-09-14,2025-06-22,Cancer
14705,4516,198,18,2026-07-16,2026-07-26,Asthma
14706,3910,175,13,2024-10-17,2026-03-29,Fracture
14707,1823,114,12,2025-08-01,2026-07-26,Hypertension
14708,4505,29,17,2026-03-14,2026-04-13,Pneumonia
14709,3781,138,9,2024-09-20,2026-02-04,Hypertension
14710,1503,46,15,2025-07-21,2025-12-09,Hypertension
14711,2239,190,20,2025-04-03,2025-04-21,Kidney Stones
14712,210,149,4,2026-05-14,2026-08-04,Migraine
14713,3533,89,17,2025-04-12,2026-03-04,Pneumonia
14714,4428,43,7,2026-01-26,2026-05-31,Covid
14715,4976,114,11,2026-02-16,2026-07-20,Diabetes
14716,3281,138,10,2024-11-06,2026-02-09,Hypertension
14717,4835,185,20,2025-01-23,2026-01-18,Fracture
14718,657,135,19,2025-05-17,2025-11-05,Covid
14719,4130,227,2,2026-02-01,2026-06-23,Migraine
14720,258,61,11,2025-12-20,2026-08-13,Pneumonia
14721,3469,202,3,2025-09-29,2026-07-13,Asthma
14722,1814,219,2,2026-03-31,2026-06-27,Pneumonia
14723,4403,48,20,2026-03-12,2026-05-06,Hypertension
14724,1232,51,13,2024-12-25,2025-03-21,Diabetes
14725,4520,206,18,2025-11-16,2026-02-24,Asthma
14726,4687,129,9,2025-10-20,2025-12-10,Diabetes
14727,1801,97,8,2025-04-06,2026-04-30,Cancer
14728,3660,136,10,2024-12-15,2025-09-08,Kidney Stones
14729,4464,214,11,2025-09-14,2026-03-18,Migraine
14730,1127,223,16,2025-11-15,2026-01-26,Covid
14731,3649,181,9,2025-05-18,2026-02-06,Pneumonia
14732,336,145,2,2025-12-25,2026-01-18,Stroke
14733,1317,196,17,2024-11-17,2025-03-16,Stroke
14734,3594,167,3,2026-04-16,2026-05-28,Stroke
14735,2576,218,20,2026-04-17,2026-05-12,Fracture
14736,4634,70,15,2025-07-31,2026-06-28,Hypertension
14737,4013,150,11,2024-08-09,2026-02-10,Pneumonia
14738,3559,105,7,2026-07-16,2026-07-21,Fracture
14739,1308,75,18,2026-02-04,2026-04-12,Migraine
14740,3352,198,18,2025-01-19,2025-09-04,Fracture
14741,2981,212,11,2025-07-07,2026-06-22,Hypertension
14742,3172,97,6,2024-09-22,2025-03-31,Kidney Stones
14743,1219,78,4,2026-02-07,2026-03-21,Covid
14744,442,123,4,2025-12-16,2026-04-20,Cancer
14745,1140,188,14,2024-08-11,2025-09-27,Cancer
14746,2214,112,3,2026-06-22,2026-07-07,Kidney Stones
14747,2156,245,18,2025-10-07,2026-06-15,Covid
14748,888,248,14,2025-12-10,2026-06-18,Diabetes
14749,430,192,1,2025-08-08,2026-01-08,Diabetes
14750,3130,214,18,2025-08-07,2026-03-17,Asthma
14751,4589,39,7,2025-04-18,2026-05-18,Migraine
14752,3674,205,15,2025-02-14,2025-04-24,Covid
14753,102,171,2,2026-02-15,2026-06-23,Covid
14754,322,169,4,2025-06-29,2026-07-30,Asthma
14755,808,103,6,2025-12-27,2026-04-26,Covid
14756,4219,96,4,2026-06-19,2026-06-19,Hypertension
14757,3197,240,16,2025-10-28,2025-12-25,Cancer
14758,555,238,13,2026-03-27,2026-06-25,Covid
14759,4668,142,20,2026-05-22,2026-05-29,Stroke
14760,1588,38,7,2026-06-29,2026-07-21,Pneumonia
14761,1314,8,17,2025-05-09,2026-06-09,Covid
14762,209,198,3,2024-11-11,2026-04-25,Covid
14763,3414,39,19,2025-06-02,2025-12-21,Diabetes
14764,2863,221,19,2026-03-31,2026-07-10,Pneumonia
14765,3623,202,14,2025-09-12,2026-06-09,Asthma
14766,1607,182,9,2025-09-12,2025-12-18,Stroke
14767,3067,149,19,2025-03-27,2026-03-26,Hypertension
14768,137,172,5,2024-12-09,2025-01-02,Fracture
14769,2865,38,3,2026-07-17,2026-08-17,Pneumonia
14770,2154,139,20,2025-03-07,2026-02-20,Hypertension
14771,2615,75,6,2025-01-23,2026-01-12,Covid
14772,1544,150,17,2026-01-24,2026-03-07,Asthma
14773,3673,167,6,2026-05-29,2026-08-03,Stroke
14774,3122,241,16,2025-10-02,2025-11-15,Migraine
14775,4798,59,16,2024-12-11,2026-01-14,Kidney Stones
14776,135,209,10,2025-04-18,2025-07-12,Fracture
14777,151,194,12,2025-12-22,2026-04-29,Stroke
14778,2163,53,7,2025-06-19,2026-06-24,Migraine
14779,1529,87,6,2025-07-06,2026-04-24,Migraine
14780,4898,169,14,2026-03-05,2026-08-05,Kidney Stones
14781,765,92,10,2026-03-01,2026-04-30,Stroke
14782,3670,137,17,2025-11-19,2026-05-06,Cancer
14783,385,52,11,2025-01-24,2025-06-20,Covid
14784,3771,89,8,2026-05-24,2026-08-12,Pneumonia
14785,3033,233,16,2026-06-05,2026-06-24,Diabetes
14786,781,57,7,2025-02-11,2025-06-25,Kidney Stones
14787,4640,159,20,2026-06-29,2026-07-22,Pneumonia
14788,4952,52,20,2025-07-01,2026-06-02,Covid
14789,3292,172,14,2025-03-15,2025-04-22,Covid
14790,2055,182,11,2024-11-20,2026-03-07,Stroke
14791,4514,159,15,2025-01-17,2025-06-12,Pneumonia
14792,4793,73,4,2025-04-20,2025-09-05,Asthma
14793,247,178,16,2025-07-09,2025-08-29,Covid
14794,3950,224,17,2025-04-11,2026-02-15,Covid
14795,1456,103,19,2025-09-30,2026-04-16,Covid
14796,562,172,13,2025-03-06,2025-11-12,Stroke
14797,4822,60,16,2025-12-12,2026-07-27,Fracture
14798,2193,100,6,2026-05-29,2026-07-20,Pneumonia
14799,2054,175,1,2026-02-12,2026-05-14,Kidney Stones
14800,2594,79,1,2025-11-25,2026-01-31,Diabetes
14801,73,25,14,2025-01-14,2026-02-03,Fracture
14802,3747,43,2,2026-01-21,2026-07-29,Pneumonia
14803,1750,160,6,2025-06-16,2025-07-30,Pneumonia
14804,4875,203,7,2024-12-13,2026-05-02,Stroke
14805,1542,162,13,2025-07-16,2026-01-25,Kidney Stones
14806,1081,202,20,2026-03-04,2026-07-26,Stroke
14807,873,169,14,2026-01-10,2026-07-15,Fracture
14808,847,12,19,2025-10-13,2026-02-12,Covid
14809,4663,28,2,2026-07-12,2026-08-14,Pneumonia
14810,2070,13,7,2025-05-29,2025-11-01,Stroke
14811,2634,123,12,2024-12-22,2026-07-12,Diabetes
14812,703,136,16,2024-12-25,2026-02-02,Asthma
14813,4528,87,12,2026-05-08,2026-07-14,Diabetes
14814,1241,147,1,2025-02-11,2026-01-09,Kidney Stones
14815,2287,2,18,2026-03-22,2026-03-30,Covid
14816,537,27,17,2026-07-23,2026-08-05,Stroke
14817,2759,119,3,2025-08-05,2026-02-15,Pneumonia
14818,4426,203,1,2025-06-14,2025-07-31,Hypertension
14819,105,237,5,2024-10-31,2025-05-07,Stroke
14820,74,139,11,2024-12-18,2025-08-19,Covid
14821,1481,214,20,2025-01-04,2025-04-14,Covid
14822,106,21,14,2026-01-31,2026-04-15,Covid
14823,306,41,7,2026-04-29,2026-06-01,Cancer
14824,2470,19,15,2024-11-18,2026-06-07,Pneumonia
14825,3991,34,14,2026-07-26,2026-08-11,Migraine
14826,376,204,7,2025-05-08,2025-06-19,Kidney Stones
14827,2731,223,19,2025-08-03,2025-11-06,Stroke
14828,3914,201,9,2025-05-16,2026-07-31,Pneumonia
14829,1436,193,10,2025-09-20,2026-02-22,Diabetes
14830,2310,92,3,2026-01-02,2026-04-02,Hypertension
14831,4093,136,15,2024-10-30,2025-12-24,Kidney Stones
14832,3758,190,6,2026-01-27,2026-05-27,Pneumonia
14833,4539,220,14,2026-03-14,2026-06-20,Cancer
14834,1452,215,12,2025-07-08,2025-08-30,Stroke
14835,2519,34,11,2026-03-13,2026-03-30,Cancer
14836,555,217,3,2025-01-25,2025-03-10,Stroke
14837,1417,136,4,2026-04-20,2026-04-24,Stroke
14838,179,161,3,2025-08-03,2026-03-12,Kidney Stones
14839,3218,58,15,2025-01-10,2026-06-18,Stroke
14840,335,58,2,2026-03-09,2026-05-19,Kidney Stones
14841,4704,209,8,2025-11-27,2026-05-13,Fracture
14842,1215,31,10,2026-06-17,2026-07-03,Cancer
14843,752,60,10,2025-06-17,2026-06-18,Diabetes
14844,1402,196,16,2024-08-10,2024-11-26,Pneumonia
14845,4248,71,18,2024-12-09,2025-06-24,Cancer
14846,302,199,9,2025-04-07,2026-02-20,Kidney Stones
14847,2921,23,11,2026-03-02,2026-04-13,Kidney Stones
14848,1026,73,12,2025-09-19,2026-03-06,Covid
14849,665,108,2,2026-05-10,2026-08-01,Stroke
14850,4731,181,3,2026-02-22,2026-05-12,Asthma
14851,2963,231,18,2025-09-27,2026-01-17,Covid
14852,3609,44,14,2025-05-30,2026-05-20,Kidney Stones
14853,3263,46,15,2026-01-23,2026-07-05,Diabetes
14854,3943,36,18,2025-03-10,2026-04-26,Migraine
14855,4019,128,8,2025-11-27,2026-04-07,Kidney Stones
14856,1578,202,6,2026-07-25,2026-07-31,Covid
14857,4427,152,5,2026-03-23,2026-04-16,Hypertension
14858,1495,185,8,2024-11-03,2026-02-14,Migraine
14859,1413,170,5,2025-07-06,2026-06-25,Diabetes
14860,680,155,2,2025-03-18,2025-06-09,Kidney Stones
14861,1854,33,16,2025-05-24,2025-12-11,Covid
14862,474,141,14,2025-08-25,2025-09-03,Asthma
14863,2556,219,4,2026-06-04,2026-06-19,Migraine
14864,3502,15,7,2025-11-22,2025-11-28,Cancer
14865,2510,178,12,2025-06-12,2025-11-10,Cancer
14866,2315,62,9,2024-10-14,2025-06-23,Cancer
14867,569,37,17,2025-02-12,2025-05-09,Covid
14868,3939,172,3,2025-10-20,2026-02-23,Stroke
14869,3434,112,20,2025-04-13,2026-02-14,Fracture
14870,4586,56,6,2025-04-20,2026-02-20,Cancer
14871,3569,5,4,2025-12-16,2026-07-04,Pneumonia
14872,4533,205,18,2025-10-01,2026-06-21,Hypertension
14873,1034,190,16,2024-08-24,2026-03-14,Pneumonia
14874,2966,193,20,2024-11-13,2026-05-31,Migraine
14875,1973,119,17,2025-12-05,2026-06-27,Cancer
14876,3594,153,8,2025-05-25,2026-07-28,Cancer
14877,3750,11,14,2025-10-14,2025-12-21,Fracture
14878,812,184,12,2024-09-04,2026-08-06,Hypertension
14879,2790,235,19,2024-12-27,2026-01-04,Asthma
14880,2914,35,8,2025-12-03,2026-07-10,Migraine
14881,1903,244,9,2025-08-03,2025-09-05,Cancer
14882,1892,104,18,2025-05-13,2026-07-02,Fracture
14883,4446,208,2,2026-02-18,2026-06-23,Hypertension
14884,1513,52,3,2025-01-07,2026-07-07,Covid
14885,2730,87,8,2024-10-14,2026-04-06,Covid
14886,3573,70,2,2025-06-20,2026-04-23,Migraine
14887,2156,146,9,2026-01-14,2026-03-29,Fracture
14888,3234,245,8,2024-10-22,2025-09-24,Pneumonia
14889,246,106,15,2024-12-29,2026-06-10,Cancer
14890,747,87,7,2024-11-27,2025-07-12,Pneumonia
14891,2379,153,15,2025-09-28,2026-02-03,Migraine
14892,3505,194,8,2026-03-08,2026-04-06,Stroke
14893,3176,163,11,2025-05-21,2026-01-28,Diabetes
14894,1220,94,3,2026-03-06,2026-04-03,Fracture
14895,4439,98,10,2025-11-02,2026-06-19,Diabetes
14896,2971,158,2,2026-05-12,2026-08-11,Fracture
14897,4509,189,10,2026-07-21,2026-08-15,Pneumonia
14898,3198,151,14,2024-10-25,2024-11-14,Kidney Stones
14899,3548,126,2,2026-07-13,2026-08-05,Diabetes
14900,2909,136,15,2025-02-24,2026-07-08,Kidney Stones
14901,2490,118,4,2025-03-16,2025-06-28,Stroke
14902,2242,196,15,2025-02-07,2026-07-26,Fracture
14903,506,163,20,2024-08-22,2025-07-30,Hypertension
14904,456,121,4,2025-07-21,2026-03-11,Diabetes
14905,4736,225,14,2026-01-14,2026-02-21,Asthma
14906,4619,48,10,2025-02-26,2026-06-09,Hypertension
14907,4377,181,17,2024-09-28,2025-04-27,Fracture
14908,1699,69,15,2024-10-30,2025-03-01,Covid
14909,1893,239,9,2026-01-31,2026-06-27,Stroke
14910,1741,74,1,2025-09-10,2026-01-28,Asthma
14911,1601,118,1,2024-10-09,2025-11-05,Migraine
14912,4197,131,10,2025-10-15,2025-11-07,Covid
14913,798,35,1,2025-08-30,2026-06-12,Covid
14914,1281,228,10,2026-01-02,2026-06-15,Cancer
14915,2430,62,7,2025-06-29,2025-09-06,Diabetes
14916,2449,180,6,2025-01-24,2026-01-28,Stroke
14917,2166,97,13,2026-06-18,2026-08-02,Diabetes
14918,1225,45,4,2025-07-16,2026-03-28,Pneumonia
14919,3849,150,3,2026-03-09,2026-05-28,Migraine
14920,1964,211,8,2026-05-14,2026-05-25,Stroke
14921,2814,96,7,2025-09-20,2025-12-14,Hypertension
14922,4542,74,12,2025-06-19,2025-09-19,Covid
14923,4669,237,18,2026-01-07,2026-04-11,Fracture
14924,86,53,16,2024-09-23,2026-05-07,Stroke
14925,1676,141,7,2026-01-21,2026-05-18,Diabetes
14926,4101,197,9,2025-10-04,2025-12-22,Cancer
14927,473,48,5,2024-11-04,2026-05-10,Pneumonia
14928,3538,111,3,2024-11-11,2025-05-29,Pneumonia
14929,4654,82,9,2026-03-03,2026-03-24,Cancer
14930,1131,177,16,2024-10-12,2025-12-10,Asthma
14931,914,188,16,2025-09-24,2026-04-03,Migraine
14932,988,9,9,2024-12-15,2025-09-15,Covid
14933,3878,177,2,2026-01-29,2026-03-12,Covid
14934,1853,155,20,2025-04-21,2025-11-01,Kidney Stones
14935,1343,102,11,2025-08-10,2026-02-01,Migraine
14936,1437,168,9,2025-12-25,2026-02-21,Cancer
14937,891,97,18,2025-11-09,2026-05-31,Migraine
14938,3207,186,20,2026-04-22,2026-07-11,Hypertension
14939,1875,211,17,2025-11-01,2026-05-23,Cancer
14940,3132,161,7,2025-08-10,2026-08-01,Pneumonia
14941,2425,12,5,2026-06-13,2026-08-09,Fracture
14942,558,250,7,2025-11-06,2026-02-06,Cancer
14943,2193,47,6,2024-12-01,2025-09-02,Hypertension
14944,4492,111,10,2024-11-08,2024-12-21,Stroke
14945,626,93,19,2025-03-24,2025-09-24,Covid
14946,1088,95,16,2025-03-19,2025-04-29,Pneumonia
14947,2915,82,4,2025-08-28,2026-08-13,Diabetes
14948,3133,84,20,2024-12-15,2024-12-26,Migraine
14949,845,70,18,2025-07-27,2026-03-21,Kidney Stones
14950,1485,48,12,2025-12-29,2026-05-30,Covid
14951,305,35,9,2026-02-01,2026-06-10,Kidney Stones
14952,3764,52,18,2026-03-28,2026-07-11,Pneumonia
14953,4797,95,19,2024-08-10,2025-07-30,Pneumonia
14954,3954,130,3,2025-05-21,2025-06-23,Diabetes
14955,2944,52,5,2026-06-17,2026-07-04,Fracture
14956,621,203,17,2025-03-05,2025-10-26,Covid
14957,1248,198,5,2026-03-11,2026-07-22,Fracture
14958,2474,141,19,2026-07-03,2026-08-15,Covid
14959,887,72,3,2025-01-15,2025-11-02,Pneumonia
14960,1965,90,2,2024-11-04,2025-03-24,Stroke
14961,3083,105,6,2025-04-24,2025-10-26,Diabetes
14962,306,175,6,2025-08-23,2026-05-08,Covid
14963,5,180,4,2026-05-05,2026-07-13,Pneumonia
14964,2721,241,10,2025-01-23,2026-06-25,Cancer
14965,500,178,3,2025-12-21,2026-04-30,Stroke
14966,1675,197,18,2024-12-31,2025-05-22,Hypertension
14967,1222,50,6,2024-10-03,2026-07-09,Covid
14968,4063,107,11,2026-01-25,2026-06-11,Pneumonia
14969,1710,127,1,2024-10-07,2025-02-23,Kidney Stones
14970,1679,83,12,2025-08-26,2026-08-04,Cancer
14971,963,184,6,2025-03-19,2026-01-13,Migraine
14972,3644,206,20,2025-06-21,2026-06-17,Fracture
14973,725,91,8,2024-12-28,2026-03-08,Fracture
14974,586,210,9,2026-07-25,2026-07-31,Pneumonia
14975,15,32,11,2025-04-12,2025-12-10,Stroke
14976,3632,131,1,2026-07-12,2026-08-09,Hypertension
14977,706,137,4,2026-01-12,2026-06-09,Covid
14978,2133,193,9,2025-11-28,2026-03-18,Cancer
14979,1840,36,4,2025-05-23,2026-02-05,Covid
14980,1206,217,3,2024-09-06,2025-06-27,Fracture
14981,1577,33,15,2026-08-05,2026-08-08,Fracture
14982,4128,213,15,2025-05-08,2026-04-06,Diabetes
14983,3398,69,8,2026-01-11,2026-04-01,Pneumonia
14984,1168,242,13,2025-06-19,2026-03-02,Stroke
14985,2140,51,14,2026-08-02,2026-08-10,Migraine
14986,3137,154,3,2024-10-03,2025-04-14,Migraine
14987,3443,140,10,2025-12-10,2026-02-06,Diabetes
14988,2512,132,15,2025-08-28,2026-03-27,Diabetes
14989,3875,220,5,2025-04-22,2026-04-03,Cancer
14990,2605,68,1,2025-03-10,2025-07-06,Asthma
14991,3927,3,15,2026-03-16,2026-05-09,Fracture
14992,3932,122,16,2025-07-24,2025-08-15,Stroke
14993,3231,246,1,2026-02-28,2026-03-26,Covid
14994,4598,142,17,2024-10-02,2026-02-07,Fracture
14995,4128,84,3,2025-04-26,2025-12-27,Stroke
14996,2073,210,12,2025-12-06,2026-06-04,Stroke
14997,2908,120,5,2026-04-22,2026-07-04,Hypertension
14998,3795,246,13,2024-11-02,2025-03-03,Fracture
14999,2270,160,7,2025-10-30,2026-07-13,Covid
15000,4414,61,12,2024-08-27,2025-01-01,Cancer
