AdmissionID,PatientID,DoctorID,DepartmentID,AdmissionDate,DischargeDate,Diagnosis
1,2432,172,9,2025-10-29,2026-04-06,Diabetes
2,4930,216,14,2026-04-26,2026-05-17,Hypertension
3,1398,73,16,2025-04-07,2025-12-28,Fracture
4,3652,240,18,2025-04-30,2025-06-15,Fracture
5,3879,201,1,2025-01-27,2026-05-26,Pneumonia
6,2806,206,10,2024-10-17,2025-09-21,Kidney Stones
7,2843,243,7,2026-07-24,2026-07-28,Pneumonia
8,2525,122,15,2025-04-09,2025-11-15,Hypertension
9,4888,154,2,2025-08-31,2026-02-23,Asthma
10,4392,107,12,2025-03-24,2025-09-03,Kidney Stones
11,3807,247,14,2026-01-17,2026-06-07,Migraine
12,1650,110,17,2025-01-17,2026-05-15,Migraine
13,899,25,15,2026-02-11,2026-07-13,Cancer
14,2971,53,18,2026-07-28,2026-08-05,Hypertension
15,2793,209,2,2026-04-15,2026-05-27,Migraine
16,3228,101,11,2024-10-31,2025-10-15,Diabetes
17,1177,74,12,2026-03-19,2026-06-22,Diabetes
18,1815,41,12,2026-05-10,2026-05-21,Kidney Stones
19,1790,174,4,2025-02-25,2026-03-22,Cancer
20,4361,8,17,2025-02-26,2026-06-17,Covid
21,109,74,10,2025-08-21,2026-04-23,Migraine
22,4520,104,3,2024-11-06,2026-08-02,Cancer
23,3345,113,20,2024-11-10,2024-12-28,Hypertension
24,2865,5,6,2025-12-15,2026-03-16,Kidney Stones
25,4416,195,8,2025-06-28,2026-02-12,Migraine
26,1756,194,15,2024-09-06,2025-07-18,Hypertension
27,1043,210,3,2026-03-18,2026-05-10,Fracture
28,3895,132,16,2025-12-12,2026-03-11,Covid
29,3601,166,1,2025-01-25,2025-12-02,Stroke
30,4036,3,20,2026-05-17,2026-08-07,Kidney Stones
31,428,157,11,2026-04-17,2026-05-26,Kidney Stones
32,3237,76,16,2026-05-05,2026-06-22,Pneumonia
33,2307,49,20,2025-12-06,2026-06-22,Stroke
34,1382,47,9,2024-09-15,2025-09-13,Kidney Stones
35,173,51,19,2025-01-28,2025-02-13,Asthma
36,2598,119,19,2025-05-11,2026-07-06,Migraine
37,3093,116,18,2025-08-07,2026-06-30,Kidney Stones
38,894,226,13,2024-11-01,2025-04-13,Pneumonia
39,2127,68,12,2026-01-29,2026-03-05,Fracture
40,2032,141,13,2024-12-24,2026-01-09,Pneumonia
41,2134,248,12,2026-04-12,2026-05-01,Hypertension
42,4075,89,3,2024-08-26,2026-01-02,Hypertension
43,3463,224,19,2024-08-27,2026-07-08,Fracture
44,3839,2,19,2025-08-07,2026-03-19,Covid
45,2328,203,17,2026-05-29,2026-06-08,Pneumonia
46,4015,41,9,2025-05-12,2026-02-20,Asthma
47,3577,99,3,2025-02-15,2025-09-01,Kidney Stones
48,1017,110,6,2025-05-06,2025-05-26,Cancer
49,1930,35,18,2025-01-28,2025-05-07,Asthma
50,3638,64,12,2026-06-15,2026-06-27,Cancer
51,3781,63,9,2025-01-07,2025-05-07,Asthma
52,4494,84,5,2025-10-23,2026-05-21,Stroke
53,4507,135,13,2025-02-26,2025-12-28,Covid
54,1029,105,4,2025-08-20,2026-06-22,Hypertension
55,1560,5,9,2026-03-06,2026-04-04,Covid
56,1487,152,14,2024-08-26,2025-09-09,Fracture
57,4739,71,20,2025-08-23,2025-09-15,Migraine
58,3736,40,10,2025-01-30,2026-04-14,Fracture
59,2232,160,2,2025-07-27,2025-10-10,Pneumonia
60,3921,185,5,2026-05-07,2026-05-08,Stroke
61,1976,53,17,2025-02-10,2025-04-12,Fracture
62,2353,123,1,2025-03-08,2026-04-20,Covid
63,3144,234,16,2025-02-12,2026-05-16,Pneumonia
64,1261,141,19,2026-05-31,2026-07-12,Hypertension
65,3057,21,2,2026-02-21,2026-05-10,Hypertension
66,3710,230,19,2025-07-22,2025-09-20,Asthma
67,3159,134,1,2025-06-17,2026-06-30,Cancer
68,2453,75,12,2026-07-28,2026-08-16,Stroke
69,570,41,12,2025-03-31,2025-05-16,Kidney Stones
70,4629,166,16,2026-02-05,2026-04-13,Kidney Stones
71,2026,50,2,2025-04-20,2025-06-21,Cancer
72,2691,77,6,2025-05-31,2025-08-13,Asthma
73,3024,142,17,2026-03-04,2026-04-15,Kidney Stones
74,3070,144,20,2025-06-17,2026-03-16,Stroke
75,1961,75,7,2024-09-13,2025-04-28,Kidney Stones
76,4684,146,16,2026-05-26,2026-07-23,Pneumonia
77,3992,156,2,2024-10-21,2025-03-14,Pneumonia
78,2315,210,13,2025-07-10,2025-07-30,Kidney Stones
79,2757,77,14,2025-06-09,2026-08-02,Pneumonia
80,5000,63,7,2025-06-29,2025-12-19,Kidney Stones
81,4315,192,8,2024-11-06,2026-03-12,Fracture
82,1189,191,2,2026-03-22,2026-05-20,Diabetes
83,4991,130,13,2024-11-18,2026-04-17,Pneumonia
84,3847,33,9,2024-09-21,2024-10-18,Kidney Stones
85,37,217,19,2024-09-09,2024-10-19,Cancer
86,1255,16,2,2025-06-26,2026-08-06,Cancer
87,520,212,9,2024-10-09,2026-08-10,Migraine
88,1842,224,13,2025-07-28,2026-07-10,Fracture
89,612,222,9,2024-10-17,2025-03-14,Covid
90,3441,76,11,2025-05-25,2026-04-09,Covid
91,4957,224,17,2025-03-14,2026-07-11,Cancer
92,4482,132,15,2026-01-03,2026-03-01,Fracture
93,961,218,10,2025-09-28,2026-07-10,Migraine
94,3434,48,14,2024-11-20,2025-04-11,Cancer
95,4382,24,12,2024-11-05,2025-11-04,Hypertension
96,1326,165,12,2025-05-28,2025-07-02,Cancer
97,3612,16,3,2025-02-26,2025-05-08,Kidney Stones
98,789,118,11,2026-07-20,2026-08-10,Kidney Stones
99,1865,71,13,2026-05-30,2026-07-27,Stroke
100,249,217,5,2025-05-20,2026-02-14,Stroke
101,1897,3,6,2025-07-09,2026-01-06,Covid
102,753,32,12,2026-08-05,2026-08-11,Asthma
103,658,113,18,2025-08-29,2026-06-30,Kidney Stones
104,1763,24,4,2025-10-18,2026-07-13,Kidney Stones
105,3447,73,10,2025-07-30,2025-10-27,Migraine
106,2473,72,16,2026-07-22,2026-08-03,Fracture
107,2609,94,12,2025-05-12,2025-05-13,Diabetes
108,4729,88,13,2026-06-20,2026-07-30,Migraine
109,863,215,9,2026-07-18,2026-07-28,Stroke
110,2232,145,5,2025-10-20,2026-01-18,Cancer
111,2331,148,17,2024-11-21,2025-02-09,Pneumonia
112,2507,202,17,2025-08-25,2025-12-23,Pneumonia
113,3191,205,11,2026-01-23,2026-02-05,Pneumonia
114,4072,112,6,2025-10-20,2025-12-15,Cancer
115,3805,207,8,2024-08-09,2025-02-23,Fracture
116,1877,231,13,2025-05-07,2026-01-02,Stroke
117,3381,8,8,2026-03-21,2026-05-11,Pneumonia
118,4538,177,7,2025-05-08,2025-07-15,Covid
119,3434,228,5,2025-01-26,2025-04-27,Diabetes
120,3259,247,20,2024-11-15,2025-07-07,Diabetes
121,656,146,1,2025-10-18,2026-04-21,Kidney Stones
122,1385,70,1,2025-05-31,2025-06-24,Pneumonia
123,3503,28,6,2025-08-20,2025-09-01,Kidney Stones
124,4167,201,16,2025-01-23,2026-04-12,Migraine
125,680,49,9,2024-11-10,2025-04-16,Fracture
126,4590,97,15,2025-07-02,2025-08-11,Stroke
127,1248,240,20,2025-10-17,2026-05-11,Kidney Stones
128,4868,118,4,2025-11-05,2025-11-20,Pneumonia
129,3077,210,19,2024-10-15,2026-04-21,Diabetes
130,4108,206,9,2024-09-30,2026-02-05,Asthma
131,1237,92,19,2024-08-11,2026-08-05,Kidney Stones
132,3586,221,12,2024-12-26,2026-02-27,Kidney Stones
133,1397,121,19,2025-02-04,2025-05-15,Migraine
134,4639,36,7,2025-07-17,2025-09-27,Asthma
135,2723,129,7,2026-02-04,2026-08-16,Asthma
136,772,209,10,2024-10-15,2025-06-30,Kidney Stones
137,4118,140,12,2026-03-26,2026-07-11,Diabetes
138,1854,166,3,2024-08-28,2026-01-14,Kidney Stones
139,4359,54,9,2025-05-09,2025-09-26,Migraine
140,862,3,11,2024-11-07,2024-12-24,Diabetes
141,1864,213,1,2026-01-18,2026-03-28,Migraine
142,1776,48,15,2026-07-01,2026-07-17,Diabetes
143,1579,108,15,2025-03-29,2025-04-04,Fracture
144,2081,119,5,2025-01-22,2026-03-23,Fracture
145,694,87,7,2026-04-27,2026-07-05,Diabetes
146,4025,234,6,2026-05-17,2026-06-08,Pneumonia
147,3442,32,11,2025-04-13,2026-06-22,Kidney Stones
148,4285,78,12,2025-12-12,2026-01-24,Pneumonia
149,382,51,15,2025-07-13,2025-09-12,Migraine
150,3648,108,7,2025-06-12,2025-06-19,Diabetes
151,3370,168,17,2026-04-27,2026-08-14,Stroke
152,920,79,5,2025-07-04,2025-09-28,Pneumonia
153,4231,27,11,2026-01-18,2026-07-02,Pneumonia
154,2270,106,3,2025-01-17,2025-12-28,Stroke
155,4266,103,11,2025-01-12,2026-05-21,Kidney Stones
156,1019,137,10,2026-07-12,2026-08-10,Stroke
157,3308,118,2,2026-07-10,2026-07-13,Asthma
158,2840,59,13,2025-08-07,2025-10-29,Pneumonia
159,1769,193,7,2025-08-27,2025-11-15,Hypertension
160,1080,182,10,2024-11-08,2026-06-08,Hypertension
161,4669,220,15,2026-08-02,2026-08-04,Stroke
162,362,185,9,2025-08-16,2026-07-03,Stroke
163,4454,75,2,2026-04-17,2026-05-19,Covid
164,996,58,3,2025-10-31,2026-04-17,Fracture
165,4034,5,10,2025-04-05,2026-03-23,Diabetes
166,2314,231,6,2026-07-28,2026-08-02,Kidney Stones
167,3311,36,7,2025-03-24,2025-12-12,Hypertension
168,3489,102,7,2024-09-15,2025-07-07,Diabetes
169,2641,205,18,2025-02-26,2025-10-20,Fracture
170,2903,111,13,2026-05-13,2026-08-04,Hypertension
171,1688,69,7,2025-07-09,2026-04-26,Fracture
172,1975,26,14,2025-06-07,2025-08-03,Fracture
173,970,173,6,2026-07-25,2026-07-31,Fracture
174,2408,145,16,2024-12-16,2025-03-11,Pneumonia
175,4251,121,10,2026-05-19,2026-07-15,Migraine
176,2866,183,3,2025-08-23,2025-12-03,Cancer
177,4784,249,18,2026-07-30,2026-08-03,Migraine
178,1819,180,19,2025-08-15,2026-07-05,Pneumonia
179,1191,52,6,2025-05-24,2026-08-15,Asthma
180,3571,151,18,2024-10-18,2025-07-22,Migraine
181,3906,38,5,2026-07-11,2026-07-13,Hypertension
182,1261,248,5,2025-09-10,2026-05-15,Cancer
183,3929,118,19,2025-04-08,2025-11-09,Cancer
184,4293,235,3,2026-05-10,2026-07-26,Kidney Stones
185,1170,53,18,2025-12-03,2026-01-03,Asthma
186,1533,36,15,2025-07-13,2026-06-21,Fracture
187,2346,193,15,2025-03-21,2025-06-13,Stroke
188,657,44,8,2026-01-15,2026-04-01,Cancer
189,2492,42,3,2025-02-21,2026-06-18,Covid
190,1755,125,16,2024-09-06,2025-02-05,Cancer
191,1640,139,1,2026-02-28,2026-04-07,Fracture
192,2993,69,2,2025-01-28,2025-07-02,Stroke
193,731,42,6,2026-04-25,2026-06-09,Fracture
194,3916,123,14,2026-03-27,2026-06-10,Stroke
195,41,69,8,2025-10-22,2026-02-03,Asthma
196,2955,147,10,2024-10-30,2025-03-09,Diabetes
197,1691,64,18,2024-08-14,2025-11-25,Hypertension
198,2391,120,3,2026-08-04,2026-08-15,Hypertension
199,391,186,15,2024-12-10,2025-01-10,Asthma
200,1587,232,15,2026-02-19,2026-03-28,Hypertension
201,1219,135,1,2025-04-02,2026-02-17,Kidney Stones
202,3998,83,20,2025-08-30,2026-02-21,Covid
203,2820,106,7,2024-10-24,2025-10-04,Kidney Stones
204,2195,44,5,2025-12-23,2026-03-14,Migraine
205,2243,242,16,2024-12-03,2025-09-29,Hypertension
206,3331,62,2,2025-08-02,2026-01-05,Migraine
207,3853,217,7,2024-08-14,2026-03-27,Fracture
208,4508,17,2,2026-07-26,2026-08-11,Stroke
209,2046,87,4,2025-04-03,2025-10-12,Covid
210,3550,141,9,2026-05-01,2026-05-06,Pneumonia
211,581,181,20,2025-03-13,2026-01-16,Covid
212,3183,72,11,2025-01-21,2026-04-20,Stroke
213,4526,100,7,2026-01-21,2026-07-04,Stroke
214,1918,58,2,2026-07-15,2026-07-17,Migraine
215,507,5,3,2025-07-31,2026-03-01,Stroke
216,1290,118,19,2026-03-06,2026-04-16,Migraine
217,589,82,2,2025-06-06,2026-08-09,Migraine
218,3023,24,11,2025-01-16,2026-04-23,Kidney Stones
219,732,66,11,2026-06-27,2026-07-08,Covid
220,1321,143,5,2025-09-25,2025-10-25,Asthma
221,2552,222,7,2025-07-08,2025-11-22,Kidney Stones
222,3170,97,3,2026-03-01,2026-06-27,Diabetes
223,3544,174,16,2025-10-31,2026-01-15,Migraine
224,4800,153,7,2026-07-03,2026-08-01,Covid
225,1274,176,12,2025-09-17,2026-07-14,Cancer
226,556,211,11,2026-07-03,2026-08-10,Diabetes
227,2593,225,3,2024-08-30,2026-03-21,Fracture
228,3972,188,20,2025-07-16,2026-05-27,Hypertension
229,3331,20,20,2025-07-08,2026-08-05,Migraine
230,2624,165,6,2025-04-26,2026-08-03,Diabetes
231,3064,147,5,2025-08-12,2026-07-07,Hypertension
232,1493,42,1,2026-04-21,2026-05-23,Migraine
233,4905,117,11,2026-04-10,2026-06-30,Covid
234,2996,101,14,2025-09-17,2026-05-08,Covid
235,1331,235,1,2025-06-16,2026-07-29,Migraine
236,1491,133,3,2025-04-01,2026-05-02,Migraine
237,4938,35,17,2024-11-23,2025-08-01,Asthma
238,366,206,14,2026-06-03,2026-07-19,Fracture
239,3890,157,17,2024-08-23,2026-06-18,Kidney Stones
240,1523,7,16,2025-01-26,2026-01-07,Covid
241,600,69,4,2025-03-19,2026-05-30,Kidney Stones
242,2056,228,10,2026-01-09,2026-07-04,Asthma
243,4318,119,3,2025-10-26,2025-11-10,Diabetes
244,1015,223,9,2026-07-20,2026-08-08,Covid
245,2172,11,17,2025-09-18,2025-09-21,Pneumonia
246,420,211,10,2026-05-18,2026-06-21,Fracture
247,247,124,3,2025-01-09,2026-07-11,Pneumonia
248,1079,224,8,2026-06-19,2026-07-01,Pneumonia
249,26,59,1,2025-09-24,2025-10-26,Fracture
250,4695,91,19,2025-12-07,2026-04-16,Fracture
251,3925,96,9,2024-10-24,2025-12-16,Fracture
252,1401,4,7,2024-12-26,2025-10-26,Migraine
253,335,208,1,2025-10-21,2026-05-20,Stroke
254,1033,150,2,2025-09-04,2026-07-26,Cancer
255,1819,211,6,2026-04-27,2026-07-09,Stroke
256,3428,95,8,2026-06-15,2026-07-09,Fracture
257,4215,118,14,2026-03-27,2026-06-08,Pneumonia
258,2230,145,11,2025-05-07,2025-05-07,Kidney Stones
259,2110,72,15,2026-05-17,2026-07-06,Fracture
260,4365,108,5,2026-05-12,2026-06-24,Diabetes
261,3289,56,9,2025-12-26,2025-12-26,Pneumonia
262,2072,46,12,2025-09-16,2026-05-10,Fracture
263,1031,156,14,2024-08-16,2024-08-18,Hypertension
264,259,65,13,2026-04-08,2026-07-28,Pneumonia
265,4920,179,17,2025-11-24,2026-06-07,Pneumonia
266,3019,55,5,2026-03-08,2026-05-13,Fracture
267,2500,181,18,2024-11-07,2026-04-26,Fracture
268,2308,148,3,2025-02-06,2026-01-07,Kidney Stones
269,3803,25,10,2025-07-17,2025-10-20,Fracture
270,2920,206,4,2024-08-22,2026-08-16,Diabetes
271,1654,128,3,2025-08-24,2025-10-20,Stroke
272,237,89,9,2026-03-24,2026-07-24,Fracture
273,2317,36,3,2025-08-24,2026-01-03,Fracture
274,3578,87,15,2025-05-08,2026-01-05,Fracture
275,862,143,2,2024-08-26,2025-01-06,Diabetes
276,1216,151,8,2024-11-12,2025-04-02,Asthma
277,3194,138,14,2024-09-15,2025-08-25,Stroke
278,4498,19,16,2026-04-16,2026-06-19,Covid
279,3984,222,20,2025-12-16,2026-03-04,Stroke
280,4265,186,14,2024-11-18,2026-05-16,Stroke
281,4948,169,9,2026-07-15,2026-07-26,Asthma
282,2091,225,2,2026-06-23,2026-06-26,Asthma
283,2682,127,9,2026-02-03,2026-02-07,Hypertension
284,3919,143,18,2025-09-23,2026-06-07,Pneumonia
285,223,193,4,2025-07-30,2025-09-29,Migraine
286,4874,144,9,2026-05-02,2026-07-04,Covid
287,3924,216,9,2025-07-13,2025-09-19,Covid
288,226,146,18,2025-01-18,2026-06-22,Fracture
289,4312,121,6,2025-01-20,2025-03-05,Covid
290,4299,103,11,2025-04-09,2025-07-23,Asthma
291,3531,180,1,2024-09-14,2025-05-11,Migraine
292,1763,36,5,2025-02-01,2025-06-10,Migraine
293,203,237,13,2026-03-24,2026-04-02,Kidney Stones
294,935,232,7,2025-06-25,2026-06-02,Covid
295,2424,62,14,2025-04-30,2026-06-11,Cancer
296,25,98,10,2026-06-22,2026-07-11,Kidney Stones
297,403,110,2,2025-02-08,2025-09-06,Hypertension
298,4663,120,13,2025-06-29,2025-11-04,Pneumonia
299,3549,200,3,2026-05-06,2026-06-16,Kidney Stones
300,2875,220,9,2024-09-02,2024-12-25,Kidney Stones
301,1374,245,6,2024-09-04,2025-03-17,Fracture
302,1564,130,19,2026-03-01,2026-08-13,Covid
303,4154,116,15,2024-12-02,2026-01-10,Cancer
304,549,146,8,2025-07-30,2025-12-29,Pneumonia
305,2317,189,17,2025-08-28,2026-03-31,Migraine
306,2470,192,14,2026-07-23,2026-08-01,Migraine
307,1934,193,16,2024-11-01,2025-09-23,Stroke
308,3284,57,1,2026-04-17,2026-06-10,Asthma
309,1244,2,8,2026-02-12,2026-06-23,Stroke
310,861,152,9,2026-02-05,2026-07-10,Pneumonia
311,4749,47,19,2026-05-22,2026-07-13,Pneumonia
312,3909,238,1,2025-06-03,2025-11-17,Asthma
313,2564,230,6,2026-03-08,2026-04-30,Pneumonia
314,4809,230,13,2026-01-17,2026-03-23,Cancer
315,2467,25,3,2026-07-15,2026-08-04,Fracture
316,3370,84,7,2025-03-14,2025-10-16,Pneumonia
317,1361,241,1,2024-09-21,2025-12-24,Migraine
318,3379,188,17,2025-05-15,2025-09-30,Fracture
319,2982,224,19,2026-01-30,2026-03-30,Stroke
320,1462,46,16,2025-09-29,2025-12-21,Cancer
321,4986,11,10,2025-11-09,2026-02-01,Kidney Stones
322,2971,233,3,2026-02-05,2026-02-15,Migraine
323,3759,5,4,2025-05-11,2025-12-19,Pneumonia
324,150,50,13,2025-10-04,2025-11-30,Migraine
325,1133,206,8,2025-02-28,2026-08-16,Kidney Stones
326,1497,29,13,2026-07-19,2026-07-22,Covid
327,4185,183,14,2026-05-05,2026-06-03,Asthma
328,125,244,4,2026-04-27,2026-04-28,Cancer
329,965,236,11,2024-08-30,2025-07-06,Diabetes
330,95,39,9,2025-03-05,2025-07-01,Stroke
331,3827,244,20,2026-06-10,2026-07-18,Cancer
332,3337,12,18,2025-05-06,2025-08-18,Fracture
333,3570,25,16,2026-06-17,2026-07-03,Cancer
334,3130,100,10,2024-09-29,2025-07-24,Stroke
335,1371,176,7,2024-11-06,2025-05-18,Hypertension
336,2246,18,2,2026-02-03,2026-02-11,Cancer
337,4023,195,15,2025-04-28,2026-08-02,Asthma
338,1062,92,11,2026-04-13,2026-08-06,Kidney Stones
339,629,53,11,2025-06-22,2026-06-30,Pneumonia
340,4795,186,8,2025-04-19,2026-03-28,Diabetes
341,4217,89,16,2026-05-16,2026-06-05,Kidney Stones
342,4741,242,13,2024-10-25,2025-05-20,Hypertension
343,1554,138,14,2025-05-25,2025-09-06,Migraine
344,4842,151,10,2024-12-09,2026-05-10,Hypertension
345,56,102,10,2024-08-17,2025-03-05,Covid
346,2252,209,10,2024-11-14,2025-01-23,Migraine
347,2447,182,16,2025-10-20,2026-01-31,Asthma
348,321,200,18,2026-01-10,2026-04-20,Kidney Stones
349,3066,191,1,2025-03-26,2025-11-30,Migraine
350,4421,125,7,2026-01-23,2026-06-16,Pneumonia
351,1535,173,6,2024-10-05,2025-02-06,Hypertension
352,851,100,6,2025-10-05,2025-11-15,Diabetes
353,3266,166,20,2025-01-08,2026-03-30,Covid
354,947,39,14,2024-12-30,2026-01-26,Cancer
355,3832,40,17,2025-04-27,2026-01-10,Asthma
356,3832,108,8,2025-03-20,2025-11-10,Diabetes
357,224,216,1,2025-01-22,2026-04-23,Stroke
358,4769,205,6,2025-05-17,2026-03-06,Stroke
359,3442,208,1,2025-10-02,2026-07-23,Diabetes
360,219,18,8,2025-10-27,2026-07-28,Asthma
361,1273,81,19,2024-11-10,2025-08-04,Fracture
362,428,231,11,2025-09-27,2025-10-07,Pneumonia
363,650,62,7,2024-10-13,2026-05-19,Cancer
364,3734,37,1,2026-06-28,2026-07-01,Diabetes
365,1231,217,12,2025-08-30,2026-05-10,Fracture
366,3989,104,20,2025-05-11,2026-01-16,Stroke
367,1922,155,20,2025-10-30,2026-02-12,Hypertension
368,767,180,15,2024-12-21,2025-09-09,Stroke
369,885,161,19,2025-04-29,2025-12-02,Covid
370,2454,106,2,2026-01-02,2026-02-13,Hypertension
371,2332,5,14,2025-03-24,2025-06-28,Kidney Stones
372,1514,6,18,2025-07-10,2025-08-13,Fracture
373,4739,24,8,2025-11-25,2025-12-01,Fracture
374,211,186,14,2025-10-19,2025-11-09,Kidney Stones
375,2133,201,5,2025-08-29,2026-02-19,Diabetes
376,2098,37,1,2025-07-04,2026-04-03,Migraine
377,3756,188,7,2025-10-11,2026-02-02,Pneumonia
378,2282,160,16,2025-06-20,2026-01-29,Hypertension
379,827,188,16,2024-12-20,2024-12-24,Covid
380,1042,151,10,2025-01-12,2026-02-17,Hypertension
381,1209,175,4,2025-05-19,2025-06-15,Pneumonia
382,1413,239,11,2025-11-10,2026-06-15,Hypertension
383,4839,151,15,2025-10-08,2026-07-16,Migraine
384,1234,139,20,2025-05-04,2025-09-15,Pneumonia
385,666,127,6,2026-07-28,2026-08-04,Hypertension
386,1397,15,4,2024-08-20,2024-11-06,Kidney Stones
387,468,68,6,2024-11-07,2026-05-07,Covid
388,611,144,15,2025-01-04,2025-10-02,Migraine
389,3575,206,2,2026-07-29,2026-08-08,Migraine
390,2026,214,1,2026-06-14,2026-07-01,Asthma
391,3000,167,9,2025-08-04,2026-03-23,Hypertension
392,4309,222,19,2024-12-15,2024-12-20,Migraine
393,3771,186,11,2026-06-28,2026-08-15,Pneumonia
394,3045,145,14,2025-01-19,2026-06-22,Stroke
395,445,131,8,2024-12-01,2025-03-09,Migraine
396,4523,157,12,2025-09-12,2025-10-02,Hypertension
397,3952,130,6,2025-05-21,2025-08-27,Fracture
398,3990,249,14,2024-10-12,2026-08-04,Kidney Stones
399,4516,59,6,2025-03-10,2025-04-28,Pneumonia
400,803,157,13,2026-03-20,2026-07-05,Pneumonia
401,2965,54,10,2025-10-17,2026-07-31,Migraine
402,4240,108,12,2024-09-14,2025-08-15,Kidney Stones
403,4673,225,8,2025-03-09,2025-03-10,Hypertension
404,4686,226,14,2025-12-18,2026-03-01,Pneumonia
405,3198,214,8,2025-10-22,2026-05-12,Asthma
406,4941,134,7,2025-08-30,2026-02-06,Fracture
407,3790,99,19,2025-06-11,2025-12-02,Diabetes
408,1817,159,14,2025-04-12,2025-06-02,Cancer
409,531,35,12,2024-08-09,2025-11-28,Diabetes
410,1485,99,9,2025-09-08,2026-03-31,Pneumonia
411,295,114,12,2026-02-05,2026-03-10,Kidney Stones
412,2461,213,3,2025-07-29,2026-03-21,Diabetes
413,1412,88,14,2025-07-21,2026-07-18,Cancer
414,1951,54,7,2025-03-29,2025-11-10,Asthma
415,4557,43,8,2025-03-29,2025-12-11,Fracture
416,3350,129,5,2025-01-10,2026-03-22,Stroke
417,2770,206,4,2026-07-03,2026-07-19,Stroke
418,4264,219,12,2026-02-14,2026-03-17,Covid
419,3232,183,16,2026-07-24,2026-08-07,Pneumonia
420,1801,4,3,2025-02-08,2025-02-11,Stroke
421,926,9,20,2025-03-10,2025-07-02,Pneumonia
422,949,204,11,2025-07-10,2026-02-19,Diabetes
423,4340,236,1,2024-08-08,2024-11-21,Covid
424,4611,31,6,2026-02-05,2026-08-11,Kidney Stones
425,4806,85,16,2025-10-09,2026-07-10,Migraine
426,3715,11,16,2026-06-18,2026-06-28,Hypertension
427,2637,115,12,2025-04-03,2026-02-08,Cancer
428,4386,212,2,2026-04-07,2026-07-02,Covid
429,352,73,13,2024-12-17,2025-01-16,Covid
430,4562,131,12,2025-09-02,2026-02-05,Cancer
431,4490,135,16,2025-06-09,2026-07-21,Hypertension
432,3398,202,14,2026-04-29,2026-05-22,Fracture
433,1748,228,5,2025-05-09,2026-03-08,Stroke
434,2018,230,2,2025-10-28,2025-12-21,Kidney Stones
435,4634,60,12,2025-04-06,2025-06-03,Covid
436,2239,91,17,2025-07-30,2026-03-07,Covid
437,643,171,20,2024-11-05,2025-05-14,Covid
438,1960,142,8,2025-10-23,2026-01-09,Covid
439,1518,86,10,2026-01-17,2026-07-13,Migraine
440,1474,18,3,2024-12-03,2025-03-16,Pneumonia
441,732,87,6,2025-02-20,2025-09-23,Migraine
442,4509,229,17,2025-06-07,2025-08-19,Kidney Stones
443,2253,221,2,2025-09-02,2026-03-24,Covid
444,739,167,18,2025-06-17,2026-06-26,Cancer
445,1537,53,11,2025-05-27,2026-06-30,Asthma
446,371,30,16,2024-09-28,2024-11-26,Pneumonia
447,518,63,9,2025-03-20,2026-07-12,Stroke
448,3832,135,6,2024-11-07,2024-12-01,Asthma
449,4251,66,14,2026-07-30,2026-07-31,Cancer
450,829,157,16,2025-10-19,2025-10-30,Fracture
451,4283,9,8,2025-08-16,2026-03-23,Fracture
452,3801,224,15,2024-10-26,2026-08-08,Covid
453,1057,59,4,2024-08-10,2025-12-31,Pneumonia
454,2382,215,5,2025-07-13,2025-08-07,Cancer
455,4006,38,7,2024-10-07,2025-02-21,Covid
456,1438,246,13,2024-09-25,2024-10-24,Cancer
457,1960,29,18,2025-07-05,2025-11-29,Diabetes
458,4631,80,10,2024-11-05,2025-12-24,Stroke
459,4960,174,12,2025-01-22,2026-02-23,Pneumonia
460,4088,38,11,2024-10-25,2026-05-10,Stroke
461,3454,9,20,2025-03-26,2026-08-03,Pneumonia
462,3664,2,20,2026-03-07,2026-05-03,Hypertension
463,2192,197,16,2024-09-23,2026-05-16,Migraine
464,4592,52,8,2025-03-01,2026-06-01,Asthma
465,2214,95,20,2025-01-15,2026-05-30,Asthma
466,1402,84,15,2026-02-23,2026-05-15,Cancer
467,2215,236,2,2026-04-06,2026-04-11,Asthma
468,3374,140,6,2025-10-10,2025-10-23,Covid
469,3230,199,16,2025-02-03,2026-04-08,Asthma
470,835,125,16,2026-05-31,2026-06-18,Kidney Stones
471,3925,77,14,2026-05-31,2026-07-26,Asthma
472,3678,175,17,2025-12-27,2026-07-02,Diabetes
473,4868,44,17,2026-05-30,2026-06-17,Pneumonia
474,3591,108,5,2024-12-07,2025-04-25,Stroke
475,4929,127,5,2025-10-22,2025-12-03,Diabetes
476,4201,53,1,2025-07-07,2025-08-06,Migraine
477,4928,107,12,2024-09-15,2025-01-13,Hypertension
478,2436,157,13,2024-08-18,2024-10-12,Pneumonia
479,1247,10,14,2025-05-15,2026-01-09,Diabetes
480,3036,53,6,2025-10-08,2026-03-03,Hypertension
481,4265,73,2,2025-08-13,2025-11-14,Stroke
482,1196,38,6,2025-02-08,2026-02-02,Pneumonia
483,2800,171,7,2025-01-23,2025-05-05,Diabetes
484,3383,64,19,2026-04-12,2026-06-06,Hypertension
485,4607,162,17,2025-04-12,2026-07-19,Migraine
486,373,224,1,2024-09-15,2025-08-24,Cancer
487,3977,69,6,2024-08-07,2025-07-10,Migraine
488,1830,205,10,2024-09-12,2025-06-11,Fracture
489,3812,194,4,2025-03-12,2026-02-10,Fracture
490,3642,187,20,2026-03-16,2026-03-23,Cancer
491,4063,128,15,2026-01-30,2026-05-08,Asthma
492,1236,4,13,2026-06-29,2026-08-06,Diabetes
493,868,49,9,2025-12-02,2025-12-05,Stroke
494,2892,28,6,2024-12-08,2026-05-13,Migraine
495,1304,173,13,2025-11-09,2026-01-26,Migraine
496,3074,203,6,2026-07-25,2026-07-31,Diabetes
497,1700,235,20,2025-04-10,2025-04-22,Asthma
498,1423,92,15,2025-04-22,2025-08-18,Hypertension
499,1852,92,5,2024-08-21,2024-11-05,Cancer
500,946,48,20,2026-02-12,2026-07-29,Hypertension
501,4677,68,16,2026-05-09,2026-06-28,Pneumonia
502,2710,212,19,2025-01-16,2026-07-18,Diabetes
503,3662,206,20,2026-06-11,2026-07-08,Stroke
504,3352,229,15,2024-08-13,2025-07-30,Migraine
505,4670,198,4,2025-10-02,2025-11-26,Cancer
506,923,227,1,2026-01-08,2026-04-08,Hypertension
507,3367,204,20,2025-08-16,2026-08-04,Hypertension
508,155,64,5,2024-12-09,2026-08-07,Hypertension
509,3477,117,13,2026-02-19,2026-06-15,Fracture
510,166,143,3,2026-06-20,2026-07-27,Pneumonia
511,784,94,13,2025-12-31,2026-04-22,Asthma
512,3425,220,2,2025-05-19,2026-04-27,Hypertension
513,4978,108,16,2024-08-27,2026-01-23,Migraine
514,2210,182,4,2026-04-28,2026-08-01,Cancer
515,4390,33,1,2026-06-25,2026-07-13,Cancer
516,502,194,2,2026-02-18,2026-06-15,Asthma
517,2875,186,4,2025-08-27,2025-10-01,Fracture
518,497,202,14,2025-04-15,2026-03-08,Pneumonia
519,598,74,6,2025-09-20,2026-02-21,Covid
520,1321,165,8,2025-12-14,2026-07-28,Pneumonia
521,3209,113,10,2026-06-03,2026-07-06,Pneumonia
522,4036,111,11,2025-10-03,2026-01-02,Diabetes
523,3531,200,20,2026-03-18,2026-05-23,Migraine
524,1810,9,18,2026-06-26,2026-08-03,Covid
525,1322,189,20,2026-02-14,2026-05-14,Diabetes
526,1233,64,8,2024-10-08,2026-01-07,Migraine
527,3124,243,2,2025-11-20,2026-01-19,Fracture
528,426,13,17,2024-11-25,2026-05-07,Asthma
529,2142,247,3,2025-03-20,2026-07-16,Pneumonia
530,3851,238,15,2025-08-22,2025-11-14,Asthma
531,1561,213,20,2024-10-26,2025-10-07,Fracture
532,4068,113,18,2025-02-28,2025-05-16,Asthma
533,1911,43,18,2026-04-03,2026-08-01,Stroke
534,97,166,3,2025-01-01,2025-09-21,Pneumonia
535,975,220,17,2024-11-01,2025-10-08,Migraine
536,3115,135,7,2025-08-12,2025-12-01,Diabetes
537,1116,1,5,2024-11-17,2026-06-21,Pneumonia
538,4912,213,5,2025-04-25,2026-03-21,Migraine
539,1863,207,9,2025-11-19,2026-07-05,Hypertension
540,1455,182,18,2024-08-28,2025-11-02,Diabetes
541,1809,187,13,2026-06-02,2026-08-12,Kidney Stones
542,250,156,12,2024-12-29,2026-06-30,Migraine
543,716,93,8,2024-08-30,2026-06-05,Cancer
544,1035,68,14,2025-11-06,2026-02-27,Stroke
545,4504,46,8,2025-01-22,2026-08-13,Kidney Stones
546,4457,225,3,2025-12-11,2026-04-26,Pneumonia
547,4248,172,6,2025-03-20,2025-04-23,Kidney Stones
548,183,77,10,2026-04-11,2026-08-15,Kidney Stones
549,4980,208,16,2025-07-02,2026-04-30,Diabetes
550,4003,18,6,2026-03-08,2026-06-11,Migraine
551,734,144,18,2025-09-09,2026-02-06,Pneumonia
552,4997,163,5,2025-04-11,2026-06-13,Covid
553,3865,37,17,2024-08-27,2026-03-18,Covid
554,3323,190,20,2025-06-02,2026-07-26,Kidney Stones
555,2738,192,12,2024-09-19,2024-12-04,Kidney Stones
556,2820,80,2,2024-09-29,2025-05-17,Kidney Stones
557,4027,83,3,2026-08-04,2026-08-12,Kidney Stones
558,4123,69,16,2025-03-20,2025-10-25,Migraine
559,4338,118,5,2025-01-14,2025-09-30,Covid
560,2655,152,10,2026-07-02,2026-08-07,Fracture
561,4426,116,1,2026-06-26,2026-07-01,Hypertension
562,2967,198,1,2025-08-10,2025-11-30,Fracture
563,4430,14,4,2025-01-02,2025-11-30,Fracture
564,4101,110,1,2024-11-20,2024-12-03,Stroke
565,2296,19,6,2025-10-25,2026-04-24,Stroke
566,2618,12,8,2024-08-09,2025-10-06,Diabetes
567,4513,186,7,2025-04-15,2026-02-28,Cancer
568,561,211,3,2025-04-16,2026-07-06,Hypertension
569,1798,135,20,2026-05-29,2026-08-05,Hypertension
570,1855,208,7,2024-10-16,2026-07-17,Asthma
571,540,195,15,2026-03-11,2026-07-21,Covid
572,4168,132,18,2026-02-15,2026-06-04,Stroke
573,48,244,8,2025-10-06,2026-04-20,Cancer
574,4644,56,9,2024-10-24,2024-11-03,Stroke
575,1359,74,1,2024-08-25,2025-08-13,Cancer
576,1768,111,4,2025-11-13,2025-12-26,Hypertension
577,1282,29,8,2024-09-02,2026-01-17,Pneumonia
578,1114,76,9,2025-09-29,2026-03-08,Pneumonia
579,2218,129,2,2026-07-13,2026-07-29,Diabetes
580,3279,194,17,2024-08-19,2026-02-11,Covid
581,3378,181,5,2025-10-23,2026-07-12,Covid
582,4793,183,2,2026-02-09,2026-02-10,Asthma
583,2631,49,9,2026-02-24,2026-03-16,Diabetes
584,251,212,11,2024-10-03,2026-05-13,Cancer
585,3350,145,4,2025-03-30,2026-05-06,Migraine
586,1611,59,13,2026-05-18,2026-08-14,Covid
587,4504,88,18,2026-04-25,2026-05-10,Hypertension
588,2643,152,17,2025-10-04,2026-03-08,Diabetes
589,2581,167,7,2024-11-30,2026-03-23,Asthma
590,615,87,9,2025-05-09,2025-07-13,Asthma
591,1339,240,1,2025-05-21,2026-08-12,Kidney Stones
592,4802,26,10,2024-12-23,2025-08-30,Diabetes
593,4735,207,12,2025-05-15,2025-10-10,Diabetes
594,1053,29,9,2024-09-16,2026-08-08,Hypertension
595,4262,88,19,2024-12-28,2026-06-10,Covid
596,2472,147,8,2026-07-09,2026-07-09,Asthma
597,3009,146,14,2025-03-01,2026-03-15,Covid
598,4168,19,4,2024-09-03,2026-05-19,Diabetes
599,2263,48,14,2025-04-22,2026-02-20,Stroke
600,1198,204,3,2026-02-12,2026-06-11,Cancer
601,2537,30,8,2026-01-03,2026-07-01,Asthma
602,2899,114,3,2025-12-10,2026-02-01,Covid
603,4180,106,19,2024-09-22,2025-09-22,Pneumonia
604,1610,114,6,2026-04-09,2026-07-01,Hypertension
605,3430,206,20,2026-02-08,2026-08-11,Cancer
606,1392,52,14,2026-05-19,2026-07-21,Fracture
607,2414,66,13,2025-01-18,2025-07-19,Hypertension
608,286,181,11,2025-03-14,2026-01-19,Pneumonia
609,4933,14,20,2024-08-08,2024-12-06,Diabetes
610,3866,77,16,2026-02-11,2026-04-16,Covid
611,316,158,20,2025-08-09,2025-10-06,Kidney Stones
612,706,229,14,2026-01-14,2026-05-05,Stroke
613,2829,85,4,2026-05-06,2026-07-08,Covid
614,4334,122,8,2025-10-16,2026-03-21,Fracture
615,2721,31,13,2025-08-27,2025-12-13,Fracture
616,314,45,11,2026-04-25,2026-07-02,Hypertension
617,4224,156,16,2026-01-25,2026-05-23,Asthma
618,2251,245,11,2026-01-12,2026-01-20,Fracture
619,3407,176,16,2025-09-13,2026-01-15,Pneumonia
620,4933,17,6,2024-08-07,2025-02-23,Covid
621,2714,105,13,2024-09-16,2026-05-05,Covid
622,2630,4,14,2025-02-16,2025-03-03,Cancer
623,2595,193,14,2025-05-14,2026-05-16,Asthma
624,3357,117,20,2025-11-18,2026-03-09,Asthma
625,4367,218,17,2026-06-16,2026-06-30,Asthma
626,1639,112,11,2026-05-19,2026-05-20,Migraine
627,2992,43,19,2024-08-30,2025-08-21,Fracture
628,4491,201,17,2025-03-11,2026-06-06,Migraine
629,1300,110,1,2025-10-31,2026-06-07,Covid
630,3360,38,14,2025-08-02,2026-02-11,Stroke
631,2449,145,17,2025-12-24,2026-02-04,Covid
632,4402,160,15,2025-09-26,2026-08-09,Cancer
633,1506,63,20,2024-08-27,2026-06-03,Hypertension
634,2211,69,9,2025-06-03,2026-06-04,Hypertension
635,2464,178,10,2025-05-01,2025-07-21,Pneumonia
636,4899,200,7,2026-03-29,2026-05-13,Stroke
637,3115,171,17,2026-06-23,2026-07-10,Stroke
638,2734,233,14,2024-11-08,2025-07-14,Stroke
639,1930,17,9,2026-01-10,2026-02-19,Stroke
640,2564,69,4,2024-11-23,2026-04-22,Stroke
641,3187,173,1,2024-09-28,2026-01-17,Cancer
642,1128,148,5,2025-04-20,2026-05-02,Cancer
643,755,27,5,2024-09-04,2025-06-11,Hypertension
644,2379,164,13,2025-06-17,2026-04-08,Diabetes
645,415,154,2,2025-07-08,2026-06-08,Stroke
646,3594,208,4,2026-06-04,2026-07-18,Covid
647,80,164,3,2024-08-10,2026-01-21,Diabetes
648,1041,34,13,2024-12-10,2025-04-21,Diabetes
649,3036,109,11,2024-10-08,2025-12-24,Fracture
650,4449,80,9,2025-04-04,2026-08-08,Kidney Stones
651,1476,50,19,2025-02-08,2026-04-17,Migraine
652,597,124,11,2025-03-20,2025-08-02,Hypertension
653,516,19,15,2025-05-08,2025-09-16,Asthma
654,4930,204,5,2025-10-22,2026-06-08,Fracture
655,691,81,10,2024-09-28,2025-11-12,Stroke
656,1658,5,16,2026-07-15,2026-08-04,Stroke
657,486,245,7,2025-09-09,2025-12-06,Fracture
658,4397,144,16,2024-10-26,2026-08-13,Covid
659,1101,142,1,2025-05-19,2025-06-25,Stroke
660,3578,189,10,2026-01-07,2026-06-08,Covid
661,321,71,13,2026-06-19,2026-06-23,Pneumonia
662,3407,1,4,2024-10-14,2026-05-02,Stroke
663,2928,103,8,2025-07-06,2026-05-14,Kidney Stones
664,1739,51,15,2025-12-27,2026-03-15,Fracture
665,1706,219,17,2026-04-25,2026-07-28,Cancer
666,2627,23,12,2024-12-03,2025-04-15,Covid
667,3216,17,19,2025-10-21,2025-11-29,Hypertension
668,3907,79,18,2026-02-01,2026-02-21,Cancer
669,4669,69,12,2026-02-23,2026-04-29,Migraine
670,4023,75,1,2024-08-18,2025-01-02,Covid
671,3445,114,15,2025-04-26,2026-01-25,Asthma
672,1102,225,3,2025-05-17,2026-06-06,Asthma
673,2177,11,11,2025-03-09,2025-04-03,Hypertension
674,3763,190,6,2026-06-20,2026-07-01,Migraine
675,4942,169,17,2024-10-05,2025-09-13,Diabetes
676,2552,69,17,2026-05-04,2026-06-13,Stroke
677,1385,164,4,2026-03-10,2026-07-15,Migraine
678,1180,182,10,2025-01-11,2025-02-15,Pneumonia
679,4674,13,3,2026-02-12,2026-03-04,Stroke
680,2413,53,9,2026-07-24,2026-08-16,Kidney Stones
681,1208,213,4,2026-07-21,2026-07-24,Migraine
682,1000,134,8,2024-09-11,2025-03-24,Fracture
683,1267,63,17,2025-09-28,2026-02-19,Diabetes
684,610,194,13,2025-09-02,2026-02-17,Covid
685,2740,27,19,2026-04-29,2026-05-12,Diabetes
686,4264,38,5,2025-02-07,2025-12-07,Hypertension
687,2807,5,6,2025-05-19,2025-08-25,Covid
688,4616,110,11,2025-04-13,2026-06-02,Asthma
689,1540,189,3,2024-08-18,2025-07-09,Kidney Stones
690,2187,34,20,2025-12-31,2026-01-26,Stroke
691,4644,249,6,2025-10-22,2026-02-26,Kidney Stones
692,4239,223,19,2026-07-23,2026-08-05,Pneumonia
693,2743,64,9,2025-03-14,2026-06-24,Pneumonia
694,1664,162,7,2025-04-20,2025-09-10,Hypertension
695,3018,39,16,2025-02-14,2025-08-29,Kidney Stones
696,3823,123,6,2025-09-20,2026-04-25,Stroke
697,3349,108,5,2025-03-02,2025-07-14,Covid
698,4257,68,8,2024-10-03,2026-03-21,Hypertension
699,4989,169,18,2026-01-29,2026-02-08,Covid
700,3191,88,15,2024-10-29,2026-01-03,Cancer
701,3903,207,18,2024-10-29,2026-08-06,Fracture
702,2991,22,5,2025-05-19,2025-08-12,Hypertension
703,709,111,17,2025-04-26,2026-07-10,Diabetes
704,4828,107,5,2025-01-05,2025-04-24,Fracture
705,4123,155,3,2025-01-01,2025-10-07,Stroke
706,3342,247,1,2025-12-27,2026-01-11,Hypertension
707,3663,52,18,2026-04-09,2026-05-29,Hypertension
708,4049,171,3,2024-09-11,2026-01-24,Pneumonia
709,4933,7,4,2026-06-23,2026-06-25,Diabetes
710,401,121,2,2026-05-11,2026-06-08,Stroke
711,182,126,7,2024-11-25,2025-06-05,Cancer
712,2822,217,4,2026-01-13,2026-04-22,Asthma
713,3811,121,2,2025-07-26,2025-12-03,Kidney Stones
714,3744,198,16,2026-03-30,2026-06-23,Covid
715,2222,227,19,2025-08-27,2026-04-08,Fracture
716,1809,39,13,2024-09-05,2025-06-10,Pneumonia
717,2200,23,14,2025-07-20,2026-06-27,Hypertension
718,3136,97,17,2025-07-19,2026-04-16,Asthma
719,2345,169,12,2025-09-27,2025-12-16,Kidney Stones
720,4677,206,16,2025-01-25,2025-12-05,Migraine
721,1413,74,8,2026-02-23,2026-05-02,Migraine
722,4892,159,20,2025-08-07,2025-08-08,Cancer
723,3027,196,12,2026-08-02,2026-08-09,Pneumonia
724,2593,206,4,2025-11-17,2025-12-22,Covid
725,772,222,7,2024-10-20,2025-01-13,Stroke
726,2172,195,8,2025-10-30,2025-11-18,Pneumonia
727,514,74,13,2025-10-19,2026-06-29,Fracture
728,4913,93,2,2026-06-28,2026-07-08,Kidney Stones
729,1064,79,14,2026-03-20,2026-04-01,Stroke
730,1047,35,13,2025-09-01,2026-05-20,Kidney Stones
731,4283,18,13,2025-02-17,2025-06-13,Pneumonia
732,4360,58,19,2026-03-14,2026-07-25,Fracture
733,2313,126,12,2025-10-09,2026-02-08,Migraine
734,3614,144,10,2025-04-18,2026-06-11,Stroke
735,2870,20,13,2025-04-25,2025-10-23,Migraine
736,1772,161,12,2025-08-12,2026-05-05,Stroke
737,264,11,2,2024-11-29,2025-06-02,Hypertension
738,1382,26,18,2025-05-05,2025-05-10,Pneumonia
739,4399,207,2,2025-01-09,2025-03-30,Migraine
740,3041,234,11,2025-05-19,2026-04-23,Kidney Stones
741,2142,30,2,2025-07-17,2025-12-18,Hypertension
742,1723,45,8,2026-03-16,2026-03-22,Cancer
743,3823,89,14,2025-08-15,2025-10-28,Covid
744,1259,202,15,2025-09-09,2026-01-14,Asthma
745,3123,191,3,2024-09-20,2025-02-11,Pneumonia
746,2634,39,8,2024-10-12,2026-07-25,Pneumonia
747,957,108,3,2024-09-09,2025-07-12,Pneumonia
748,2713,22,10,2025-03-21,2026-08-07,Cancer
749,4700,74,9,2026-06-12,2026-07-14,Cancer
750,898,60,6,2026-03-19,2026-06-08,Migraine
751,2256,9,14,2026-03-04,2026-04-22,Stroke
752,399,236,10,2025-06-24,2026-01-19,Cancer
753,1266,28,8,2025-12-23,2026-05-04,Fracture
754,1846,201,16,2024-08-21,2026-02-06,Covid
755,2120,136,6,2024-09-28,2025-02-07,Migraine
756,4419,43,10,2025-09-13,2025-11-26,Stroke
757,423,66,10,2025-02-06,2025-06-17,Fracture
758,1620,134,18,2025-04-19,2025-11-02,Hypertension
759,4865,71,3,2025-07-18,2025-10-07,Diabetes
760,507,219,8,2025-12-22,2026-01-04,Covid
761,3777,148,4,2026-05-20,2026-07-02,Diabetes
762,2983,74,13,2024-09-12,2026-06-17,Migraine
763,1283,186,7,2025-11-29,2026-08-15,Kidney Stones
764,1961,194,19,2024-09-30,2025-11-22,Hypertension
765,2528,7,17,2025-01-29,2026-04-11,Cancer
766,1519,140,2,2025-12-11,2026-02-14,Migraine
767,27,235,4,2024-12-19,2025-10-03,Pneumonia
768,2365,136,1,2025-03-24,2025-04-16,Fracture
769,126,11,1,2025-11-20,2026-07-07,Covid
770,3717,250,16,2026-05-07,2026-05-24,Covid
771,3167,133,1,2025-06-03,2026-06-26,Fracture
772,4780,16,10,2026-07-17,2026-08-09,Fracture
773,1156,244,16,2025-04-17,2025-12-19,Cancer
774,2182,187,6,2025-07-27,2026-02-28,Stroke
775,2915,153,13,2025-05-11,2025-12-13,Hypertension
776,3247,217,6,2025-09-05,2026-04-25,Cancer
777,1917,44,7,2025-03-14,2026-04-05,Diabetes
778,2019,118,5,2024-10-16,2026-07-28,Fracture
779,681,39,1,2026-06-28,2026-06-30,Diabetes
780,4804,177,20,2025-06-27,2025-08-06,Asthma
781,2548,137,6,2026-01-23,2026-05-16,Fracture
782,725,71,14,2024-11-01,2025-10-10,Migraine
783,432,235,20,2026-04-05,2026-05-31,Pneumonia
784,2365,229,20,2025-01-04,2026-06-26,Cancer
785,1770,115,2,2024-12-21,2026-03-16,Pneumonia
786,4407,114,12,2024-11-17,2026-06-30,Migraine
787,2347,234,13,2025-08-11,2026-06-26,Stroke
788,1759,156,9,2026-06-08,2026-06-13,Covid
789,3599,76,7,2025-10-18,2026-06-11,Covid
790,4409,17,10,2025-06-12,2026-07-05,Diabetes
791,1701,141,20,2024-08-21,2025-05-05,Pneumonia
792,4017,84,16,2026-06-12,2026-07-16,Cancer
793,282,152,15,2025-02-19,2025-03-05,Kidney Stones
794,3671,98,9,2025-07-18,2026-05-20,Pneumonia
795,3586,145,5,2025-08-02,2026-07-10,Asthma
796,2506,38,18,2025-12-20,2026-08-01,Kidney Stones
797,496,108,11,2025-03-04,2025-12-30,Migraine
798,4268,209,4,2025-12-02,2026-06-09,Migraine
799,4910,45,10,2025-08-22,2025-10-04,Fracture
800,1324,217,20,2024-09-29,2025-03-21,Diabetes
801,805,246,6,2026-03-13,2026-07-04,Stroke
802,890,207,17,2025-12-14,2026-05-18,Diabetes
803,2454,250,14,2025-07-26,2025-09-25,Cancer
804,12,90,17,2026-05-17,2026-06-03,Diabetes
805,2103,136,1,2025-08-23,2026-02-16,Pneumonia
806,97,144,18,2025-02-24,2026-05-12,Hypertension
807,3550,238,17,2026-04-23,2026-06-08,Kidney Stones
808,574,59,9,2024-12-06,2025-09-09,Covid
809,1849,83,4,2025-12-25,2026-05-30,Migraine
810,3401,77,17,2025-01-23,2026-03-22,Fracture
811,3458,78,20,2025-06-09,2026-03-07,Pneumonia
812,1229,69,2,2025-02-16,2026-01-29,Stroke
813,520,133,16,2025-11-11,2026-04-24,Stroke
814,4422,210,11,2024-08-28,2024-10-31,Hypertension
815,1635,150,6,2026-05-28,2026-06-19,Migraine
816,4077,92,19,2026-07-29,2026-08-05,Diabetes
817,1574,181,11,2026-05-16,2026-05-31,Asthma
818,3501,166,1,2025-10-30,2026-04-13,Cancer
819,849,23,7,2026-03-31,2026-07-01,Fracture
820,582,19,14,2026-05-08,2026-07-20,Stroke
821,4006,49,9,2026-05-13,2026-06-29,Asthma
822,1954,55,7,2025-11-10,2026-08-06,Fracture
823,3005,168,17,2024-09-27,2025-05-14,Pneumonia
824,3224,127,1,2025-03-05,2025-06-30,Stroke
825,4751,180,7,2024-09-12,2025-08-29,Migraine
826,1893,157,16,2024-11-06,2025-01-01,Migraine
827,2484,103,16,2026-02-02,2026-08-02,Fracture
828,4015,137,10,2024-09-29,2026-07-21,Diabetes
829,2465,44,10,2024-10-31,2026-06-15,Stroke
830,1015,209,19,2025-09-20,2026-01-23,Cancer
831,692,187,18,2026-05-12,2026-05-25,Diabetes
832,2636,216,18,2024-12-06,2026-08-15,Asthma
833,4459,96,1,2026-01-19,2026-02-20,Hypertension
834,1418,102,20,2026-04-21,2026-08-06,Asthma
835,2338,192,9,2026-04-13,2026-05-09,Fracture
836,3353,97,5,2026-03-12,2026-03-27,Migraine
837,2089,202,16,2025-03-23,2025-08-11,Migraine
838,3105,235,16,2025-04-04,2026-01-06,Stroke
839,2565,237,12,2025-03-27,2025-03-28,Migraine
840,765,161,3,2025-12-03,2026-04-27,Asthma
841,1888,173,20,2025-05-02,2026-04-13,Hypertension
842,3486,147,5,2025-07-28,2025-09-08,Fracture
843,4533,103,4,2026-05-13,2026-07-19,Pneumonia
844,3947,31,12,2024-10-05,2026-04-25,Migraine
845,2208,3,3,2025-11-05,2025-12-22,Hypertension
846,1978,120,11,2025-05-08,2025-12-21,Migraine
847,3830,197,9,2025-10-15,2025-11-22,Hypertension
848,855,27,4,2026-04-15,2026-05-22,Pneumonia
849,1306,168,7,2025-07-24,2026-02-07,Cancer
850,1097,10,18,2024-10-16,2025-04-05,Cancer
851,2227,81,11,2025-10-31,2026-07-09,Kidney Stones
852,3900,43,10,2025-12-18,2026-02-16,Pneumonia
853,4667,129,9,2025-04-25,2026-01-15,Migraine
854,1467,30,11,2025-02-01,2026-01-17,Hypertension
855,1229,240,2,2025-06-21,2025-12-16,Covid
856,1359,33,14,2025-09-14,2025-11-03,Kidney Stones
857,2502,166,17,2026-06-20,2026-08-13,Covid
858,440,23,14,2025-04-08,2025-08-21,Hypertension
859,4659,170,14,2024-10-31,2026-06-18,Diabetes
860,1221,94,8,2024-08-11,2025-08-28,Pneumonia
861,3231,113,14,2025-03-29,2025-05-10,Asthma
862,3556,66,3,2025-02-24,2026-05-11,Asthma
863,4287,206,9,2025-08-13,2026-04-08,Stroke
864,466,92,12,2026-04-17,2026-04-26,Diabetes
865,4597,175,11,2025-10-04,2025-11-03,Covid
866,4603,123,20,2025-12-26,2026-06-23,Migraine
867,4951,113,9,2024-11-16,2026-05-10,Asthma
868,1682,37,10,2024-10-05,2025-01-15,Cancer
869,1758,82,13,2026-03-24,2026-08-13,Asthma
870,1059,151,6,2025-03-28,2026-07-14,Migraine
871,3722,81,13,2026-07-27,2026-08-04,Pneumonia
872,3324,73,14,2025-04-03,2025-07-25,Diabetes
873,4779,220,3,2024-08-29,2025-07-24,Covid
874,571,88,5,2025-12-30,2026-07-26,Diabetes
875,2309,134,8,2025-05-14,2025-10-24,Kidney Stones
876,2091,31,4,2026-02-03,2026-05-04,Cancer
877,1461,56,9,2025-04-21,2025-12-27,Hypertension
878,284,119,15,2025-05-26,2026-03-25,Cancer
879,598,69,14,2026-07-08,2026-07-17,Kidney Stones
880,2331,218,9,2025-02-01,2026-06-06,Diabetes
881,3199,216,13,2024-11-28,2026-08-12,Migraine
882,3655,45,13,2026-05-08,2026-06-10,Hypertension
883,3457,104,18,2025-03-13,2025-04-14,Pneumonia
884,2881,86,4,2024-08-24,2026-03-02,Stroke
885,3325,73,11,2026-06-24,2026-06-25,Cancer
886,2013,74,19,2025-07-06,2025-11-14,Diabetes
887,2434,199,11,2025-11-13,2026-03-27,Cancer
888,3416,150,17,2026-06-25,2026-08-14,Diabetes
889,4792,179,10,2024-11-15,2026-08-08,Hypertension
890,1407,26,5,2025-04-13,2025-11-14,Asthma
891,1090,159,8,2025-06-17,2025-11-18,Kidney Stones
892,2548,157,14,2026-05-14,2026-08-10,Pneumonia
893,3950,214,7,2026-02-17,2026-04-27,Stroke
894,4278,29,9,2026-07-12,2026-08-09,Fracture
895,1804,16,6,2025-12-14,2026-08-06,Asthma
896,3455,151,7,2025-01-02,2026-04-12,Kidney Stones
897,650,191,18,2024-11-23,2025-06-26,Covid
898,206,93,11,2025-05-07,2026-05-07,Hypertension
899,2359,235,8,2024-12-19,2025-04-28,Fracture
900,802,7,3,2025-01-11,2025-10-08,Migraine
901,1874,49,20,2026-05-27,2026-08-16,Covid
902,2465,199,2,2026-06-08,2026-08-10,Diabetes
903,1824,87,19,2024-12-08,2026-02-11,Kidney Stones
904,581,6,2,2025-12-05,2026-05-18,Diabetes
905,2593,170,11,2024-09-08,2026-07-31,Cancer
906,1899,240,11,2025-01-15,2026-01-13,Fracture
907,719,200,8,2025-02-23,2026-08-02,Fracture
908,1924,119,2,2024-10-06,2024-11-03,Hypertension
909,4750,174,3,2025-01-17,2025-07-04,Kidney Stones
910,229,200,8,2025-11-09,2026-04-13,Migraine
911,4191,177,12,2024-10-31,2025-03-06,Stroke
912,905,233,10,2025-07-20,2025-08-03,Kidney Stones
913,1215,18,16,2025-11-02,2026-05-15,Pneumonia
914,3383,172,2,2025-08-16,2025-09-15,Asthma
915,3547,43,20,2026-05-22,2026-05-31,Covid
916,4601,71,13,2025-07-19,2026-06-25,Fracture
917,234,51,3,2025-12-22,2026-05-04,Migraine
918,2120,28,3,2025-11-29,2026-04-17,Asthma
919,284,10,16,2026-03-09,2026-05-20,Fracture
920,4317,222,20,2025-01-13,2025-06-04,Covid
921,842,99,2,2026-04-15,2026-07-23,Diabetes
922,898,201,19,2024-10-24,2025-11-26,Diabetes
923,1780,34,17,2024-12-06,2025-07-16,Diabetes
924,3180,18,17,2024-11-01,2025-05-14,Fracture
925,2454,236,18,2025-05-13,2025-06-06,Asthma
926,1328,155,3,2026-07-05,2026-07-05,Covid
927,4463,27,9,2024-09-16,2026-08-08,Stroke
928,4686,68,3,2026-06-10,2026-07-09,Pneumonia
929,3084,195,20,2025-08-07,2026-02-22,Pneumonia
930,3724,54,3,2026-04-02,2026-07-13,Kidney Stones
931,1370,116,8,2025-03-24,2025-07-02,Migraine
932,1131,204,17,2025-04-05,2025-11-09,Pneumonia
933,1282,31,1,2026-05-04,2026-06-17,Fracture
934,2378,242,10,2025-10-16,2026-01-12,Cancer
935,4104,15,2,2025-05-28,2025-06-23,Asthma
936,611,78,12,2026-02-10,2026-06-21,Stroke
937,3521,249,12,2024-08-17,2026-04-09,Hypertension
938,966,11,1,2026-01-20,2026-08-12,Pneumonia
939,1962,52,1,2025-01-25,2026-01-09,Asthma
940,2424,177,9,2024-09-21,2025-04-02,Covid
941,2734,81,12,2024-11-24,2026-01-10,Migraine
942,1061,25,19,2024-12-27,2025-02-15,Hypertension
943,4508,22,8,2025-09-24,2026-04-30,Migraine
944,4161,67,3,2024-11-01,2025-08-07,Kidney Stones
945,2399,198,16,2025-09-24,2026-07-14,Fracture
946,2822,210,19,2025-11-10,2026-05-02,Kidney Stones
947,57,232,9,2026-07-16,2026-08-09,Cancer
948,2964,29,9,2025-06-13,2026-02-16,Diabetes
949,3327,136,9,2026-03-27,2026-08-04,Asthma
950,435,212,7,2025-03-09,2026-03-01,Asthma
951,1574,71,17,2025-05-10,2026-01-31,Kidney Stones
952,1554,228,17,2025-04-15,2025-10-16,Pneumonia
953,2671,140,3,2025-05-31,2026-02-04,Stroke
954,2934,14,3,2024-11-14,2025-02-09,Pneumonia
955,2534,248,8,2024-09-18,2024-12-25,Covid
956,4154,245,17,2025-03-26,2025-11-07,Kidney Stones
957,3699,137,12,2025-01-22,2026-06-01,Diabetes
958,4540,73,20,2026-02-04,2026-04-13,Kidney Stones
959,4751,211,5,2026-05-15,2026-07-01,Cancer
960,1236,99,6,2025-06-26,2026-04-16,Migraine
961,4682,109,13,2025-09-05,2026-05-25,Cancer
962,587,218,3,2024-11-21,2024-12-01,Covid
963,2130,125,4,2025-08-04,2026-01-03,Migraine
964,1835,89,3,2024-10-27,2026-03-10,Hypertension
965,2705,69,13,2026-07-23,2026-08-02,Covid
966,1104,81,19,2025-06-11,2026-05-03,Asthma
967,1348,82,8,2024-08-26,2026-07-22,Covid
968,3563,242,5,2024-11-27,2025-12-19,Stroke
969,2749,146,8,2025-10-01,2026-01-02,Diabetes
970,1171,202,15,2025-04-27,2025-05-13,Cancer
971,4533,196,1,2026-03-04,2026-03-31,Migraine
972,2186,242,4,2026-06-13,2026-08-02,Diabetes
973,706,136,15,2025-05-10,2026-05-17,Cancer
974,522,196,18,2025-07-06,2025-09-04,Diabetes
975,1690,210,15,2025-12-05,2026-04-22,Migraine
976,762,190,20,2026-06-16,2026-08-04,Asthma
977,1404,147,17,2025-02-02,2025-09-08,Cancer
978,4196,55,11,2026-05-04,2026-07-18,Diabetes
979,1709,6,18,2026-07-04,2026-08-03,Cancer
980,496,215,9,2026-05-29,2026-08-01,Migraine
981,3656,213,19,2024-09-15,2025-04-24,Covid
982,426,234,6,2026-06-24,2026-07-13,Migraine
983,556,241,16,2024-12-16,2026-01-18,Migraine
984,4034,235,15,2024-10-02,2024-10-04,Pneumonia
985,3193,17,18,2026-06-23,2026-07-15,Asthma
986,4795,244,1,2026-05-14,2026-07-11,Hypertension
987,3133,45,15,2025-04-06,2026-06-19,Hypertension
988,474,132,10,2025-11-03,2026-04-13,Cancer
989,4861,128,4,2025-11-17,2026-07-30,Covid
990,550,11,17,2024-10-15,2025-11-29,Migraine
991,2515,195,11,2024-08-29,2024-12-09,Cancer
992,246,47,17,2025-04-30,2026-06-18,Asthma
993,1918,208,11,2025-07-20,2026-01-08,Fracture
994,4413,100,5,2025-08-19,2026-01-07,Pneumonia
995,3447,25,9,2024-12-22,2025-02-14,Covid
996,1012,158,1,2024-10-19,2026-08-08,Diabetes
997,3507,105,1,2025-10-20,2026-06-21,Cancer
998,885,122,6,2026-05-06,2026-05-30,Migraine
999,2159,191,5,2025-01-29,2025-12-15,Covid
1000,2601,171,8,2026-03-15,2026-06-04,Asthma
1001,2097,220,17,2024-08-08,2025-08-19,Asthma
1002,3094,68,14,2025-08-23,2026-07-20,Hypertension
1003,1931,78,14,2026-01-02,2026-01-08,Pneumonia
1004,131,63,4,2025-05-12,2025-11-10,Fracture
1005,301,27,7,2026-01-16,2026-04-11,Hypertension
1006,994,105,2,2024-11-02,2026-04-04,Pneumonia
1007,717,173,10,2025-01-22,2026-02-10,Kidney Stones
1008,3257,191,5,2026-05-05,2026-05-27,Pneumonia
1009,2418,175,9,2025-02-21,2026-04-24,Asthma
1010,1130,96,8,2026-05-27,2026-07-04,Diabetes
1011,1338,195,14,2024-08-06,2024-10-30,Covid
1012,4778,195,13,2024-12-26,2025-10-15,Fracture
1013,3466,191,1,2026-05-19,2026-05-22,Migraine
1014,297,61,8,2025-03-23,2025-06-27,Diabetes
1015,3301,188,2,2024-08-31,2025-10-09,Kidney Stones
1016,1813,188,18,2025-09-04,2025-11-18,Stroke
1017,17,73,18,2024-09-06,2026-01-11,Kidney Stones
1018,1264,242,16,2026-04-08,2026-07-06,Fracture
1019,733,223,3,2026-02-07,2026-04-26,Asthma
1020,4552,187,1,2025-04-02,2025-09-02,Asthma
1021,4626,176,15,2026-05-06,2026-07-29,Covid
1022,142,17,1,2026-03-13,2026-05-13,Fracture
1023,701,224,13,2025-06-28,2026-04-29,Pneumonia
1024,3822,144,20,2026-06-15,2026-08-03,Diabetes
1025,4228,163,18,2025-08-14,2025-09-08,Cancer
1026,1263,225,1,2025-06-07,2025-11-20,Diabetes
1027,1774,176,2,2024-12-12,2026-04-28,Asthma
1028,1923,146,13,2026-05-21,2026-07-07,Diabetes
1029,4311,142,14,2026-02-24,2026-05-30,Kidney Stones
1030,1313,44,15,2024-09-14,2025-09-03,Pneumonia
1031,2291,145,11,2026-05-14,2026-07-10,Migraine
1032,1455,166,11,2026-05-08,2026-07-12,Pneumonia
1033,4207,249,6,2025-10-26,2026-06-22,Covid
1034,2666,119,19,2025-09-04,2025-11-17,Covid
1035,2203,97,19,2025-01-29,2025-02-23,Stroke
1036,4173,51,11,2025-04-12,2026-01-05,Pneumonia
1037,4010,232,9,2025-02-11,2025-06-03,Cancer
1038,3503,179,2,2025-05-27,2025-07-03,Cancer
1039,4299,143,4,2025-01-28,2025-10-08,Hypertension
1040,1783,11,8,2025-06-30,2025-10-27,Asthma
1041,3231,17,8,2025-08-13,2026-05-17,Diabetes
1042,3694,235,5,2024-09-02,2024-09-25,Fracture
1043,2725,17,2,2025-07-21,2026-07-31,Asthma
1044,2888,69,17,2024-11-11,2025-08-02,Diabetes
1045,1884,219,3,2025-04-11,2025-11-28,Cancer
1046,342,156,13,2025-09-19,2025-09-19,Hypertension
1047,796,246,10,2025-02-19,2025-09-24,Kidney Stones
1048,1765,213,5,2025-02-25,2026-05-04,Fracture
1049,3656,91,19,2026-06-27,2026-07-13,Cancer
1050,227,31,9,2025-05-10,2025-10-11,Kidney Stones
1051,2826,176,18,2025-06-06,2025-10-18,Stroke
1052,1867,31,19,2026-05-16,2026-06-07,Diabetes
1053,3270,93,14,2026-06-17,2026-07-03,Asthma
1054,3704,98,18,2025-05-17,2025-05-19,Stroke
1055,1715,7,4,2025-10-08,2026-08-04,Hypertension
1056,567,52,1,2025-04-01,2025-06-10,Asthma
1057,2205,184,12,2025-01-12,2025-10-10,Stroke
1058,3168,217,5,2026-02-06,2026-05-21,Cancer
1059,1850,174,2,2026-04-20,2026-05-20,Pneumonia
1060,4810,52,2,2025-05-07,2025-07-12,Cancer
1061,2210,94,17,2024-10-23,2025-01-27,Cancer
1062,3467,73,8,2025-10-09,2025-12-25,Kidney Stones
1063,4740,1,1,2025-05-05,2026-03-14,Fracture
1064,2251,161,6,2025-03-18,2025-05-25,Covid
1065,2373,196,9,2026-01-24,2026-08-02,Stroke
1066,981,66,10,2025-10-08,2026-03-09,Fracture
1067,4155,136,5,2026-01-22,2026-06-19,Hypertension
1068,4429,79,10,2025-09-27,2026-04-05,Cancer
1069,1286,153,19,2025-08-15,2026-06-18,Stroke
1070,1120,100,2,2026-07-04,2026-07-24,Asthma
1071,1216,246,5,2026-01-16,2026-06-21,Pneumonia
1072,2666,208,5,2026-05-17,2026-06-13,Pneumonia
1073,2785,139,1,2024-10-31,2025-06-25,Kidney Stones
1074,3342,211,13,2024-09-27,2025-10-15,Pneumonia
1075,1479,16,17,2025-05-31,2026-03-31,Asthma
1076,1725,145,12,2025-07-21,2026-02-25,Stroke
1077,890,67,14,2026-03-08,2026-04-20,Covid
1078,2279,21,14,2026-05-04,2026-06-12,Stroke
1079,886,203,15,2025-08-01,2025-10-18,Cancer
1080,1219,116,1,2026-06-22,2026-06-26,Cancer
1081,4741,78,13,2024-09-09,2026-06-15,Cancer
1082,1076,184,9,2025-02-24,2025-09-23,Pneumonia
1083,2011,12,7,2026-06-17,2026-08-12,Fracture
1084,3585,222,8,2024-08-12,2025-05-10,Hypertension
1085,4566,28,14,2025-04-07,2025-06-05,Cancer
1086,1902,40,4,2026-07-22,2026-08-11,Pneumonia
1087,2177,239,10,2025-11-19,2026-04-25,Fracture
1088,925,20,16,2026-01-30,2026-02-28,Diabetes
1089,480,82,14,2026-06-18,2026-07-28,Migraine
1090,4991,126,8,2026-05-30,2026-07-10,Migraine
1091,3341,62,11,2026-07-03,2026-07-13,Cancer
1092,2710,53,12,2024-08-17,2025-07-10,Asthma
1093,463,77,8,2025-08-07,2025-11-22,Covid
1094,1832,194,1,2024-10-03,2026-03-25,Asthma
1095,1789,92,16,2025-02-05,2025-09-10,Stroke
1096,1005,1,6,2025-05-12,2026-05-17,Stroke
1097,1581,33,4,2026-07-20,2026-08-10,Diabetes
1098,3596,201,10,2025-11-20,2026-06-06,Stroke
1099,124,95,11,2025-07-24,2026-01-07,Asthma
1100,470,230,20,2024-09-25,2024-11-23,Hypertension
1101,4453,79,11,2026-05-31,2026-08-13,Migraine
1102,1672,104,5,2024-11-23,2025-02-28,Kidney Stones
1103,2828,222,20,2024-11-08,2026-01-07,Asthma
1104,3721,79,10,2026-01-13,2026-01-29,Diabetes
1105,2252,205,3,2024-10-09,2026-08-04,Stroke
1106,2916,170,10,2025-05-31,2026-08-16,Hypertension
1107,3477,65,15,2026-02-13,2026-06-10,Hypertension
1108,1081,94,11,2025-04-09,2026-08-14,Covid
1109,3721,157,1,2025-05-15,2025-11-09,Stroke
1110,3702,19,13,2026-06-17,2026-07-24,Covid
1111,4176,138,12,2025-07-09,2026-04-08,Kidney Stones
1112,1420,147,9,2025-11-06,2026-04-18,Kidney Stones
1113,4920,79,5,2026-02-20,2026-05-18,Stroke
1114,1973,74,12,2026-04-15,2026-07-25,Pneumonia
1115,3548,221,19,2024-10-03,2026-01-28,Pneumonia
1116,18,121,3,2026-02-23,2026-04-19,Diabetes
1117,4645,236,14,2026-01-03,2026-04-03,Kidney Stones
1118,3005,13,18,2025-09-21,2026-03-06,Diabetes
1119,4891,34,8,2025-01-02,2025-05-19,Covid
1120,3357,143,2,2025-01-16,2026-03-14,Migraine
1121,163,108,9,2024-10-12,2026-05-13,Cancer
1122,111,247,2,2025-01-03,2026-01-27,Stroke
1123,2626,9,14,2026-06-26,2026-08-01,Diabetes
1124,1550,230,19,2025-01-03,2025-07-23,Stroke
1125,4977,219,7,2025-10-28,2026-04-08,Fracture
1126,263,38,1,2025-12-12,2026-02-11,Pneumonia
1127,4363,183,9,2026-04-21,2026-08-13,Covid
1128,762,216,3,2025-06-17,2026-07-30,Kidney Stones
1129,4035,27,10,2025-10-21,2026-02-23,Pneumonia
1130,1119,100,12,2025-07-01,2025-07-30,Cancer
1131,2750,129,6,2026-06-26,2026-07-01,Cancer
1132,3428,117,20,2024-10-09,2024-11-25,Hypertension
1133,4849,168,13,2025-11-10,2026-04-13,Stroke
1134,3089,243,14,2024-09-20,2025-01-22,Cancer
1135,3273,83,1,2025-07-24,2026-07-25,Migraine
1136,2376,17,12,2026-03-30,2026-05-27,Diabetes
1137,2002,99,8,2026-07-17,2026-07-31,Fracture
1138,191,189,13,2025-06-15,2026-04-28,Fracture
1139,4401,120,7,2026-04-18,2026-06-07,Kidney Stones
1140,2604,94,12,2025-08-27,2026-04-24,Covid
1141,452,111,2,2025-07-20,2026-04-03,Diabetes
1142,2237,87,10,2026-06-02,2026-08-06,Hypertension
1143,1166,200,16,2026-06-14,2026-06-28,Asthma
1144,4479,50,16,2026-05-03,2026-06-28,Kidney Stones
1145,3415,250,6,2026-01-30,2026-05-29,Pneumonia
1146,4287,67,2,2025-06-28,2025-09-25,Stroke
1147,1719,175,12,2024-11-10,2025-03-02,Diabetes
1148,3884,94,17,2026-05-27,2026-06-19,Stroke
1149,900,50,5,2025-03-13,2025-08-24,Asthma
1150,317,138,6,2024-11-22,2025-07-13,Pneumonia
1151,4271,220,7,2025-12-21,2026-01-07,Stroke
1152,4053,234,17,2026-07-27,2026-08-12,Asthma
1153,3095,175,6,2025-02-11,2025-03-20,Migraine
1154,2497,3,18,2026-05-22,2026-05-23,Hypertension
1155,4322,56,8,2024-10-31,2025-02-19,Covid
1156,2037,63,11,2025-07-26,2026-02-17,Stroke
1157,1456,90,5,2024-10-26,2026-02-27,Stroke
1158,2271,201,19,2025-10-06,2025-11-15,Diabetes
1159,2636,14,10,2025-06-05,2025-06-05,Migraine
1160,3042,107,3,2025-10-13,2026-06-13,Diabetes
1161,4898,215,16,2025-03-07,2025-11-04,Migraine
1162,238,234,11,2024-11-18,2026-06-07,Migraine
1163,2741,147,11,2026-05-22,2026-06-21,Kidney Stones
1164,4635,205,6,2026-02-08,2026-07-11,Fracture
1165,1184,200,5,2025-12-27,2026-06-20,Stroke
1166,1447,63,19,2024-09-06,2025-05-23,Hypertension
1167,1468,120,14,2025-09-06,2025-12-22,Hypertension
1168,577,228,12,2026-06-18,2026-08-03,Asthma
1169,3352,219,10,2026-05-02,2026-07-22,Hypertension
1170,876,8,17,2025-03-15,2025-08-02,Asthma
1171,185,91,2,2026-01-02,2026-01-23,Migraine
1172,3509,233,9,2024-12-16,2024-12-21,Hypertension
1173,3625,41,16,2025-03-02,2025-04-14,Diabetes
1174,573,24,6,2026-05-21,2026-07-10,Stroke
1175,3219,51,11,2024-10-16,2025-07-15,Hypertension
1176,3910,16,11,2026-07-12,2026-08-01,Hypertension
1177,2065,34,13,2026-01-05,2026-01-30,Hypertension
1178,2267,232,11,2025-01-27,2026-02-19,Covid
1179,3567,236,4,2026-01-06,2026-04-22,Kidney Stones
1180,988,17,3,2024-11-07,2025-06-10,Migraine
1181,650,32,7,2025-12-22,2026-05-21,Cancer
1182,2833,46,9,2025-04-13,2025-09-28,Fracture
1183,825,84,14,2025-10-03,2025-12-18,Asthma
1184,2463,69,14,2025-04-18,2026-02-15,Kidney Stones
1185,1018,90,11,2026-07-13,2026-07-14,Asthma
1186,837,20,16,2025-09-22,2026-06-29,Fracture
1187,1165,94,12,2026-08-01,2026-08-11,Kidney Stones
1188,3188,198,17,2026-06-04,2026-07-25,Stroke
1189,1948,92,13,2026-04-18,2026-04-20,Covid
1190,127,54,18,2025-04-13,2025-06-04,Hypertension
1191,3233,11,17,2025-11-02,2026-02-26,Fracture
1192,464,13,16,2024-09-16,2024-11-14,Kidney Stones
1193,2045,91,14,2024-09-18,2025-11-05,Covid
1194,2723,145,1,2026-05-02,2026-05-07,Migraine
1195,3791,25,15,2024-09-19,2025-01-18,Fracture
1196,232,30,17,2026-06-24,2026-07-31,Hypertension
1197,1049,238,16,2025-01-15,2026-01-05,Diabetes
1198,3827,4,15,2024-10-18,2026-03-02,Diabetes
1199,1530,172,19,2025-05-10,2025-05-15,Cancer
1200,1020,57,6,2024-12-25,2026-05-31,Hypertension
1201,3112,45,7,2024-08-13,2026-01-27,Asthma
1202,525,192,20,2025-07-30,2026-07-01,Hypertension
1203,3788,4,6,2025-02-02,2025-08-14,Covid
1204,4905,168,16,2024-12-10,2025-08-04,Kidney Stones
1205,324,30,20,2025-03-08,2026-02-05,Stroke
1206,1233,205,16,2026-07-16,2026-07-23,Diabetes
1207,823,159,19,2026-03-22,2026-06-30,Cancer
1208,1357,49,16,2025-09-27,2026-02-20,Cancer
1209,1558,14,2,2026-04-28,2026-06-17,Kidney Stones
1210,271,89,1,2026-05-09,2026-08-14,Cancer
1211,4274,208,1,2024-08-17,2025-06-03,Diabetes
1212,1258,84,15,2026-04-19,2026-05-14,Fracture
1213,4374,84,16,2025-05-13,2025-07-08,Hypertension
1214,2226,119,13,2026-06-07,2026-06-23,Fracture
1215,1752,207,11,2024-10-11,2026-02-14,Asthma
1216,1022,212,14,2025-11-21,2025-11-29,Fracture
1217,4400,82,20,2025-03-13,2025-10-30,Kidney Stones
1218,2899,127,5,2024-09-21,2024-10-24,Hypertension
1219,3193,235,3,2025-10-12,2026-06-10,Covid
1220,4626,51,14,2026-01-18,2026-04-07,Migraine
1221,2752,96,18,2025-08-23,2026-04-06,Covid
1222,3661,105,10,2025-08-31,2025-09-22,Asthma
1223,2523,137,2,2024-12-30,2026-05-29,Diabetes
1224,3895,33,4,2024-08-28,2025-02-03,Stroke
1225,3572,122,2,2026-05-04,2026-06-02,Cancer
1226,2565,29,4,2026-05-30,2026-06-20,Fracture
1227,4236,87,7,2024-09-25,2026-08-14,Diabetes
1228,1144,160,6,2024-08-21,2024-12-24,Cancer
1229,164,159,4,2024-11-09,2025-02-17,Diabetes
1230,4266,139,18,2025-09-15,2026-05-21,Asthma
1231,1452,150,18,2026-06-06,2026-06-24,Pneumonia
1232,4989,26,6,2025-06-24,2026-01-24,Pneumonia
1233,2529,203,14,2025-07-21,2025-09-02,Pneumonia
1234,1953,23,14,2024-08-15,2026-05-12,Kidney Stones
1235,4837,141,17,2024-11-05,2026-04-20,Hypertension
1236,1642,154,8,2025-06-07,2025-10-21,Migraine
1237,936,122,18,2025-09-21,2026-02-10,Stroke
1238,2765,170,19,2024-09-24,2025-06-02,Fracture
1239,4588,204,10,2024-11-12,2025-02-25,Asthma
1240,3913,12,7,2025-07-27,2025-11-24,Migraine
1241,2906,84,12,2025-05-02,2026-03-04,Cancer
1242,1810,81,7,2024-09-13,2025-10-06,Pneumonia
1243,1095,83,10,2025-11-15,2025-12-18,Hypertension
1244,3048,231,9,2025-01-11,2025-02-09,Pneumonia
1245,1804,11,17,2025-08-11,2026-06-02,Cancer
1246,2753,49,10,2024-08-08,2025-07-08,Hypertension
1247,2132,110,14,2025-09-13,2025-12-28,Covid
1248,4306,93,10,2024-09-06,2025-11-22,Hypertension
1249,2465,76,10,2024-08-07,2025-04-26,Migraine
1250,934,133,15,2025-04-02,2025-06-10,Pneumonia
1251,1941,225,3,2025-04-05,2026-06-22,Migraine
1252,2663,217,2,2025-08-28,2025-11-25,Fracture
1253,3553,165,6,2025-04-22,2026-06-30,Hypertension
1254,2946,2,16,2026-01-17,2026-04-12,Cancer
1255,3187,184,15,2026-06-17,2026-07-29,Stroke
1256,777,108,15,2025-11-01,2026-04-05,Diabetes
1257,1171,82,13,2024-08-21,2025-11-29,Kidney Stones
1258,4480,19,3,2026-05-03,2026-06-03,Covid
1259,2374,170,17,2025-06-23,2026-05-03,Kidney Stones
1260,3771,98,2,2025-12-09,2026-04-07,Hypertension
1261,4112,101,8,2024-08-26,2025-04-22,Pneumonia
1262,895,108,9,2026-03-06,2026-07-25,Hypertension
1263,569,44,20,2026-06-07,2026-07-10,Fracture
1264,431,54,1,2024-08-24,2025-08-25,Stroke
1265,3040,245,13,2024-10-05,2026-04-02,Migraine
1266,2407,70,1,2025-06-12,2025-08-25,Kidney Stones
1267,4198,238,3,2024-10-28,2024-12-30,Fracture
1268,1598,197,11,2024-11-03,2024-11-05,Hypertension
1269,4635,69,17,2025-10-25,2025-11-06,Asthma
1270,4360,45,15,2024-12-29,2025-11-30,Pneumonia
1271,1278,245,3,2025-04-07,2026-02-04,Migraine
1272,1424,179,15,2024-08-13,2025-12-26,Stroke
1273,4315,106,15,2026-04-11,2026-06-30,Asthma
1274,3383,100,5,2026-08-05,2026-08-14,Hypertension
1275,4451,193,11,2026-02-23,2026-03-10,Kidney Stones
1276,1698,85,20,2025-05-14,2026-02-16,Covid
1277,3241,33,18,2025-06-04,2025-09-27,Pneumonia
1278,587,52,17,2026-07-23,2026-07-23,Fracture
1279,1860,173,14,2026-02-07,2026-03-23,Asthma
1280,2695,13,14,2024-12-03,2026-02-18,Migraine
1281,4755,224,9,2025-07-05,2025-12-26,Pneumonia
1282,4033,148,2,2025-03-20,2026-06-02,Covid
1283,2547,17,7,2025-05-17,2025-05-20,Pneumonia
1284,4147,213,17,2025-05-28,2026-05-11,Pneumonia
1285,4828,106,5,2024-12-10,2025-05-20,Stroke
1286,3590,15,7,2025-11-23,2026-02-25,Cancer
1287,500,160,11,2026-04-17,2026-05-16,Pneumonia
1288,1323,247,12,2024-09-12,2025-03-10,Stroke
1289,3979,48,6,2026-04-23,2026-08-03,Stroke
1290,1854,187,10,2025-07-24,2026-04-22,Asthma
1291,1346,140,7,2026-01-27,2026-05-12,Hypertension
1292,422,73,14,2025-06-29,2026-02-04,Fracture
1293,3365,156,18,2025-06-03,2025-12-28,Diabetes
1294,4573,145,13,2025-05-31,2025-08-22,Kidney Stones
1295,2018,141,12,2026-07-30,2026-08-05,Diabetes
1296,456,98,16,2026-08-05,2026-08-05,Diabetes
1297,2049,157,4,2025-09-06,2025-10-06,Covid
1298,3437,155,17,2025-09-18,2026-02-03,Hypertension
1299,3949,249,8,2024-10-14,2026-06-09,Diabetes
1300,1244,116,10,2025-06-03,2025-12-29,Hypertension
1301,2888,119,3,2024-09-18,2026-05-14,Fracture
1302,1862,177,9,2025-03-26,2025-11-24,Kidney Stones
1303,39,81,9,2025-10-05,2026-06-10,Fracture
1304,421,104,11,2025-05-02,2025-07-01,Pneumonia
1305,433,45,17,2026-01-11,2026-06-28,Stroke
1306,98,142,16,2026-05-31,2026-06-25,Asthma
1307,4007,243,17,2025-10-19,2026-04-08,Fracture
1308,2853,60,16,2025-10-04,2026-02-08,Asthma
1309,331,124,17,2026-03-12,2026-04-02,Asthma
1310,159,200,15,2025-05-22,2025-12-26,Asthma
1311,3423,143,10,2024-12-21,2025-07-21,Covid
1312,3000,165,5,2026-04-27,2026-05-31,Asthma
1313,3461,45,13,2024-08-12,2024-08-28,Kidney Stones
1314,4666,38,7,2025-04-22,2025-09-26,Migraine
1315,3260,97,6,2025-05-28,2025-12-30,Diabetes
1316,748,186,20,2024-08-27,2025-11-04,Hypertension
1317,4237,118,5,2024-09-15,2026-07-07,Covid
1318,4747,174,2,2025-01-06,2025-06-20,Diabetes
1319,3910,82,4,2025-03-04,2026-02-15,Asthma
1320,4054,179,18,2025-10-20,2026-02-27,Fracture
1321,2518,114,20,2026-08-04,2026-08-08,Diabetes
1322,255,101,15,2025-04-15,2026-01-26,Asthma
1323,209,144,7,2026-03-23,2026-06-02,Cancer
1324,2977,239,13,2024-11-05,2025-02-23,Stroke
1325,2577,52,12,2026-03-04,2026-03-08,Fracture
1326,4035,244,7,2026-07-03,2026-07-15,Covid
1327,640,116,8,2025-09-19,2026-07-24,Kidney Stones
1328,4373,42,20,2024-09-27,2025-03-31,Kidney Stones
1329,3420,28,6,2025-02-08,2026-01-20,Fracture
1330,941,90,19,2025-12-26,2026-04-11,Hypertension
1331,4636,162,17,2025-02-15,2025-07-06,Kidney Stones
1332,2836,26,14,2025-12-03,2026-03-07,Covid
1333,1757,162,19,2025-09-10,2025-12-15,Migraine
1334,4787,117,3,2024-08-19,2026-03-08,Diabetes
1335,2165,64,20,2024-09-06,2025-07-31,Stroke
1336,2428,43,1,2026-07-17,2026-08-07,Pneumonia
1337,1751,65,20,2026-02-23,2026-06-14,Migraine
1338,263,192,12,2024-10-16,2025-04-13,Asthma
1339,3038,26,8,2025-02-02,2026-07-21,Hypertension
1340,4677,65,8,2026-07-21,2026-08-10,Hypertension
1341,4292,128,13,2025-09-20,2025-10-27,Migraine
1342,953,175,9,2024-11-18,2025-04-05,Stroke
1343,63,158,10,2025-05-23,2025-09-01,Migraine
1344,4483,198,10,2025-08-03,2025-08-12,Asthma
1345,3460,160,1,2025-12-25,2026-05-06,Kidney Stones
1346,547,20,2,2025-08-11,2026-08-16,Hypertension
1347,1844,16,3,2025-05-19,2026-07-05,Migraine
1348,3107,86,9,2025-03-03,2026-05-18,Kidney Stones
1349,497,66,8,2025-11-08,2026-06-01,Cancer
1350,4067,222,11,2024-10-18,2024-12-25,Covid
1351,633,64,11,2025-11-06,2025-11-25,Fracture
1352,3314,211,13,2025-04-14,2025-04-15,Kidney Stones
1353,4404,21,3,2024-12-18,2026-05-10,Fracture
1354,3050,87,5,2025-12-14,2026-01-27,Pneumonia
1355,1751,228,1,2026-02-25,2026-04-03,Covid
1356,4081,35,13,2025-05-06,2026-01-30,Cancer
1357,497,50,19,2025-11-30,2026-06-09,Cancer
1358,340,4,2,2024-09-08,2026-03-06,Migraine
1359,4193,68,6,2025-12-31,2026-04-03,Stroke
1360,4444,88,14,2024-09-08,2025-05-18,Fracture
1361,243,81,13,2024-09-22,2026-02-23,Fracture
1362,1631,143,12,2025-06-02,2026-05-01,Cancer
1363,3316,26,3,2024-10-01,2025-05-26,Stroke
1364,4219,163,19,2025-12-15,2026-01-15,Cancer
1365,1144,55,8,2025-07-08,2026-08-10,Pneumonia
1366,786,84,18,2026-03-01,2026-08-13,Pneumonia
1367,2943,182,4,2026-02-06,2026-07-12,Hypertension
1368,759,29,18,2026-01-28,2026-08-03,Pneumonia
1369,2766,209,12,2025-09-25,2026-01-15,Pneumonia
1370,3807,10,15,2025-06-02,2025-11-03,Fracture
1371,2878,223,2,2025-11-15,2026-07-23,Covid
1372,3744,226,1,2025-01-25,2026-03-29,Asthma
1373,3027,232,2,2025-07-29,2025-10-04,Diabetes
1374,3998,76,15,2025-08-30,2026-03-29,Cancer
1375,1869,187,19,2025-08-09,2025-10-09,Asthma
1376,4922,109,10,2024-10-30,2024-11-15,Diabetes
1377,4342,91,16,2026-03-08,2026-04-04,Stroke
1378,2644,115,16,2025-05-08,2025-09-30,Kidney Stones
1379,1393,35,6,2024-09-25,2024-11-14,Kidney Stones
1380,3922,206,3,2025-08-20,2025-09-21,Diabetes
1381,3097,94,17,2025-03-02,2025-06-20,Hypertension
1382,4387,142,9,2025-01-09,2026-05-20,Fracture
1383,829,11,4,2026-01-25,2026-05-08,Hypertension
1384,4479,41,14,2026-04-22,2026-08-07,Asthma
1385,1404,188,10,2024-11-22,2025-01-08,Kidney Stones
1386,4915,13,16,2026-06-19,2026-07-10,Pneumonia
1387,2320,219,4,2026-03-26,2026-05-07,Fracture
1388,4401,208,9,2026-03-31,2026-06-13,Fracture
1389,2766,185,6,2025-05-06,2025-11-14,Diabetes
1390,637,173,14,2026-02-02,2026-02-08,Hypertension
1391,3673,194,10,2025-01-02,2025-04-25,Pneumonia
1392,1029,150,13,2026-07-22,2026-07-27,Asthma
1393,4487,75,7,2026-02-03,2026-07-14,Cancer
1394,2634,79,18,2026-07-03,2026-07-04,Cancer
1395,596,177,18,2026-03-23,2026-05-12,Hypertension
1396,971,204,3,2025-04-05,2026-05-12,Cancer
1397,4371,242,9,2025-04-26,2025-05-26,Kidney Stones
1398,4207,82,15,2024-08-28,2026-06-16,Pneumonia
1399,1153,61,3,2025-05-08,2025-10-13,Diabetes
1400,1867,8,7,2026-05-19,2026-07-11,Hypertension
1401,1709,176,2,2024-11-16,2025-05-18,Fracture
1402,3931,229,17,2025-02-16,2026-04-28,Cancer
1403,2303,85,19,2026-07-08,2026-08-12,Hypertension
1404,1907,134,16,2026-07-16,2026-08-14,Pneumonia
1405,1427,241,6,2025-04-16,2025-11-06,Migraine
1406,4168,76,8,2026-07-02,2026-08-03,Pneumonia
1407,3814,12,14,2025-12-04,2026-01-15,Cancer
1408,4719,133,7,2025-01-10,2026-04-01,Stroke
1409,983,25,5,2026-02-22,2026-02-22,Asthma
1410,2115,132,17,2024-11-08,2025-12-02,Diabetes
1411,3390,147,13,2026-03-24,2026-05-22,Kidney Stones
1412,2152,159,8,2026-03-16,2026-06-18,Covid
1413,4141,1,15,2026-03-23,2026-04-02,Fracture
1414,4549,127,14,2025-07-13,2025-09-20,Fracture
1415,3430,224,3,2025-10-20,2025-10-24,Diabetes
1416,3403,6,5,2024-09-26,2024-10-27,Covid
1417,4914,15,6,2025-12-22,2026-05-08,Covid
1418,4234,116,2,2025-03-11,2026-02-17,Covid
1419,1227,143,15,2025-11-19,2026-04-28,Kidney Stones
1420,1666,165,17,2025-09-05,2025-12-16,Migraine
1421,3209,67,20,2026-08-04,2026-08-05,Cancer
1422,1650,190,9,2026-07-14,2026-08-04,Diabetes
1423,1974,18,5,2024-12-23,2025-10-16,Stroke
1424,4422,225,6,2025-09-14,2026-06-17,Covid
1425,313,104,6,2025-10-18,2026-03-21,Diabetes
1426,3726,99,19,2025-11-23,2026-07-11,Cancer
1427,2201,219,8,2025-11-28,2026-04-20,Fracture
1428,401,24,7,2026-03-04,2026-04-24,Cancer
1429,81,33,12,2026-03-30,2026-04-04,Pneumonia
1430,1461,57,18,2026-01-24,2026-02-03,Diabetes
1431,4513,211,16,2025-05-30,2025-12-14,Stroke
1432,15,59,1,2025-07-24,2025-09-28,Fracture
1433,1583,235,5,2025-05-02,2026-01-13,Covid
1434,415,206,8,2024-12-27,2026-05-01,Kidney Stones
1435,972,47,12,2024-10-04,2025-02-01,Fracture
1436,4876,92,16,2025-11-15,2026-02-16,Asthma
1437,513,231,3,2025-12-24,2025-12-26,Cancer
1438,3930,9,8,2025-05-29,2025-12-03,Migraine
1439,4859,113,19,2024-12-12,2026-01-09,Diabetes
1440,4878,88,7,2024-12-18,2024-12-27,Asthma
1441,3842,5,13,2024-11-26,2025-12-04,Diabetes
1442,4247,184,13,2025-09-22,2025-12-15,Kidney Stones
1443,1447,2,1,2025-04-14,2026-05-25,Migraine
1444,878,107,2,2025-12-26,2026-02-25,Stroke
1445,3556,124,7,2025-11-08,2025-12-29,Kidney Stones
1446,3299,207,9,2025-01-08,2026-05-25,Covid
1447,4428,175,8,2025-12-15,2026-06-27,Kidney Stones
1448,4736,169,17,2025-10-28,2025-12-26,Hypertension
1449,3665,85,16,2025-09-06,2026-05-06,Fracture
1450,766,211,15,2026-07-25,2026-08-12,Migraine
1451,301,11,19,2026-04-11,2026-05-02,Stroke
1452,2863,81,11,2025-11-06,2026-02-09,Covid
1453,2354,105,4,2026-01-19,2026-08-03,Asthma
1454,635,80,12,2024-11-16,2026-01-24,Migraine
1455,1463,192,18,2024-08-21,2025-04-06,Hypertension
1456,2468,111,16,2024-12-25,2026-06-05,Fracture
1457,290,212,9,2025-03-31,2026-08-03,Cancer
1458,3606,30,7,2026-07-18,2026-07-26,Kidney Stones
1459,1243,146,11,2025-01-30,2026-06-30,Migraine
1460,2600,225,11,2025-06-03,2026-07-18,Cancer
1461,499,136,5,2026-01-13,2026-03-14,Covid
1462,2003,120,19,2025-06-26,2025-11-16,Pneumonia
1463,3779,65,9,2026-07-23,2026-08-08,Diabetes
1464,722,85,17,2025-11-15,2025-12-03,Fracture
1465,2898,31,18,2025-11-09,2026-05-12,Hypertension
1466,4866,20,12,2025-02-20,2025-04-24,Covid
1467,2979,201,7,2025-12-06,2026-07-08,Stroke
1468,4286,62,5,2026-05-24,2026-06-03,Fracture
1469,2017,46,10,2025-01-27,2025-07-17,Stroke
1470,1491,151,3,2026-03-07,2026-06-15,Migraine
1471,950,111,8,2026-04-18,2026-06-06,Asthma
1472,102,43,14,2024-09-08,2024-09-10,Migraine
1473,1806,169,5,2025-05-26,2026-03-26,Asthma
1474,363,20,7,2024-10-20,2026-07-14,Asthma
1475,4257,247,2,2026-03-27,2026-04-04,Fracture
1476,2782,163,5,2025-06-07,2026-05-09,Cancer
1477,2374,139,6,2025-10-13,2026-02-12,Pneumonia
1478,2732,151,12,2024-11-15,2025-06-19,Pneumonia
1479,4783,224,4,2025-03-18,2026-06-29,Hypertension
1480,3554,157,12,2026-03-18,2026-07-30,Pneumonia
1481,4283,128,17,2024-09-05,2024-09-09,Stroke
1482,2766,101,13,2025-09-06,2025-09-18,Diabetes
1483,2308,214,12,2026-04-19,2026-06-29,Stroke
1484,1220,165,4,2026-06-15,2026-07-01,Fracture
1485,1690,206,7,2025-02-18,2026-02-20,Kidney Stones
1486,2267,179,6,2025-11-19,2026-06-23,Kidney Stones
1487,2394,65,16,2025-07-11,2026-03-04,Kidney Stones
1488,279,128,8,2025-03-05,2025-04-01,Diabetes
1489,4042,129,20,2025-07-23,2026-03-21,Migraine
1490,168,88,11,2025-09-22,2026-07-09,Stroke
1491,3326,132,11,2025-12-06,2025-12-19,Stroke
1492,2647,205,14,2026-07-07,2026-07-07,Asthma
1493,54,160,16,2024-10-23,2026-05-05,Cancer
1494,418,207,14,2024-12-12,2025-01-24,Stroke
1495,3977,175,1,2025-10-15,2026-03-09,Migraine
1496,4641,204,20,2026-03-02,2026-05-16,Asthma
1497,3345,45,3,2025-02-03,2025-05-14,Stroke
1498,2719,101,9,2026-07-24,2026-08-08,Fracture
1499,2843,7,7,2025-08-19,2026-01-17,Asthma
1500,1653,145,15,2026-03-12,2026-05-06,Migraine
1501,2725,203,1,2026-07-04,2026-07-29,Covid
1502,1275,176,6,2025-12-08,2026-01-17,Hypertension
1503,4856,84,7,2025-10-11,2026-07-07,Fracture
1504,841,55,19,2025-01-23,2025-09-09,Pneumonia
1505,2664,115,17,2026-01-30,2026-02-13,Diabetes
1506,3885,43,10,2026-04-30,2026-08-15,Covid
1507,4004,241,15,2025-07-28,2026-05-01,Migraine
1508,1193,173,10,2024-11-02,2024-11-25,Kidney Stones
1509,4829,86,20,2026-04-05,2026-08-06,Hypertension
1510,4614,215,16,2025-03-09,2026-01-25,Diabetes
1511,974,171,19,2024-09-10,2026-05-13,Fracture
1512,1391,161,12,2024-12-02,2026-07-19,Asthma
1513,3745,228,13,2025-03-17,2025-10-28,Pneumonia
1514,2766,201,5,2025-07-20,2026-07-27,Asthma
1515,294,213,20,2024-12-02,2026-07-06,Cancer
1516,4224,194,13,2024-10-29,2024-11-28,Cancer
1517,4037,13,16,2026-03-03,2026-08-11,Kidney Stones
1518,944,69,11,2026-02-01,2026-04-07,Asthma
1519,2281,153,3,2024-12-23,2026-04-12,Stroke
1520,4026,219,15,2025-04-08,2026-06-03,Hypertension
1521,2108,168,16,2024-10-17,2025-10-12,Covid
1522,4622,229,3,2024-08-22,2025-04-10,Asthma
1523,1231,78,11,2026-06-28,2026-07-14,Fracture
1524,1056,163,7,2026-05-07,2026-05-13,Diabetes
1525,4450,191,9,2025-12-05,2026-07-19,Fracture
1526,2529,220,4,2025-05-04,2026-03-23,Diabetes
1527,1614,220,10,2025-09-12,2025-10-04,Covid
1528,3091,32,16,2024-10-12,2026-01-31,Hypertension
1529,3250,161,18,2026-06-08,2026-06-10,Covid
1530,2314,148,9,2025-11-07,2026-08-13,Covid
1531,4720,114,7,2025-03-05,2025-04-08,Hypertension
1532,1690,138,9,2025-04-22,2026-03-14,Diabetes
1533,2912,237,13,2026-03-03,2026-05-19,Diabetes
1534,2540,41,16,2024-12-12,2025-02-21,Cancer
1535,1891,6,14,2025-12-30,2026-04-05,Covid
1536,2378,180,19,2024-12-19,2026-05-17,Asthma
1537,756,190,1,2025-05-30,2025-12-19,Covid
1538,2731,250,12,2024-08-10,2024-11-21,Cancer
1539,2725,98,19,2024-10-08,2026-07-09,Cancer
1540,439,203,14,2025-09-18,2025-10-16,Asthma
1541,4021,69,18,2025-10-26,2026-01-03,Migraine
1542,3613,64,4,2025-05-18,2025-07-18,Diabetes
1543,3739,96,13,2026-02-27,2026-06-04,Kidney Stones
1544,4145,234,18,2026-02-02,2026-07-26,Fracture
1545,4160,220,14,2025-02-25,2026-06-14,Fracture
1546,477,107,13,2024-11-15,2026-03-28,Diabetes
1547,2678,181,11,2025-05-21,2025-11-21,Pneumonia
1548,4489,58,6,2025-08-09,2026-01-01,Kidney Stones
1549,1887,140,20,2026-03-24,2026-08-10,Stroke
1550,2010,106,9,2025-04-07,2026-02-16,Stroke
1551,1456,56,3,2025-02-07,2025-06-15,Stroke
1552,1161,118,19,2026-06-01,2026-07-28,Migraine
1553,3217,241,7,2025-03-05,2026-05-03,Diabetes
1554,1544,9,1,2026-04-17,2026-07-15,Fracture
1555,2341,78,3,2025-07-28,2025-12-16,Pneumonia
1556,1906,87,13,2025-01-11,2026-01-28,Cancer
1557,1996,205,12,2026-01-02,2026-05-18,Asthma
1558,3289,228,4,2025-01-15,2025-11-19,Stroke
1559,3558,44,16,2026-05-17,2026-07-10,Cancer
1560,4611,57,5,2025-12-26,2026-08-10,Hypertension
1561,458,248,12,2026-01-12,2026-06-20,Cancer
1562,1357,18,14,2026-06-01,2026-06-17,Asthma
1563,3264,213,17,2025-11-09,2025-12-08,Fracture
1564,4433,199,13,2024-09-17,2026-04-23,Fracture
1565,4931,229,6,2025-10-11,2026-03-25,Fracture
1566,3974,192,4,2025-09-01,2026-04-26,Fracture
1567,462,19,20,2026-07-20,2026-08-03,Pneumonia
1568,1838,55,10,2026-08-03,2026-08-07,Asthma
1569,2090,52,7,2025-04-04,2026-06-13,Fracture
1570,4021,82,14,2025-09-20,2026-01-08,Kidney Stones
1571,3804,67,11,2024-09-13,2026-02-21,Kidney Stones
1572,51,34,19,2024-12-18,2025-08-04,Covid
1573,1061,77,8,2025-02-03,2026-06-13,Stroke
1574,2649,43,18,2024-09-15,2025-06-09,Pneumonia
1575,1352,31,5,2025-09-25,2026-07-17,Asthma
1576,81,202,13,2025-01-06,2026-06-10,Asthma
1577,2873,250,3,2024-11-14,2025-04-01,Covid
1578,507,4,20,2024-12-17,2025-06-17,Stroke
1579,1890,234,6,2025-04-17,2026-05-25,Stroke
1580,1325,88,10,2024-09-09,2025-10-13,Pneumonia
1581,3099,156,15,2026-02-15,2026-03-05,Migraine
1582,1739,174,15,2025-10-15,2026-07-09,Cancer
1583,4511,48,12,2025-11-20,2026-08-08,Covid
1584,4061,91,9,2024-10-21,2026-03-11,Cancer
1585,1100,48,4,2025-09-02,2026-04-05,Pneumonia
1586,3627,7,20,2025-07-15,2026-04-03,Hypertension
1587,3655,238,13,2024-12-02,2026-03-07,Migraine
1588,811,130,8,2024-08-06,2026-07-03,Hypertension
1589,2914,105,18,2026-05-14,2026-06-30,Diabetes
1590,3388,214,12,2025-03-01,2025-10-03,Kidney Stones
1591,621,18,15,2024-12-14,2025-04-16,Hypertension
1592,3632,184,19,2026-03-25,2026-05-14,Pneumonia
1593,737,217,2,2024-11-02,2025-06-21,Kidney Stones
1594,4666,82,8,2025-07-20,2026-03-23,Fracture
1595,3114,215,18,2025-03-16,2025-07-12,Pneumonia
1596,3217,105,19,2025-09-27,2026-01-01,Pneumonia
1597,2027,19,16,2024-12-06,2025-09-14,Stroke
1598,4561,218,7,2025-05-07,2026-08-03,Pneumonia
1599,118,43,4,2026-02-17,2026-08-16,Fracture
1600,3623,87,6,2024-12-06,2026-01-05,Migraine
1601,2662,169,11,2025-01-26,2025-11-26,Cancer
1602,1631,198,2,2026-04-19,2026-05-13,Fracture
1603,836,141,8,2025-02-18,2026-08-01,Diabetes
1604,3645,228,10,2026-01-03,2026-05-29,Fracture
1605,1667,149,1,2025-04-04,2026-08-01,Fracture
1606,3828,51,7,2025-03-23,2026-01-14,Asthma
1607,1608,207,20,2024-10-31,2025-05-29,Diabetes
1608,4713,76,2,2025-06-07,2026-07-19,Kidney Stones
1609,2071,210,20,2026-03-01,2026-06-25,Cancer
1610,816,249,6,2025-09-08,2025-11-12,Fracture
1611,2693,108,7,2025-01-21,2026-02-09,Hypertension
1612,4650,53,20,2025-06-13,2026-07-15,Covid
1613,2500,114,10,2025-11-27,2026-02-28,Hypertension
1614,577,236,16,2026-03-24,2026-04-29,Kidney Stones
1615,1197,79,19,2026-05-14,2026-07-31,Stroke
1616,879,249,18,2026-07-27,2026-08-03,Covid
1617,4241,161,16,2024-08-28,2026-02-24,Covid
1618,4662,210,8,2026-07-12,2026-07-28,Pneumonia
1619,307,89,15,2024-08-31,2026-05-08,Cancer
1620,803,185,18,2025-11-06,2025-12-24,Kidney Stones
1621,4928,188,4,2026-05-01,2026-06-13,Diabetes
1622,4661,158,5,2025-06-18,2026-01-03,Migraine
1623,1975,192,15,2025-10-02,2025-11-18,Fracture
1624,2647,193,16,2026-05-23,2026-07-31,Fracture
1625,3239,184,18,2025-11-08,2026-06-08,Stroke
1626,4982,217,11,2025-05-14,2026-01-09,Asthma
1627,2717,121,12,2024-12-15,2025-05-14,Hypertension
1628,1639,150,17,2025-12-01,2026-02-21,Migraine
1629,4250,13,11,2026-03-26,2026-06-19,Kidney Stones
1630,124,78,12,2025-02-03,2026-02-05,Cancer
1631,4592,155,3,2026-01-12,2026-07-04,Pneumonia
1632,3722,103,15,2025-02-20,2025-04-01,Hypertension
1633,3185,116,11,2025-08-16,2026-06-07,Migraine
1634,995,158,15,2025-01-07,2025-01-30,Pneumonia
1635,2956,109,15,2025-05-06,2026-06-04,Kidney Stones
1636,2785,233,7,2025-06-03,2026-07-13,Cancer
1637,4377,216,13,2025-12-07,2026-05-17,Stroke
1638,2089,81,20,2026-06-13,2026-08-05,Migraine
1639,1945,139,16,2026-02-16,2026-03-19,Kidney Stones
1640,4560,162,19,2025-01-17,2025-04-13,Hypertension
1641,926,103,10,2026-04-17,2026-06-16,Migraine
1642,1082,19,7,2025-06-03,2026-06-05,Covid
1643,4909,138,12,2025-03-24,2025-10-27,Covid
1644,319,30,17,2025-08-18,2026-06-04,Diabetes
1645,4969,239,7,2025-08-10,2026-02-17,Migraine
1646,935,120,6,2025-07-05,2025-07-27,Hypertension
1647,2065,203,5,2025-01-18,2026-02-19,Pneumonia
1648,539,40,7,2026-02-10,2026-08-13,Migraine
1649,2165,51,7,2025-07-22,2025-09-24,Asthma
1650,1,18,13,2026-07-07,2026-08-12,Covid
1651,161,196,9,2025-11-28,2026-06-27,Fracture
1652,4701,22,10,2025-04-22,2026-07-19,Kidney Stones
1653,3256,133,6,2025-09-01,2026-06-12,Covid
1654,845,223,18,2024-12-03,2025-10-21,Kidney Stones
1655,1889,167,18,2025-10-11,2026-03-04,Hypertension
1656,3587,66,10,2025-05-31,2025-09-20,Cancer
1657,2575,92,15,2026-01-17,2026-04-29,Migraine
1658,1944,216,18,2024-10-20,2025-02-26,Hypertension
1659,1945,7,18,2025-05-28,2026-05-03,Migraine
1660,3369,149,3,2025-09-23,2026-07-17,Hypertension
1661,4081,105,13,2026-01-03,2026-02-06,Fracture
1662,2054,187,18,2025-06-03,2025-06-05,Cancer
1663,3725,204,1,2025-03-26,2026-05-05,Diabetes
1664,3860,223,19,2025-06-27,2026-04-14,Diabetes
1665,3582,98,15,2025-11-06,2026-01-19,Fracture
1666,336,91,6,2024-11-01,2025-01-18,Pneumonia
1667,3907,149,20,2025-01-31,2025-06-01,Hypertension
1668,2727,43,7,2025-03-04,2025-08-01,Diabetes
1669,848,97,13,2025-11-06,2025-11-23,Diabetes
1670,2250,91,11,2026-03-16,2026-06-07,Pneumonia
1671,3730,99,17,2024-10-17,2026-02-05,Migraine
1672,455,101,17,2025-02-14,2026-05-07,Asthma
1673,415,177,16,2024-09-09,2025-06-02,Kidney Stones
1674,2222,161,16,2025-03-27,2026-01-16,Diabetes
1675,1872,219,4,2026-07-08,2026-08-06,Kidney Stones
1676,1297,230,10,2025-12-19,2026-03-04,Migraine
1677,2871,104,9,2026-01-02,2026-03-04,Kidney Stones
1678,3712,81,10,2025-10-30,2025-12-09,Kidney Stones
1679,932,175,9,2026-07-12,2026-08-09,Pneumonia
1680,4373,108,13,2025-07-31,2026-07-10,Fracture
1681,2923,121,20,2024-10-24,2026-01-08,Asthma
1682,3512,233,1,2026-05-11,2026-06-28,Fracture
1683,679,139,5,2025-08-02,2026-01-17,Pneumonia
1684,489,175,1,2024-10-05,2026-01-30,Fracture
1685,2277,159,13,2025-02-27,2026-01-06,Hypertension
1686,4861,52,20,2025-07-24,2026-06-15,Covid
1687,3788,166,19,2025-05-17,2026-02-01,Kidney Stones
1688,762,39,3,2025-09-27,2026-01-24,Migraine
1689,3306,92,13,2026-06-17,2026-06-19,Asthma
1690,1547,56,20,2026-03-01,2026-06-11,Asthma
1691,2148,218,18,2026-06-25,2026-07-15,Diabetes
1692,4224,53,2,2025-12-10,2026-08-04,Asthma
1693,1311,145,5,2025-04-18,2026-04-06,Hypertension
1694,159,91,5,2024-10-16,2025-07-31,Asthma
1695,3561,212,7,2026-07-22,2026-07-25,Cancer
1696,1451,35,11,2025-06-17,2026-03-23,Stroke
1697,4826,90,15,2026-05-18,2026-05-23,Fracture
1698,178,208,14,2026-02-19,2026-06-10,Fracture
1699,2850,191,3,2025-11-30,2026-07-25,Cancer
1700,2702,112,7,2025-09-08,2026-05-28,Covid
1701,3596,119,6,2025-07-11,2026-02-22,Covid
1702,3092,35,7,2025-12-15,2026-03-06,Asthma
1703,298,67,9,2024-10-16,2025-03-22,Fracture
1704,4757,242,20,2025-12-14,2026-02-09,Migraine
1705,4242,41,18,2025-03-16,2025-12-03,Stroke
1706,1496,135,14,2025-04-06,2026-06-17,Diabetes
1707,674,81,12,2024-10-02,2026-03-25,Pneumonia
1708,2461,45,11,2026-05-06,2026-07-09,Stroke
1709,2681,181,6,2025-12-11,2026-07-11,Cancer
1710,3891,220,7,2025-01-18,2025-09-01,Stroke
1711,2451,57,12,2025-08-03,2026-06-12,Asthma
1712,2850,225,1,2026-08-01,2026-08-05,Fracture
1713,2431,146,16,2025-05-24,2026-01-30,Asthma
1714,172,178,14,2025-02-13,2025-06-13,Cancer
1715,4646,19,14,2026-02-23,2026-05-30,Cancer
1716,3001,39,8,2024-12-01,2025-01-20,Cancer
1717,4615,217,4,2025-06-23,2026-03-17,Hypertension
1718,1530,47,6,2025-12-26,2026-02-16,Stroke
1719,4031,221,17,2024-12-31,2025-03-28,Hypertension
1720,4455,170,7,2025-05-18,2026-03-23,Hypertension
1721,1759,8,14,2026-07-14,2026-08-13,Stroke
1722,3793,230,17,2025-06-21,2025-09-10,Stroke
1723,3887,143,12,2025-02-12,2025-09-17,Cancer
1724,1238,80,3,2026-04-22,2026-06-20,Kidney Stones
1725,3066,148,18,2026-07-05,2026-07-10,Hypertension
1726,4654,162,15,2026-01-07,2026-05-09,Fracture
1727,3904,114,3,2024-10-10,2025-03-28,Covid
1728,4891,20,18,2025-04-09,2025-09-16,Stroke
1729,2671,41,5,2025-03-28,2026-06-16,Hypertension
1730,2884,183,17,2024-09-19,2025-12-18,Asthma
1731,285,242,8,2025-05-14,2025-09-24,Kidney Stones
1732,676,225,18,2025-03-28,2025-07-13,Pneumonia
1733,3673,83,4,2024-10-13,2025-05-24,Hypertension
1734,3758,184,13,2024-10-13,2026-08-13,Asthma
1735,2829,119,10,2025-03-15,2025-10-25,Pneumonia
1736,4099,10,1,2026-05-04,2026-08-13,Diabetes
1737,3703,37,10,2025-02-27,2025-04-09,Hypertension
1738,1576,216,17,2024-11-06,2026-03-17,Asthma
1739,3923,42,10,2024-08-08,2025-07-08,Cancer
1740,1505,226,12,2026-05-01,2026-07-02,Migraine
1741,2607,243,16,2026-03-25,2026-08-03,Migraine
1742,2390,193,7,2024-11-24,2026-01-12,Covid
1743,1809,113,19,2025-01-21,2025-12-02,Kidney Stones
1744,3895,111,11,2024-10-21,2025-07-19,Stroke
1745,3549,178,1,2025-09-26,2025-12-26,Fracture
1746,2010,214,19,2026-02-12,2026-08-02,Migraine
1747,3415,46,17,2025-06-18,2026-07-23,Diabetes
1748,710,83,6,2026-03-15,2026-06-07,Diabetes
1749,14,130,14,2025-01-09,2026-05-01,Fracture
1750,1309,245,19,2025-02-02,2025-07-14,Diabetes
1751,924,5,6,2025-05-10,2025-07-14,Migraine
1752,1591,139,16,2024-08-22,2025-05-16,Pneumonia
1753,2259,39,7,2024-11-15,2025-12-23,Diabetes
1754,331,141,9,2025-06-17,2025-11-26,Covid
1755,4643,13,3,2026-07-03,2026-08-15,Kidney Stones
1756,4285,190,17,2026-07-22,2026-07-22,Covid
1757,884,166,19,2025-02-07,2026-01-06,Kidney Stones
1758,603,5,3,2026-02-27,2026-04-02,Fracture
1759,1459,69,13,2024-10-02,2025-02-16,Cancer
1760,1200,188,8,2024-10-21,2025-04-02,Hypertension
1761,2141,211,18,2025-12-11,2025-12-12,Hypertension
1762,3337,61,20,2025-03-10,2026-06-15,Stroke
1763,258,143,1,2025-11-15,2026-04-04,Migraine
1764,1952,75,3,2026-05-06,2026-07-11,Pneumonia
1765,1053,195,1,2024-11-10,2025-07-12,Pneumonia
1766,1146,186,15,2025-04-28,2026-07-19,Covid
1767,3825,167,8,2025-11-12,2026-05-23,Covid
1768,1273,236,11,2024-12-22,2025-04-18,Stroke
1769,2139,49,3,2025-07-07,2025-09-07,Hypertension
1770,4472,68,11,2025-01-16,2025-08-02,Kidney Stones
1771,4832,74,4,2025-07-22,2026-03-09,Fracture
1772,4359,218,8,2026-01-14,2026-06-29,Asthma
1773,477,219,19,2024-08-17,2026-04-02,Covid
1774,4643,192,4,2025-06-07,2026-07-29,Diabetes
1775,290,27,9,2025-12-31,2026-03-18,Asthma
1776,2351,202,7,2025-04-13,2025-05-05,Covid
1777,3325,181,17,2026-06-19,2026-06-28,Stroke
1778,3355,101,10,2025-08-27,2026-02-28,Pneumonia
1779,3323,31,16,2025-10-23,2026-02-21,Pneumonia
1780,1669,4,16,2024-11-19,2025-07-02,Kidney Stones
1781,1565,29,18,2024-12-06,2025-01-08,Kidney Stones
1782,2547,115,7,2026-02-23,2026-07-17,Pneumonia
1783,459,96,1,2024-12-02,2025-05-02,Cancer
1784,3282,35,17,2024-08-13,2026-08-13,Cancer
1785,637,136,4,2025-05-30,2026-07-24,Diabetes
1786,1191,158,9,2025-06-25,2026-04-27,Migraine
1787,1903,74,7,2025-03-08,2026-05-06,Migraine
1788,1644,227,16,2026-06-22,2026-08-06,Asthma
1789,141,128,10,2025-05-10,2026-03-10,Diabetes
1790,4358,228,7,2024-12-29,2025-08-22,Asthma
1791,575,177,8,2026-02-03,2026-05-25,Cancer
1792,841,91,5,2025-12-12,2025-12-14,Stroke
1793,3107,193,3,2026-07-22,2026-08-10,Hypertension
1794,3901,108,15,2026-01-06,2026-06-24,Covid
1795,3788,165,19,2025-11-19,2026-02-17,Hypertension
1796,3038,192,17,2025-02-17,2025-04-11,Asthma
1797,988,188,8,2026-03-25,2026-06-18,Cancer
1798,3728,89,4,2025-05-20,2026-07-03,Kidney Stones
1799,2726,240,13,2025-02-06,2025-02-28,Stroke
1800,4765,50,13,2026-05-22,2026-05-24,Fracture
1801,2358,245,4,2026-06-18,2026-06-26,Kidney Stones
1802,778,133,13,2026-04-26,2026-07-29,Fracture
1803,1568,61,8,2026-05-16,2026-08-14,Hypertension
1804,4659,112,16,2025-08-06,2026-05-20,Diabetes
1805,879,117,6,2025-04-27,2025-12-04,Hypertension
1806,2129,84,17,2025-10-26,2025-12-30,Diabetes
1807,2982,158,8,2026-05-06,2026-08-16,Fracture
1808,440,60,6,2025-07-17,2025-12-12,Fracture
1809,4564,191,5,2024-09-10,2024-11-10,Migraine
1810,2494,39,15,2024-11-05,2025-01-05,Pneumonia
1811,980,47,7,2025-02-03,2026-05-06,Diabetes
1812,2158,218,20,2025-11-30,2026-07-31,Hypertension
1813,99,16,11,2024-09-21,2024-10-19,Asthma
1814,2157,213,5,2026-01-14,2026-04-17,Fracture
1815,4960,44,10,2025-12-03,2025-12-07,Fracture
1816,2687,89,3,2025-10-20,2026-01-27,Fracture
1817,2448,156,12,2025-09-02,2025-10-09,Pneumonia
1818,4525,136,5,2025-10-03,2026-01-25,Migraine
1819,843,128,8,2025-12-01,2026-08-04,Hypertension
1820,2868,248,1,2026-03-07,2026-03-12,Pneumonia
1821,194,55,9,2025-09-12,2025-09-27,Pneumonia
1822,1975,17,13,2025-03-05,2025-08-17,Covid
1823,2004,48,15,2024-09-08,2025-01-16,Stroke
1824,1370,193,1,2025-07-31,2025-11-19,Cancer
1825,256,31,7,2024-11-06,2026-06-05,Diabetes
1826,2225,233,10,2025-10-17,2026-06-12,Stroke
1827,50,167,5,2025-07-17,2025-12-07,Cancer
1828,1839,98,2,2024-12-30,2026-03-12,Covid
1829,624,209,16,2026-07-11,2026-07-31,Pneumonia
1830,1417,30,6,2024-08-07,2026-06-03,Stroke
1831,3808,23,19,2026-06-16,2026-08-11,Pneumonia
1832,4189,99,15,2026-04-19,2026-05-15,Asthma
1833,1086,47,13,2024-12-13,2026-05-29,Asthma
1834,2691,49,19,2025-03-17,2026-06-03,Fracture
1835,96,170,11,2024-10-26,2026-07-28,Hypertension
1836,3798,157,17,2026-03-28,2026-07-24,Covid
1837,1806,135,9,2026-01-24,2026-05-26,Stroke
1838,3864,81,4,2026-02-12,2026-05-07,Cancer
1839,2990,97,13,2024-11-18,2025-06-14,Asthma
1840,3432,249,4,2025-07-13,2025-08-08,Stroke
1841,4081,21,19,2026-03-19,2026-06-07,Stroke
1842,1510,170,10,2025-11-26,2026-08-09,Hypertension
1843,2012,81,4,2025-04-17,2025-12-14,Diabetes
1844,3394,79,19,2026-05-02,2026-06-07,Kidney Stones
1845,143,123,13,2025-03-15,2025-06-07,Pneumonia
1846,2901,186,20,2024-11-05,2026-02-18,Pneumonia
1847,1678,54,3,2025-05-06,2025-06-29,Hypertension
1848,1419,244,18,2024-12-19,2026-05-12,Migraine
1849,332,56,15,2026-06-10,2026-07-26,Covid
1850,4877,176,18,2025-05-07,2026-08-10,Fracture
1851,862,146,18,2025-08-20,2025-12-31,Pneumonia
1852,3704,34,4,2024-10-13,2026-07-01,Hypertension
1853,1774,115,16,2025-07-20,2025-12-06,Diabetes
1854,1796,230,1,2026-03-22,2026-07-27,Covid
1855,2849,107,7,2025-01-14,2026-06-24,Asthma
1856,4403,80,20,2025-12-18,2026-07-19,Kidney Stones
1857,810,65,10,2025-03-09,2026-01-17,Fracture
1858,3698,40,10,2024-11-30,2025-09-26,Covid
1859,4906,188,11,2026-06-22,2026-08-05,Diabetes
1860,2064,43,5,2025-10-12,2026-05-21,Stroke
1861,562,214,16,2026-05-08,2026-08-10,Fracture
1862,2138,195,18,2026-01-20,2026-03-19,Cancer
1863,1224,35,19,2025-10-20,2026-04-29,Pneumonia
1864,1241,2,2,2025-03-06,2025-05-02,Hypertension
1865,490,151,18,2026-03-04,2026-06-27,Migraine
1866,2238,51,15,2025-01-07,2025-06-28,Diabetes
1867,3240,143,5,2025-11-24,2025-11-26,Fracture
1868,2832,39,7,2024-10-10,2026-01-21,Pneumonia
1869,2988,114,3,2026-02-08,2026-06-06,Asthma
1870,3255,98,2,2025-02-08,2025-12-22,Migraine
1871,4064,6,15,2026-01-01,2026-06-29,Fracture
1872,3051,91,14,2026-04-24,2026-08-08,Kidney Stones
1873,1798,12,16,2026-01-28,2026-07-29,Pneumonia
1874,3436,158,16,2026-03-05,2026-06-24,Kidney Stones
1875,2639,186,19,2025-10-04,2026-05-06,Cancer
1876,863,1,14,2024-08-24,2026-06-16,Migraine
1877,263,201,12,2025-09-15,2026-08-16,Stroke
1878,406,56,15,2025-01-10,2025-11-03,Covid
1879,1039,228,19,2024-08-22,2025-12-21,Asthma
1880,106,178,13,2025-01-15,2025-12-19,Asthma
1881,3053,68,12,2024-10-13,2025-12-02,Diabetes
1882,1261,94,7,2025-11-26,2026-04-21,Cancer
1883,2845,218,11,2026-03-06,2026-03-16,Diabetes
1884,3028,171,8,2026-02-28,2026-03-31,Cancer
1885,4398,240,15,2026-05-05,2026-08-11,Kidney Stones
1886,4232,185,16,2026-02-11,2026-04-13,Diabetes
1887,4579,44,1,2026-07-23,2026-08-11,Stroke
1888,2165,47,3,2025-12-27,2026-08-09,Asthma
1889,1523,25,5,2026-03-10,2026-07-21,Diabetes
1890,2963,246,16,2025-08-18,2026-05-28,Covid
1891,1273,134,13,2025-06-01,2025-10-14,Stroke
1892,3116,226,4,2025-02-18,2025-07-12,Fracture
1893,3415,14,1,2026-05-31,2026-07-24,Pneumonia
1894,3396,28,9,2026-05-14,2026-07-31,Pneumonia
1895,3978,61,18,2026-07-24,2026-07-30,Covid
1896,293,167,10,2026-06-23,2026-07-16,Hypertension
1897,1564,2,1,2025-08-16,2026-06-19,Stroke
1898,4639,193,18,2026-02-12,2026-02-17,Stroke
1899,4146,189,19,2026-02-23,2026-05-26,Covid
1900,2472,98,16,2026-07-22,2026-07-31,Hypertension
1901,4298,41,10,2026-07-12,2026-08-11,Migraine
1902,3378,246,10,2025-08-26,2026-06-02,Fracture
1903,2128,232,2,2025-11-24,2026-03-21,Covid
1904,849,76,7,2026-01-31,2026-06-27,Migraine
1905,1625,238,2,2025-05-30,2025-11-17,Hypertension
1906,3960,190,1,2025-04-13,2025-06-08,Asthma
1907,2266,30,2,2026-07-24,2026-07-26,Fracture
1908,3499,227,16,2026-03-28,2026-07-13,Stroke
1909,1837,40,20,2026-04-26,2026-06-09,Covid
1910,3288,31,16,2026-02-03,2026-04-23,Cancer
1911,1065,235,18,2024-10-25,2026-02-07,Fracture
1912,339,226,8,2026-03-02,2026-04-23,Stroke
1913,1155,187,17,2024-09-05,2024-12-17,Hypertension
1914,2563,47,16,2024-12-29,2025-02-14,Diabetes
1915,2456,80,6,2024-11-27,2026-03-22,Covid
1916,2225,51,15,2024-10-20,2024-11-22,Pneumonia
1917,3426,42,19,2025-01-06,2025-09-23,Kidney Stones
1918,1589,98,3,2025-09-20,2026-08-13,Stroke
1919,3572,198,14,2025-02-23,2025-03-30,Hypertension
1920,4297,66,1,2026-02-12,2026-07-09,Hypertension
1921,3872,202,2,2024-11-22,2025-03-09,Migraine
1922,3790,231,8,2025-02-27,2025-10-22,Migraine
1923,1434,136,6,2025-04-29,2025-09-18,Asthma
1924,1793,47,17,2026-01-02,2026-06-09,Covid
1925,3992,219,11,2025-11-23,2026-05-07,Stroke
1926,2138,56,4,2026-07-09,2026-07-22,Covid
1927,2644,162,14,2026-04-11,2026-06-21,Cancer
1928,4006,181,4,2026-05-23,2026-07-20,Migraine
1929,1488,65,12,2026-02-19,2026-04-11,Fracture
1930,631,37,5,2025-10-17,2025-11-28,Kidney Stones
1931,1457,225,10,2024-09-22,2026-03-15,Covid
1932,1302,113,7,2026-04-20,2026-08-15,Migraine
1933,3885,89,3,2025-10-01,2026-07-13,Fracture
1934,1095,173,8,2026-03-21,2026-04-08,Kidney Stones
1935,1998,148,5,2026-02-14,2026-07-15,Hypertension
1936,1882,46,15,2025-03-15,2025-10-20,Covid
1937,207,53,12,2025-09-09,2025-10-11,Covid
1938,1360,137,1,2025-08-31,2025-09-04,Diabetes
1939,2733,90,5,2026-02-24,2026-04-14,Fracture
1940,1115,43,16,2025-01-12,2026-05-06,Pneumonia
1941,4554,192,19,2024-10-25,2026-01-04,Hypertension
1942,4474,29,9,2024-09-24,2025-12-01,Kidney Stones
1943,800,162,18,2024-09-10,2024-10-18,Kidney Stones
1944,1695,27,18,2026-05-05,2026-07-01,Pneumonia
1945,2775,2,7,2025-10-20,2025-12-27,Kidney Stones
1946,2054,102,18,2024-10-08,2025-03-10,Migraine
1947,4249,135,10,2026-06-12,2026-07-09,Pneumonia
1948,2443,178,6,2025-08-10,2026-05-01,Fracture
1949,2688,138,19,2025-07-29,2026-07-19,Fracture
1950,3736,176,3,2025-08-04,2026-01-09,Cancer
1951,2225,106,19,2025-10-07,2026-03-07,Stroke
1952,2287,73,3,2026-03-09,2026-05-01,Fracture
1953,720,230,18,2026-03-09,2026-04-05,Covid
1954,3457,16,11,2025-11-14,2026-08-03,Hypertension
1955,636,103,19,2025-04-19,2025-06-07,Fracture
1956,903,200,8,2025-07-30,2026-03-12,Diabetes
1957,665,108,11,2026-01-27,2026-02-14,Pneumonia
1958,2828,224,8,2026-03-24,2026-08-16,Fracture
1959,4816,205,20,2025-01-27,2025-08-28,Pneumonia
1960,3433,168,2,2024-08-12,2026-02-03,Cancer
1961,1774,23,15,2025-09-21,2026-07-16,Asthma
1962,4823,201,14,2024-08-11,2024-08-31,Migraine
1963,1833,201,13,2025-05-26,2026-08-15,Kidney Stones
1964,2823,149,7,2025-05-08,2025-08-24,Diabetes
1965,4179,202,1,2025-09-05,2025-11-21,Migraine
1966,2115,152,7,2025-08-18,2026-05-27,Asthma
1967,4065,183,2,2025-04-18,2026-08-11,Diabetes
1968,590,244,11,2025-10-16,2026-05-17,Kidney Stones
1969,795,180,6,2026-04-06,2026-05-17,Kidney Stones
1970,4452,45,4,2026-05-23,2026-07-10,Pneumonia
1971,1143,223,18,2025-10-16,2026-07-02,Covid
1972,2585,220,18,2026-05-27,2026-07-29,Fracture
1973,2073,202,14,2025-06-16,2026-01-06,Diabetes
1974,866,7,17,2024-09-02,2026-07-03,Diabetes
1975,968,234,7,2025-04-21,2025-12-08,Covid
1976,805,83,16,2024-12-06,2025-10-26,Pneumonia
1977,701,148,9,2025-04-05,2025-08-06,Asthma
1978,2600,134,15,2025-10-31,2026-07-01,Asthma
1979,3313,21,19,2026-04-29,2026-05-25,Covid
1980,2812,74,2,2025-02-06,2026-03-24,Kidney Stones
1981,828,215,12,2026-06-14,2026-08-05,Asthma
1982,2315,213,14,2024-11-11,2025-11-15,Pneumonia
1983,2570,249,6,2025-02-12,2026-03-30,Pneumonia
1984,1615,146,3,2024-10-25,2026-01-02,Fracture
1985,811,73,7,2025-12-01,2026-04-07,Diabetes
1986,1174,207,10,2026-04-28,2026-05-20,Asthma
1987,2808,219,17,2026-01-26,2026-07-12,Kidney Stones
1988,3672,24,12,2025-01-11,2025-06-13,Covid
1989,1351,169,17,2025-09-08,2026-04-05,Cancer
1990,598,176,8,2024-10-02,2025-10-31,Pneumonia
1991,711,136,2,2024-12-10,2025-08-25,Kidney Stones
1992,4179,241,1,2025-09-30,2026-04-26,Fracture
1993,3452,36,2,2025-02-19,2025-08-19,Migraine
1994,1864,19,8,2025-02-23,2026-07-11,Cancer
1995,4073,46,14,2026-05-03,2026-07-05,Asthma
1996,3548,17,6,2026-06-29,2026-07-29,Diabetes
1997,2519,78,18,2025-11-25,2026-02-27,Diabetes
1998,950,48,20,2024-11-14,2025-11-26,Diabetes
1999,4301,182,16,2026-02-01,2026-05-12,Pneumonia
2000,1032,127,8,2025-02-15,2025-06-24,Hypertension
2001,1860,182,17,2026-05-28,2026-07-02,Cancer
2002,1784,110,7,2024-08-30,2025-06-08,Hypertension
2003,418,26,5,2026-02-28,2026-07-25,Hypertension
2004,1737,17,15,2026-06-13,2026-07-04,Hypertension
2005,3018,91,14,2024-11-22,2025-02-14,Hypertension
2006,3067,80,14,2026-03-22,2026-08-04,Diabetes
2007,3909,121,17,2024-09-19,2025-01-14,Hypertension
2008,1945,143,15,2026-05-06,2026-07-08,Diabetes
2009,3021,222,3,2025-07-01,2025-09-14,Cancer
2010,1322,220,10,2025-08-13,2026-02-26,Cancer
2011,3813,68,17,2026-04-27,2026-05-22,Diabetes
2012,2585,138,14,2026-01-14,2026-06-01,Fracture
2013,1235,3,6,2024-12-14,2025-12-21,Diabetes
2014,4944,69,18,2025-07-17,2025-08-17,Kidney Stones
2015,4707,29,5,2025-11-09,2025-12-21,Fracture
2016,3729,131,11,2026-07-01,2026-08-04,Covid
2017,569,172,11,2025-10-31,2026-03-24,Cancer
2018,635,222,4,2024-12-26,2026-06-09,Hypertension
2019,2709,185,3,2024-12-26,2025-12-14,Diabetes
2020,457,63,7,2025-12-11,2026-01-11,Stroke
2021,2632,230,14,2026-06-02,2026-06-07,Stroke
2022,2427,179,15,2024-12-23,2025-10-18,Kidney Stones
2023,1514,153,12,2026-02-13,2026-03-14,Pneumonia
2024,390,232,8,2026-07-27,2026-07-28,Hypertension
2025,958,101,6,2025-03-21,2026-02-25,Kidney Stones
2026,783,33,20,2026-02-08,2026-07-29,Fracture
2027,1547,167,16,2025-07-24,2026-04-14,Migraine
2028,4957,7,15,2025-01-10,2026-06-23,Pneumonia
2029,4388,49,15,2026-01-17,2026-04-26,Fracture
2030,2479,124,17,2025-08-08,2025-09-21,Stroke
2031,1801,203,20,2025-11-24,2026-06-16,Cancer
2032,2423,11,10,2025-05-13,2025-06-16,Diabetes
2033,1203,228,8,2026-02-20,2026-04-05,Fracture
2034,1325,68,7,2025-07-10,2025-09-20,Pneumonia
2035,2815,229,8,2025-10-14,2025-10-17,Stroke
2036,3905,137,19,2025-06-13,2025-09-03,Kidney Stones
2037,4499,92,9,2025-09-10,2025-10-23,Cancer
2038,1853,1,13,2025-03-27,2025-04-12,Stroke
2039,3074,173,17,2026-01-28,2026-07-30,Diabetes
2040,3384,38,1,2025-06-16,2025-07-13,Cancer
2041,4371,88,1,2025-02-07,2025-05-30,Cancer
2042,4984,119,6,2025-09-06,2026-07-13,Migraine
2043,4982,35,14,2025-05-28,2026-08-07,Asthma
2044,2894,158,14,2025-07-01,2025-11-06,Covid
2045,2381,96,9,2025-08-09,2026-07-06,Diabetes
2046,3754,240,16,2024-12-19,2026-06-25,Diabetes
2047,4243,113,5,2025-11-08,2026-02-28,Fracture
2048,2930,140,7,2025-10-25,2026-05-11,Pneumonia
2049,1997,123,7,2026-07-15,2026-07-24,Stroke
2050,2555,221,17,2024-10-04,2026-02-12,Migraine
2051,253,169,1,2025-04-08,2026-01-11,Fracture
2052,3938,82,2,2024-11-20,2026-02-16,Asthma
2053,1630,57,15,2025-09-24,2026-04-13,Hypertension
2054,4220,31,15,2025-06-23,2026-02-06,Fracture
2055,2476,24,16,2024-09-06,2025-03-20,Cancer
2056,46,220,11,2025-03-29,2025-06-13,Pneumonia
2057,4640,84,20,2025-07-23,2025-12-12,Stroke
2058,2083,68,12,2025-10-20,2026-05-04,Fracture
2059,3181,16,11,2024-12-01,2026-05-30,Migraine
2060,1598,215,18,2025-02-12,2025-02-17,Diabetes
2061,4735,44,7,2024-09-26,2025-09-09,Migraine
2062,3947,33,4,2025-02-01,2026-01-25,Kidney Stones
2063,4295,129,9,2025-08-26,2025-12-20,Kidney Stones
2064,1312,26,16,2024-12-15,2026-07-10,Fracture
2065,2443,167,2,2025-10-29,2026-07-13,Covid
2066,3712,195,14,2026-01-07,2026-08-07,Hypertension
2067,4927,26,3,2025-08-09,2025-08-11,Kidney Stones
2068,321,71,4,2025-03-21,2026-08-13,Migraine
2069,4258,232,13,2026-07-29,2026-08-12,Pneumonia
2070,2243,225,1,2025-03-03,2025-09-21,Hypertension
2071,473,156,18,2026-05-20,2026-07-11,Cancer
2072,3648,65,9,2026-07-18,2026-07-22,Cancer
2073,4932,174,2,2025-11-14,2026-03-15,Migraine
2074,2517,33,3,2025-06-15,2026-05-11,Kidney Stones
2075,1267,130,16,2025-05-24,2026-05-13,Pneumonia
2076,1970,14,9,2024-12-15,2025-03-04,Hypertension
2077,4113,167,12,2026-07-26,2026-08-14,Migraine
2078,256,201,7,2025-07-04,2026-02-04,Kidney Stones
2079,3381,13,11,2024-10-26,2025-03-26,Fracture
2080,867,243,11,2025-01-19,2025-03-31,Stroke
2081,3840,100,18,2025-06-17,2026-05-22,Stroke
2082,1333,236,14,2024-12-13,2026-01-12,Stroke
2083,344,241,20,2026-02-16,2026-04-20,Migraine
2084,2660,244,5,2024-08-18,2025-09-13,Asthma
2085,843,104,18,2025-05-18,2026-07-05,Migraine
2086,4950,130,6,2025-09-07,2026-02-08,Pneumonia
2087,2281,90,20,2026-03-26,2026-06-01,Hypertension
2088,2642,94,8,2026-04-08,2026-06-09,Fracture
2089,2831,78,3,2025-06-10,2025-07-25,Pneumonia
2090,4876,126,13,2025-02-04,2025-03-30,Hypertension
2091,1132,30,6,2024-09-02,2025-01-18,Stroke
2092,722,186,20,2024-12-10,2026-07-13,Kidney Stones
2093,3161,238,7,2024-10-14,2025-11-10,Kidney Stones
2094,3507,112,12,2026-04-29,2026-05-08,Cancer
2095,2752,155,4,2025-05-30,2025-08-27,Stroke
2096,1795,160,14,2024-11-17,2025-01-13,Cancer
2097,3268,42,16,2024-12-30,2025-04-24,Migraine
2098,4044,181,12,2025-09-14,2026-01-03,Migraine
2099,2497,140,9,2026-02-12,2026-07-23,Pneumonia
2100,1165,196,7,2025-05-05,2025-11-25,Cancer
2101,2567,36,8,2025-04-11,2026-07-19,Stroke
2102,4196,217,19,2025-06-22,2025-09-10,Hypertension
2103,1488,222,13,2025-07-11,2026-08-08,Covid
2104,1580,215,10,2026-06-18,2026-06-27,Fracture
2105,4989,9,3,2026-02-18,2026-04-17,Pneumonia
2106,3835,106,3,2026-02-05,2026-03-16,Kidney Stones
2107,784,163,14,2026-03-25,2026-07-22,Cancer
2108,744,57,19,2024-11-25,2026-01-21,Covid
2109,4841,135,18,2026-08-06,2026-08-10,Hypertension
2110,1262,214,13,2026-07-17,2026-08-02,Covid
2111,319,36,11,2024-11-14,2026-06-03,Diabetes
2112,3278,171,20,2025-09-26,2026-06-06,Migraine
2113,359,99,14,2024-12-13,2025-03-22,Diabetes
2114,1573,28,19,2025-08-23,2026-07-20,Hypertension
2115,4315,119,5,2026-01-04,2026-03-16,Migraine
2116,3925,90,8,2026-07-04,2026-07-05,Fracture
2117,1195,155,14,2024-09-24,2025-09-14,Asthma
2118,2068,105,13,2025-04-25,2026-05-12,Covid
2119,4583,215,13,2026-01-16,2026-03-09,Diabetes
2120,1946,243,8,2026-01-24,2026-04-18,Covid
2121,4648,48,9,2025-09-30,2026-01-06,Stroke
2122,777,60,13,2025-11-27,2026-03-30,Migraine
2123,2137,147,12,2025-01-07,2025-02-22,Cancer
2124,2357,16,9,2025-10-28,2026-06-17,Hypertension
2125,1807,115,2,2025-01-05,2025-02-28,Diabetes
2126,849,206,16,2025-02-10,2026-03-14,Cancer
2127,3706,37,14,2024-10-12,2025-04-02,Pneumonia
2128,1583,86,15,2025-01-29,2025-10-16,Covid
2129,4285,49,18,2025-01-30,2026-06-10,Covid
2130,4535,127,18,2025-12-11,2025-12-28,Pneumonia
2131,1977,248,3,2025-12-09,2026-06-22,Migraine
2132,3933,187,13,2025-05-31,2025-06-24,Fracture
2133,2344,244,2,2025-05-10,2025-12-09,Covid
2134,1226,104,16,2026-08-02,2026-08-06,Asthma
2135,3843,95,9,2025-04-28,2026-03-29,Kidney Stones
2136,3733,123,6,2026-04-03,2026-08-01,Fracture
2137,2022,210,5,2025-11-08,2026-05-18,Kidney Stones
2138,488,40,18,2025-03-07,2026-02-23,Pneumonia
2139,347,145,11,2025-12-20,2026-08-02,Diabetes
2140,2565,100,12,2026-01-16,2026-06-07,Stroke
2141,958,240,7,2026-03-10,2026-07-10,Asthma
2142,3845,124,12,2025-11-13,2026-07-21,Pneumonia
2143,1668,221,11,2025-06-10,2025-06-30,Asthma
2144,150,117,15,2024-11-08,2025-07-08,Diabetes
2145,4522,78,16,2026-01-23,2026-06-16,Stroke
2146,3301,116,12,2024-11-30,2026-03-07,Hypertension
2147,441,43,2,2025-12-24,2026-07-16,Stroke
2148,2059,208,5,2025-03-13,2026-08-06,Asthma
2149,236,234,15,2025-12-16,2026-02-22,Covid
2150,3793,249,1,2026-05-27,2026-06-25,Covid
2151,1699,212,2,2025-07-13,2026-07-09,Cancer
2152,1879,80,3,2026-03-21,2026-07-23,Pneumonia
2153,4631,221,17,2025-06-15,2026-06-26,Migraine
2154,2317,96,7,2026-07-04,2026-07-04,Kidney Stones
2155,1235,13,2,2024-09-18,2025-03-02,Fracture
2156,2150,32,6,2025-10-19,2026-01-25,Pneumonia
2157,1776,21,9,2025-09-18,2026-07-31,Stroke
2158,4803,189,7,2026-02-24,2026-08-14,Fracture
2159,849,157,9,2025-06-28,2026-03-03,Pneumonia
2160,3775,16,6,2025-03-31,2025-08-21,Kidney Stones
2161,1536,227,2,2026-07-23,2026-08-06,Asthma
2162,2935,65,3,2025-03-03,2025-09-15,Kidney Stones
2163,2056,10,17,2026-03-09,2026-05-30,Asthma
2164,1516,110,20,2025-11-27,2026-05-19,Hypertension
2165,404,56,10,2025-12-05,2026-03-14,Pneumonia
2166,589,225,15,2025-04-15,2025-07-29,Asthma
2167,3212,93,6,2026-06-09,2026-06-09,Migraine
2168,4348,215,20,2025-12-28,2026-01-20,Fracture
2169,3432,6,8,2024-09-14,2026-08-10,Fracture
2170,1204,184,16,2024-11-04,2026-02-28,Pneumonia
2171,367,224,4,2026-01-11,2026-01-29,Asthma
2172,15,235,19,2026-02-25,2026-03-03,Fracture
2173,316,143,12,2026-07-03,2026-08-06,Pneumonia
2174,2305,46,8,2025-03-07,2026-07-09,Fracture
2175,1577,186,4,2024-11-14,2025-02-28,Pneumonia
2176,560,54,18,2024-10-25,2025-12-13,Pneumonia
2177,125,153,12,2026-03-02,2026-06-06,Stroke
2178,981,183,15,2025-06-24,2025-09-29,Hypertension
2179,2021,217,4,2024-12-21,2025-03-22,Hypertension
2180,3324,211,7,2025-10-05,2025-11-21,Migraine
2181,1217,158,5,2024-11-27,2025-07-05,Pneumonia
2182,1767,28,5,2025-07-06,2026-01-23,Pneumonia
2183,1305,68,9,2025-07-08,2026-01-26,Fracture
2184,922,37,12,2026-05-26,2026-05-30,Cancer
2185,4209,146,20,2025-02-07,2026-01-08,Diabetes
2186,4521,170,17,2025-10-29,2026-02-01,Cancer
2187,4057,88,4,2025-07-07,2026-08-08,Diabetes
2188,2648,27,10,2025-04-20,2025-08-23,Pneumonia
2189,516,121,15,2026-02-09,2026-03-06,Stroke
2190,4510,198,18,2025-06-23,2026-06-14,Hypertension
2191,4685,36,10,2024-09-27,2025-02-04,Pneumonia
2192,1885,116,2,2026-01-13,2026-05-20,Migraine
2193,27,97,7,2025-05-12,2026-03-23,Asthma
2194,3913,48,2,2026-06-09,2026-07-01,Asthma
2195,4701,11,3,2025-08-02,2026-06-30,Hypertension
2196,3628,90,7,2024-09-27,2024-12-06,Migraine
2197,2495,169,7,2024-09-22,2025-02-09,Migraine
2198,1090,205,19,2025-09-30,2026-08-14,Asthma
2199,1230,38,5,2025-10-07,2026-01-05,Asthma
2200,3996,205,8,2025-05-27,2026-04-15,Covid
2201,1440,173,17,2025-05-31,2026-06-08,Diabetes
2202,3507,234,3,2025-01-18,2026-02-26,Migraine
2203,1186,247,10,2025-07-18,2026-07-31,Stroke
2204,4600,55,12,2025-02-07,2025-05-11,Diabetes
2205,2998,45,7,2024-12-08,2026-01-02,Stroke
2206,1184,193,5,2025-07-29,2025-10-19,Covid
2207,741,91,14,2024-11-08,2026-06-21,Covid
2208,115,17,3,2025-07-20,2025-08-08,Fracture
2209,2618,148,5,2025-09-22,2026-01-12,Cancer
2210,1297,45,9,2024-11-02,2026-06-28,Cancer
2211,1528,55,8,2025-01-30,2025-06-16,Fracture
2212,2280,13,16,2025-04-22,2025-10-12,Fracture
2213,3883,20,13,2026-06-03,2026-08-12,Diabetes
2214,3939,37,1,2024-09-26,2025-09-11,Stroke
2215,4985,69,16,2026-01-31,2026-04-25,Covid
2216,167,221,18,2026-02-27,2026-08-08,Stroke
2217,3924,183,3,2026-01-27,2026-07-20,Kidney Stones
2218,4074,179,4,2026-04-12,2026-07-02,Covid
2219,3314,91,18,2025-06-14,2025-07-29,Diabetes
2220,4514,24,18,2024-11-25,2025-04-09,Diabetes
2221,668,180,9,2024-11-23,2025-12-28,Stroke
2222,4293,150,4,2026-03-04,2026-04-12,Diabetes
2223,265,223,18,2025-01-16,2026-03-17,Kidney Stones
2224,1947,231,12,2025-04-11,2025-08-12,Asthma
2225,4804,180,8,2026-06-26,2026-08-09,Stroke
2226,1395,115,2,2025-05-17,2026-01-29,Diabetes
2227,4896,169,13,2025-06-18,2026-03-04,Migraine
2228,816,93,10,2025-06-11,2025-11-25,Diabetes
2229,256,63,12,2025-12-24,2026-03-02,Pneumonia
2230,2115,133,14,2025-12-29,2026-03-01,Migraine
2231,47,229,1,2024-10-01,2026-07-01,Migraine
2232,3346,66,13,2026-01-24,2026-03-24,Covid
2233,2582,147,17,2026-05-26,2026-06-02,Pneumonia
2234,4416,206,16,2024-12-25,2026-07-01,Cancer
2235,883,15,10,2024-11-30,2025-04-07,Diabetes
2236,2236,208,16,2024-09-29,2025-02-14,Cancer
2237,21,22,14,2025-10-02,2026-07-12,Hypertension
2238,624,143,18,2025-03-30,2025-05-06,Migraine
2239,3738,51,19,2026-07-31,2026-08-12,Pneumonia
2240,3332,15,2,2025-12-22,2026-05-09,Fracture
2241,729,98,4,2025-06-20,2025-08-28,Asthma
2242,1798,200,11,2025-09-23,2026-06-16,Migraine
2243,2134,45,19,2024-09-20,2025-06-25,Hypertension
2244,4149,231,11,2026-04-28,2026-06-19,Kidney Stones
2245,3239,56,13,2025-06-05,2026-07-27,Migraine
2246,3622,208,17,2024-08-12,2025-05-06,Covid
2247,1455,89,10,2026-04-12,2026-07-15,Kidney Stones
2248,743,130,2,2026-07-06,2026-08-10,Hypertension
2249,641,165,14,2025-01-22,2025-03-18,Hypertension
2250,3844,195,13,2026-07-01,2026-08-07,Diabetes
2251,4281,12,16,2024-09-09,2024-10-08,Kidney Stones
2252,1554,166,5,2024-11-23,2026-08-12,Cancer
2253,3167,117,3,2024-08-10,2024-11-30,Hypertension
2254,1746,139,19,2026-05-18,2026-07-10,Asthma
2255,4411,243,13,2025-06-22,2025-07-03,Fracture
2256,1384,80,16,2025-12-27,2026-06-18,Diabetes
2257,2685,167,8,2026-08-03,2026-08-16,Fracture
2258,521,99,20,2026-06-25,2026-07-12,Stroke
2259,1765,168,10,2024-08-25,2025-02-15,Stroke
2260,3928,219,8,2025-10-03,2025-11-29,Covid
2261,2682,202,20,2025-08-11,2025-11-14,Fracture
2262,4738,99,17,2025-12-18,2026-05-24,Pneumonia
2263,2472,177,14,2024-10-09,2025-06-30,Pneumonia
2264,3751,137,14,2026-07-12,2026-07-23,Cancer
2265,65,20,7,2025-07-21,2026-06-13,Cancer
2266,2609,212,5,2024-12-21,2025-10-28,Migraine
2267,2717,182,15,2025-11-27,2025-12-08,Fracture
2268,191,208,11,2025-03-03,2026-01-17,Diabetes
2269,4982,196,8,2025-10-06,2026-07-30,Stroke
2270,1275,43,6,2024-10-02,2024-12-09,Kidney Stones
2271,3759,108,15,2025-09-23,2025-12-06,Pneumonia
2272,3174,124,8,2025-04-23,2025-12-20,Diabetes
2273,1469,62,9,2025-01-19,2025-02-16,Migraine
2274,4655,229,19,2025-09-30,2026-02-21,Asthma
2275,1313,137,5,2025-06-10,2026-08-07,Fracture
2276,291,195,12,2026-07-05,2026-07-20,Migraine
2277,3314,232,6,2024-09-10,2025-11-01,Covid
2278,731,66,2,2026-01-19,2026-07-07,Covid
2279,449,222,15,2026-03-29,2026-06-23,Pneumonia
2280,3956,57,1,2025-07-20,2026-03-20,Cancer
2281,2861,111,7,2024-08-18,2024-09-22,Hypertension
2282,4606,163,13,2026-05-12,2026-06-17,Kidney Stones
2283,2405,188,2,2026-01-18,2026-03-12,Covid
2284,396,86,1,2025-11-08,2026-04-16,Hypertension
2285,3161,76,7,2026-04-03,2026-04-29,Migraine
2286,56,88,2,2025-07-20,2025-08-08,Diabetes
2287,2351,81,14,2025-10-28,2026-06-03,Covid
2288,286,93,1,2026-01-20,2026-06-01,Cancer
2289,3272,205,16,2025-05-29,2025-11-09,Hypertension
2290,2125,81,15,2026-04-02,2026-05-02,Migraine
2291,3478,110,13,2024-09-12,2025-07-27,Asthma
2292,1876,58,2,2024-08-14,2024-10-28,Hypertension
2293,478,142,15,2026-02-04,2026-04-07,Pneumonia
2294,2113,177,20,2025-12-05,2026-06-25,Kidney Stones
2295,1428,68,15,2025-03-22,2026-04-18,Diabetes
2296,2579,192,12,2026-06-17,2026-07-19,Covid
2297,1288,97,4,2026-04-10,2026-05-03,Migraine
2298,961,103,8,2024-08-30,2026-03-03,Asthma
2299,803,127,8,2025-07-16,2025-08-30,Diabetes
2300,2328,161,14,2024-12-21,2026-05-08,Stroke
2301,3613,96,20,2026-01-06,2026-03-23,Cancer
2302,1193,58,6,2024-08-30,2026-08-16,Pneumonia
2303,3253,44,20,2025-04-12,2026-04-10,Covid
2304,780,167,10,2025-04-17,2026-02-23,Asthma
2305,1792,219,8,2026-07-11,2026-07-26,Stroke
2306,258,64,2,2026-08-01,2026-08-05,Hypertension
2307,2777,239,5,2024-09-08,2025-06-13,Covid
2308,1669,49,3,2025-07-09,2025-07-17,Stroke
2309,3349,32,19,2024-12-18,2025-11-16,Covid
2310,279,25,6,2025-09-20,2026-04-01,Migraine
2311,797,17,1,2025-09-30,2026-07-29,Hypertension
2312,4188,76,2,2025-06-09,2026-06-30,Pneumonia
2313,4381,137,20,2025-08-06,2026-07-14,Stroke
2314,500,124,3,2026-07-29,2026-08-01,Cancer
2315,1595,237,13,2024-11-24,2025-03-05,Asthma
2316,788,179,13,2025-07-11,2025-10-01,Diabetes
2317,1296,165,9,2026-07-30,2026-08-13,Migraine
2318,1244,6,12,2025-12-31,2026-06-10,Pneumonia
2319,3544,39,13,2026-04-17,2026-06-26,Kidney Stones
2320,3473,173,15,2026-02-05,2026-05-30,Covid
2321,3601,113,6,2026-01-11,2026-03-25,Diabetes
2322,3644,27,1,2025-01-26,2026-07-12,Stroke
2323,3370,154,6,2026-04-05,2026-06-18,Hypertension
2324,4581,35,9,2025-03-11,2026-04-30,Covid
2325,2483,10,1,2024-09-07,2025-10-05,Hypertension
2326,4715,236,16,2025-09-13,2026-07-03,Stroke
2327,4004,153,3,2025-10-26,2025-12-23,Migraine
2328,2097,24,20,2025-12-26,2025-12-31,Fracture
2329,3473,106,2,2025-10-27,2026-01-16,Cancer
2330,2327,125,7,2026-07-11,2026-07-24,Fracture
2331,710,24,1,2025-09-16,2026-03-02,Fracture
2332,1146,206,11,2025-11-22,2026-07-04,Fracture
2333,32,18,4,2025-09-16,2026-02-04,Stroke
2334,4202,87,10,2024-11-19,2025-01-22,Covid
2335,192,207,8,2025-10-14,2025-12-14,Diabetes
2336,3542,107,4,2025-09-17,2026-03-31,Cancer
2337,2320,158,4,2025-05-26,2026-07-03,Covid
2338,4551,184,5,2025-11-26,2026-05-23,Asthma
2339,2400,193,1,2026-06-28,2026-08-02,Migraine
2340,1761,234,15,2024-08-06,2024-12-10,Diabetes
2341,2793,129,6,2025-03-10,2026-03-08,Asthma
2342,396,219,5,2025-06-08,2025-07-03,Cancer
2343,1889,56,12,2026-02-06,2026-06-04,Migraine
2344,4032,209,13,2026-07-24,2026-07-24,Kidney Stones
2345,3693,154,14,2025-09-23,2025-11-23,Asthma
2346,3491,27,17,2025-01-19,2026-03-22,Stroke
2347,3378,176,14,2025-05-07,2025-09-28,Hypertension
2348,3075,102,19,2024-12-01,2025-02-24,Stroke
2349,2319,129,12,2025-01-24,2026-01-20,Diabetes
2350,2598,112,11,2025-04-25,2025-07-09,Hypertension
2351,858,17,2,2024-10-16,2025-06-18,Covid
2352,4615,46,12,2025-02-05,2025-11-03,Covid
2353,36,27,6,2025-08-17,2026-07-27,Stroke
2354,3331,170,20,2025-05-12,2026-02-18,Diabetes
2355,1080,57,13,2025-08-23,2025-10-03,Covid
2356,1706,105,1,2024-10-23,2024-11-16,Fracture
2357,3993,112,3,2025-05-12,2025-06-30,Kidney Stones
2358,1428,40,12,2025-10-22,2026-03-29,Cancer
2359,83,188,7,2025-04-20,2025-05-01,Fracture
2360,3180,100,6,2025-12-13,2026-02-07,Stroke
2361,1383,217,6,2025-01-30,2025-04-27,Fracture
2362,3866,224,14,2025-04-09,2025-05-13,Pneumonia
2363,4547,195,19,2026-07-12,2026-08-05,Stroke
2364,912,225,17,2025-05-21,2026-04-18,Kidney Stones
2365,4422,194,20,2025-01-23,2025-06-23,Diabetes
2366,2304,212,8,2024-08-21,2025-03-09,Kidney Stones
2367,3814,98,2,2025-08-01,2026-06-02,Hypertension
2368,2688,93,9,2026-07-02,2026-07-04,Covid
2369,2863,235,13,2025-06-28,2025-07-13,Stroke
2370,4350,111,16,2026-05-18,2026-08-16,Fracture
2371,1539,27,14,2024-08-24,2025-09-08,Migraine
2372,1723,240,8,2024-10-29,2026-07-23,Hypertension
2373,3106,110,1,2025-01-05,2026-06-30,Asthma
2374,4054,181,12,2025-06-15,2026-03-30,Fracture
2375,814,213,13,2025-06-01,2025-12-26,Pneumonia
2376,4306,167,20,2025-06-11,2025-12-20,Hypertension
2377,3519,195,11,2025-12-22,2026-08-02,Covid
2378,800,118,16,2026-01-04,2026-03-29,Fracture
2379,4448,212,15,2026-05-31,2026-07-21,Stroke
2380,3443,89,3,2026-06-27,2026-07-17,Pneumonia
2381,955,227,16,2024-09-27,2026-06-23,Stroke
2382,4860,138,20,2025-12-18,2026-03-05,Diabetes
2383,1422,105,6,2024-11-04,2025-09-20,Fracture
2384,3275,96,7,2025-11-17,2026-02-10,Fracture
2385,2764,112,14,2026-04-15,2026-06-29,Migraine
2386,384,55,13,2026-02-08,2026-05-27,Pneumonia
2387,1827,240,2,2026-03-22,2026-05-22,Pneumonia
2388,4434,225,15,2026-08-01,2026-08-11,Stroke
2389,4654,29,16,2026-06-06,2026-07-22,Covid
2390,2433,168,10,2024-11-23,2025-03-05,Cancer
2391,4126,85,8,2025-05-22,2025-08-26,Asthma
2392,2532,16,12,2025-02-06,2025-10-25,Fracture
2393,4626,129,10,2025-02-20,2026-01-12,Cancer
2394,4911,124,1,2025-07-02,2026-04-27,Cancer
2395,4375,150,4,2024-11-13,2025-01-25,Asthma
2396,338,171,2,2025-09-18,2025-09-20,Fracture
2397,1798,150,7,2025-05-07,2025-09-02,Asthma
2398,731,199,8,2025-05-10,2025-06-13,Kidney Stones
2399,452,120,15,2025-12-22,2026-05-24,Asthma
2400,2476,210,6,2025-01-09,2025-09-24,Pneumonia
2401,1675,225,7,2026-05-15,2026-07-28,Kidney Stones
2402,3189,105,4,2025-09-20,2026-04-19,Stroke
2403,1101,26,17,2024-11-21,2025-02-05,Diabetes
2404,3282,111,11,2025-06-29,2025-07-27,Covid
2405,1035,172,8,2025-06-20,2026-02-12,Covid
2406,4525,4,8,2025-12-20,2026-05-13,Cancer
2407,546,137,16,2024-12-02,2026-04-30,Pneumonia
2408,3571,105,15,2024-09-11,2025-01-22,Covid
2409,2454,57,12,2025-06-27,2025-11-04,Stroke
2410,1404,152,8,2025-07-08,2026-03-06,Asthma
2411,4036,174,13,2025-05-25,2026-06-15,Cancer
2412,2501,93,3,2025-10-04,2025-10-22,Hypertension
2413,3590,91,17,2025-12-30,2026-04-22,Fracture
2414,320,150,9,2026-08-03,2026-08-09,Pneumonia
2415,1996,58,1,2025-03-08,2026-08-09,Kidney Stones
2416,1352,100,18,2026-07-21,2026-08-15,Pneumonia
2417,1483,165,14,2026-02-16,2026-04-12,Hypertension
2418,185,30,17,2025-05-22,2026-06-22,Pneumonia
2419,1192,177,6,2025-04-16,2026-02-27,Cancer
2420,2960,121,1,2024-11-26,2025-03-10,Covid
2421,1413,207,1,2026-04-20,2026-04-28,Covid
2422,3311,88,20,2025-04-29,2025-09-30,Hypertension
2423,3156,138,11,2024-11-23,2025-05-10,Asthma
2424,2641,40,11,2025-08-03,2026-02-01,Asthma
2425,2661,94,7,2026-01-02,2026-07-05,Cancer
2426,4950,45,4,2024-10-15,2025-03-09,Diabetes
2427,1494,168,9,2025-01-05,2025-01-10,Hypertension
2428,2467,50,4,2026-02-01,2026-08-15,Pneumonia
2429,3272,46,3,2025-04-20,2026-07-20,Hypertension
2430,2638,64,8,2026-06-20,2026-08-13,Fracture
2431,90,48,12,2025-12-19,2026-03-29,Cancer
2432,3734,108,13,2025-02-22,2025-07-10,Asthma
2433,2359,113,12,2026-06-17,2026-07-01,Asthma
2434,2438,64,9,2025-02-12,2025-04-25,Stroke
2435,2403,50,8,2025-01-24,2025-10-15,Asthma
2436,3186,78,9,2024-11-14,2025-07-04,Cancer
2437,4288,247,20,2024-10-21,2025-06-28,Fracture
2438,4424,19,5,2025-10-04,2025-12-30,Stroke
2439,523,66,20,2025-07-01,2026-02-28,Diabetes
2440,4090,15,2,2026-04-11,2026-04-16,Migraine
2441,3502,204,2,2025-09-28,2026-04-27,Kidney Stones
2442,2468,104,6,2026-02-04,2026-02-25,Migraine
2443,2901,133,14,2025-03-27,2026-01-24,Covid
2444,2155,117,3,2024-11-21,2025-04-03,Hypertension
2445,2624,79,1,2025-03-10,2025-12-01,Kidney Stones
2446,3315,233,7,2024-12-11,2025-04-24,Kidney Stones
2447,3856,45,17,2024-11-22,2025-02-22,Migraine
2448,999,102,5,2025-05-01,2025-06-01,Fracture
2449,3647,12,1,2025-02-19,2025-04-21,Hypertension
2450,4601,179,5,2025-02-06,2026-04-07,Stroke
2451,1702,138,5,2024-11-20,2026-03-18,Diabetes
2452,841,127,14,2024-08-08,2024-11-22,Covid
2453,438,207,16,2025-03-14,2026-04-16,Asthma
2454,283,112,16,2024-12-30,2026-05-08,Kidney Stones
2455,837,109,1,2024-09-14,2024-10-15,Covid
2456,2520,30,2,2026-06-05,2026-06-26,Fracture
2457,1325,98,2,2025-10-19,2026-08-03,Pneumonia
2458,4839,137,11,2025-11-17,2026-06-04,Stroke
2459,2275,61,4,2024-12-21,2025-11-17,Hypertension
2460,3314,138,1,2025-12-01,2026-06-12,Asthma
2461,173,241,9,2025-04-20,2026-04-17,Kidney Stones
2462,3202,231,16,2025-06-21,2026-04-27,Hypertension
2463,4869,11,7,2024-11-16,2025-11-27,Covid
2464,4767,206,3,2025-12-29,2026-05-03,Stroke
2465,4776,116,14,2026-01-16,2026-04-19,Diabetes
2466,1775,211,4,2026-03-15,2026-08-02,Asthma
2467,4212,92,4,2026-07-31,2026-08-11,Hypertension
2468,1085,144,6,2025-01-24,2026-04-17,Asthma
2469,2720,119,19,2025-05-10,2026-01-08,Hypertension
2470,2341,224,3,2025-06-17,2025-09-12,Stroke
2471,2801,233,18,2025-01-19,2025-11-05,Covid
2472,2432,204,10,2026-03-10,2026-05-12,Pneumonia
2473,1312,236,1,2025-07-29,2025-08-31,Diabetes
2474,202,15,15,2026-05-08,2026-07-19,Pneumonia
2475,45,143,14,2025-05-15,2025-11-18,Covid
2476,4610,97,6,2026-03-16,2026-08-16,Covid
2477,345,250,10,2026-02-22,2026-05-18,Cancer
2478,2884,127,7,2025-08-09,2026-05-10,Stroke
2479,4462,54,15,2025-02-05,2025-07-11,Pneumonia
2480,954,240,1,2025-09-26,2025-11-24,Covid
2481,3511,101,14,2026-07-20,2026-08-08,Migraine
2482,4630,82,4,2025-02-04,2025-09-14,Migraine
2483,1208,242,9,2026-08-02,2026-08-10,Cancer
2484,952,213,14,2025-11-03,2025-11-24,Stroke
2485,4432,25,3,2024-09-22,2025-11-02,Fracture
2486,1573,18,2,2025-08-25,2026-02-08,Fracture
2487,4070,206,15,2026-01-10,2026-08-06,Fracture
2488,1622,197,19,2026-03-10,2026-03-12,Pneumonia
2489,1917,7,14,2025-07-15,2026-07-10,Migraine
2490,667,51,18,2024-11-30,2026-04-27,Hypertension
2491,2769,222,4,2025-01-24,2025-02-28,Hypertension
2492,1943,233,3,2025-03-07,2025-07-06,Asthma
2493,3205,90,20,2025-01-09,2025-10-08,Fracture
2494,2097,119,9,2025-07-25,2026-01-30,Fracture
2495,1892,40,15,2025-11-16,2026-04-14,Migraine
2496,1844,67,17,2026-03-19,2026-04-04,Pneumonia
2497,1951,182,1,2026-06-23,2026-06-28,Covid
2498,1830,11,17,2026-07-26,2026-08-02,Hypertension
2499,3297,208,18,2026-06-22,2026-07-12,Cancer
2500,4229,55,18,2025-05-01,2025-07-17,Cancer
2501,209,145,13,2026-05-08,2026-07-30,Asthma
2502,1794,232,20,2025-06-12,2026-01-30,Migraine
2503,3276,103,10,2025-03-15,2026-06-28,Kidney Stones
2504,4671,197,14,2025-12-05,2026-06-30,Diabetes
2505,3996,248,16,2025-01-27,2025-12-10,Asthma
2506,1192,142,18,2026-05-18,2026-08-08,Covid
2507,2834,231,12,2025-12-11,2026-05-14,Pneumonia
2508,1124,68,10,2025-04-17,2025-07-03,Stroke
2509,1962,11,5,2024-11-23,2025-06-21,Fracture
2510,274,5,20,2024-10-08,2025-12-31,Pneumonia
2511,4499,178,14,2024-10-23,2025-11-20,Pneumonia
2512,664,109,18,2025-06-28,2026-06-10,Covid
2513,69,91,3,2024-11-14,2024-11-19,Kidney Stones
2514,3402,156,4,2024-09-08,2024-12-28,Asthma
2515,4704,109,17,2025-02-19,2026-04-13,Covid
2516,3007,221,17,2024-08-12,2025-08-20,Covid
2517,361,250,12,2024-08-28,2026-06-04,Fracture
2518,1081,39,6,2026-01-20,2026-04-16,Covid
2519,4061,147,12,2025-03-07,2026-05-03,Fracture
2520,3182,79,18,2025-12-08,2025-12-22,Kidney Stones
2521,1501,29,2,2026-04-23,2026-06-25,Asthma
2522,2616,171,14,2026-07-27,2026-07-28,Asthma
2523,1290,29,14,2025-09-24,2025-10-07,Stroke
2524,93,7,6,2025-04-21,2025-10-02,Stroke
2525,621,249,11,2026-01-18,2026-08-07,Asthma
2526,2389,52,2,2024-10-03,2025-06-16,Fracture
2527,1111,120,4,2026-04-01,2026-07-13,Asthma
2528,3638,21,1,2025-05-21,2026-06-21,Kidney Stones
2529,1860,33,9,2026-07-07,2026-07-24,Diabetes
2530,2090,110,8,2024-08-27,2025-10-17,Kidney Stones
2531,1368,217,2,2026-02-16,2026-03-11,Cancer
2532,3368,176,19,2025-06-10,2026-07-14,Covid
2533,2027,93,16,2025-07-20,2026-05-27,Migraine
2534,4802,13,13,2025-10-27,2026-08-08,Migraine
2535,4415,228,17,2026-05-09,2026-05-13,Migraine
2536,1714,70,5,2024-09-27,2026-05-08,Pneumonia
2537,1332,119,4,2024-09-01,2025-12-29,Fracture
2538,1727,127,12,2026-02-28,2026-04-24,Cancer
2539,1881,115,1,2024-11-25,2024-12-13,Kidney Stones
2540,301,98,12,2024-12-06,2025-02-06,Fracture
2541,1154,76,4,2026-06-15,2026-07-12,Migraine
2542,1799,167,1,2026-01-26,2026-08-08,Stroke
2543,2007,17,3,2024-11-27,2026-01-04,Fracture
2544,4660,247,3,2024-11-26,2025-03-06,Cancer
2545,2640,224,3,2026-03-22,2026-07-13,Stroke
2546,273,98,6,2024-09-20,2025-09-22,Migraine
2547,1189,71,13,2025-09-07,2026-01-25,Cancer
2548,4546,171,19,2025-12-21,2026-05-16,Kidney Stones
2549,4646,13,19,2024-10-28,2025-08-09,Diabetes
2550,4510,154,8,2025-10-16,2026-04-19,Fracture
2551,4323,179,20,2026-07-22,2026-08-06,Diabetes
2552,3635,95,18,2025-03-02,2025-11-26,Kidney Stones
2553,3320,155,7,2024-12-06,2025-04-02,Asthma
2554,3853,222,14,2025-06-18,2025-10-09,Stroke
2555,1771,236,8,2026-01-20,2026-03-17,Asthma
2556,4701,108,16,2025-02-20,2025-06-14,Stroke
2557,4962,19,17,2024-10-07,2025-10-26,Fracture
2558,1835,242,15,2025-07-03,2025-07-14,Cancer
2559,851,116,13,2026-04-12,2026-05-15,Asthma
2560,3907,115,19,2025-01-30,2025-05-15,Asthma
2561,3031,105,7,2026-02-27,2026-04-05,Pneumonia
2562,4597,180,9,2026-06-14,2026-08-05,Diabetes
2563,4404,172,18,2024-08-18,2024-10-18,Covid
2564,123,88,7,2026-01-22,2026-02-14,Kidney Stones
2565,3054,152,5,2025-11-23,2026-04-03,Fracture
2566,1963,162,10,2025-08-22,2026-04-23,Hypertension
2567,1777,179,7,2025-01-19,2025-08-31,Migraine
2568,1859,136,11,2025-09-22,2026-04-03,Asthma
2569,2845,124,17,2025-03-27,2026-05-13,Migraine
2570,969,94,14,2026-03-03,2026-05-22,Hypertension
2571,3300,10,6,2025-05-17,2025-05-31,Fracture
2572,4165,53,20,2025-03-21,2025-12-06,Diabetes
2573,3479,218,16,2026-02-11,2026-03-07,Cancer
2574,4827,201,9,2026-02-08,2026-06-02,Diabetes
2575,4001,193,10,2025-11-17,2026-06-03,Migraine
2576,1139,11,5,2025-04-25,2026-05-02,Pneumonia
2577,2881,61,3,2024-11-23,2025-11-01,Migraine
2578,595,35,11,2025-08-09,2025-08-26,Migraine
2579,61,196,12,2025-04-12,2025-09-11,Migraine
2580,381,215,10,2025-09-23,2025-12-03,Covid
2581,1517,115,13,2024-12-14,2026-07-18,Covid
2582,309,161,15,2025-04-01,2026-03-25,Asthma
2583,2801,163,9,2025-01-10,2025-08-14,Asthma
2584,89,2,7,2026-04-07,2026-04-28,Covid
2585,4634,226,13,2025-12-17,2026-07-30,Fracture
2586,4125,4,3,2024-12-05,2026-04-23,Pneumonia
2587,1076,42,12,2025-05-09,2025-06-20,Asthma
2588,3490,44,6,2026-01-28,2026-05-05,Migraine
2589,4862,81,18,2025-07-08,2026-05-02,Cancer
2590,411,38,1,2026-05-25,2026-06-02,Diabetes
2591,506,158,2,2025-07-04,2026-08-03,Covid
2592,172,230,9,2026-06-08,2026-07-11,Cancer
2593,3646,3,2,2026-04-23,2026-07-12,Fracture
2594,2956,41,8,2025-01-03,2025-07-27,Covid
2595,569,232,16,2025-07-17,2026-01-03,Covid
2596,461,99,9,2025-09-26,2026-05-23,Covid
2597,4430,13,20,2025-08-02,2025-08-21,Stroke
2598,4536,137,6,2024-10-02,2025-05-03,Cancer
2599,3783,105,19,2026-02-01,2026-03-20,Covid
2600,188,119,11,2026-02-13,2026-07-02,Hypertension
2601,2849,246,13,2026-02-03,2026-04-12,Covid
2602,1235,199,15,2026-05-01,2026-06-19,Cancer
2603,697,237,11,2026-07-01,2026-08-16,Covid
2604,2672,86,11,2025-12-19,2026-05-15,Cancer
2605,1981,48,6,2024-11-17,2026-08-06,Cancer
2606,3175,150,8,2025-04-05,2025-11-12,Diabetes
2607,2509,170,8,2026-05-27,2026-07-25,Fracture
2608,4843,150,7,2026-01-28,2026-03-27,Pneumonia
2609,3438,207,7,2025-06-02,2026-07-20,Hypertension
2610,1559,212,5,2026-01-29,2026-05-06,Covid
2611,4738,16,13,2026-07-28,2026-08-12,Pneumonia
2612,3614,54,15,2024-09-11,2024-10-05,Pneumonia
2613,358,188,19,2024-10-04,2026-04-15,Pneumonia
2614,1087,61,16,2024-10-10,2026-05-29,Fracture
2615,756,35,19,2025-05-27,2025-12-20,Asthma
2616,4091,168,5,2026-03-22,2026-06-19,Asthma
2617,3819,213,20,2025-01-14,2026-08-08,Fracture
2618,3862,191,3,2025-02-11,2026-04-03,Diabetes
2619,2044,234,20,2026-01-06,2026-01-26,Stroke
2620,262,56,11,2025-04-29,2026-01-27,Pneumonia
2621,3112,218,6,2025-09-09,2026-06-20,Cancer
2622,2800,130,4,2026-01-02,2026-06-20,Stroke
2623,4803,194,1,2025-05-13,2026-03-13,Pneumonia
2624,533,154,5,2026-07-14,2026-08-14,Migraine
2625,4073,119,4,2026-02-25,2026-07-08,Cancer
2626,3016,131,20,2024-12-01,2025-12-04,Pneumonia
2627,2494,12,14,2026-07-16,2026-08-13,Fracture
2628,4624,211,3,2024-12-18,2025-01-02,Cancer
2629,4259,236,11,2025-12-23,2025-12-29,Stroke
2630,3445,183,13,2024-12-12,2025-06-10,Pneumonia
2631,3949,69,3,2024-11-07,2025-03-15,Covid
2632,4645,33,1,2024-10-02,2025-05-24,Cancer
2633,4633,230,13,2025-06-19,2026-03-11,Covid
2634,24,190,1,2025-04-15,2026-01-11,Asthma
2635,2761,39,3,2025-04-08,2026-03-23,Hypertension
2636,3466,19,5,2025-07-23,2025-12-25,Hypertension
2637,4780,153,12,2026-03-09,2026-07-30,Covid
2638,2548,133,11,2025-01-26,2025-09-20,Cancer
2639,2197,195,8,2025-12-29,2026-06-23,Diabetes
2640,173,106,11,2026-07-13,2026-07-25,Migraine
2641,1220,24,8,2026-07-11,2026-07-29,Hypertension
2642,4215,77,8,2026-01-06,2026-05-30,Diabetes
2643,1226,2,18,2025-03-17,2026-06-22,Cancer
2644,3631,105,7,2025-08-26,2026-05-06,Hypertension
2645,2246,123,20,2025-02-23,2026-03-11,Covid
2646,3850,244,1,2024-10-11,2025-11-26,Kidney Stones
2647,261,49,17,2025-07-13,2026-05-07,Hypertension
2648,1493,177,9,2025-04-10,2025-08-04,Kidney Stones
2649,4705,24,2,2025-12-16,2026-06-16,Fracture
2650,3085,4,10,2024-11-16,2025-10-27,Hypertension
2651,4887,71,18,2024-10-23,2026-01-06,Diabetes
2652,1410,160,11,2024-12-17,2026-08-11,Pneumonia
2653,132,216,20,2026-02-21,2026-04-23,Pneumonia
2654,1227,16,15,2025-05-21,2025-12-06,Fracture
2655,4946,60,1,2026-05-28,2026-07-10,Stroke
2656,4977,242,4,2025-06-15,2026-06-01,Stroke
2657,1001,232,11,2024-10-23,2025-07-29,Cancer
2658,62,182,9,2025-06-29,2025-08-25,Pneumonia
2659,4004,72,5,2024-08-13,2025-08-20,Fracture
2660,4357,55,17,2026-06-27,2026-06-27,Asthma
2661,923,221,15,2025-08-10,2026-01-12,Asthma
2662,1975,23,16,2025-03-27,2025-11-25,Covid
2663,1980,243,14,2025-08-23,2026-07-19,Asthma
2664,6,116,10,2026-05-22,2026-06-04,Pneumonia
2665,1660,1,17,2026-03-28,2026-04-05,Covid
2666,3653,14,7,2024-10-09,2026-01-04,Stroke
2667,3329,185,4,2025-11-27,2026-01-16,Fracture
2668,3009,225,16,2025-08-03,2026-08-06,Asthma
2669,1309,70,8,2024-12-21,2025-02-25,Asthma
2670,4061,216,6,2025-05-17,2025-08-30,Asthma
2671,4008,157,2,2024-09-19,2026-01-27,Pneumonia
2672,2324,68,7,2024-12-13,2025-11-15,Asthma
2673,3341,150,19,2026-08-02,2026-08-11,Stroke
2674,874,156,10,2025-11-27,2026-06-20,Asthma
2675,1211,116,16,2024-09-16,2026-02-04,Cancer
2676,2864,149,12,2025-10-28,2026-02-13,Diabetes
2677,2710,168,18,2024-08-22,2025-02-08,Fracture
2678,3458,59,12,2026-03-18,2026-07-07,Kidney Stones
2679,381,34,20,2026-05-26,2026-07-12,Hypertension
2680,500,241,1,2025-01-04,2025-03-13,Covid
2681,3057,29,11,2024-11-01,2026-01-22,Fracture
2682,3881,19,11,2026-06-12,2026-08-16,Diabetes
2683,3590,235,6,2025-02-22,2025-04-04,Pneumonia
2684,1111,143,3,2024-09-24,2026-01-27,Migraine
2685,2167,29,17,2026-04-05,2026-07-18,Fracture
2686,2845,215,12,2026-01-17,2026-06-30,Migraine
2687,4884,194,8,2026-07-16,2026-08-13,Cancer
2688,586,225,4,2025-10-14,2026-05-09,Cancer
2689,4124,54,6,2025-10-08,2025-11-23,Fracture
2690,530,164,15,2025-07-29,2025-08-31,Hypertension
2691,3886,87,13,2026-06-28,2026-07-10,Kidney Stones
2692,922,47,10,2025-07-13,2025-11-28,Migraine
2693,4773,217,15,2026-02-26,2026-03-01,Migraine
2694,1706,75,7,2026-04-17,2026-07-12,Pneumonia
2695,2240,184,17,2024-08-19,2026-04-01,Pneumonia
2696,3138,125,2,2026-07-19,2026-07-29,Cancer
2697,1538,95,20,2025-01-12,2025-10-13,Migraine
2698,3365,10,10,2025-03-24,2026-04-28,Cancer
2699,4170,47,1,2024-12-22,2026-06-14,Pneumonia
2700,1722,246,12,2025-11-07,2025-11-11,Kidney Stones
2701,394,64,14,2024-12-24,2025-02-14,Migraine
2702,171,240,20,2024-12-04,2025-12-04,Diabetes
2703,1851,237,11,2025-05-14,2025-06-02,Migraine
2704,4005,80,19,2025-12-31,2026-07-06,Stroke
2705,778,1,16,2026-07-05,2026-07-30,Asthma
2706,73,190,11,2024-09-16,2025-07-05,Pneumonia
2707,4594,56,12,2025-03-07,2025-11-01,Diabetes
2708,2820,93,19,2025-09-11,2026-03-14,Kidney Stones
2709,1868,30,10,2025-06-21,2025-07-12,Kidney Stones
2710,4295,70,15,2025-04-11,2025-11-23,Covid
2711,2471,1,6,2026-06-30,2026-07-06,Stroke
2712,3354,103,20,2025-07-17,2025-11-09,Fracture
2713,2672,53,13,2026-06-19,2026-08-07,Hypertension
2714,968,209,3,2025-05-30,2026-01-31,Pneumonia
2715,3265,43,2,2026-06-20,2026-06-26,Hypertension
2716,2798,23,5,2025-11-17,2026-02-01,Cancer
2717,2354,21,6,2025-02-24,2026-03-08,Pneumonia
2718,408,186,6,2024-11-06,2025-08-18,Migraine
2719,1226,123,10,2026-06-27,2026-08-03,Diabetes
2720,3511,108,14,2024-12-21,2026-03-26,Diabetes
2721,3885,16,19,2026-03-29,2026-07-02,Cancer
2722,2167,149,8,2024-08-23,2025-08-21,Cancer
2723,742,185,7,2026-01-26,2026-07-24,Asthma
2724,2220,185,10,2025-09-03,2026-07-24,Fracture
2725,4280,230,4,2025-05-25,2025-12-16,Cancer
2726,2555,215,14,2025-09-24,2026-06-21,Diabetes
2727,684,148,6,2024-10-27,2026-04-07,Hypertension
2728,4914,67,10,2025-11-21,2026-07-08,Diabetes
2729,387,183,14,2025-12-13,2026-06-06,Diabetes
2730,4332,24,18,2026-07-13,2026-07-19,Pneumonia
2731,4972,177,3,2025-02-17,2026-01-01,Stroke
2732,4767,148,16,2026-04-27,2026-05-22,Pneumonia
2733,4974,236,12,2026-01-20,2026-03-26,Covid
2734,1038,241,11,2026-07-07,2026-07-27,Cancer
2735,481,16,16,2025-01-11,2025-04-23,Hypertension
2736,1081,96,1,2024-12-11,2025-05-28,Hypertension
2737,4808,174,2,2026-03-01,2026-07-27,Migraine
2738,2620,149,17,2026-01-23,2026-04-05,Diabetes
2739,562,208,4,2025-07-03,2025-10-15,Fracture
2740,2984,229,5,2026-07-06,2026-07-09,Migraine
2741,2049,236,9,2026-02-02,2026-02-07,Diabetes
2742,3212,163,12,2024-11-12,2026-06-10,Fracture
2743,2966,73,18,2026-01-26,2026-07-12,Covid
2744,1128,130,2,2024-09-16,2026-07-24,Diabetes
2745,3748,58,17,2025-09-13,2026-01-13,Fracture
2746,4912,242,13,2025-09-29,2026-07-03,Hypertension
2747,3659,144,8,2026-06-09,2026-06-26,Covid
2748,4427,30,19,2025-06-28,2025-12-02,Migraine
2749,4038,223,8,2026-07-10,2026-07-10,Cancer
2750,85,92,11,2025-10-13,2026-04-21,Pneumonia
2751,4309,10,18,2024-08-25,2024-08-29,Kidney Stones
2752,3022,76,4,2025-08-17,2026-05-05,Fracture
2753,717,104,18,2024-09-09,2025-07-09,Fracture
2754,1611,212,3,2025-09-21,2026-03-20,Kidney Stones
2755,4302,34,1,2026-06-15,2026-07-21,Kidney Stones
2756,233,209,7,2025-11-28,2025-12-12,Fracture
2757,3192,31,7,2025-01-08,2026-03-05,Fracture
2758,1409,217,4,2024-08-28,2025-02-15,Fracture
2759,3018,168,9,2026-01-11,2026-03-17,Hypertension
2760,1294,200,13,2025-03-17,2026-06-15,Pneumonia
2761,4676,73,12,2024-11-05,2025-05-07,Pneumonia
2762,503,53,3,2024-11-19,2025-09-03,Covid
2763,72,89,5,2024-09-06,2025-08-29,Pneumonia
2764,2597,142,19,2025-07-06,2025-10-12,Stroke
2765,4436,146,9,2025-02-14,2026-01-06,Hypertension
2766,1735,195,12,2026-04-20,2026-05-22,Cancer
2767,141,136,9,2025-07-20,2025-11-06,Covid
2768,955,12,6,2024-11-26,2026-05-19,Stroke
2769,1277,169,19,2026-05-03,2026-06-14,Stroke
2770,3762,220,3,2025-08-10,2026-04-24,Fracture
2771,3160,36,2,2025-03-16,2026-05-01,Hypertension
2772,4751,193,5,2024-09-08,2026-07-01,Cancer
2773,3256,230,6,2025-01-16,2025-11-06,Pneumonia
2774,1649,107,10,2025-04-21,2026-06-07,Covid
2775,688,89,6,2024-08-20,2026-02-20,Cancer
2776,3265,9,4,2025-11-23,2026-02-14,Migraine
2777,2707,42,16,2026-05-11,2026-05-11,Pneumonia
2778,4859,43,6,2026-04-29,2026-04-29,Fracture
2779,12,167,5,2025-10-13,2026-01-12,Cancer
2780,4604,223,3,2024-08-15,2025-01-23,Covid
2781,913,158,3,2025-11-25,2026-08-12,Diabetes
2782,1740,211,16,2024-11-07,2025-03-25,Cancer
2783,4018,191,17,2025-06-05,2026-07-03,Migraine
2784,2580,125,1,2024-11-13,2025-12-31,Fracture
2785,2998,167,2,2025-05-10,2025-10-08,Kidney Stones
2786,4582,93,7,2026-04-19,2026-04-21,Fracture
2787,1231,16,18,2026-05-14,2026-08-09,Fracture
2788,4990,207,19,2026-06-08,2026-06-14,Migraine
2789,3256,49,12,2026-06-08,2026-08-08,Kidney Stones
2790,1910,6,2,2026-03-01,2026-03-07,Stroke
2791,2014,246,6,2025-12-13,2026-06-06,Fracture
2792,4719,65,11,2026-03-31,2026-06-16,Hypertension
2793,1747,240,17,2026-06-28,2026-08-11,Migraine
2794,4024,100,7,2025-09-30,2026-03-23,Asthma
2795,502,45,2,2025-02-06,2026-07-01,Kidney Stones
2796,4832,85,19,2026-07-25,2026-07-31,Asthma
2797,1135,174,4,2024-12-03,2024-12-13,Hypertension
2798,4353,236,16,2025-12-27,2025-12-29,Cancer
2799,2086,159,4,2026-02-25,2026-08-09,Asthma
2800,2232,116,17,2026-07-13,2026-08-06,Kidney Stones
2801,2134,69,8,2026-04-21,2026-06-17,Kidney Stones
2802,4520,152,15,2026-04-14,2026-07-07,Migraine
2803,1577,31,15,2026-06-22,2026-08-14,Covid
2804,22,174,8,2025-02-08,2026-01-23,Pneumonia
2805,3388,155,16,2026-02-06,2026-05-01,Covid
2806,1849,117,9,2024-10-08,2025-05-27,Stroke
2807,3751,186,20,2024-11-02,2026-01-01,Fracture
2808,296,136,2,2025-01-21,2025-09-10,Kidney Stones
2809,24,166,19,2024-11-21,2024-12-29,Fracture
2810,98,144,2,2026-05-19,2026-06-27,Pneumonia
2811,4754,45,6,2025-09-12,2026-03-31,Kidney Stones
2812,2528,32,10,2025-03-07,2025-07-10,Diabetes
2813,1273,194,15,2026-03-19,2026-06-23,Covid
2814,1909,132,5,2024-08-27,2026-03-06,Hypertension
2815,3334,122,15,2025-08-29,2025-12-10,Kidney Stones
2816,741,228,6,2025-11-28,2026-07-24,Fracture
2817,4824,11,19,2026-04-25,2026-06-01,Pneumonia
2818,1977,2,4,2025-01-13,2025-11-07,Kidney Stones
2819,526,116,8,2025-03-02,2025-03-17,Cancer
2820,283,189,2,2026-07-30,2026-08-14,Diabetes
2821,4259,103,18,2024-08-25,2026-03-29,Kidney Stones
2822,2171,216,9,2024-10-30,2025-01-28,Covid
2823,78,129,12,2025-11-25,2026-06-22,Migraine
2824,2928,168,20,2025-03-30,2025-05-17,Stroke
2825,4634,239,6,2025-11-23,2026-05-04,Asthma
2826,3778,134,8,2024-11-04,2025-05-01,Migraine
2827,1325,137,6,2026-04-05,2026-06-18,Covid
2828,910,250,11,2025-12-24,2026-03-25,Diabetes
2829,4631,44,8,2025-04-22,2025-04-23,Covid
2830,2279,43,2,2025-08-12,2025-10-30,Pneumonia
2831,4816,191,9,2025-10-30,2026-04-14,Covid
2832,3415,84,3,2024-12-07,2025-03-08,Hypertension
2833,1487,37,12,2025-02-25,2026-06-05,Cancer
2834,1760,152,6,2025-10-19,2026-03-05,Kidney Stones
2835,430,61,3,2025-08-09,2026-05-27,Hypertension
2836,1895,250,7,2025-03-25,2025-09-30,Diabetes
2837,2229,63,17,2026-01-21,2026-02-23,Pneumonia
2838,232,26,13,2025-02-05,2026-02-11,Diabetes
2839,2252,168,8,2026-03-04,2026-04-08,Covid
2840,3666,141,10,2026-08-04,2026-08-16,Migraine
2841,3381,9,5,2024-11-24,2026-08-13,Stroke
2842,2571,153,3,2025-11-15,2025-12-01,Asthma
2843,1301,140,17,2025-04-01,2026-03-16,Covid
2844,4929,197,6,2025-01-19,2025-08-14,Kidney Stones
2845,4825,8,14,2025-05-07,2025-05-12,Fracture
2846,4690,185,8,2025-02-06,2025-06-12,Diabetes
2847,489,214,6,2026-04-21,2026-06-03,Diabetes
2848,1111,173,1,2024-10-23,2026-07-01,Fracture
2849,196,2,12,2026-03-20,2026-05-13,Cancer
2850,4578,174,7,2025-01-17,2025-02-04,Hypertension
2851,1773,29,13,2024-09-25,2025-09-09,Covid
2852,48,160,20,2026-02-20,2026-06-15,Migraine
2853,2902,77,5,2025-06-25,2026-07-11,Fracture
2854,385,224,16,2026-07-25,2026-08-14,Stroke
2855,3147,22,1,2025-10-17,2026-01-08,Kidney Stones
2856,1264,169,13,2026-05-20,2026-06-07,Stroke
2857,4904,177,7,2024-09-20,2025-04-20,Stroke
2858,3832,49,2,2024-11-13,2024-11-23,Covid
2859,630,131,17,2025-03-18,2025-04-01,Covid
2860,2134,126,3,2025-10-24,2026-06-04,Covid
2861,180,25,7,2025-10-02,2026-02-24,Migraine
2862,1060,63,11,2024-11-29,2025-05-03,Stroke
2863,1219,34,1,2026-07-24,2026-08-05,Fracture
2864,3,103,20,2025-05-10,2025-11-19,Covid
2865,4586,185,1,2026-05-13,2026-05-27,Asthma
2866,619,70,4,2024-10-23,2026-07-10,Migraine
2867,2737,131,7,2026-05-26,2026-07-30,Covid
2868,4285,82,4,2025-06-15,2026-04-05,Covid
2869,465,15,14,2025-08-11,2026-03-07,Cancer
2870,724,59,7,2026-03-11,2026-07-08,Asthma
2871,3588,247,20,2024-12-24,2025-05-28,Hypertension
2872,4723,66,4,2025-02-11,2026-03-11,Fracture
2873,1851,33,16,2024-08-09,2025-08-28,Covid
2874,2579,193,3,2025-06-18,2025-08-20,Asthma
2875,4054,205,6,2025-06-25,2026-06-16,Fracture
2876,1024,142,20,2025-10-21,2025-11-18,Cancer
2877,3780,76,8,2026-06-18,2026-07-03,Migraine
2878,4383,10,2,2025-12-03,2025-12-19,Stroke
2879,31,200,10,2025-01-20,2026-01-03,Kidney Stones
2880,1619,14,6,2026-07-04,2026-07-22,Pneumonia
2881,1478,116,19,2025-09-20,2026-07-09,Asthma
2882,3532,225,13,2025-10-06,2026-03-29,Covid
2883,3019,217,13,2025-11-14,2026-05-28,Migraine
2884,812,97,19,2026-07-02,2026-07-17,Hypertension
2885,3779,14,11,2026-07-13,2026-07-14,Migraine
2886,285,132,18,2025-10-09,2026-03-26,Diabetes
2887,3357,68,9,2025-11-20,2026-07-30,Asthma
2888,541,166,8,2025-09-17,2026-03-21,Asthma
2889,966,114,16,2026-04-12,2026-07-12,Kidney Stones
2890,1181,159,15,2026-05-25,2026-06-09,Fracture
2891,3472,168,14,2025-07-30,2026-02-22,Hypertension
2892,3589,92,15,2025-03-02,2026-02-20,Kidney Stones
2893,3986,6,20,2024-09-25,2026-04-24,Cancer
2894,1103,83,5,2025-05-18,2026-06-06,Cancer
2895,643,180,7,2025-05-27,2025-12-05,Asthma
2896,1228,44,1,2026-06-08,2026-07-22,Hypertension
2897,4326,42,15,2024-10-06,2026-02-11,Diabetes
2898,3139,173,10,2025-01-02,2026-07-15,Migraine
2899,225,19,16,2024-09-23,2025-06-17,Diabetes
2900,424,133,7,2025-11-07,2026-07-17,Diabetes
2901,3244,84,11,2025-05-20,2025-10-14,Kidney Stones
2902,1939,77,4,2026-05-23,2026-07-05,Hypertension
2903,1722,158,14,2026-07-23,2026-07-29,Kidney Stones
2904,2789,242,5,2024-09-25,2026-03-07,Asthma
2905,1734,225,6,2024-12-11,2026-01-21,Pneumonia
2906,2405,91,6,2025-05-03,2026-05-03,Covid
2907,4586,187,17,2025-10-10,2026-06-12,Asthma
2908,3508,197,18,2025-04-02,2026-07-14,Fracture
2909,3361,223,4,2025-06-19,2026-07-30,Diabetes
2910,1244,93,15,2026-02-15,2026-04-23,Fracture
2911,308,45,8,2024-11-09,2025-03-04,Asthma
2912,785,118,11,2025-03-28,2025-06-19,Diabetes
2913,1454,222,16,2025-08-23,2025-10-25,Asthma
2914,577,59,8,2026-07-01,2026-08-14,Kidney Stones
2915,3977,55,4,2026-03-31,2026-06-27,Asthma
2916,3758,66,7,2024-08-17,2025-09-10,Kidney Stones
2917,888,145,15,2026-03-24,2026-06-27,Migraine
2918,803,124,9,2025-12-17,2026-01-28,Fracture
2919,1105,215,15,2025-02-20,2026-07-02,Kidney Stones
2920,3489,85,2,2025-01-27,2025-08-19,Covid
2921,3084,85,11,2025-05-09,2026-01-28,Fracture
2922,2984,110,19,2025-05-28,2025-09-05,Diabetes
2923,1906,214,3,2025-05-29,2025-09-14,Pneumonia
2924,4718,231,11,2024-11-14,2025-08-31,Stroke
2925,1494,64,14,2025-09-20,2026-06-01,Kidney Stones
2926,1361,102,12,2025-04-12,2025-08-24,Cancer
2927,3834,209,3,2024-12-14,2025-12-03,Stroke
2928,3233,59,14,2026-05-20,2026-06-08,Asthma
2929,4618,174,11,2025-07-31,2026-08-01,Kidney Stones
2930,1046,53,19,2026-06-16,2026-06-22,Kidney Stones
2931,3299,15,15,2025-09-17,2026-08-10,Pneumonia
2932,2281,238,17,2026-06-24,2026-07-26,Covid
2933,3001,209,5,2025-04-09,2026-08-06,Hypertension
2934,240,75,19,2025-01-16,2025-08-17,Fracture
2935,1622,230,4,2025-09-05,2025-11-16,Fracture
2936,933,19,20,2025-03-07,2025-11-15,Hypertension
2937,261,182,5,2024-09-10,2024-10-04,Covid
2938,3634,250,15,2024-11-07,2026-03-27,Migraine
2939,2221,79,4,2025-03-26,2026-04-08,Kidney Stones
2940,2463,203,8,2025-03-09,2025-07-10,Kidney Stones
2941,3402,20,16,2025-12-31,2026-06-29,Stroke
2942,4310,37,9,2025-02-25,2025-11-20,Pneumonia
2943,2915,46,15,2025-07-30,2025-11-29,Asthma
2944,4445,125,12,2026-03-14,2026-07-30,Fracture
2945,1810,153,17,2024-09-25,2025-08-11,Fracture
2946,1295,14,8,2024-10-01,2026-06-22,Covid
2947,1901,3,12,2024-12-18,2026-07-14,Stroke
2948,2108,52,10,2026-01-25,2026-06-09,Kidney Stones
2949,3892,191,20,2026-01-30,2026-05-14,Pneumonia
2950,2439,153,17,2024-12-28,2025-02-26,Cancer
2951,2301,210,15,2025-04-06,2025-06-10,Pneumonia
2952,3007,182,5,2024-10-08,2024-12-07,Pneumonia
2953,2335,98,18,2026-02-04,2026-02-22,Stroke
2954,105,123,10,2025-08-19,2025-08-24,Diabetes
2955,3178,206,17,2024-12-09,2025-11-11,Kidney Stones
2956,3346,38,10,2025-08-31,2025-09-23,Stroke
2957,2630,105,20,2024-10-20,2025-02-10,Migraine
2958,3430,9,12,2025-05-11,2026-02-02,Stroke
2959,2188,118,15,2026-01-18,2026-03-25,Fracture
2960,454,2,18,2026-05-21,2026-06-23,Fracture
2961,1687,157,2,2025-07-25,2026-02-02,Kidney Stones
2962,2739,7,13,2024-08-31,2024-11-19,Covid
2963,1820,60,11,2026-01-07,2026-04-25,Stroke
2964,500,248,13,2026-04-15,2026-04-15,Cancer
2965,3633,62,10,2025-03-03,2026-04-17,Kidney Stones
2966,1842,177,17,2025-07-01,2025-08-13,Covid
2967,161,58,11,2025-08-24,2025-11-02,Migraine
2968,3551,238,17,2026-02-19,2026-08-02,Asthma
2969,2656,189,2,2025-05-03,2026-05-14,Fracture
2970,2337,190,20,2026-04-10,2026-04-11,Pneumonia
2971,3401,108,4,2024-08-08,2025-06-19,Kidney Stones
2972,1930,16,6,2026-05-29,2026-08-08,Diabetes
2973,2968,171,9,2025-02-20,2025-05-09,Pneumonia
2974,4159,106,10,2024-12-11,2025-12-30,Asthma
2975,344,211,6,2024-12-03,2025-02-03,Stroke
2976,1698,143,10,2025-06-04,2025-09-02,Stroke
2977,4714,247,3,2024-09-15,2025-03-19,Migraine
2978,8,122,15,2026-01-14,2026-06-10,Asthma
2979,1184,189,8,2025-08-31,2025-11-11,Pneumonia
2980,724,22,1,2025-01-23,2026-05-29,Migraine
2981,86,215,16,2026-04-24,2026-07-17,Covid
2982,2567,165,6,2024-11-08,2025-03-20,Pneumonia
2983,372,31,8,2024-12-22,2026-05-07,Asthma
2984,4121,142,1,2026-06-28,2026-07-18,Pneumonia
2985,2702,202,11,2026-05-04,2026-08-16,Stroke
2986,2894,63,8,2026-04-25,2026-07-19,Fracture
2987,31,244,12,2024-12-21,2025-04-01,Diabetes
2988,2006,212,17,2024-11-15,2025-08-28,Pneumonia
2989,1831,60,7,2025-10-18,2026-05-11,Stroke
2990,2361,215,12,2026-01-30,2026-03-17,Asthma
2991,4816,33,3,2024-10-31,2025-03-08,Cancer
2992,1511,141,12,2025-02-11,2026-01-16,Covid
2993,2464,100,17,2026-01-24,2026-02-08,Cancer
2994,4701,179,10,2024-08-06,2025-05-31,Asthma
2995,452,151,8,2025-10-19,2026-08-02,Diabetes
2996,513,163,14,2025-03-05,2025-10-31,Kidney Stones
2997,2770,27,6,2025-11-22,2026-05-27,Asthma
2998,3565,25,9,2025-04-29,2026-07-11,Stroke
2999,1938,35,9,2026-04-23,2026-06-27,Kidney Stones
3000,4993,174,4,2025-09-24,2026-02-28,Hypertension
3001,1737,165,9,2025-09-02,2025-10-15,Fracture
3002,3860,111,16,2026-07-19,2026-08-01,Cancer
3003,2025,114,14,2024-08-07,2025-11-01,Pneumonia
3004,4314,102,7,2025-08-07,2025-10-20,Hypertension
3005,4549,106,1,2025-01-12,2026-01-30,Hypertension
3006,899,96,9,2026-07-19,2026-07-28,Kidney Stones
3007,2611,191,15,2026-01-17,2026-04-02,Diabetes
3008,4110,244,3,2024-11-09,2026-08-14,Diabetes
3009,3670,120,18,2024-11-17,2025-06-30,Cancer
3010,2572,196,13,2025-07-09,2025-07-16,Diabetes
3011,567,18,17,2025-03-05,2026-05-25,Migraine
3012,2615,16,18,2026-03-26,2026-04-01,Diabetes
3013,3125,27,20,2025-08-24,2025-10-30,Covid
3014,3046,145,1,2024-10-31,2025-06-03,Hypertension
3015,4842,134,5,2025-04-23,2025-05-16,Migraine
3016,1885,62,19,2025-10-05,2026-06-06,Migraine
3017,2622,164,19,2026-04-01,2026-08-13,Migraine
3018,3170,72,20,2025-10-01,2025-12-30,Hypertension
3019,2155,238,18,2025-03-12,2026-03-20,Fracture
3020,774,77,5,2025-12-23,2026-07-13,Kidney Stones
3021,3362,60,9,2026-02-05,2026-04-21,Asthma
3022,1276,93,8,2025-03-05,2025-11-14,Fracture
3023,987,213,16,2025-08-15,2026-03-15,Fracture
3024,2076,229,9,2025-05-20,2026-04-15,Kidney Stones
3025,4939,22,8,2025-11-13,2026-08-11,Asthma
3026,3973,229,11,2024-08-09,2025-05-03,Kidney Stones
3027,2302,85,10,2024-11-14,2026-02-21,Fracture
3028,3480,238,7,2025-10-29,2026-03-31,Stroke
3029,4180,137,17,2025-10-08,2026-03-06,Diabetes
3030,4217,119,9,2024-12-23,2025-08-03,Asthma
3031,2674,220,3,2026-06-10,2026-07-26,Kidney Stones
3032,3343,168,18,2026-02-26,2026-03-18,Diabetes
3033,3152,88,7,2026-07-02,2026-08-10,Stroke
3034,2975,57,6,2024-09-24,2026-06-14,Hypertension
3035,3249,151,18,2025-06-25,2025-07-05,Migraine
3036,1996,74,4,2025-09-07,2026-01-16,Kidney Stones
3037,283,30,19,2024-12-27,2025-09-10,Fracture
3038,2216,78,15,2025-09-27,2026-05-17,Diabetes
3039,2157,44,19,2025-01-23,2025-07-16,Diabetes
3040,3812,203,11,2025-11-07,2026-02-02,Fracture
3041,4496,156,9,2025-02-24,2026-07-26,Diabetes
3042,4635,199,10,2026-03-11,2026-06-23,Cancer
3043,3519,81,2,2026-03-28,2026-03-30,Migraine
3044,2185,13,13,2025-08-11,2026-02-11,Kidney Stones
3045,1831,178,10,2025-12-02,2026-02-06,Stroke
3046,938,238,4,2026-02-20,2026-04-09,Covid
3047,2725,181,18,2026-02-17,2026-04-04,Pneumonia
3048,4256,219,5,2025-06-29,2025-12-21,Fracture
3049,4941,111,7,2024-11-01,2026-06-04,Hypertension
3050,2694,113,14,2025-08-08,2026-03-07,Kidney Stones
3051,3667,178,5,2024-08-12,2026-03-14,Cancer
3052,3057,60,7,2026-04-19,2026-05-08,Hypertension
3053,1848,66,20,2026-04-14,2026-06-09,Hypertension
3054,3272,210,7,2026-06-10,2026-06-13,Kidney Stones
3055,2533,233,12,2024-08-08,2024-08-25,Stroke
3056,430,206,11,2025-09-06,2026-08-06,Diabetes
3057,1402,98,11,2025-08-30,2026-05-27,Diabetes
3058,3108,18,11,2025-04-01,2026-06-06,Cancer
3059,4225,61,11,2026-06-25,2026-06-26,Pneumonia
3060,4375,158,19,2026-07-01,2026-07-18,Covid
3061,2115,159,5,2026-02-20,2026-06-03,Diabetes
3062,3904,72,12,2026-01-19,2026-04-06,Migraine
3063,2549,140,13,2024-10-09,2024-10-11,Hypertension
3064,2287,69,12,2025-01-12,2026-07-01,Cancer
3065,1183,9,7,2025-08-14,2026-02-05,Pneumonia
3066,2601,188,7,2025-08-08,2025-09-14,Migraine
3067,404,200,2,2024-09-28,2026-05-17,Migraine
3068,3453,155,6,2026-03-30,2026-04-28,Fracture
3069,4169,64,4,2026-01-28,2026-06-01,Covid
3070,2928,212,2,2026-06-05,2026-07-10,Migraine
3071,648,32,11,2026-01-09,2026-07-31,Kidney Stones
3072,2178,234,8,2026-07-15,2026-08-01,Diabetes
3073,2210,96,2,2025-05-28,2025-08-20,Pneumonia
3074,3492,155,4,2025-12-22,2026-02-22,Cancer
3075,737,217,8,2024-10-10,2025-10-30,Fracture
3076,2787,221,18,2025-03-11,2025-12-10,Asthma
3077,4981,86,20,2026-03-17,2026-04-23,Stroke
3078,3095,91,14,2025-02-23,2025-12-06,Cancer
3079,3925,231,12,2026-06-12,2026-07-13,Cancer
3080,3917,164,5,2025-07-04,2025-11-18,Diabetes
3081,3874,104,15,2026-07-01,2026-07-30,Asthma
3082,1312,169,6,2026-03-14,2026-04-23,Cancer
3083,2671,111,20,2025-04-30,2025-06-09,Covid
3084,3998,228,13,2024-09-10,2026-04-18,Kidney Stones
3085,2362,127,16,2025-12-11,2026-06-12,Asthma
3086,4494,148,8,2026-02-15,2026-06-21,Migraine
3087,2700,58,12,2026-05-08,2026-05-18,Asthma
3088,1395,220,13,2025-04-23,2026-05-19,Pneumonia
3089,612,25,16,2024-11-18,2026-02-20,Covid
3090,4334,206,19,2025-05-19,2025-11-05,Pneumonia
3091,3192,82,1,2025-05-26,2026-02-22,Diabetes
3092,4073,9,17,2025-01-21,2025-03-17,Stroke
3093,600,70,19,2025-06-27,2025-08-01,Stroke
3094,1328,184,4,2024-09-28,2025-01-05,Migraine
3095,3626,133,19,2026-02-21,2026-05-29,Covid
3096,4055,26,7,2025-11-17,2026-02-20,Fracture
3097,990,187,17,2024-11-04,2025-08-26,Hypertension
3098,3596,158,7,2025-06-18,2025-07-16,Covid
3099,4230,60,8,2025-04-14,2026-05-19,Pneumonia
3100,1467,65,4,2025-02-12,2026-04-07,Stroke
3101,3116,154,11,2024-08-31,2024-12-24,Asthma
3102,2115,204,10,2024-10-13,2026-01-15,Covid
3103,3836,135,3,2025-07-23,2025-12-06,Stroke
3104,1562,116,2,2025-12-05,2026-07-09,Migraine
3105,3284,94,6,2025-07-04,2025-09-26,Pneumonia
3106,2328,195,6,2025-08-22,2026-03-30,Diabetes
3107,1118,106,9,2025-12-09,2026-08-09,Diabetes
3108,3090,25,4,2026-05-18,2026-07-08,Cancer
3109,4735,49,10,2025-09-15,2026-07-12,Diabetes
3110,3109,40,17,2025-05-09,2025-12-02,Pneumonia
3111,729,15,10,2024-09-01,2026-03-12,Stroke
3112,1366,243,6,2026-01-20,2026-06-29,Asthma
3113,2544,160,10,2026-04-16,2026-04-21,Pneumonia
3114,1932,43,7,2025-06-17,2025-07-19,Kidney Stones
3115,2586,113,8,2024-12-03,2024-12-23,Stroke
3116,3937,223,17,2025-06-19,2026-04-07,Asthma
3117,3995,60,8,2026-02-08,2026-06-02,Kidney Stones
3118,1416,192,12,2024-12-13,2025-07-03,Hypertension
3119,2972,37,13,2026-04-09,2026-05-02,Asthma
3120,4411,40,19,2025-01-09,2025-06-06,Hypertension
3121,1360,115,1,2024-10-29,2025-06-08,Cancer
3122,2213,171,20,2026-05-19,2026-07-19,Diabetes
3123,119,12,10,2024-12-26,2025-10-30,Fracture
3124,1928,50,17,2026-01-30,2026-04-02,Fracture
3125,3770,216,2,2026-04-24,2026-08-05,Pneumonia
3126,3765,132,5,2025-05-12,2025-12-01,Stroke
3127,3611,70,17,2025-10-04,2026-04-08,Asthma
3128,3649,177,13,2025-01-19,2026-08-02,Covid
3129,3961,85,18,2025-01-14,2025-09-21,Kidney Stones
3130,3636,13,4,2024-12-04,2026-04-23,Hypertension
3131,3141,40,2,2025-01-19,2025-10-16,Stroke
3132,3832,39,2,2024-10-29,2024-12-31,Asthma
3133,2535,38,18,2024-10-09,2025-11-15,Migraine
3134,2492,134,4,2024-12-24,2025-08-04,Hypertension
3135,2655,166,13,2026-01-09,2026-02-11,Kidney Stones
3136,2517,40,18,2026-05-22,2026-08-10,Kidney Stones
3137,3921,178,3,2026-05-03,2026-07-22,Fracture
3138,1700,190,10,2024-09-07,2025-12-23,Asthma
3139,542,215,16,2026-02-15,2026-05-06,Migraine
3140,4421,151,2,2025-11-19,2025-12-26,Stroke
3141,983,9,19,2025-08-21,2026-06-25,Pneumonia
3142,1897,172,7,2025-09-12,2026-03-02,Covid
3143,3062,232,17,2026-02-05,2026-04-23,Cancer
3144,334,9,18,2026-05-29,2026-05-30,Cancer
3145,4842,39,6,2026-01-26,2026-06-29,Fracture
3146,3684,27,12,2025-05-28,2025-10-11,Fracture
3147,2754,197,11,2025-07-20,2026-07-04,Hypertension
3148,1434,138,8,2025-04-04,2026-07-21,Stroke
3149,4940,171,9,2025-08-23,2025-10-29,Pneumonia
3150,267,234,10,2026-07-24,2026-08-10,Hypertension
3151,2075,11,8,2025-07-04,2025-11-19,Covid
3152,3619,62,3,2025-09-03,2026-06-05,Pneumonia
3153,1142,165,13,2024-12-04,2026-06-24,Covid
3154,4485,14,4,2025-01-30,2026-07-22,Pneumonia
3155,3094,223,13,2026-05-31,2026-08-12,Covid
3156,1167,97,5,2026-05-12,2026-08-05,Stroke
3157,1326,16,17,2025-04-11,2025-08-12,Migraine
3158,4531,95,20,2024-12-14,2025-08-18,Migraine
3159,2772,7,18,2025-02-18,2026-07-24,Kidney Stones
3160,3717,49,11,2024-12-06,2025-08-14,Covid
3161,527,26,4,2026-01-28,2026-07-07,Diabetes
3162,4265,125,20,2025-10-11,2026-04-17,Kidney Stones
3163,2368,65,3,2026-03-21,2026-07-29,Diabetes
3164,4622,43,20,2025-03-15,2025-09-29,Fracture
3165,2189,163,9,2025-10-10,2026-08-07,Stroke
3166,636,132,12,2025-04-06,2025-07-12,Cancer
3167,2331,157,18,2026-03-02,2026-05-25,Covid
3168,2824,181,13,2026-04-03,2026-06-20,Kidney Stones
3169,3502,103,7,2026-01-05,2026-07-31,Migraine
3170,181,242,19,2026-04-30,2026-05-07,Covid
3171,3807,207,12,2024-10-07,2025-11-11,Diabetes
3172,820,13,5,2026-07-03,2026-08-03,Asthma
3173,3403,81,7,2025-12-22,2026-04-24,Fracture
3174,923,202,6,2025-03-11,2025-04-19,Covid
3175,1999,133,10,2025-07-17,2026-02-28,Covid
3176,1498,184,3,2025-07-15,2026-01-15,Covid
3177,4581,244,20,2024-12-22,2025-06-03,Stroke
3178,613,126,9,2025-02-20,2026-02-27,Cancer
3179,4152,101,12,2025-11-10,2026-03-18,Pneumonia
3180,1287,134,10,2026-07-23,2026-07-27,Migraine
3181,1337,115,6,2025-02-10,2026-02-23,Migraine
3182,1686,149,6,2025-09-26,2025-12-27,Stroke
3183,2350,179,5,2024-12-06,2025-01-10,Covid
3184,124,174,16,2026-05-23,2026-08-15,Fracture
3185,4314,91,7,2025-04-30,2026-03-17,Fracture
3186,2198,37,6,2025-11-03,2026-03-19,Migraine
3187,755,191,6,2025-10-15,2026-01-09,Asthma
3188,2886,142,8,2026-07-14,2026-07-26,Covid
3189,1924,25,9,2025-07-15,2026-03-15,Covid
3190,1781,35,2,2025-11-24,2026-04-27,Cancer
3191,3069,103,4,2025-01-09,2025-10-10,Diabetes
3192,2363,125,5,2025-04-04,2026-01-20,Asthma
3193,3133,184,4,2025-03-30,2026-01-24,Diabetes
3194,4795,184,12,2024-11-06,2025-11-02,Diabetes
3195,2639,147,17,2026-01-27,2026-03-27,Cancer
3196,983,15,16,2025-02-24,2026-01-21,Diabetes
3197,352,39,5,2024-12-16,2026-03-22,Pneumonia
3198,4046,198,19,2026-01-29,2026-07-05,Covid
3199,3858,182,3,2025-07-24,2026-08-11,Covid
3200,2909,73,13,2025-10-31,2026-02-11,Diabetes
3201,2576,186,1,2025-02-17,2026-07-31,Asthma
3202,2880,113,12,2025-04-29,2025-11-11,Asthma
3203,4093,51,13,2025-05-31,2026-08-10,Stroke
3204,869,201,4,2026-05-30,2026-07-06,Asthma
3205,2102,219,6,2026-02-16,2026-07-16,Stroke
3206,4487,143,7,2025-07-24,2026-05-21,Fracture
3207,3739,56,19,2025-01-16,2025-02-04,Fracture
3208,2989,48,6,2025-06-23,2026-04-08,Migraine
3209,4870,151,1,2026-01-30,2026-03-02,Diabetes
3210,1408,124,13,2026-06-09,2026-07-10,Stroke
3211,3969,56,8,2025-10-15,2026-02-17,Asthma
3212,790,111,17,2025-02-18,2026-02-14,Asthma
3213,1450,150,5,2024-10-07,2026-07-17,Stroke
3214,4593,148,13,2025-03-25,2026-05-29,Asthma
3215,4660,222,7,2026-04-24,2026-06-27,Cancer
3216,4854,123,15,2025-08-15,2026-05-31,Covid
3217,3784,101,15,2025-12-09,2026-06-08,Fracture
3218,2681,198,14,2026-06-03,2026-06-24,Asthma
3219,1643,122,13,2026-08-04,2026-08-09,Asthma
3220,4669,167,15,2025-12-12,2026-02-23,Stroke
3221,2706,52,12,2025-08-31,2026-03-21,Fracture
3222,616,207,3,2024-10-04,2026-03-15,Migraine
3223,1877,57,4,2026-02-04,2026-08-16,Kidney Stones
3224,1341,212,13,2026-01-18,2026-06-21,Kidney Stones
3225,76,206,17,2026-06-14,2026-06-28,Diabetes
3226,2420,229,14,2026-02-14,2026-03-01,Stroke
3227,1942,104,19,2025-09-20,2026-03-23,Kidney Stones
3228,670,50,2,2024-10-31,2025-07-08,Cancer
3229,3569,250,15,2024-12-23,2025-08-28,Hypertension
3230,3488,212,6,2024-08-08,2024-11-13,Covid
3231,1837,118,18,2025-06-13,2026-07-14,Fracture
3232,635,66,3,2024-10-03,2025-02-02,Cancer
3233,3637,214,18,2025-10-28,2026-03-12,Stroke
3234,1241,60,14,2025-10-11,2026-07-31,Migraine
3235,3764,141,8,2025-06-12,2025-10-25,Diabetes
3236,703,76,18,2024-11-07,2026-04-09,Asthma
3237,432,182,10,2025-01-04,2026-02-20,Diabetes
3238,804,21,7,2024-08-09,2025-02-20,Stroke
3239,3496,144,6,2025-09-10,2026-07-27,Covid
3240,2204,218,1,2025-10-19,2026-03-04,Kidney Stones
3241,4550,159,4,2025-07-20,2026-06-07,Stroke
3242,4891,179,4,2026-05-29,2026-08-11,Cancer
3243,1861,54,3,2026-06-07,2026-08-13,Asthma
3244,4823,89,20,2024-08-10,2025-07-17,Kidney Stones
3245,995,33,4,2024-11-22,2026-01-28,Hypertension
3246,4947,151,16,2025-07-29,2025-08-19,Diabetes
3247,2156,197,17,2025-04-25,2025-10-27,Migraine
3248,2610,138,9,2026-07-08,2026-07-08,Hypertension
3249,4850,209,16,2025-12-18,2026-02-07,Hypertension
3250,1843,120,11,2026-08-05,2026-08-14,Migraine
3251,1583,14,15,2025-05-10,2026-06-14,Fracture
3252,2857,155,1,2024-10-03,2025-03-12,Pneumonia
3253,728,57,11,2025-01-26,2026-02-22,Covid
3254,4080,28,3,2025-06-16,2026-07-21,Diabetes
3255,883,79,15,2025-08-01,2025-11-13,Kidney Stones
3256,3657,28,11,2025-08-09,2026-02-26,Pneumonia
3257,1607,50,8,2025-05-23,2025-07-27,Cancer
3258,2743,31,6,2026-02-04,2026-02-05,Pneumonia
3259,3011,221,15,2026-03-10,2026-07-15,Stroke
3260,4836,202,16,2026-05-28,2026-08-03,Covid
3261,4169,198,19,2025-03-20,2026-02-05,Cancer
3262,1862,227,4,2025-09-08,2026-08-02,Stroke
3263,2343,7,20,2026-05-08,2026-05-09,Covid
3264,1352,196,14,2025-02-12,2026-05-10,Cancer
3265,4479,186,12,2024-12-06,2025-05-13,Kidney Stones
3266,2499,223,2,2026-04-16,2026-08-01,Migraine
3267,320,138,20,2024-08-25,2026-03-23,Kidney Stones
3268,1072,41,16,2026-02-12,2026-07-28,Diabetes
3269,3543,26,9,2024-10-02,2026-03-19,Hypertension
3270,546,196,17,2025-06-13,2025-12-25,Migraine
3271,4908,190,7,2025-07-23,2025-11-17,Fracture
3272,3553,165,15,2025-11-28,2025-12-06,Fracture
3273,4701,125,14,2026-01-06,2026-01-27,Kidney Stones
3274,1227,86,7,2025-01-03,2026-07-28,Fracture
3275,3413,150,18,2026-01-01,2026-01-17,Hypertension
3276,3574,168,17,2024-09-29,2025-08-23,Hypertension
3277,3853,90,3,2025-10-14,2025-11-02,Stroke
3278,3586,188,6,2025-10-27,2026-05-27,Diabetes
3279,450,185,12,2025-11-29,2026-07-22,Hypertension
3280,4800,2,12,2024-08-26,2024-12-10,Kidney Stones
3281,4157,144,17,2024-10-20,2026-01-17,Kidney Stones
3282,2099,124,2,2026-04-17,2026-06-30,Migraine
3283,740,65,5,2025-11-23,2026-01-17,Cancer
3284,4556,231,2,2024-08-20,2026-05-24,Asthma
3285,3785,94,14,2024-11-30,2026-07-29,Stroke
3286,3792,55,10,2025-12-10,2026-04-12,Kidney Stones
3287,1173,62,9,2025-01-18,2025-02-10,Kidney Stones
3288,1228,193,16,2025-12-28,2026-08-06,Fracture
3289,4865,87,5,2025-03-01,2025-10-10,Asthma
3290,2662,64,12,2025-11-30,2026-08-02,Cancer
3291,4527,213,16,2025-11-07,2026-01-28,Cancer
3292,4154,146,19,2024-12-28,2026-06-12,Kidney Stones
3293,155,117,15,2025-08-25,2026-06-20,Diabetes
3294,4536,154,6,2026-02-02,2026-06-01,Asthma
3295,1773,221,20,2025-11-23,2026-07-01,Pneumonia
3296,1778,163,18,2026-03-08,2026-03-16,Pneumonia
3297,543,86,5,2026-02-11,2026-02-21,Pneumonia
3298,2204,116,20,2025-05-05,2025-09-14,Diabetes
3299,2813,114,17,2025-01-24,2026-01-24,Pneumonia
3300,15,243,1,2025-10-06,2026-08-05,Cancer
3301,1820,111,6,2025-02-05,2025-12-24,Hypertension
3302,3584,45,6,2024-11-21,2024-11-26,Stroke
3303,3443,102,13,2026-05-14,2026-05-18,Pneumonia
3304,1951,20,4,2025-01-06,2025-07-10,Covid
3305,1023,155,14,2025-06-19,2025-08-26,Cancer
3306,2780,73,15,2025-12-28,2026-04-07,Fracture
3307,1436,240,8,2025-03-16,2026-06-18,Pneumonia
3308,4242,47,1,2025-04-13,2025-12-02,Stroke
3309,4141,111,9,2025-10-03,2025-12-30,Hypertension
3310,4420,220,2,2024-10-08,2026-04-04,Pneumonia
3311,4826,237,13,2024-11-24,2025-07-06,Kidney Stones
3312,1059,106,10,2025-12-08,2026-08-16,Hypertension
3313,3139,42,10,2025-08-19,2026-06-27,Stroke
3314,2769,130,1,2024-08-26,2025-09-20,Hypertension
3315,285,27,15,2025-02-19,2025-08-01,Hypertension
3316,4919,27,16,2025-06-09,2026-06-12,Fracture
3317,249,14,10,2025-11-10,2026-07-19,Pneumonia
3318,716,201,5,2024-11-23,2025-12-22,Kidney Stones
3319,386,174,20,2025-04-15,2026-06-24,Cancer
3320,3590,156,15,2026-01-30,2026-06-10,Pneumonia
3321,288,237,17,2024-10-24,2026-02-25,Migraine
3322,4229,149,13,2025-09-24,2026-05-12,Covid
3323,2182,169,5,2026-06-04,2026-06-08,Asthma
3324,2998,213,15,2026-03-29,2026-06-07,Stroke
3325,4177,19,10,2025-12-28,2026-03-26,Asthma
3326,363,24,12,2026-04-28,2026-07-29,Stroke
3327,2455,203,16,2024-09-10,2025-05-16,Kidney Stones
3328,1331,236,9,2024-09-20,2025-05-01,Kidney Stones
3329,742,147,1,2025-10-05,2026-04-03,Diabetes
3330,972,6,4,2025-12-21,2026-06-07,Pneumonia
3331,1352,229,2,2024-12-10,2025-11-29,Cancer
3332,1971,20,14,2024-12-03,2025-07-02,Covid
3333,4728,195,14,2024-09-28,2026-07-16,Stroke
3334,611,87,7,2026-01-12,2026-04-18,Hypertension
3335,3266,165,9,2026-02-19,2026-08-11,Migraine
3336,173,230,16,2024-10-21,2024-12-25,Stroke
3337,4041,118,8,2025-08-18,2026-08-06,Fracture
3338,557,3,13,2025-01-10,2026-02-18,Fracture
3339,4241,172,8,2026-03-12,2026-05-14,Diabetes
3340,4129,53,12,2024-12-23,2025-05-27,Diabetes
3341,880,213,17,2025-04-21,2026-06-13,Diabetes
3342,2144,27,20,2025-07-05,2026-04-12,Covid
3343,3062,114,2,2026-06-15,2026-06-21,Covid
3344,315,203,20,2025-02-24,2025-05-16,Diabetes
3345,2359,215,7,2024-09-03,2025-12-14,Covid
3346,362,175,12,2026-01-18,2026-03-13,Diabetes
3347,4473,191,13,2024-12-27,2025-12-30,Fracture
3348,333,250,8,2025-09-01,2025-11-01,Fracture
3349,3030,69,13,2026-03-16,2026-04-20,Diabetes
3350,2406,142,9,2026-07-24,2026-08-16,Diabetes
3351,2700,109,6,2025-03-07,2026-05-24,Kidney Stones
3352,120,243,3,2025-03-16,2026-01-07,Migraine
3353,864,188,8,2026-02-12,2026-05-25,Stroke
3354,544,45,1,2026-02-25,2026-05-06,Diabetes
3355,4638,53,15,2026-08-02,2026-08-12,Asthma
3356,2013,114,1,2026-02-09,2026-06-18,Hypertension
3357,4165,37,13,2024-12-24,2025-07-27,Cancer
3358,1400,115,8,2025-11-05,2025-12-03,Migraine
3359,446,105,11,2025-03-25,2025-12-12,Covid
3360,4335,101,20,2024-09-30,2026-07-07,Cancer
3361,2635,213,14,2025-05-21,2026-06-21,Fracture
3362,258,63,9,2025-03-15,2025-10-26,Fracture
3363,4677,161,8,2025-11-22,2026-02-01,Stroke
3364,3847,58,2,2025-01-15,2026-02-28,Cancer
3365,3689,6,12,2025-01-23,2025-04-27,Migraine
3366,1355,12,2,2026-07-29,2026-08-07,Stroke
3367,553,193,8,2025-12-13,2026-05-11,Stroke
3368,3662,140,7,2025-05-24,2026-05-15,Asthma
3369,4931,174,13,2025-07-26,2026-07-24,Migraine
3370,3156,7,18,2026-03-08,2026-04-28,Cancer
3371,3086,77,12,2025-04-18,2026-01-10,Kidney Stones
3372,1400,117,9,2026-05-08,2026-05-20,Fracture
3373,3761,95,19,2026-06-11,2026-07-12,Migraine
3374,1118,118,10,2025-05-20,2025-06-14,Fracture
3375,4139,190,1,2025-06-15,2025-09-27,Migraine
3376,3589,141,11,2024-09-14,2025-12-22,Covid
3377,3159,155,9,2025-03-20,2026-01-11,Fracture
3378,2631,21,19,2024-09-16,2024-12-05,Hypertension
3379,1705,199,18,2024-09-06,2026-04-21,Covid
3380,4733,5,14,2026-06-30,2026-07-19,Cancer
3381,184,226,5,2026-06-29,2026-07-29,Cancer
3382,4989,31,1,2026-04-14,2026-06-08,Stroke
3383,905,3,8,2024-08-25,2025-03-04,Asthma
3384,2458,207,8,2026-04-18,2026-08-09,Kidney Stones
3385,4652,152,9,2025-05-31,2026-01-12,Kidney Stones
3386,1642,56,10,2025-03-19,2026-01-08,Pneumonia
3387,3079,117,1,2025-08-20,2025-08-30,Migraine
3388,2692,26,1,2025-06-09,2026-08-16,Hypertension
3389,3530,200,17,2024-09-06,2025-08-02,Diabetes
3390,4607,213,9,2025-11-26,2025-12-15,Migraine
3391,1622,118,1,2025-10-16,2026-07-01,Asthma
3392,2282,190,15,2024-10-23,2025-10-13,Migraine
3393,2960,160,6,2025-01-04,2025-10-06,Diabetes
3394,4757,15,18,2025-07-14,2025-10-02,Cancer
3395,2901,122,20,2025-01-26,2026-05-13,Stroke
3396,4240,31,9,2025-02-24,2026-07-25,Diabetes
3397,4287,129,5,2024-12-20,2026-05-05,Hypertension
3398,363,66,2,2025-08-23,2025-10-24,Hypertension
3399,295,235,9,2025-12-22,2026-05-29,Cancer
3400,1060,149,16,2025-03-31,2026-07-07,Fracture
3401,3571,79,7,2026-05-02,2026-06-26,Pneumonia
3402,3484,179,1,2025-12-29,2026-05-29,Diabetes
3403,997,204,2,2025-04-29,2025-09-22,Diabetes
3404,1157,145,14,2025-04-10,2025-09-30,Stroke
3405,4069,115,14,2025-06-24,2025-09-29,Fracture
3406,1273,151,11,2025-01-13,2025-08-24,Diabetes
3407,1897,41,16,2025-05-12,2025-08-13,Migraine
3408,4857,20,3,2025-02-20,2026-08-16,Kidney Stones
3409,1847,112,13,2025-10-10,2025-11-11,Stroke
3410,1673,27,16,2024-08-10,2026-01-31,Cancer
3411,64,139,5,2026-04-26,2026-07-03,Asthma
3412,4132,61,8,2025-01-09,2026-01-25,Diabetes
3413,471,87,16,2024-12-16,2025-07-21,Hypertension
3414,3681,27,15,2025-03-14,2025-10-11,Stroke
3415,2182,37,7,2026-03-06,2026-03-15,Covid
3416,2164,201,9,2026-06-04,2026-06-16,Pneumonia
3417,2018,97,6,2026-01-14,2026-06-18,Migraine
3418,4297,75,15,2024-09-10,2026-02-15,Covid
3419,906,213,1,2024-08-09,2026-01-03,Asthma
3420,2610,159,15,2026-07-01,2026-08-09,Hypertension
3421,2048,211,18,2026-04-28,2026-06-18,Stroke
3422,2271,17,3,2025-10-17,2026-04-30,Stroke
3423,2504,71,8,2025-05-17,2026-06-23,Stroke
3424,4410,40,7,2025-07-08,2025-08-31,Fracture
3425,1347,64,9,2025-02-25,2025-09-23,Pneumonia
3426,3075,222,4,2025-02-14,2025-07-20,Migraine
3427,3318,36,1,2024-08-15,2026-07-16,Cancer
3428,4815,86,15,2026-02-17,2026-08-11,Diabetes
3429,1743,117,10,2025-03-12,2026-02-25,Fracture
3430,893,240,4,2026-02-09,2026-06-27,Migraine
3431,1595,150,1,2025-12-10,2026-04-29,Cancer
3432,1345,197,11,2025-05-07,2026-03-08,Cancer
3433,2269,172,16,2024-08-06,2026-02-27,Stroke
3434,2301,151,5,2026-05-04,2026-07-31,Pneumonia
3435,4435,59,11,2024-09-15,2025-11-26,Migraine
3436,4316,213,3,2024-12-05,2025-05-21,Stroke
3437,4890,3,12,2025-07-05,2026-04-24,Pneumonia
3438,3506,16,2,2026-07-15,2026-07-27,Hypertension
3439,4447,118,16,2024-11-30,2025-07-01,Cancer
3440,3497,80,15,2024-11-17,2025-07-19,Hypertension
3441,4976,166,11,2025-11-18,2026-03-04,Diabetes
3442,1490,241,1,2026-07-14,2026-07-22,Stroke
3443,4938,180,2,2025-05-13,2026-04-06,Diabetes
3444,1350,101,20,2024-09-21,2025-11-05,Hypertension
3445,3419,90,9,2025-06-01,2025-08-16,Asthma
3446,4776,103,5,2025-07-11,2025-07-16,Kidney Stones
3447,4309,19,8,2025-09-30,2026-03-31,Covid
3448,3496,111,20,2024-08-30,2025-08-11,Kidney Stones
3449,1170,60,18,2025-08-30,2026-05-23,Pneumonia
3450,3799,105,3,2025-06-16,2026-08-06,Pneumonia
3451,2281,115,17,2026-02-14,2026-04-13,Cancer
3452,4815,192,11,2026-07-19,2026-08-11,Fracture
3453,656,203,1,2025-07-16,2025-12-13,Asthma
3454,4147,23,16,2025-12-14,2026-01-01,Hypertension
3455,3979,176,13,2025-06-08,2026-03-18,Cancer
3456,3089,228,15,2026-02-10,2026-07-09,Migraine
3457,1528,93,15,2026-06-05,2026-08-13,Fracture
3458,4539,63,20,2025-08-30,2026-04-08,Fracture
3459,478,154,1,2026-01-18,2026-02-02,Pneumonia
3460,760,152,7,2026-05-28,2026-05-31,Pneumonia
3461,3811,81,10,2026-06-14,2026-07-19,Pneumonia
3462,2417,71,12,2025-01-15,2026-07-09,Fracture
3463,1556,224,6,2025-08-16,2026-04-16,Asthma
3464,3372,107,13,2026-01-17,2026-01-23,Diabetes
3465,189,212,6,2026-05-08,2026-07-12,Pneumonia
3466,3988,164,13,2024-10-14,2024-11-23,Asthma
3467,1719,142,20,2024-11-12,2025-04-17,Cancer
3468,1503,79,20,2025-07-22,2026-06-02,Diabetes
3469,1169,150,6,2024-12-09,2025-08-09,Kidney Stones
3470,1777,10,3,2025-08-06,2026-03-20,Stroke
3471,1770,209,19,2025-06-14,2025-09-02,Covid
3472,4666,237,1,2025-02-07,2025-04-20,Fracture
3473,3490,28,13,2026-05-15,2026-07-25,Kidney Stones
3474,2474,67,17,2025-09-05,2026-05-18,Covid
3475,2209,23,17,2026-03-13,2026-06-29,Hypertension
3476,2705,125,10,2025-09-30,2026-03-23,Covid
3477,2240,68,1,2025-11-12,2026-07-08,Migraine
3478,2560,189,7,2025-04-02,2026-05-19,Hypertension
3479,4101,9,9,2026-05-24,2026-06-25,Kidney Stones
3480,533,15,16,2025-07-03,2026-02-20,Hypertension
3481,1371,53,5,2025-06-03,2026-01-06,Cancer
3482,2227,225,6,2025-01-30,2025-08-09,Fracture
3483,3012,67,18,2025-07-07,2025-12-02,Covid
3484,2372,127,4,2026-04-20,2026-04-26,Pneumonia
3485,1701,155,12,2025-05-21,2025-06-19,Asthma
3486,4719,35,1,2025-05-02,2025-11-14,Covid
3487,4122,25,13,2025-03-17,2026-01-02,Stroke
3488,3684,27,13,2025-08-08,2025-08-15,Diabetes
3489,1303,250,11,2025-05-28,2026-04-29,Hypertension
3490,4672,93,7,2025-01-20,2026-07-05,Covid
3491,4459,80,4,2025-07-20,2026-01-03,Covid
3492,1852,190,15,2025-09-22,2026-08-03,Fracture
3493,255,181,1,2026-02-21,2026-05-30,Covid
3494,2291,205,5,2026-01-04,2026-07-12,Asthma
3495,2365,136,17,2025-04-21,2025-12-08,Stroke
3496,2820,117,13,2025-12-04,2026-07-26,Kidney Stones
3497,4441,196,19,2026-07-05,2026-07-23,Migraine
3498,3983,49,7,2026-01-08,2026-05-03,Covid
3499,3520,168,1,2025-02-01,2025-07-12,Fracture
3500,1277,228,16,2025-06-25,2025-07-25,Cancer
3501,1643,5,3,2025-04-24,2025-11-27,Covid
3502,154,77,18,2025-11-22,2025-12-19,Stroke
3503,1708,56,16,2024-10-06,2025-05-22,Asthma
3504,2354,69,10,2025-09-30,2026-01-24,Hypertension
3505,800,142,3,2026-01-14,2026-06-27,Pneumonia
3506,3492,39,5,2024-10-08,2025-01-20,Asthma
3507,1468,219,17,2025-11-08,2026-07-29,Kidney Stones
3508,1577,88,3,2025-07-21,2026-03-19,Fracture
3509,567,105,13,2024-09-22,2025-02-16,Cancer
3510,351,224,17,2025-05-31,2026-04-15,Cancer
3511,775,144,17,2025-07-23,2025-12-23,Cancer
3512,579,17,4,2024-12-30,2025-11-24,Fracture
3513,3173,20,12,2026-01-08,2026-05-27,Diabetes
3514,4782,68,8,2026-07-28,2026-08-09,Stroke
3515,2154,232,13,2025-07-22,2025-10-13,Covid
3516,1581,158,17,2026-07-24,2026-08-06,Fracture
3517,4631,229,8,2024-11-03,2025-04-30,Migraine
3518,2627,91,16,2025-12-04,2026-03-07,Migraine
3519,1155,106,17,2026-06-29,2026-07-28,Stroke
3520,1873,76,16,2026-01-23,2026-04-16,Asthma
3521,4362,196,15,2025-04-23,2026-03-09,Cancer
3522,1741,136,9,2025-03-20,2026-04-16,Migraine
3523,245,173,14,2025-10-30,2026-02-22,Hypertension
3524,1268,48,10,2025-08-28,2026-01-05,Kidney Stones
3525,2263,82,14,2024-12-20,2026-01-10,Stroke
3526,1087,184,3,2024-10-17,2025-07-07,Migraine
3527,3208,204,9,2026-03-17,2026-05-23,Migraine
3528,2639,5,4,2024-11-14,2026-01-24,Cancer
3529,3216,236,5,2025-12-18,2026-01-26,Fracture
3530,708,215,8,2025-07-15,2025-12-05,Hypertension
3531,4558,49,12,2025-08-08,2026-05-12,Asthma
3532,3292,145,3,2024-09-25,2026-02-06,Pneumonia
3533,1374,118,12,2025-05-11,2026-01-07,Cancer
3534,3227,228,3,2026-01-13,2026-01-21,Diabetes
3535,982,242,3,2025-07-12,2026-03-06,Covid
3536,4932,155,2,2025-06-12,2025-12-28,Migraine
3537,2280,58,20,2024-12-29,2025-06-08,Covid
3538,351,116,19,2024-10-09,2025-06-12,Diabetes
3539,2737,165,20,2025-11-08,2026-07-10,Stroke
3540,500,192,1,2025-09-11,2025-10-25,Pneumonia
3541,3298,139,6,2026-07-21,2026-07-21,Pneumonia
3542,861,118,9,2026-03-16,2026-06-28,Covid
3543,3447,108,10,2025-10-06,2026-02-22,Kidney Stones
3544,133,250,4,2026-07-20,2026-07-31,Cancer
3545,1360,43,12,2026-07-28,2026-08-16,Cancer
3546,331,186,15,2025-05-31,2026-06-19,Kidney Stones
3547,2104,129,11,2026-06-19,2026-07-23,Migraine
3548,4177,107,3,2025-07-29,2026-06-06,Diabetes
3549,375,230,19,2025-11-26,2026-05-24,Pneumonia
3550,2749,41,15,2025-06-08,2026-04-15,Kidney Stones
3551,705,118,20,2025-08-09,2025-10-09,Covid
3552,398,42,13,2026-05-24,2026-07-12,Stroke
3553,1010,108,12,2025-09-01,2026-07-19,Diabetes
3554,2838,63,4,2026-07-26,2026-08-05,Covid
3555,3085,14,17,2025-12-08,2026-04-28,Asthma
3556,3679,59,6,2025-04-15,2025-07-28,Migraine
3557,2052,187,18,2024-09-13,2025-07-02,Diabetes
3558,2708,199,3,2026-07-23,2026-08-09,Kidney Stones
3559,1457,121,13,2025-05-05,2026-02-09,Fracture
3560,2444,102,17,2025-05-02,2026-03-24,Cancer
3561,548,152,3,2025-01-18,2025-07-26,Covid
3562,1421,141,13,2024-09-17,2025-06-30,Migraine
3563,4583,144,6,2026-06-17,2026-08-01,Asthma
3564,1057,169,4,2025-09-06,2026-01-03,Hypertension
3565,308,241,18,2026-06-12,2026-07-21,Stroke
3566,3203,233,17,2026-07-30,2026-07-31,Hypertension
3567,3935,199,6,2024-11-03,2025-06-22,Cancer
3568,1976,125,12,2025-12-27,2026-05-09,Hypertension
3569,2150,133,20,2026-02-17,2026-03-25,Kidney Stones
3570,319,208,10,2024-11-13,2026-01-05,Stroke
3571,654,95,7,2025-07-10,2026-08-05,Pneumonia
3572,3724,124,13,2025-08-10,2026-01-04,Fracture
3573,3484,101,12,2026-01-09,2026-07-12,Cancer
3574,329,167,4,2024-09-13,2026-04-01,Cancer
3575,32,170,15,2025-11-20,2026-01-21,Pneumonia
3576,4867,229,18,2026-04-06,2026-06-02,Diabetes
3577,4676,3,15,2025-05-05,2025-12-16,Asthma
3578,2252,143,4,2026-07-25,2026-07-28,Fracture
3579,2265,157,2,2026-01-07,2026-04-13,Asthma
3580,3440,94,7,2024-09-07,2026-08-15,Diabetes
3581,3894,27,3,2026-05-10,2026-07-04,Asthma
3582,2144,99,13,2025-08-28,2025-12-30,Diabetes
3583,4263,241,9,2026-06-14,2026-06-21,Cancer
3584,3792,239,10,2025-01-08,2025-02-02,Diabetes
3585,4463,238,8,2024-09-29,2026-02-14,Migraine
3586,3264,212,11,2025-03-25,2025-09-10,Covid
3587,4433,133,14,2024-10-04,2025-12-10,Diabetes
3588,4047,197,8,2025-05-01,2025-12-27,Asthma
3589,3696,149,12,2025-10-23,2025-11-18,Migraine
3590,2079,178,3,2025-05-26,2025-11-04,Fracture
3591,4779,4,5,2025-05-15,2026-08-15,Diabetes
3592,3542,109,10,2025-09-18,2026-03-25,Kidney Stones
3593,3771,52,9,2026-08-03,2026-08-03,Covid
3594,3073,105,2,2025-06-27,2026-01-23,Stroke
3595,1730,122,13,2025-06-02,2025-11-21,Migraine
3596,915,101,16,2025-10-27,2026-03-16,Stroke
3597,2547,2,10,2025-11-21,2026-08-06,Diabetes
3598,3661,236,17,2024-12-29,2026-07-22,Fracture
3599,324,86,15,2026-07-09,2026-08-12,Cancer
3600,1623,121,6,2025-08-30,2026-05-25,Kidney Stones
3601,552,173,20,2025-06-21,2026-06-21,Asthma
3602,2731,45,3,2026-01-18,2026-01-30,Stroke
3603,1098,216,10,2025-01-06,2025-11-20,Hypertension
3604,3118,70,9,2026-01-27,2026-08-16,Stroke
3605,4276,16,19,2025-08-23,2026-06-04,Kidney Stones
3606,3615,228,10,2025-03-01,2025-04-04,Pneumonia
3607,672,240,19,2025-10-13,2026-01-16,Migraine
3608,3429,112,9,2024-11-05,2025-06-12,Asthma
3609,3187,219,18,2024-10-18,2025-02-19,Cancer
3610,3123,158,12,2026-04-04,2026-06-19,Fracture
3611,1764,148,2,2024-08-13,2026-03-11,Stroke
3612,83,28,16,2025-12-27,2026-08-12,Kidney Stones
3613,3927,215,16,2025-11-28,2026-04-20,Pneumonia
3614,2392,17,15,2025-11-24,2025-12-19,Fracture
3615,4653,159,17,2025-06-09,2026-03-27,Fracture
3616,1070,155,10,2025-03-08,2025-07-01,Cancer
3617,2759,189,14,2026-04-20,2026-06-26,Stroke
3618,3163,146,12,2025-06-26,2025-10-13,Cancer
3619,160,198,6,2026-07-17,2026-08-12,Asthma
3620,1204,14,17,2024-11-09,2025-09-14,Hypertension
3621,483,250,19,2025-04-19,2026-03-30,Diabetes
3622,1246,24,7,2024-10-11,2025-09-07,Asthma
3623,3862,82,13,2025-05-21,2026-04-16,Asthma
3624,1923,142,2,2025-06-22,2026-07-22,Stroke
3625,1520,114,15,2025-11-22,2026-01-17,Covid
3626,4678,89,14,2026-01-06,2026-01-21,Pneumonia
3627,366,129,2,2025-01-08,2025-02-05,Covid
3628,1479,159,6,2025-08-31,2026-06-22,Stroke
3629,4972,90,18,2025-02-22,2026-05-13,Stroke
3630,3331,182,7,2026-06-15,2026-06-22,Pneumonia
3631,643,84,11,2025-03-27,2026-04-01,Hypertension
3632,4138,41,4,2024-09-13,2026-02-03,Stroke
3633,796,10,15,2025-02-27,2025-04-21,Stroke
3634,3511,105,11,2025-01-17,2026-08-07,Migraine
3635,4134,22,7,2024-09-06,2025-05-08,Cancer
3636,4782,23,6,2025-04-21,2026-06-03,Hypertension
3637,2550,51,16,2025-03-06,2026-06-17,Kidney Stones
3638,4867,150,3,2026-07-11,2026-08-15,Diabetes
3639,2003,59,12,2024-10-07,2026-07-12,Hypertension
3640,1558,241,19,2026-04-16,2026-05-04,Covid
3641,3845,109,3,2026-02-10,2026-07-24,Hypertension
3642,2332,13,12,2025-06-16,2025-07-26,Kidney Stones
3643,3388,206,18,2025-05-31,2026-01-11,Hypertension
3644,2107,69,19,2024-10-04,2025-11-27,Hypertension
3645,1944,239,8,2025-11-09,2026-07-24,Kidney Stones
3646,1260,129,9,2025-12-10,2026-07-04,Asthma
3647,4420,119,16,2024-12-27,2025-12-29,Pneumonia
3648,210,153,10,2025-12-26,2026-02-07,Stroke
3649,521,102,14,2026-03-30,2026-04-01,Covid
3650,14,227,18,2025-09-22,2026-01-01,Fracture
3651,330,159,2,2026-01-27,2026-03-01,Pneumonia
3652,1920,119,5,2025-02-13,2025-09-17,Diabetes
3653,4489,216,16,2026-03-29,2026-07-15,Covid
3654,3595,162,10,2024-12-04,2025-10-23,Covid
3655,4590,92,12,2026-01-11,2026-05-11,Covid
3656,2682,100,6,2026-07-25,2026-08-08,Cancer
3657,316,234,19,2026-08-06,2026-08-07,Covid
3658,715,234,17,2026-02-06,2026-06-13,Pneumonia
3659,1573,221,2,2025-04-20,2025-12-16,Diabetes
3660,2662,23,20,2026-04-01,2026-04-13,Pneumonia
3661,4407,115,9,2024-08-19,2025-03-19,Stroke
3662,3465,236,16,2024-11-03,2025-11-21,Covid
3663,4728,200,12,2025-11-20,2026-02-25,Covid
3664,1984,218,13,2025-05-12,2026-06-19,Kidney Stones
3665,4845,214,8,2026-05-21,2026-05-31,Diabetes
3666,807,144,16,2026-01-26,2026-04-16,Fracture
3667,2382,61,14,2025-10-03,2026-05-05,Kidney Stones
3668,1022,44,17,2026-02-04,2026-03-13,Asthma
3669,4789,98,2,2026-06-19,2026-07-18,Hypertension
3670,4709,115,14,2024-11-16,2025-02-20,Covid
3671,3515,239,7,2026-04-13,2026-06-08,Fracture
3672,2310,9,10,2024-11-14,2026-04-09,Asthma
3673,486,84,13,2024-08-25,2024-12-29,Cancer
3674,3950,142,10,2026-05-19,2026-06-19,Kidney Stones
3675,1829,126,13,2025-07-26,2025-10-26,Covid
3676,3081,137,9,2025-02-04,2026-04-06,Covid
3677,1481,66,5,2024-09-27,2024-11-30,Covid
3678,1108,11,20,2026-05-15,2026-05-25,Pneumonia
3679,1271,99,15,2025-04-21,2026-05-28,Hypertension
3680,4565,242,5,2025-04-02,2025-04-16,Kidney Stones
3681,4794,210,19,2025-04-16,2025-09-03,Covid
3682,3380,138,5,2026-04-19,2026-08-03,Migraine
3683,1577,27,14,2026-05-27,2026-07-13,Asthma
3684,4625,164,4,2025-11-22,2025-12-16,Diabetes
3685,4025,94,2,2026-01-10,2026-04-01,Asthma
3686,4546,146,16,2025-08-19,2026-04-20,Diabetes
3687,1804,28,2,2025-01-04,2025-03-26,Fracture
3688,1091,15,20,2026-06-16,2026-08-03,Pneumonia
3689,3336,23,14,2026-05-07,2026-06-04,Asthma
3690,2155,58,9,2024-12-31,2025-09-27,Diabetes
3691,842,160,19,2025-12-15,2026-05-17,Fracture
3692,1449,211,20,2024-09-03,2024-12-14,Pneumonia
3693,1142,30,3,2025-01-10,2025-02-01,Stroke
3694,1421,69,6,2025-07-04,2026-04-15,Stroke
3695,4955,218,13,2025-01-12,2026-02-03,Fracture
3696,3073,227,9,2026-07-02,2026-07-10,Fracture
3697,3751,108,9,2026-02-11,2026-02-15,Fracture
3698,4659,41,12,2026-06-07,2026-06-16,Kidney Stones
3699,1638,226,18,2025-07-12,2026-03-07,Hypertension
3700,1562,13,14,2025-03-04,2025-12-25,Migraine
3701,2908,245,1,2024-12-16,2026-04-09,Migraine
3702,2537,6,10,2026-04-05,2026-07-05,Diabetes
3703,2139,126,3,2025-08-09,2025-09-05,Pneumonia
3704,1932,124,8,2025-01-25,2025-10-04,Asthma
3705,1274,96,6,2026-01-17,2026-02-02,Asthma
3706,2941,245,9,2026-05-26,2026-06-02,Hypertension
3707,1943,25,11,2025-06-02,2025-06-05,Cancer
3708,4446,110,15,2025-06-15,2026-05-31,Asthma
3709,2871,123,18,2025-12-31,2026-04-19,Pneumonia
3710,2894,17,9,2026-07-21,2026-07-25,Covid
3711,1094,11,19,2024-08-07,2026-05-29,Covid
3712,3212,85,16,2025-04-20,2025-05-14,Kidney Stones
3713,1678,138,18,2025-08-06,2026-01-29,Stroke
3714,3749,244,8,2025-08-08,2026-01-24,Diabetes
3715,1229,85,16,2025-01-27,2025-12-31,Cancer
3716,4125,226,10,2025-01-27,2025-10-20,Kidney Stones
3717,4944,77,18,2026-05-07,2026-07-18,Hypertension
3718,2323,145,8,2025-08-04,2026-07-27,Fracture
3719,3326,66,5,2024-10-17,2024-10-21,Kidney Stones
3720,2230,93,4,2026-07-11,2026-08-01,Cancer
3721,1299,19,10,2025-10-13,2026-07-01,Asthma
3722,2442,166,19,2024-10-13,2025-11-02,Covid
3723,201,26,19,2024-09-06,2025-03-28,Asthma
3724,3196,110,13,2025-06-24,2025-10-30,Migraine
3725,2286,131,6,2025-09-29,2025-12-24,Covid
3726,397,157,20,2025-07-10,2026-01-12,Diabetes
3727,4558,157,20,2025-06-25,2026-07-07,Cancer
3728,1932,227,9,2025-10-20,2026-08-15,Migraine
3729,3340,208,8,2026-01-31,2026-07-22,Kidney Stones
3730,163,175,18,2025-08-06,2025-10-06,Asthma
3731,1954,109,6,2026-04-03,2026-04-28,Covid
3732,4272,50,16,2026-01-09,2026-07-09,Kidney Stones
3733,1178,215,18,2025-01-03,2026-06-03,Pneumonia
3734,731,180,5,2026-02-15,2026-07-09,Stroke
3735,712,165,10,2025-06-06,2026-08-08,Hypertension
3736,1140,168,16,2025-08-07,2025-11-07,Kidney Stones
3737,3263,17,19,2025-05-01,2025-05-07,Migraine
3738,1366,184,14,2026-07-29,2026-08-05,Covid
3739,2593,58,17,2026-01-09,2026-08-09,Hypertension
3740,2967,96,16,2026-02-02,2026-07-09,Diabetes
3741,1830,149,15,2025-11-30,2026-05-29,Cancer
3742,1581,200,14,2025-04-06,2026-06-21,Covid
3743,2682,153,13,2025-10-31,2026-08-12,Migraine
3744,2354,158,14,2026-05-15,2026-06-30,Covid
3745,3241,127,13,2025-02-12,2025-06-26,Migraine
3746,3792,140,7,2024-12-08,2025-04-03,Migraine
3747,125,19,12,2025-06-30,2025-11-12,Hypertension
3748,237,216,9,2025-10-26,2025-11-30,Diabetes
3749,4476,22,20,2024-12-09,2025-06-10,Kidney Stones
3750,3582,87,14,2025-12-26,2026-07-11,Pneumonia
3751,4460,182,3,2025-04-03,2026-07-29,Hypertension
3752,535,92,11,2025-08-14,2025-11-16,Stroke
3753,475,180,12,2026-01-03,2026-08-10,Fracture
3754,2074,64,16,2025-10-02,2026-06-03,Asthma
3755,5,161,12,2026-02-02,2026-05-03,Hypertension
3756,2935,29,1,2024-10-12,2026-01-08,Diabetes
3757,1673,89,7,2024-12-07,2025-10-11,Kidney Stones
3758,3861,66,20,2026-02-24,2026-06-04,Stroke
3759,2876,49,9,2025-02-28,2026-04-04,Hypertension
3760,4534,62,15,2025-11-02,2026-07-04,Covid
3761,4277,218,12,2025-11-29,2026-05-14,Covid
3762,4336,16,16,2025-03-05,2026-01-06,Cancer
3763,3255,129,14,2025-06-07,2025-06-12,Asthma
3764,2397,82,10,2026-07-06,2026-07-23,Hypertension
3765,1344,80,5,2026-05-19,2026-06-21,Diabetes
3766,3018,198,6,2026-02-25,2026-05-09,Migraine
3767,444,67,12,2025-06-20,2026-05-22,Diabetes
3768,3678,68,5,2024-11-25,2025-05-05,Hypertension
3769,645,128,11,2024-12-21,2025-12-09,Cancer
3770,244,83,20,2026-01-24,2026-05-06,Diabetes
3771,746,248,19,2025-05-07,2026-04-19,Cancer
3772,1604,3,1,2025-04-22,2026-03-19,Cancer
3773,4784,149,12,2025-08-17,2026-07-26,Covid
3774,4856,1,17,2025-04-22,2025-12-15,Diabetes
3775,4604,137,11,2026-06-21,2026-06-25,Pneumonia
3776,3073,242,2,2025-06-28,2026-02-18,Hypertension
3777,1450,71,11,2025-07-08,2026-01-13,Diabetes
3778,4344,69,4,2024-09-06,2025-02-26,Stroke
3779,3111,157,3,2025-03-16,2025-09-04,Migraine
3780,1119,130,15,2025-11-16,2026-01-25,Hypertension
3781,1519,90,20,2025-07-14,2026-02-01,Covid
3782,660,160,1,2026-04-27,2026-06-24,Hypertension
3783,2153,23,12,2026-06-25,2026-06-27,Diabetes
3784,1768,189,18,2024-10-24,2026-01-16,Diabetes
3785,2037,66,4,2025-06-02,2026-05-19,Migraine
3786,1307,155,6,2025-07-16,2026-05-16,Covid
3787,648,25,12,2025-06-01,2026-08-03,Pneumonia
3788,110,223,12,2024-11-16,2025-03-09,Fracture
3789,774,87,1,2025-11-23,2026-03-05,Diabetes
3790,4587,221,15,2025-04-17,2025-07-13,Stroke
3791,1103,34,11,2025-10-04,2026-06-10,Diabetes
3792,4264,80,1,2025-11-09,2026-07-14,Migraine
3793,2403,191,7,2024-10-09,2026-01-08,Cancer
3794,4654,188,10,2026-04-17,2026-06-02,Migraine
3795,1110,60,12,2024-09-01,2026-02-08,Covid
3796,1002,41,12,2026-02-04,2026-07-24,Asthma
3797,3192,67,1,2025-01-12,2026-05-29,Cancer
3798,1239,199,11,2025-11-05,2026-03-26,Stroke
3799,2624,112,18,2024-11-19,2025-11-06,Fracture
3800,4397,117,10,2025-07-13,2026-05-08,Hypertension
3801,3327,15,7,2026-07-04,2026-08-05,Fracture
3802,161,73,15,2026-02-23,2026-04-17,Diabetes
3803,3888,236,7,2024-10-01,2025-07-11,Kidney Stones
3804,2717,43,17,2025-08-28,2026-01-15,Covid
3805,36,223,4,2026-03-11,2026-05-27,Pneumonia
3806,3967,41,20,2024-09-17,2025-04-29,Kidney Stones
3807,4804,195,8,2024-12-30,2026-04-23,Kidney Stones
3808,568,157,2,2024-10-28,2026-01-13,Pneumonia
3809,3347,40,19,2024-12-05,2025-08-17,Stroke
3810,3827,160,3,2025-09-09,2025-11-05,Pneumonia
3811,1706,90,3,2026-01-17,2026-02-02,Migraine
3812,2540,17,11,2026-01-25,2026-05-12,Migraine
3813,1616,47,15,2025-05-12,2026-07-15,Migraine
3814,1828,88,19,2025-02-17,2025-04-26,Stroke
3815,1805,137,10,2025-03-31,2026-04-14,Hypertension
3816,3107,172,17,2025-12-14,2025-12-24,Hypertension
3817,3552,29,18,2025-06-11,2026-02-13,Cancer
3818,1455,24,18,2025-06-15,2026-04-15,Migraine
3819,1514,148,19,2025-05-03,2026-01-18,Diabetes
3820,2949,171,3,2024-12-21,2026-01-13,Stroke
3821,1937,60,20,2025-04-20,2026-05-16,Diabetes
3822,1158,35,1,2025-04-07,2025-08-13,Migraine
3823,1083,108,15,2026-05-03,2026-07-20,Fracture
3824,822,17,13,2025-11-26,2026-07-31,Stroke
3825,2203,160,3,2026-04-05,2026-06-21,Migraine
3826,1554,21,13,2024-10-22,2025-11-11,Stroke
3827,2212,144,9,2025-03-19,2025-04-22,Fracture
3828,4900,194,9,2025-04-28,2025-05-15,Fracture
3829,3708,107,18,2026-08-05,2026-08-16,Migraine
3830,4426,5,12,2025-01-02,2026-06-07,Migraine
3831,1329,31,8,2026-03-12,2026-04-06,Diabetes
3832,4338,172,3,2025-02-28,2026-02-04,Pneumonia
3833,1333,195,1,2024-09-08,2025-08-15,Stroke
3834,1001,134,16,2024-08-08,2024-09-01,Diabetes
3835,304,5,8,2025-06-22,2026-05-19,Pneumonia
3836,3408,222,9,2024-12-14,2026-06-03,Stroke
3837,4737,212,9,2025-06-06,2026-04-20,Asthma
3838,2544,242,19,2024-09-14,2025-05-04,Kidney Stones
3839,2614,181,9,2024-12-07,2026-06-01,Diabetes
3840,2514,154,3,2026-05-14,2026-07-21,Fracture
3841,4940,132,11,2026-06-07,2026-06-09,Cancer
3842,1693,141,19,2025-10-25,2026-03-11,Fracture
3843,4353,59,17,2024-11-21,2025-11-11,Asthma
3844,3510,3,2,2026-07-05,2026-08-14,Hypertension
3845,4782,164,4,2025-07-05,2026-03-03,Migraine
3846,4440,196,11,2026-05-03,2026-06-10,Migraine
3847,583,97,19,2026-07-29,2026-08-14,Hypertension
3848,302,133,3,2025-10-23,2026-08-05,Kidney Stones
3849,4080,38,15,2025-02-21,2025-09-08,Stroke
3850,2229,125,15,2025-10-14,2025-10-14,Asthma
3851,2968,114,12,2026-05-22,2026-06-29,Pneumonia
3852,1357,154,16,2025-05-13,2026-06-22,Pneumonia
3853,3701,147,13,2025-08-11,2026-08-02,Pneumonia
3854,1584,192,6,2025-05-06,2026-07-09,Hypertension
3855,654,222,9,2025-02-01,2025-09-15,Asthma
3856,2098,133,11,2025-06-15,2025-09-02,Diabetes
3857,186,157,4,2025-02-17,2025-12-02,Diabetes
3858,3611,177,8,2025-10-03,2025-12-27,Cancer
3859,4505,31,9,2026-07-15,2026-07-27,Migraine
3860,4937,23,16,2026-01-30,2026-04-29,Pneumonia
3861,3457,157,4,2025-10-20,2026-04-01,Migraine
3862,497,213,3,2025-09-26,2026-06-23,Stroke
3863,130,70,13,2025-01-27,2026-06-10,Kidney Stones
3864,1789,152,9,2025-03-25,2025-12-15,Stroke
3865,3467,2,10,2026-05-03,2026-06-28,Asthma
3866,2951,152,14,2025-06-14,2025-08-30,Cancer
3867,735,249,17,2026-07-27,2026-08-04,Kidney Stones
3868,264,43,6,2025-08-11,2026-02-09,Kidney Stones
3869,1804,92,15,2026-07-19,2026-07-19,Fracture
3870,1455,190,1,2025-05-26,2026-05-07,Stroke
3871,3776,107,17,2024-09-19,2025-05-28,Covid
3872,3814,91,15,2024-10-19,2025-11-26,Covid
3873,3782,241,3,2026-04-11,2026-05-31,Covid
3874,4021,164,1,2026-03-18,2026-07-10,Stroke
3875,4505,198,8,2025-02-05,2026-08-15,Stroke
3876,1356,94,12,2025-12-10,2026-07-07,Diabetes
3877,1918,160,2,2024-12-11,2024-12-20,Stroke
3878,2265,225,8,2026-01-30,2026-03-05,Cancer
3879,2103,118,14,2025-04-01,2026-04-30,Migraine
3880,1675,193,20,2025-05-16,2025-12-30,Migraine
3881,1948,198,9,2025-03-07,2026-05-08,Cancer
3882,4019,78,17,2025-09-17,2025-12-29,Migraine
3883,2797,31,12,2025-07-29,2025-10-01,Fracture
3884,2652,145,1,2025-09-22,2026-03-14,Cancer
3885,3,194,3,2026-02-19,2026-07-03,Fracture
3886,2166,197,9,2025-07-29,2026-03-16,Pneumonia
3887,2280,243,9,2025-04-18,2026-03-31,Cancer
3888,617,218,6,2026-06-02,2026-08-02,Hypertension
3889,3801,3,11,2025-02-02,2025-12-04,Fracture
3890,1142,93,12,2025-07-14,2026-07-27,Stroke
3891,1339,193,7,2025-07-25,2026-02-19,Fracture
3892,1978,249,1,2024-12-31,2026-07-14,Cancer
3893,712,105,16,2025-01-04,2025-04-09,Migraine
3894,1360,48,3,2026-03-29,2026-08-03,Stroke
3895,115,218,2,2026-03-03,2026-08-13,Diabetes
3896,528,118,3,2024-08-25,2025-12-02,Pneumonia
3897,2708,174,1,2024-09-04,2025-11-07,Kidney Stones
3898,4485,232,15,2025-09-06,2026-07-19,Cancer
3899,3005,153,8,2024-10-04,2025-02-10,Cancer
3900,1178,19,2,2025-05-07,2025-05-25,Asthma
3901,2974,220,10,2025-12-22,2026-05-12,Covid
3902,3866,123,4,2024-11-24,2026-03-21,Pneumonia
3903,503,51,16,2025-04-14,2026-03-21,Pneumonia
3904,2104,167,12,2025-08-06,2025-10-20,Asthma
3905,4198,138,11,2025-07-28,2026-02-15,Covid
3906,2468,154,15,2026-08-06,2026-08-07,Migraine
3907,2671,207,8,2025-10-14,2026-05-06,Migraine
3908,791,172,2,2026-07-09,2026-07-09,Hypertension
3909,1626,225,6,2025-04-18,2025-10-21,Pneumonia
3910,3039,182,4,2025-10-26,2026-03-29,Covid
3911,829,109,8,2024-08-23,2026-02-26,Cancer
3912,47,208,2,2024-11-18,2025-05-29,Covid
3913,1203,35,1,2026-02-28,2026-04-06,Stroke
3914,955,63,20,2025-11-10,2025-11-15,Hypertension
3915,1106,56,9,2024-12-19,2025-06-22,Fracture
3916,533,63,4,2026-04-15,2026-05-29,Diabetes
3917,552,205,13,2025-08-25,2026-04-17,Pneumonia
3918,2242,164,7,2025-07-26,2026-05-28,Migraine
3919,189,9,3,2026-06-12,2026-06-13,Asthma
3920,1736,69,20,2025-12-16,2026-06-15,Diabetes
3921,2112,96,11,2026-03-27,2026-06-05,Migraine
3922,577,186,6,2026-02-15,2026-05-12,Migraine
3923,940,96,11,2026-07-17,2026-08-13,Fracture
3924,1857,152,10,2026-03-24,2026-06-15,Covid
3925,1946,240,19,2025-02-22,2025-11-20,Pneumonia
3926,567,239,8,2024-09-07,2026-06-06,Covid
3927,3006,96,1,2026-04-23,2026-05-17,Diabetes
3928,3514,26,5,2026-01-30,2026-02-25,Diabetes
3929,21,235,19,2025-02-10,2025-10-18,Stroke
3930,1542,78,10,2026-06-21,2026-07-21,Kidney Stones
3931,1177,5,3,2025-02-28,2025-08-14,Pneumonia
3932,3774,149,5,2025-12-28,2026-05-04,Migraine
3933,1491,5,6,2026-02-01,2026-06-25,Diabetes
3934,3605,152,13,2025-06-26,2025-08-15,Pneumonia
3935,3213,189,3,2024-11-24,2026-03-28,Fracture
3936,357,184,6,2025-11-07,2026-04-10,Covid
3937,77,224,7,2025-11-17,2026-03-02,Hypertension
3938,2698,150,16,2024-10-05,2026-03-24,Asthma
3939,4788,9,14,2025-06-09,2025-06-23,Hypertension
3940,4165,180,14,2026-07-17,2026-08-16,Migraine
3941,1654,234,6,2026-03-16,2026-07-24,Hypertension
3942,349,6,12,2025-09-07,2026-07-03,Hypertension
3943,4475,122,16,2026-04-22,2026-05-19,Migraine
3944,1547,6,5,2025-08-26,2025-11-09,Diabetes
3945,2350,200,13,2025-04-20,2026-05-30,Kidney Stones
3946,4933,26,3,2026-01-22,2026-04-11,Diabetes
3947,3999,98,19,2025-09-30,2026-02-24,Asthma
3948,90,172,3,2025-12-25,2026-07-11,Diabetes
3949,1727,245,13,2026-07-26,2026-07-30,Fracture
3950,975,200,4,2024-11-03,2026-05-30,Cancer
3951,3782,224,13,2025-07-09,2026-03-24,Diabetes
3952,4698,46,14,2025-05-26,2026-02-24,Asthma
3953,1302,39,11,2025-01-22,2025-02-03,Pneumonia
3954,3125,28,6,2024-10-21,2026-06-18,Diabetes
3955,3706,116,15,2026-04-28,2026-06-03,Hypertension
3956,3398,165,9,2026-03-13,2026-07-01,Fracture
3957,1497,148,6,2025-01-10,2025-04-17,Migraine
3958,4391,8,4,2025-11-27,2026-04-01,Fracture
3959,994,29,11,2026-07-21,2026-07-29,Asthma
3960,2010,105,18,2025-08-19,2026-01-24,Hypertension
3961,4050,44,13,2026-06-17,2026-06-28,Stroke
3962,626,172,4,2025-07-17,2026-06-03,Covid
3963,4960,131,14,2025-05-07,2025-09-28,Asthma
3964,2360,179,6,2026-06-01,2026-06-18,Asthma
3965,3523,38,12,2026-03-21,2026-04-28,Covid
3966,1664,120,6,2025-11-13,2026-01-11,Asthma
3967,122,151,10,2026-07-08,2026-08-13,Cancer
3968,559,118,9,2026-01-15,2026-07-21,Pneumonia
3969,930,244,14,2025-05-26,2026-07-01,Pneumonia
3970,3351,151,17,2025-06-06,2026-07-15,Covid
3971,4508,119,9,2025-07-27,2026-06-07,Hypertension
3972,3517,135,12,2025-12-10,2026-03-28,Kidney Stones
3973,1626,21,20,2025-06-07,2025-12-19,Migraine
3974,3288,186,2,2025-01-04,2026-06-17,Migraine
3975,4977,145,10,2025-10-14,2026-02-26,Stroke
3976,771,106,10,2026-06-29,2026-07-05,Cancer
3977,1742,137,9,2025-03-21,2025-09-18,Stroke
3978,4636,15,3,2024-10-27,2024-11-13,Kidney Stones
3979,4250,54,12,2025-07-24,2025-12-06,Kidney Stones
3980,1803,93,9,2025-04-16,2025-11-15,Pneumonia
3981,1627,220,13,2025-08-02,2026-06-15,Asthma
3982,2793,45,14,2025-02-26,2026-02-26,Hypertension
3983,2151,53,2,2026-05-11,2026-07-31,Fracture
3984,3351,48,8,2025-03-08,2026-08-03,Diabetes
3985,1141,30,9,2026-02-11,2026-03-03,Pneumonia
3986,1149,159,11,2025-11-22,2026-06-06,Covid
3987,906,42,8,2025-04-01,2025-09-04,Kidney Stones
3988,1812,6,15,2026-02-08,2026-04-24,Hypertension
3989,2475,205,20,2025-11-24,2026-07-22,Stroke
3990,1541,94,6,2025-06-13,2025-09-09,Pneumonia
3991,331,93,1,2026-06-04,2026-07-16,Stroke
3992,3194,4,13,2025-06-06,2026-07-16,Migraine
3993,2758,52,5,2025-06-18,2025-10-13,Diabetes
3994,646,234,19,2026-01-23,2026-04-15,Cancer
3995,499,124,5,2025-10-21,2026-05-11,Fracture
3996,4701,113,1,2025-07-03,2025-07-26,Fracture
3997,1444,18,18,2025-11-03,2026-03-02,Pneumonia
3998,2216,143,6,2026-08-03,2026-08-12,Migraine
3999,4280,246,2,2026-05-28,2026-07-05,Diabetes
4000,1175,50,7,2026-02-20,2026-05-27,Migraine
4001,1258,42,3,2025-03-23,2025-05-11,Asthma
4002,4547,70,9,2025-12-11,2026-06-04,Hypertension
4003,4966,80,5,2025-07-30,2026-05-10,Pneumonia
4004,1929,239,17,2025-07-19,2026-03-29,Diabetes
4005,322,181,14,2026-06-15,2026-07-19,Migraine
4006,1086,126,13,2025-04-12,2025-09-10,Stroke
4007,1641,104,3,2025-06-26,2025-10-24,Cancer
4008,3183,70,11,2025-02-16,2025-04-18,Kidney Stones
4009,2443,189,7,2024-12-08,2026-06-13,Diabetes
4010,4829,135,4,2024-12-16,2025-09-02,Migraine
4011,2285,186,5,2024-08-25,2026-07-05,Asthma
4012,894,184,19,2025-03-06,2025-10-23,Cancer
4013,4589,66,19,2024-09-20,2024-11-13,Kidney Stones
4014,4354,98,12,2025-07-09,2025-12-27,Hypertension
4015,1790,194,12,2025-12-05,2025-12-19,Hypertension
4016,3028,181,16,2026-06-02,2026-06-05,Cancer
4017,2995,8,19,2026-02-14,2026-07-14,Hypertension
4018,4400,131,19,2025-12-17,2026-05-23,Stroke
4019,348,138,9,2024-09-05,2025-04-10,Hypertension
4020,4489,175,13,2025-08-11,2025-11-18,Diabetes
4021,1233,113,12,2024-08-29,2026-05-08,Asthma
4022,3440,97,15,2026-02-11,2026-07-26,Covid
4023,2101,236,2,2026-08-04,2026-08-09,Migraine
4024,3534,79,19,2025-06-03,2025-10-29,Stroke
4025,1851,230,20,2025-02-01,2026-01-26,Diabetes
4026,4304,232,9,2026-02-14,2026-03-24,Cancer
4027,1843,80,4,2024-11-13,2025-10-23,Migraine
4028,4718,201,7,2025-04-30,2025-05-26,Stroke
4029,1148,250,2,2025-04-09,2025-06-15,Hypertension
4030,4491,105,10,2025-03-09,2025-10-23,Covid
4031,121,177,13,2025-05-10,2025-12-06,Diabetes
4032,4157,186,2,2024-08-19,2025-07-01,Cancer
4033,1049,127,19,2025-02-17,2025-08-17,Asthma
4034,1187,27,4,2026-01-29,2026-06-25,Diabetes
4035,4688,169,14,2024-09-26,2026-04-18,Fracture
4036,2682,188,2,2025-12-07,2026-02-21,Asthma
4037,473,72,20,2026-02-12,2026-04-15,Stroke
4038,66,152,3,2026-01-31,2026-07-16,Fracture
4039,17,184,2,2025-09-05,2026-01-24,Kidney Stones
4040,2361,150,17,2026-01-19,2026-04-23,Hypertension
4041,4563,165,16,2025-02-25,2025-06-28,Asthma
4042,539,154,12,2025-12-07,2026-02-09,Stroke
4043,1895,78,12,2025-02-25,2026-07-02,Stroke
4044,3705,164,2,2025-07-22,2026-01-15,Diabetes
4045,3845,123,11,2024-09-20,2025-03-01,Migraine
4046,1853,86,16,2024-08-07,2024-10-25,Diabetes
4047,356,194,15,2024-08-12,2024-12-29,Stroke
4048,949,229,9,2026-08-06,2026-08-10,Kidney Stones
4049,1150,173,8,2026-05-24,2026-06-15,Fracture
4050,225,115,5,2025-04-20,2026-04-21,Diabetes
4051,1340,90,6,2025-04-20,2025-08-10,Cancer
4052,2064,133,3,2025-06-06,2025-12-16,Hypertension
4053,3956,233,12,2025-09-21,2025-10-06,Pneumonia
4054,3580,176,5,2025-08-27,2026-02-15,Diabetes
4055,1999,40,8,2025-05-14,2026-08-09,Diabetes
4056,378,142,4,2026-01-30,2026-05-20,Stroke
4057,2297,109,18,2025-08-07,2026-01-05,Hypertension
4058,3071,216,16,2025-08-09,2026-08-07,Hypertension
4059,3853,71,6,2024-12-16,2025-09-28,Fracture
4060,4023,109,20,2024-10-08,2025-02-03,Migraine
4061,1197,189,2,2025-04-16,2026-01-09,Covid
4062,4031,85,1,2025-06-05,2025-12-07,Stroke
4063,4772,15,2,2025-12-10,2026-03-09,Pneumonia
4064,4856,125,16,2025-07-30,2025-09-02,Diabetes
4065,3596,135,1,2025-05-28,2025-08-29,Covid
4066,4447,50,11,2025-11-25,2026-06-19,Stroke
4067,3886,224,20,2025-08-09,2026-07-07,Cancer
4068,1379,83,11,2024-09-15,2026-01-25,Covid
4069,4327,141,8,2025-12-05,2026-05-17,Pneumonia
4070,4084,166,19,2026-04-10,2026-08-08,Fracture
4071,2649,70,16,2025-02-28,2025-10-10,Asthma
4072,2756,54,6,2026-06-26,2026-08-08,Kidney Stones
4073,1155,151,13,2026-04-06,2026-07-12,Fracture
4074,3269,23,18,2025-04-17,2026-04-15,Pneumonia
4075,4276,72,10,2024-11-02,2024-12-20,Asthma
4076,4991,106,7,2026-03-30,2026-06-25,Covid
4077,4067,108,17,2026-01-04,2026-03-28,Kidney Stones
4078,2575,2,3,2026-01-20,2026-06-10,Migraine
4079,4101,232,8,2025-05-23,2026-03-12,Stroke
4080,3962,50,9,2026-05-12,2026-06-30,Diabetes
4081,2962,70,9,2026-05-23,2026-07-24,Stroke
4082,4326,77,8,2026-03-16,2026-07-30,Pneumonia
4083,1866,70,9,2025-04-16,2026-02-19,Covid
4084,1188,214,10,2025-10-01,2026-04-20,Hypertension
4085,2692,107,16,2026-06-19,2026-08-09,Asthma
4086,3258,48,13,2025-01-01,2026-03-23,Diabetes
4087,2499,12,14,2024-12-10,2025-04-07,Fracture
4088,3781,105,17,2024-11-20,2026-05-24,Covid
4089,3932,217,10,2026-04-17,2026-06-28,Stroke
4090,3287,197,1,2025-11-07,2026-02-27,Hypertension
4091,967,233,15,2024-09-02,2025-08-20,Cancer
4092,838,21,19,2025-03-16,2025-07-05,Stroke
4093,859,127,14,2026-07-24,2026-08-15,Asthma
4094,4280,23,19,2025-06-08,2025-11-07,Fracture
4095,4408,147,11,2025-08-25,2025-10-03,Pneumonia
4096,38,47,3,2026-05-24,2026-07-12,Fracture
4097,749,175,18,2024-08-31,2024-09-08,Kidney Stones
4098,1378,131,14,2026-03-12,2026-06-11,Fracture
4099,1782,174,11,2026-02-01,2026-06-27,Pneumonia
4100,3164,78,8,2024-12-22,2025-05-23,Pneumonia
4101,3974,4,1,2025-03-04,2026-06-18,Pneumonia
4102,301,196,4,2025-03-05,2025-10-31,Stroke
4103,3128,129,7,2026-07-04,2026-07-11,Hypertension
4104,4560,81,17,2025-09-14,2025-10-04,Fracture
4105,2721,9,5,2024-12-28,2025-12-11,Migraine
4106,1834,224,20,2026-06-25,2026-08-03,Asthma
4107,3458,130,8,2025-07-24,2025-11-23,Covid
4108,624,168,1,2026-03-14,2026-06-25,Hypertension
4109,1583,167,1,2025-04-20,2025-09-15,Diabetes
4110,3825,66,13,2024-11-10,2026-05-27,Cancer
4111,3662,116,10,2025-07-25,2026-05-28,Cancer
4112,2886,118,11,2025-03-29,2025-12-04,Pneumonia
4113,3065,16,17,2024-10-11,2025-05-12,Fracture
4114,50,47,20,2026-07-13,2026-08-16,Stroke
4115,3199,159,12,2026-07-25,2026-08-10,Cancer
4116,4160,41,8,2026-01-03,2026-01-24,Diabetes
4117,62,21,15,2025-01-12,2026-04-15,Pneumonia
4118,3177,144,17,2025-12-15,2026-08-02,Diabetes
4119,79,161,9,2025-04-09,2026-03-09,Stroke
4120,308,116,19,2025-10-02,2025-12-12,Cancer
4121,3854,124,15,2024-09-15,2025-06-01,Stroke
4122,3237,27,7,2026-04-18,2026-08-08,Asthma
4123,2450,87,13,2026-07-23,2026-08-13,Kidney Stones
4124,2330,103,10,2025-03-09,2026-02-07,Hypertension
4125,3135,72,16,2025-05-20,2025-11-11,Fracture
4126,4821,123,13,2024-11-06,2025-12-12,Asthma
4127,3634,109,11,2026-03-24,2026-05-25,Stroke
4128,722,6,4,2025-06-06,2026-03-18,Hypertension
4129,4839,18,16,2026-04-02,2026-08-09,Migraine
4130,2956,238,6,2024-10-15,2026-07-25,Cancer
4131,459,236,17,2026-03-12,2026-04-24,Asthma
4132,739,160,13,2026-07-27,2026-08-08,Cancer
4133,1634,77,4,2026-03-16,2026-04-18,Migraine
4134,1475,192,5,2026-07-10,2026-07-30,Asthma
4135,2822,13,5,2026-05-28,2026-07-27,Migraine
4136,3089,196,19,2025-09-17,2026-05-05,Stroke
4137,3793,16,4,2024-11-22,2025-12-15,Cancer
4138,3887,66,18,2025-01-27,2025-08-08,Kidney Stones
4139,951,170,20,2025-09-04,2025-10-23,Hypertension
4140,1746,22,9,2026-06-22,2026-08-09,Asthma
4141,4553,13,16,2026-05-23,2026-06-03,Cancer
4142,4665,89,13,2025-04-06,2026-03-19,Stroke
4143,3370,144,20,2024-10-12,2025-02-18,Fracture
4144,4822,111,8,2024-10-15,2024-12-19,Migraine
4145,3077,146,13,2025-02-06,2025-11-05,Pneumonia
4146,1914,114,15,2025-08-05,2026-03-01,Pneumonia
4147,1817,54,14,2025-03-06,2026-01-26,Pneumonia
4148,4534,28,15,2024-11-24,2025-02-26,Cancer
4149,1978,150,14,2025-05-09,2025-08-02,Pneumonia
4150,567,98,11,2025-09-19,2026-05-06,Stroke
4151,3680,133,16,2025-12-30,2026-07-24,Diabetes
4152,3364,247,15,2024-08-29,2025-08-19,Hypertension
4153,4581,198,8,2026-01-24,2026-02-16,Diabetes
4154,2031,162,7,2024-12-25,2025-04-11,Stroke
4155,293,175,3,2025-08-24,2025-08-25,Covid
4156,2137,136,6,2026-06-19,2026-07-08,Covid
4157,1196,116,1,2024-11-06,2026-03-07,Pneumonia
4158,1717,183,3,2026-01-26,2026-07-01,Fracture
4159,828,182,5,2025-11-05,2026-03-29,Stroke
4160,1150,20,16,2025-02-24,2025-04-13,Covid
4161,921,25,19,2025-07-22,2026-01-01,Hypertension
4162,3865,210,18,2025-07-17,2025-12-04,Cancer
4163,4745,69,8,2025-12-10,2026-05-23,Cancer
4164,4577,229,16,2026-07-17,2026-08-12,Asthma
4165,4745,57,7,2024-09-02,2025-05-14,Pneumonia
4166,4320,71,2,2025-02-27,2025-09-02,Fracture
4167,2722,28,18,2025-06-19,2026-05-19,Kidney Stones
4168,4506,110,10,2024-10-15,2026-01-31,Fracture
4169,269,1,10,2026-06-20,2026-07-19,Pneumonia
4170,4120,60,18,2025-02-11,2025-08-28,Diabetes
4171,1380,71,7,2025-05-20,2025-06-11,Diabetes
4172,58,4,11,2025-03-30,2025-10-23,Fracture
4173,3607,184,10,2026-05-05,2026-05-23,Fracture
4174,705,250,7,2024-11-02,2026-07-14,Cancer
4175,4535,33,20,2025-03-19,2025-08-04,Stroke
4176,4678,181,17,2025-10-11,2026-01-01,Cancer
4177,2820,71,14,2025-07-31,2026-01-28,Kidney Stones
4178,1502,53,6,2025-06-29,2026-02-16,Kidney Stones
4179,1987,49,18,2026-06-10,2026-06-20,Diabetes
4180,322,207,11,2025-07-15,2025-09-04,Asthma
4181,1364,60,13,2024-10-06,2026-06-19,Hypertension
4182,1765,189,10,2026-04-26,2026-07-05,Pneumonia
4183,1879,26,4,2025-07-14,2026-02-01,Kidney Stones
4184,4547,198,6,2024-08-20,2024-11-22,Asthma
4185,257,172,16,2024-09-21,2026-05-01,Covid
4186,1186,103,10,2025-09-01,2026-05-03,Fracture
4187,3453,165,20,2025-10-26,2026-01-27,Hypertension
4188,3420,54,16,2025-01-19,2025-06-17,Pneumonia
4189,4280,160,20,2026-03-14,2026-08-06,Fracture
4190,3628,165,16,2025-12-07,2026-06-07,Cancer
4191,2480,79,5,2025-09-29,2026-03-08,Pneumonia
4192,35,52,18,2026-01-18,2026-06-08,Covid
4193,4436,108,19,2025-02-28,2026-04-16,Asthma
4194,3001,47,10,2025-12-30,2026-04-16,Migraine
4195,4179,235,20,2025-09-13,2025-12-05,Stroke
4196,994,169,6,2025-10-04,2025-12-20,Asthma
4197,4464,162,8,2026-01-10,2026-04-13,Stroke
4198,4145,178,10,2026-07-17,2026-07-26,Stroke
4199,1163,14,9,2026-04-12,2026-08-15,Diabetes
4200,922,216,10,2024-11-01,2026-02-14,Cancer
4201,1880,123,3,2025-09-02,2025-12-09,Fracture
4202,3205,76,20,2026-02-25,2026-05-10,Migraine
4203,2889,132,8,2025-08-21,2026-06-16,Asthma
4204,1683,107,3,2026-01-20,2026-06-01,Fracture
4205,4153,221,2,2026-04-05,2026-08-14,Diabetes
4206,909,24,1,2026-06-18,2026-08-11,Migraine
4207,489,224,14,2025-12-25,2026-08-15,Pneumonia
4208,4832,100,9,2025-12-15,2026-04-25,Cancer
4209,1306,2,4,2024-09-03,2025-12-22,Migraine
4210,430,40,17,2025-11-04,2026-02-21,Fracture
4211,3257,164,10,2026-02-13,2026-05-24,Pneumonia
4212,300,237,18,2026-02-13,2026-05-07,Pneumonia
4213,1727,102,12,2024-10-09,2026-08-13,Migraine
4214,2670,113,17,2025-03-03,2025-11-18,Covid
4215,1331,231,8,2025-11-12,2026-04-29,Pneumonia
4216,1000,37,10,2025-03-15,2026-04-03,Kidney Stones
4217,2664,188,3,2025-04-19,2025-09-21,Migraine
4218,2312,147,17,2026-05-25,2026-07-13,Kidney Stones
4219,2877,218,18,2024-09-09,2025-04-15,Pneumonia
4220,992,176,18,2024-12-30,2026-07-13,Kidney Stones
4221,511,176,6,2026-05-07,2026-05-21,Cancer
4222,1571,89,13,2026-02-19,2026-03-21,Migraine
4223,4288,165,9,2026-02-15,2026-04-11,Stroke
4224,4650,45,2,2024-08-12,2025-02-08,Migraine
4225,4767,48,13,2025-10-28,2026-03-22,Migraine
4226,1398,18,1,2026-02-23,2026-03-21,Diabetes
4227,1423,153,4,2026-04-23,2026-06-12,Fracture
4228,2991,73,9,2026-01-29,2026-06-26,Hypertension
4229,2321,179,4,2026-07-23,2026-07-26,Cancer
4230,1374,47,10,2025-04-30,2026-07-30,Stroke
4231,2411,173,4,2025-12-08,2026-04-04,Pneumonia
4232,3442,176,11,2025-03-08,2026-02-04,Pneumonia
4233,3301,233,20,2026-04-22,2026-07-05,Diabetes
4234,4065,233,15,2026-04-05,2026-05-24,Kidney Stones
4235,3698,232,17,2026-04-10,2026-05-01,Pneumonia
4236,964,167,10,2025-09-10,2025-10-19,Stroke
4237,3453,240,13,2026-06-29,2026-07-22,Covid
4238,2954,65,11,2025-11-09,2026-02-23,Migraine
4239,4153,16,7,2025-04-15,2026-06-23,Cancer
4240,1499,246,6,2025-06-10,2025-12-17,Stroke
4241,4965,51,4,2025-01-23,2025-06-14,Stroke
4242,863,93,4,2026-04-14,2026-08-11,Diabetes
4243,2516,162,16,2025-03-23,2026-04-05,Pneumonia
4244,1717,36,11,2025-05-26,2026-02-11,Kidney Stones
4245,3239,82,8,2025-07-12,2025-09-11,Fracture
4246,4689,86,17,2026-03-11,2026-05-30,Fracture
4247,2209,199,20,2025-09-23,2025-09-23,Migraine
4248,1116,152,10,2025-07-16,2026-01-07,Hypertension
4249,3350,158,11,2024-12-20,2026-07-29,Cancer
4250,1968,230,15,2026-04-11,2026-08-12,Stroke
4251,1838,93,20,2025-08-30,2026-01-29,Pneumonia
4252,3121,12,16,2025-04-13,2026-07-19,Asthma
4253,693,35,2,2025-10-29,2026-01-18,Asthma
4254,578,113,18,2026-02-05,2026-05-19,Diabetes
4255,1577,75,19,2026-02-10,2026-05-20,Pneumonia
4256,376,10,17,2024-11-30,2026-01-17,Stroke
4257,3356,196,6,2025-10-20,2026-04-20,Kidney Stones
4258,3160,244,1,2024-08-09,2025-06-22,Hypertension
4259,2949,100,12,2025-06-25,2025-10-03,Hypertension
4260,1046,241,6,2025-05-02,2026-03-09,Hypertension
4261,3399,227,4,2025-06-19,2025-12-05,Pneumonia
4262,3823,172,12,2026-02-02,2026-08-15,Hypertension
4263,2881,24,17,2026-07-04,2026-07-10,Cancer
4264,3017,206,8,2024-11-30,2025-01-13,Fracture
4265,3116,217,18,2024-08-28,2025-05-20,Migraine
4266,2044,156,18,2026-06-16,2026-07-02,Asthma
4267,347,149,19,2025-01-05,2025-05-27,Diabetes
4268,680,74,6,2025-12-30,2026-02-13,Hypertension
4269,2389,56,9,2025-09-12,2026-05-22,Hypertension
4270,3757,73,11,2026-01-08,2026-05-18,Kidney Stones
4271,1329,79,1,2026-03-29,2026-07-28,Pneumonia
4272,3014,208,16,2026-03-19,2026-06-24,Hypertension
4273,2968,67,19,2025-12-24,2025-12-26,Asthma
4274,2104,18,6,2026-02-01,2026-06-24,Fracture
4275,1889,128,18,2024-10-19,2025-06-17,Fracture
4276,354,103,18,2026-04-11,2026-04-26,Fracture
4277,3430,163,15,2024-11-25,2026-05-09,Cancer
4278,4207,17,15,2024-11-12,2024-12-03,Cancer
4279,2469,148,19,2025-05-17,2025-11-04,Stroke
4280,834,75,16,2025-09-22,2026-04-13,Fracture
4281,4049,89,17,2024-11-03,2025-01-06,Fracture
4282,1337,51,20,2025-08-20,2026-03-11,Migraine
4283,2748,145,3,2025-08-01,2026-01-18,Asthma
4284,3202,178,19,2026-04-30,2026-05-25,Cancer
4285,471,155,15,2025-11-16,2026-02-10,Kidney Stones
4286,1138,191,8,2025-03-24,2025-04-08,Diabetes
4287,2229,149,15,2024-08-15,2025-08-04,Migraine
4288,3286,222,17,2025-04-16,2026-05-14,Diabetes
4289,4850,160,11,2025-03-03,2025-12-30,Diabetes
4290,2696,163,14,2025-11-11,2025-12-16,Fracture
4291,3679,124,10,2025-07-16,2026-04-25,Fracture
4292,2230,247,7,2025-07-19,2026-07-01,Fracture
4293,4875,191,8,2025-06-03,2026-01-10,Pneumonia
4294,4455,250,3,2026-06-18,2026-07-27,Asthma
4295,3982,77,12,2026-03-27,2026-07-09,Migraine
4296,2937,157,4,2025-01-12,2026-01-22,Asthma
4297,853,77,19,2026-01-01,2026-01-12,Migraine
4298,4768,99,18,2024-10-31,2025-08-25,Stroke
4299,3081,201,11,2025-06-04,2026-07-29,Pneumonia
4300,312,100,4,2026-01-09,2026-03-17,Asthma
4301,3343,160,15,2025-02-06,2025-07-11,Kidney Stones
4302,2624,70,17,2026-04-19,2026-06-29,Kidney Stones
4303,2351,80,7,2025-02-19,2025-07-01,Covid
4304,1339,70,4,2025-03-10,2026-01-02,Asthma
4305,1430,180,10,2026-01-04,2026-01-26,Stroke
4306,4109,37,18,2026-01-08,2026-01-17,Cancer
4307,2392,235,15,2025-05-16,2025-05-28,Stroke
4308,3503,208,16,2026-07-29,2026-08-15,Pneumonia
4309,4753,4,9,2026-03-04,2026-05-23,Hypertension
4310,4333,192,20,2025-08-25,2026-01-04,Pneumonia
4311,775,235,1,2026-01-10,2026-04-29,Pneumonia
4312,1709,61,12,2025-09-30,2026-03-13,Hypertension
4313,4750,120,14,2025-07-03,2026-03-25,Kidney Stones
4314,4390,185,1,2026-01-03,2026-06-14,Asthma
4315,2893,250,14,2024-09-17,2025-01-01,Diabetes
4316,1488,129,16,2025-04-28,2025-12-04,Migraine
4317,3560,134,13,2024-09-29,2026-01-23,Migraine
4318,2405,56,19,2025-11-22,2026-06-11,Hypertension
4319,3931,2,8,2025-01-28,2026-08-14,Asthma
4320,2686,51,18,2026-08-03,2026-08-14,Fracture
4321,3707,181,12,2025-07-21,2026-05-19,Asthma
4322,61,232,6,2025-11-21,2026-02-20,Migraine
4323,4769,110,4,2026-05-22,2026-07-19,Migraine
4324,2460,3,16,2024-11-07,2025-04-18,Kidney Stones
4325,2535,93,1,2026-08-01,2026-08-09,Migraine
4326,3295,109,15,2025-11-11,2026-04-13,Kidney Stones
4327,985,198,17,2024-11-12,2026-06-27,Kidney Stones
4328,4008,157,2,2026-04-09,2026-07-12,Stroke
4329,1989,103,11,2025-03-28,2025-11-03,Stroke
4330,337,184,15,2025-07-08,2026-05-05,Migraine
4331,3650,161,14,2025-02-21,2025-04-15,Diabetes
4332,2766,18,14,2025-09-25,2026-01-20,Kidney Stones
4333,2141,17,2,2026-06-12,2026-06-23,Kidney Stones
4334,3980,247,16,2024-11-11,2026-07-08,Hypertension
4335,4924,110,6,2025-05-13,2026-03-10,Cancer
4336,1394,191,15,2024-09-25,2024-10-27,Stroke
4337,2918,2,20,2025-12-17,2026-07-29,Kidney Stones
4338,3739,78,14,2025-09-19,2026-02-06,Pneumonia
4339,1213,192,14,2025-03-18,2025-03-21,Diabetes
4340,4084,248,6,2025-02-27,2026-05-20,Hypertension
4341,4297,15,19,2025-09-10,2025-10-30,Kidney Stones
4342,1785,15,14,2024-09-14,2026-03-19,Migraine
4343,2369,145,18,2025-04-05,2025-05-16,Diabetes
4344,3865,160,2,2025-02-21,2026-04-07,Diabetes
4345,2285,128,20,2025-07-10,2026-07-31,Migraine
4346,1271,218,9,2026-02-02,2026-04-20,Covid
4347,4096,224,5,2026-07-05,2026-07-11,Hypertension
4348,3091,146,7,2025-12-30,2026-02-20,Pneumonia
4349,3972,26,7,2024-12-11,2025-09-05,Covid
4350,383,48,18,2026-02-07,2026-06-11,Kidney Stones
4351,2544,200,15,2024-10-24,2026-02-06,Stroke
4352,4933,73,8,2025-05-23,2025-07-11,Diabetes
4353,348,122,8,2025-11-27,2026-03-15,Pneumonia
4354,576,109,4,2025-08-19,2025-11-03,Migraine
4355,3855,222,8,2024-11-27,2025-01-07,Hypertension
4356,4421,226,3,2025-09-14,2026-03-19,Stroke
4357,2943,129,8,2026-01-05,2026-03-02,Stroke
4358,3151,63,1,2025-10-30,2026-06-28,Fracture
4359,2491,108,20,2026-06-16,2026-06-24,Kidney Stones
4360,3252,237,13,2024-11-13,2026-06-23,Diabetes
4361,4798,194,15,2024-10-09,2025-03-31,Covid
4362,4398,139,2,2024-10-22,2025-10-27,Cancer
4363,1443,100,5,2025-07-29,2025-12-27,Kidney Stones
4364,3721,84,20,2024-08-10,2025-05-04,Hypertension
4365,3745,49,13,2025-11-28,2026-04-29,Diabetes
4366,77,248,4,2025-05-19,2025-11-06,Hypertension
4367,1608,12,14,2025-11-03,2026-03-30,Fracture
4368,4808,169,18,2025-10-06,2026-04-08,Hypertension
4369,518,5,13,2025-07-30,2026-04-08,Hypertension
4370,1425,78,2,2026-04-17,2026-06-18,Migraine
4371,4645,70,19,2025-03-21,2026-02-22,Stroke
4372,1300,85,16,2025-01-06,2026-01-15,Covid
4373,3202,164,10,2025-02-27,2026-07-29,Covid
4374,1434,111,20,2025-10-13,2025-10-29,Covid
4375,2422,158,10,2025-06-18,2026-03-13,Kidney Stones
4376,1835,214,11,2024-11-26,2026-07-15,Migraine
4377,1164,49,11,2025-06-25,2025-06-27,Kidney Stones
4378,287,40,16,2025-04-05,2025-09-13,Cancer
4379,3016,98,1,2025-12-02,2026-03-17,Pneumonia
4380,4322,8,9,2025-08-29,2026-05-10,Migraine
4381,3011,248,5,2025-09-20,2026-02-09,Asthma
4382,3380,236,8,2026-06-10,2026-06-13,Fracture
4383,4540,154,8,2026-01-15,2026-04-27,Asthma
4384,4845,62,8,2025-09-13,2026-07-11,Pneumonia
4385,4957,171,4,2026-01-06,2026-03-27,Migraine
4386,4964,61,6,2024-12-31,2025-06-29,Fracture
4387,4044,107,3,2025-10-31,2026-02-15,Pneumonia
4388,2417,183,9,2025-10-20,2026-05-29,Migraine
4389,2887,212,12,2026-01-14,2026-06-13,Pneumonia
4390,1951,175,13,2024-10-30,2025-07-23,Cancer
4391,3233,22,16,2026-03-24,2026-06-11,Fracture
4392,3020,1,4,2026-07-17,2026-07-28,Cancer
4393,1201,154,5,2026-04-23,2026-06-01,Migraine
4394,2323,52,9,2026-05-15,2026-06-12,Asthma
4395,4157,124,1,2025-06-08,2025-08-18,Kidney Stones
4396,4401,140,18,2025-08-04,2026-08-09,Stroke
4397,3908,68,5,2025-01-23,2025-07-26,Cancer
4398,889,117,19,2025-06-05,2025-11-12,Hypertension
4399,4248,187,2,2026-06-14,2026-06-20,Kidney Stones
4400,3992,38,10,2025-04-24,2026-02-16,Stroke
4401,77,130,4,2024-08-11,2024-11-22,Cancer
4402,3345,108,12,2025-10-15,2025-12-13,Cancer
4403,2469,237,17,2024-10-17,2025-06-25,Pneumonia
4404,3077,198,16,2025-07-07,2025-11-12,Migraine
4405,2814,237,4,2026-05-28,2026-07-10,Covid
4406,4274,117,18,2026-03-17,2026-04-27,Asthma
4407,1152,93,15,2025-08-20,2026-04-22,Diabetes
4408,3019,24,8,2026-03-05,2026-03-05,Stroke
4409,2646,136,8,2025-12-12,2026-03-14,Asthma
4410,70,115,4,2024-12-08,2025-03-30,Covid
4411,2566,21,16,2025-03-20,2026-01-08,Diabetes
4412,181,37,4,2024-09-06,2025-03-16,Asthma
4413,3110,137,13,2026-01-31,2026-07-16,Asthma
4414,4009,212,20,2025-11-12,2026-02-27,Migraine
4415,4085,23,17,2026-02-22,2026-02-25,Stroke
4416,961,111,13,2025-07-27,2025-08-26,Pneumonia
4417,1327,131,15,2024-09-11,2024-09-25,Pneumonia
4418,3436,196,16,2026-06-12,2026-07-31,Fracture
4419,557,101,10,2026-06-01,2026-06-23,Fracture
4420,994,133,20,2026-05-02,2026-07-12,Hypertension
4421,273,71,18,2025-02-06,2026-03-08,Kidney Stones
4422,2723,173,18,2025-06-21,2026-07-06,Fracture
4423,796,224,16,2025-04-19,2026-02-17,Diabetes
4424,3668,148,6,2025-05-11,2025-10-12,Stroke
4425,1519,232,3,2025-05-08,2026-02-16,Diabetes
4426,261,83,2,2025-12-02,2025-12-28,Hypertension
4427,2907,237,5,2025-07-28,2026-05-09,Kidney Stones
4428,4664,174,1,2026-07-31,2026-08-14,Pneumonia
4429,2046,193,3,2026-03-06,2026-07-12,Migraine
4430,1707,223,10,2026-05-15,2026-07-23,Hypertension
4431,3093,199,3,2024-10-14,2025-01-06,Fracture
4432,369,160,13,2025-08-01,2025-08-28,Cancer
4433,266,138,3,2025-09-19,2025-11-05,Diabetes
4434,1186,125,14,2025-06-05,2025-08-29,Diabetes
4435,3035,139,13,2025-01-06,2026-05-21,Covid
4436,2900,87,17,2024-11-30,2025-02-25,Fracture
4437,4036,168,20,2025-05-06,2025-12-14,Hypertension
4438,1487,65,11,2024-11-03,2024-11-07,Cancer
4439,215,1,9,2025-03-13,2025-07-23,Covid
4440,1483,172,19,2025-07-24,2026-05-29,Hypertension
4441,2595,145,4,2024-09-22,2025-01-03,Diabetes
4442,3340,190,17,2026-07-08,2026-07-29,Kidney Stones
4443,9,27,16,2026-04-27,2026-08-15,Pneumonia
4444,2086,105,9,2025-06-13,2025-07-28,Migraine
4445,718,18,14,2025-12-09,2025-12-26,Kidney Stones
4446,4828,170,9,2024-10-03,2024-12-12,Fracture
4447,4818,200,9,2025-02-05,2025-05-22,Asthma
4448,2217,166,13,2025-10-11,2026-04-23,Stroke
4449,1163,236,16,2025-08-25,2026-05-16,Diabetes
4450,2437,164,6,2025-02-12,2026-07-12,Hypertension
4451,4350,119,16,2025-04-13,2025-10-07,Cancer
4452,1491,88,7,2025-06-19,2025-08-19,Kidney Stones
4453,4977,140,2,2025-02-24,2025-07-12,Kidney Stones
4454,1593,18,17,2026-04-24,2026-05-08,Cancer
4455,2372,201,15,2025-03-13,2026-06-18,Kidney Stones
4456,627,151,11,2024-08-16,2025-06-23,Migraine
4457,917,224,14,2024-09-23,2025-12-09,Asthma
4458,8,172,20,2025-01-19,2025-05-30,Diabetes
4459,4911,164,3,2026-07-11,2026-08-15,Pneumonia
4460,988,128,16,2024-11-12,2026-07-29,Migraine
4461,1456,158,17,2026-04-03,2026-04-10,Diabetes
4462,2890,148,10,2026-02-05,2026-03-14,Hypertension
4463,3467,95,18,2025-07-16,2026-07-22,Migraine
4464,3706,53,12,2025-11-06,2026-05-08,Fracture
4465,1320,247,2,2025-11-05,2025-12-30,Stroke
4466,4261,19,3,2025-03-24,2026-07-12,Kidney Stones
4467,2191,205,3,2025-08-05,2025-09-18,Asthma
4468,3058,84,19,2025-10-26,2025-12-12,Diabetes
4469,1469,42,9,2025-04-18,2026-07-11,Fracture
4470,726,119,11,2026-04-12,2026-05-08,Diabetes
4471,3985,135,7,2025-11-25,2026-04-23,Stroke
4472,1375,237,5,2025-08-29,2026-07-10,Asthma
4473,4825,75,5,2026-05-07,2026-06-26,Cancer
4474,473,18,10,2026-06-11,2026-06-24,Kidney Stones
4475,3889,71,7,2025-05-01,2025-11-27,Pneumonia
4476,3578,77,2,2025-08-21,2026-01-12,Diabetes
4477,4063,56,8,2025-10-04,2026-06-08,Cancer
4478,2848,119,17,2024-09-17,2026-05-10,Asthma
4479,3483,219,20,2026-06-23,2026-08-10,Cancer
4480,3844,103,2,2026-06-01,2026-06-18,Asthma
4481,1249,138,14,2026-08-04,2026-08-16,Hypertension
4482,2563,160,1,2026-07-03,2026-07-11,Hypertension
4483,3938,216,11,2025-07-01,2025-11-22,Diabetes
4484,2386,104,19,2025-10-07,2026-05-05,Covid
4485,2296,189,14,2025-04-03,2025-08-08,Cancer
4486,4905,166,8,2026-02-25,2026-08-16,Diabetes
4487,4357,164,16,2025-09-20,2025-12-31,Pneumonia
4488,1289,107,2,2024-10-16,2026-05-18,Migraine
4489,937,16,20,2025-08-05,2025-09-15,Asthma
4490,3736,147,10,2026-05-18,2026-06-30,Covid
4491,836,231,2,2025-11-18,2025-12-26,Migraine
4492,2372,40,4,2024-11-09,2025-03-01,Diabetes
4493,3722,169,14,2025-12-29,2026-04-25,Migraine
4494,2265,71,6,2024-08-25,2025-10-07,Hypertension
4495,884,16,4,2025-05-05,2025-06-10,Asthma
4496,55,133,17,2025-02-09,2025-10-30,Covid
4497,2732,139,11,2025-06-30,2025-07-13,Asthma
4498,1907,194,15,2026-03-21,2026-03-22,Asthma
4499,2434,202,2,2026-04-02,2026-04-19,Migraine
4500,4427,84,7,2025-08-31,2026-04-26,Asthma
4501,1725,140,12,2026-01-22,2026-03-17,Asthma
4502,3725,126,4,2025-01-01,2026-02-16,Hypertension
4503,1097,222,18,2025-01-12,2025-11-24,Pneumonia
4504,923,18,18,2025-12-21,2026-02-26,Asthma
4505,531,195,11,2026-07-27,2026-07-29,Diabetes
4506,2992,21,4,2026-05-23,2026-07-10,Kidney Stones
4507,2067,110,13,2024-12-08,2026-07-22,Kidney Stones
4508,1209,229,8,2024-10-26,2025-02-02,Cancer
4509,1890,115,15,2025-08-11,2026-04-29,Fracture
4510,4806,183,15,2026-01-09,2026-04-27,Hypertension
4511,1405,246,2,2025-03-13,2026-02-27,Cancer
4512,3767,100,6,2024-12-28,2025-02-07,Stroke
4513,25,21,10,2026-01-15,2026-08-04,Hypertension
4514,2401,26,9,2026-05-09,2026-08-08,Hypertension
4515,3822,14,10,2024-12-21,2026-08-11,Covid
4516,2545,197,12,2025-03-27,2026-04-17,Migraine
4517,2669,121,2,2025-02-16,2025-07-22,Covid
4518,1747,70,14,2024-09-20,2026-01-22,Fracture
4519,2940,83,13,2025-03-09,2025-10-16,Migraine
4520,4652,133,16,2025-06-30,2025-07-17,Fracture
4521,2257,162,19,2025-11-08,2026-05-23,Hypertension
4522,4985,150,3,2025-05-07,2026-03-10,Migraine
4523,4084,86,18,2026-03-15,2026-03-28,Hypertension
4524,104,151,2,2025-03-04,2026-05-14,Covid
4525,4694,234,16,2025-08-25,2025-09-27,Hypertension
4526,1458,247,3,2026-08-01,2026-08-03,Asthma
4527,3135,167,1,2026-03-30,2026-04-29,Hypertension
4528,3484,23,1,2026-05-12,2026-07-28,Stroke
4529,4597,51,11,2025-10-15,2025-11-14,Diabetes
4530,821,17,18,2025-11-22,2026-06-07,Covid
4531,830,37,16,2025-12-28,2026-03-15,Pneumonia
4532,4573,38,3,2026-05-24,2026-07-20,Diabetes
4533,1478,176,12,2025-05-23,2026-05-18,Asthma
4534,4598,133,10,2024-08-29,2025-02-13,Fracture
4535,3838,227,18,2026-05-24,2026-08-12,Pneumonia
4536,1715,160,17,2026-02-11,2026-08-10,Asthma
4537,1176,235,19,2025-12-31,2026-01-28,Fracture
4538,973,245,7,2026-06-18,2026-06-25,Migraine
4539,2162,93,14,2026-07-29,2026-08-15,Migraine
4540,3567,114,1,2025-01-23,2025-03-19,Migraine
4541,3074,159,14,2025-04-14,2025-06-26,Stroke
4542,3707,88,11,2025-06-10,2025-08-17,Hypertension
4543,1523,17,12,2025-05-05,2025-06-22,Fracture
4544,3703,5,2,2026-06-16,2026-07-26,Covid
4545,1506,186,5,2024-12-16,2025-04-15,Kidney Stones
4546,816,24,5,2024-08-26,2025-11-16,Kidney Stones
4547,2519,193,13,2025-08-27,2026-04-05,Fracture
4548,2557,106,14,2025-07-21,2026-06-28,Pneumonia
4549,3685,141,9,2024-08-06,2025-01-24,Asthma
4550,1595,219,3,2025-06-16,2025-12-12,Cancer
4551,2935,139,14,2026-01-22,2026-06-01,Kidney Stones
4552,3390,25,14,2026-05-27,2026-06-30,Migraine
4553,295,170,11,2025-02-16,2026-06-04,Asthma
4554,394,92,12,2026-08-05,2026-08-16,Fracture
4555,3377,182,10,2026-01-30,2026-06-26,Migraine
4556,2564,81,10,2024-12-28,2025-11-25,Diabetes
4557,3067,235,15,2025-04-23,2026-03-02,Kidney Stones
4558,2410,225,12,2026-07-25,2026-08-14,Asthma
4559,4013,105,17,2025-09-19,2026-01-29,Diabetes
4560,3218,57,8,2026-06-04,2026-06-11,Diabetes
4561,2367,130,20,2026-04-16,2026-04-19,Diabetes
4562,2324,93,12,2025-02-08,2026-01-24,Kidney Stones
4563,4251,105,7,2025-06-24,2026-02-14,Kidney Stones
4564,3457,66,5,2026-03-18,2026-07-28,Migraine
4565,1141,156,15,2026-05-25,2026-06-16,Covid
4566,3311,178,7,2024-09-14,2024-10-14,Asthma
4567,2644,143,18,2026-03-20,2026-04-08,Kidney Stones
4568,3849,88,15,2025-07-25,2025-08-24,Migraine
4569,3285,37,4,2026-06-14,2026-07-24,Asthma
4570,1536,51,5,2024-10-18,2025-05-21,Stroke
4571,1766,184,16,2026-03-02,2026-08-01,Hypertension
4572,1372,160,4,2026-01-18,2026-03-26,Asthma
4573,1790,53,12,2026-06-06,2026-07-18,Migraine
4574,4929,68,16,2025-08-03,2026-05-21,Fracture
4575,1307,150,10,2024-12-03,2026-03-09,Cancer
4576,3727,12,1,2024-09-16,2025-02-06,Asthma
4577,548,157,16,2025-11-05,2026-04-21,Pneumonia
4578,2768,40,3,2026-06-23,2026-07-30,Pneumonia
4579,1375,93,4,2025-09-02,2026-01-04,Stroke
4580,309,158,18,2025-06-16,2025-12-26,Hypertension
4581,4716,247,13,2025-01-09,2026-07-20,Asthma
4582,3400,23,16,2024-10-07,2026-02-22,Diabetes
4583,947,134,16,2025-05-24,2026-06-28,Diabetes
4584,4044,11,7,2024-11-09,2025-07-04,Cancer
4585,1409,169,9,2024-12-12,2026-06-23,Covid
4586,1275,158,13,2025-06-10,2026-03-10,Covid
4587,857,78,11,2025-11-11,2026-07-04,Diabetes
4588,836,26,20,2025-06-29,2026-05-14,Pneumonia
4589,3175,188,19,2025-06-01,2025-11-22,Kidney Stones
4590,1286,96,9,2025-12-01,2026-07-13,Pneumonia
4591,2387,101,6,2025-05-20,2025-10-05,Asthma
4592,2351,142,17,2024-12-10,2025-05-14,Pneumonia
4593,900,47,4,2025-05-04,2025-09-06,Fracture
4594,1876,242,18,2024-12-08,2026-07-22,Cancer
4595,2174,82,12,2026-07-28,2026-08-16,Diabetes
4596,2644,222,17,2024-08-30,2025-11-29,Diabetes
4597,247,44,19,2026-01-30,2026-03-11,Covid
4598,1637,43,6,2025-12-06,2026-02-27,Diabetes
4599,4284,149,2,2024-11-06,2024-11-11,Kidney Stones
4600,4817,225,10,2025-02-28,2026-01-31,Asthma
4601,4619,170,5,2026-07-07,2026-07-14,Fracture
4602,1486,174,9,2024-12-19,2025-05-04,Stroke
4603,621,146,7,2025-05-19,2026-08-07,Migraine
4604,4648,105,4,2026-04-21,2026-08-07,Hypertension
4605,941,236,7,2026-03-18,2026-05-07,Covid
4606,1031,101,9,2024-10-29,2025-01-18,Fracture
4607,2327,3,13,2026-02-11,2026-06-10,Cancer
4608,1920,93,15,2025-02-24,2026-01-23,Fracture
4609,4962,200,7,2025-10-13,2026-01-07,Cancer
4610,3190,125,4,2025-07-19,2026-01-01,Kidney Stones
4611,3491,123,8,2026-03-12,2026-04-04,Pneumonia
4612,3746,38,1,2024-11-29,2025-01-15,Cancer
4613,4062,193,3,2026-07-03,2026-08-01,Covid
4614,3286,245,10,2025-06-22,2025-10-10,Covid
4615,3536,41,14,2025-07-21,2025-12-13,Migraine
4616,3465,236,17,2025-10-15,2026-06-05,Hypertension
4617,4372,119,10,2024-09-06,2025-08-01,Stroke
4618,4437,222,16,2024-08-25,2025-10-25,Cancer
4619,1506,56,13,2025-09-07,2025-12-10,Diabetes
4620,1237,47,10,2025-04-15,2025-10-04,Stroke
4621,2251,227,12,2024-08-30,2024-11-29,Fracture
4622,4114,10,15,2025-07-14,2026-05-01,Kidney Stones
4623,4363,73,4,2024-08-26,2026-07-12,Pneumonia
4624,623,187,2,2025-08-08,2026-07-16,Stroke
4625,1496,51,1,2024-08-06,2026-04-24,Pneumonia
4626,3225,228,2,2024-12-14,2025-06-30,Stroke
4627,3790,209,7,2024-08-20,2024-11-21,Hypertension
4628,713,134,12,2025-02-08,2025-06-10,Hypertension
4629,3258,207,7,2025-08-06,2026-02-03,Hypertension
4630,2564,86,3,2025-06-11,2026-02-09,Migraine
4631,3577,142,9,2025-09-04,2026-06-08,Covid
4632,95,33,16,2026-02-11,2026-07-02,Hypertension
4633,4192,215,16,2024-11-09,2026-07-30,Asthma
4634,4170,242,15,2025-06-23,2026-02-20,Pneumonia
4635,940,121,13,2025-02-12,2026-02-20,Asthma
4636,1075,37,11,2025-10-24,2026-03-23,Stroke
4637,4731,110,10,2026-07-22,2026-08-05,Asthma
4638,75,147,11,2024-10-08,2025-12-25,Pneumonia
4639,2671,34,17,2026-05-29,2026-07-12,Asthma
4640,3327,142,10,2024-12-16,2026-02-24,Migraine
4641,4062,134,3,2026-03-31,2026-05-23,Pneumonia
4642,3946,173,10,2025-03-05,2025-05-02,Migraine
4643,4322,50,7,2025-10-29,2026-05-26,Asthma
4644,664,186,9,2024-10-26,2026-07-29,Fracture
4645,282,158,7,2024-09-27,2025-04-22,Fracture
4646,1062,13,8,2026-06-14,2026-07-21,Covid
4647,3619,65,2,2024-10-10,2026-04-18,Migraine
4648,2728,141,1,2025-09-10,2026-08-16,Stroke
4649,1436,224,10,2024-09-12,2025-01-29,Asthma
4650,683,11,15,2025-06-25,2026-01-20,Hypertension
4651,3211,17,8,2026-08-06,2026-08-06,Diabetes
4652,1482,169,1,2024-12-15,2025-12-23,Hypertension
4653,1160,164,2,2024-11-13,2026-05-27,Diabetes
4654,1745,246,6,2026-02-13,2026-07-11,Migraine
4655,3655,211,4,2024-08-22,2026-01-16,Cancer
4656,379,23,17,2025-11-15,2025-12-09,Covid
4657,4686,194,5,2025-02-11,2025-04-11,Kidney Stones
4658,4928,104,16,2025-03-27,2026-02-21,Fracture
4659,495,233,1,2026-01-11,2026-01-29,Migraine
4660,160,24,7,2026-05-24,2026-07-10,Pneumonia
4661,1056,250,5,2025-03-01,2026-03-29,Asthma
4662,3471,36,19,2026-01-23,2026-05-05,Kidney Stones
4663,539,213,4,2025-06-22,2026-07-28,Diabetes
4664,3190,85,7,2025-08-06,2025-11-19,Diabetes
4665,2250,17,10,2025-12-20,2026-07-22,Fracture
4666,3317,138,17,2025-01-14,2025-11-05,Fracture
4667,2852,212,10,2025-02-22,2025-06-05,Stroke
4668,3770,74,6,2025-09-02,2026-06-05,Migraine
4669,4896,236,18,2026-04-16,2026-04-21,Diabetes
4670,920,5,5,2024-10-27,2026-06-07,Fracture
4671,804,4,2,2026-01-29,2026-04-07,Asthma
4672,1680,127,14,2024-09-02,2026-01-24,Cancer
4673,3082,209,1,2026-05-30,2026-06-07,Stroke
4674,1570,82,10,2024-12-01,2026-03-11,Hypertension
4675,2795,27,2,2025-03-07,2026-06-30,Cancer
4676,414,219,19,2026-01-12,2026-06-26,Stroke
4677,3546,87,12,2025-10-13,2026-01-02,Diabetes
4678,4694,30,17,2025-08-22,2026-08-02,Diabetes
4679,702,37,19,2025-10-27,2026-05-21,Fracture
4680,3850,131,6,2024-12-07,2026-08-03,Covid
4681,3664,24,10,2024-09-22,2025-01-16,Asthma
4682,3320,126,1,2025-11-27,2026-01-17,Covid
4683,3543,4,2,2024-10-24,2026-03-01,Migraine
4684,3227,81,11,2025-04-19,2026-01-29,Diabetes
4685,4963,179,2,2026-07-07,2026-07-23,Covid
4686,2741,236,11,2025-06-04,2025-10-26,Asthma
4687,3033,84,1,2025-06-11,2026-06-26,Fracture
4688,4197,83,15,2026-04-01,2026-05-26,Covid
4689,3503,89,5,2026-02-20,2026-04-09,Cancer
4690,731,237,17,2026-01-11,2026-03-08,Cancer
4691,657,232,6,2025-04-10,2026-04-04,Pneumonia
4692,3545,42,19,2025-03-07,2025-12-07,Fracture
4693,808,213,13,2025-11-18,2026-07-08,Covid
4694,263,161,20,2025-11-19,2025-12-29,Cancer
4695,3429,230,11,2026-01-24,2026-02-17,Asthma
4696,3293,4,8,2025-08-08,2026-06-03,Fracture
4697,3703,237,12,2026-01-22,2026-07-06,Pneumonia
4698,4105,81,2,2025-07-27,2025-10-05,Migraine
4699,1918,131,4,2026-07-16,2026-08-10,Fracture
4700,1035,206,14,2026-03-18,2026-07-07,Hypertension
4701,1710,127,13,2025-04-15,2026-01-15,Covid
4702,3554,168,14,2026-06-04,2026-07-13,Diabetes
4703,4100,17,8,2026-04-12,2026-05-07,Cancer
4704,3120,120,11,2025-10-18,2026-03-04,Stroke
4705,3675,173,8,2026-03-17,2026-05-24,Fracture
4706,651,101,13,2025-08-28,2025-12-01,Covid
4707,2002,162,20,2025-06-13,2026-02-19,Kidney Stones
4708,4281,240,14,2026-03-12,2026-04-07,Diabetes
4709,3823,15,18,2025-11-11,2025-12-14,Stroke
4710,3108,232,10,2025-01-08,2025-12-14,Asthma
4711,3060,50,8,2025-05-04,2026-05-22,Migraine
4712,1709,239,4,2025-03-03,2025-04-09,Asthma
4713,3709,124,4,2025-04-18,2026-07-06,Stroke
4714,3033,175,3,2024-10-26,2026-03-02,Hypertension
4715,1994,191,12,2025-08-12,2025-12-25,Fracture
4716,441,37,9,2025-04-09,2026-02-24,Hypertension
4717,3982,26,6,2026-02-04,2026-04-09,Cancer
4718,2129,36,8,2025-01-13,2026-01-01,Pneumonia
4719,4432,32,14,2024-11-23,2025-10-03,Hypertension
4720,3710,89,16,2025-04-06,2025-10-11,Fracture
4721,1582,180,11,2026-06-13,2026-08-02,Fracture
4722,3934,33,3,2025-06-27,2025-11-01,Hypertension
4723,1374,162,7,2025-01-02,2026-07-28,Hypertension
4724,2245,136,3,2025-10-13,2026-04-17,Hypertension
4725,3357,144,3,2026-06-13,2026-08-09,Asthma
4726,4412,230,19,2026-02-07,2026-04-11,Fracture
4727,1937,63,18,2024-12-31,2025-07-06,Asthma
4728,362,85,2,2024-10-05,2026-06-11,Diabetes
4729,1471,103,12,2025-05-17,2026-05-05,Pneumonia
4730,556,66,18,2026-06-25,2026-08-11,Hypertension
4731,4386,188,16,2026-04-03,2026-08-03,Hypertension
4732,1310,27,2,2026-04-01,2026-05-20,Stroke
4733,2573,133,14,2024-09-15,2026-05-09,Fracture
4734,36,90,19,2025-01-07,2026-04-24,Stroke
4735,3178,50,12,2026-02-28,2026-07-02,Diabetes
4736,4738,213,2,2025-06-15,2026-04-25,Diabetes
4737,2585,32,18,2024-08-30,2025-01-02,Hypertension
4738,1702,223,5,2024-09-11,2025-11-02,Migraine
4739,711,196,9,2026-04-12,2026-04-28,Covid
4740,1793,72,5,2025-07-01,2025-10-17,Pneumonia
4741,290,120,2,2025-03-11,2026-04-03,Hypertension
4742,126,219,5,2026-03-02,2026-07-06,Cancer
4743,95,202,15,2025-04-12,2026-07-30,Diabetes
4744,2723,51,12,2025-01-05,2026-08-03,Pneumonia
4745,1498,16,2,2025-06-09,2025-09-25,Asthma
4746,3533,221,2,2026-06-19,2026-07-18,Fracture
4747,2692,113,15,2025-09-12,2025-10-31,Fracture
4748,4920,119,20,2025-04-07,2025-08-04,Stroke
4749,50,240,14,2024-09-25,2026-06-03,Asthma
4750,4995,128,20,2026-04-14,2026-08-01,Cancer
4751,2255,142,7,2025-03-22,2026-06-07,Fracture
4752,630,109,20,2025-09-20,2026-04-04,Pneumonia
4753,4672,105,6,2025-06-18,2025-12-25,Covid
4754,3558,68,20,2025-09-30,2026-05-17,Diabetes
4755,3630,19,17,2026-07-17,2026-07-22,Fracture
4756,1207,16,12,2024-10-30,2026-03-24,Kidney Stones
4757,1295,229,9,2025-11-27,2025-12-30,Migraine
4758,3559,147,20,2025-02-04,2026-08-08,Covid
4759,3587,17,7,2026-07-25,2026-08-16,Hypertension
4760,1697,50,19,2026-07-21,2026-08-02,Asthma
4761,463,202,3,2025-10-29,2025-12-21,Pneumonia
4762,3507,205,20,2026-07-29,2026-08-06,Diabetes
4763,3287,85,13,2025-08-08,2026-05-31,Stroke
4764,1908,135,5,2025-08-28,2026-06-07,Stroke
4765,4471,144,5,2025-03-15,2026-05-11,Stroke
4766,4885,100,9,2025-04-15,2025-07-18,Diabetes
4767,3260,27,16,2024-10-07,2026-04-06,Asthma
4768,1418,250,10,2024-12-30,2026-06-05,Covid
4769,440,217,7,2026-03-01,2026-05-28,Fracture
4770,3631,138,4,2026-05-17,2026-07-21,Asthma
4771,3509,32,3,2026-07-18,2026-07-25,Asthma
4772,3054,79,1,2025-01-06,2026-08-12,Pneumonia
4773,3113,51,1,2026-06-18,2026-08-13,Migraine
4774,1170,49,12,2026-03-30,2026-05-13,Migraine
4775,4562,89,7,2025-02-22,2026-05-09,Asthma
4776,2314,159,1,2024-09-10,2026-04-10,Kidney Stones
4777,1579,172,17,2026-08-05,2026-08-05,Covid
4778,3959,35,14,2026-02-22,2026-06-30,Kidney Stones
4779,4516,1,9,2026-01-03,2026-05-08,Covid
4780,4175,53,14,2026-03-04,2026-05-06,Covid
4781,553,136,3,2025-07-10,2026-07-22,Diabetes
4782,2241,234,3,2025-09-06,2026-03-15,Fracture
4783,3419,124,14,2025-08-05,2026-06-08,Diabetes
4784,4745,156,12,2026-07-25,2026-07-30,Cancer
4785,2436,16,11,2025-06-30,2026-04-24,Kidney Stones
4786,1419,98,8,2026-04-07,2026-06-05,Diabetes
4787,4249,59,4,2026-06-12,2026-07-03,Asthma
4788,897,71,12,2026-01-21,2026-03-19,Cancer
4789,2655,249,18,2025-11-20,2026-05-11,Covid
4790,4447,182,18,2025-01-02,2026-03-11,Migraine
4791,772,151,19,2025-07-16,2025-11-25,Diabetes
4792,4955,141,5,2025-05-20,2026-05-17,Hypertension
4793,899,93,15,2026-01-17,2026-02-01,Covid
4794,1383,227,15,2025-06-29,2025-09-28,Fracture
4795,2009,108,13,2025-03-30,2025-09-23,Diabetes
4796,4504,50,9,2025-09-21,2026-05-16,Cancer
4797,1873,60,13,2026-04-13,2026-04-19,Fracture
4798,4887,202,7,2025-02-02,2026-02-02,Asthma
4799,1651,179,11,2026-06-20,2026-07-24,Diabetes
4800,1843,145,20,2026-06-20,2026-06-21,Covid
4801,3164,184,18,2025-09-20,2026-04-21,Asthma
4802,1902,233,19,2024-08-17,2025-09-12,Pneumonia
4803,985,197,2,2026-06-27,2026-08-06,Asthma
4804,3735,161,7,2025-08-27,2026-07-03,Migraine
4805,1138,186,7,2025-03-10,2025-09-29,Hypertension
4806,4309,50,17,2026-07-26,2026-08-14,Kidney Stones
4807,1730,44,13,2026-01-27,2026-04-01,Hypertension
4808,3804,112,13,2025-02-01,2025-09-09,Fracture
4809,482,243,16,2025-05-23,2026-03-11,Stroke
4810,3690,158,2,2026-03-04,2026-06-09,Kidney Stones
4811,3171,246,13,2026-01-23,2026-07-21,Fracture
4812,684,13,14,2026-04-14,2026-06-14,Pneumonia
4813,3142,145,1,2024-08-23,2026-04-30,Covid
4814,4997,161,2,2025-04-23,2026-07-01,Covid
4815,383,22,14,2025-04-09,2026-05-11,Migraine
4816,979,1,15,2025-04-07,2026-07-17,Asthma
4817,341,78,6,2025-04-30,2026-07-29,Pneumonia
4818,1829,27,11,2025-07-30,2026-06-01,Fracture
4819,4432,114,15,2026-05-21,2026-06-17,Asthma
4820,3579,206,4,2024-08-29,2024-12-30,Pneumonia
4821,295,228,17,2026-07-02,2026-07-17,Fracture
4822,4845,33,3,2025-04-09,2026-08-15,Asthma
4823,3220,128,10,2026-03-25,2026-04-24,Covid
4824,3443,150,1,2025-04-27,2026-06-24,Fracture
4825,2071,60,9,2026-02-01,2026-03-20,Pneumonia
4826,3971,161,20,2025-10-07,2026-02-15,Covid
4827,1014,146,8,2025-04-15,2025-09-23,Diabetes
4828,2412,17,15,2026-04-18,2026-07-21,Cancer
4829,3236,250,17,2025-11-28,2026-02-04,Diabetes
4830,1130,193,19,2026-07-19,2026-07-22,Migraine
4831,3764,236,3,2024-08-14,2025-06-15,Diabetes
4832,4635,39,15,2024-11-08,2025-12-26,Stroke
4833,3952,233,5,2024-12-31,2026-02-01,Covid
4834,3847,86,20,2025-12-11,2026-07-14,Migraine
4835,594,145,5,2024-10-06,2025-03-22,Covid
4836,4780,81,9,2024-08-28,2026-01-22,Hypertension
4837,4299,124,6,2025-01-28,2026-04-02,Diabetes
4838,47,208,3,2024-11-08,2025-02-09,Cancer
4839,944,18,4,2024-08-13,2026-07-06,Fracture
4840,1604,4,11,2025-03-14,2026-03-05,Hypertension
4841,97,1,4,2025-05-01,2025-11-29,Asthma
4842,1710,237,11,2025-08-13,2026-02-12,Hypertension
4843,4444,221,7,2026-07-04,2026-07-11,Kidney Stones
4844,3372,92,9,2026-07-17,2026-08-08,Fracture
4845,2476,121,19,2025-01-24,2025-12-27,Asthma
4846,4004,16,2,2025-01-12,2026-03-22,Hypertension
4847,1577,207,12,2026-01-29,2026-04-03,Asthma
4848,1670,152,7,2025-10-26,2026-05-05,Fracture
4849,2077,61,15,2026-05-16,2026-07-28,Stroke
4850,3111,39,2,2025-02-04,2026-04-15,Pneumonia
4851,3725,164,18,2024-12-20,2025-12-13,Asthma
4852,1845,241,6,2025-10-10,2025-11-18,Fracture
4853,606,91,8,2025-07-20,2026-02-10,Pneumonia
4854,3082,179,16,2025-04-03,2026-03-23,Pneumonia
4855,1817,18,6,2025-05-06,2025-09-02,Cancer
4856,4169,164,13,2026-03-15,2026-06-05,Cancer
4857,3335,191,10,2025-05-28,2025-08-05,Cancer
4858,4954,64,17,2026-07-25,2026-08-16,Migraine
4859,3465,217,19,2026-05-20,2026-06-09,Asthma
4860,4009,192,3,2025-03-13,2025-09-14,Hypertension
4861,3812,43,6,2025-06-21,2026-03-04,Diabetes
4862,2374,215,10,2026-05-10,2026-08-01,Pneumonia
4863,2802,200,14,2025-10-27,2025-12-11,Fracture
4864,2772,122,11,2025-03-08,2026-07-22,Migraine
4865,2167,93,14,2025-08-28,2026-06-17,Kidney Stones
4866,239,233,8,2026-06-05,2026-07-19,Hypertension
4867,2396,194,12,2026-01-03,2026-02-23,Kidney Stones
4868,627,71,1,2025-10-17,2026-01-26,Pneumonia
4869,4270,181,5,2025-07-29,2025-08-29,Hypertension
4870,13,11,12,2026-04-19,2026-07-15,Kidney Stones
4871,3493,14,2,2025-08-01,2025-09-12,Stroke
4872,1325,155,7,2026-01-07,2026-04-13,Fracture
4873,2203,100,12,2026-01-09,2026-03-27,Kidney Stones
4874,501,131,2,2026-03-02,2026-05-17,Cancer
4875,4493,105,18,2026-06-26,2026-07-20,Covid
4876,1072,145,2,2025-10-08,2025-10-16,Migraine
4877,1268,156,11,2025-04-15,2025-06-26,Covid
4878,3463,226,2,2026-01-22,2026-06-01,Fracture
4879,3822,186,20,2024-12-06,2025-01-21,Migraine
4880,2566,211,4,2025-05-23,2025-06-18,Diabetes
4881,1152,86,1,2025-12-06,2026-06-28,Asthma
4882,2818,185,16,2026-02-20,2026-06-08,Asthma
4883,1949,241,2,2025-03-11,2026-01-25,Stroke
4884,4490,5,17,2024-12-18,2026-07-15,Migraine
4885,3119,142,19,2025-09-15,2026-07-26,Migraine
4886,4259,148,15,2025-11-24,2026-04-06,Fracture
4887,4816,5,4,2024-09-13,2024-12-18,Migraine
4888,2200,144,10,2026-01-11,2026-04-19,Kidney Stones
4889,1981,49,14,2025-02-27,2025-12-20,Pneumonia
4890,2414,206,6,2025-11-25,2025-12-19,Cancer
4891,4146,229,16,2024-12-02,2025-10-03,Kidney Stones
4892,1364,11,12,2025-08-02,2025-09-14,Asthma
4893,2935,99,3,2025-11-17,2026-01-03,Pneumonia
4894,3188,80,16,2024-12-21,2026-04-29,Kidney Stones
4895,692,7,5,2026-06-05,2026-08-08,Diabetes
4896,1020,221,15,2026-05-22,2026-08-02,Cancer
4897,1267,188,16,2025-12-03,2026-02-23,Fracture
4898,488,139,4,2025-06-24,2026-07-16,Asthma
4899,2205,124,13,2025-12-28,2026-07-20,Fracture
4900,2311,151,12,2025-10-05,2026-07-08,Kidney Stones
4901,2120,201,16,2025-11-02,2026-08-13,Stroke
4902,3003,198,11,2025-05-04,2025-07-15,Kidney Stones
4903,1988,86,15,2025-09-17,2026-05-06,Fracture
4904,501,213,11,2024-10-21,2026-05-07,Pneumonia
4905,424,142,16,2025-12-27,2026-03-22,Kidney Stones
4906,1481,232,6,2026-01-10,2026-03-13,Pneumonia
4907,2009,119,17,2026-04-02,2026-05-18,Migraine
4908,1657,211,13,2025-09-05,2025-11-06,Asthma
4909,2965,66,3,2025-02-26,2025-05-21,Stroke
4910,964,47,12,2025-04-24,2026-07-20,Covid
4911,1494,150,12,2025-03-31,2026-07-31,Kidney Stones
4912,3824,94,14,2025-08-04,2026-01-08,Covid
4913,2094,231,11,2024-08-14,2024-11-14,Pneumonia
4914,1676,46,2,2024-09-20,2025-01-02,Migraine
4915,2994,206,14,2026-05-21,2026-06-10,Hypertension
4916,1253,108,5,2025-12-12,2026-05-15,Asthma
4917,381,191,2,2025-02-22,2025-06-24,Pneumonia
4918,3625,7,11,2025-10-18,2026-07-13,Pneumonia
4919,877,154,13,2024-08-31,2024-10-14,Diabetes
4920,1729,151,14,2025-02-28,2026-01-10,Kidney Stones
4921,2326,64,11,2026-01-29,2026-06-26,Stroke
4922,1330,190,20,2025-03-01,2026-07-20,Asthma
4923,176,60,8,2024-10-14,2025-07-06,Covid
4924,3033,84,4,2026-07-22,2026-07-22,Stroke
4925,4668,184,5,2024-08-08,2026-08-12,Fracture
4926,1019,233,14,2025-10-08,2026-03-09,Migraine
4927,2868,20,6,2024-08-12,2024-08-20,Covid
4928,3520,246,8,2025-02-06,2025-02-24,Covid
4929,2989,231,5,2024-11-06,2026-02-12,Pneumonia
4930,4095,201,15,2026-04-25,2026-06-01,Pneumonia
4931,2617,101,8,2025-07-01,2025-07-26,Fracture
4932,1270,41,1,2026-05-22,2026-06-15,Covid
4933,4668,211,3,2025-05-11,2026-01-14,Migraine
4934,4731,203,15,2026-02-27,2026-03-04,Kidney Stones
4935,627,179,5,2026-04-16,2026-06-06,Covid
4936,1914,33,5,2026-04-20,2026-07-07,Fracture
4937,966,91,1,2025-07-23,2025-12-31,Fracture
4938,1963,121,17,2025-09-24,2026-07-18,Kidney Stones
4939,4960,165,11,2024-10-23,2025-08-27,Asthma
4940,1673,138,9,2025-04-11,2026-07-09,Hypertension
4941,1223,193,12,2026-06-26,2026-07-26,Kidney Stones
4942,3097,51,11,2025-01-09,2025-11-17,Migraine
4943,4158,15,4,2024-10-06,2025-01-01,Asthma
4944,37,218,9,2025-09-19,2025-11-14,Migraine
4945,3082,119,7,2026-04-01,2026-07-17,Stroke
4946,3392,18,19,2026-07-19,2026-07-22,Stroke
4947,3630,155,8,2025-09-04,2026-02-10,Kidney Stones
4948,4946,143,4,2025-09-25,2026-06-02,Stroke
4949,2896,75,10,2026-07-24,2026-08-08,Fracture
4950,1187,7,7,2026-02-04,2026-06-15,Covid
4951,3810,149,13,2025-06-16,2025-11-23,Diabetes
4952,375,28,9,2024-10-12,2025-01-06,Covid
4953,3726,76,11,2026-03-07,2026-08-08,Covid
4954,52,157,10,2026-06-21,2026-07-09,Cancer
4955,4012,172,9,2025-07-24,2026-06-16,Cancer
4956,1737,64,17,2024-12-14,2025-02-06,Stroke
4957,172,198,11,2025-10-12,2026-04-04,Covid
4958,3448,99,8,2025-11-07,2026-06-20,Stroke
4959,4244,20,17,2025-04-12,2026-08-06,Covid
4960,1746,248,16,2024-12-24,2025-05-08,Migraine
4961,3692,16,7,2025-09-29,2026-02-12,Pneumonia
4962,143,101,7,2025-01-09,2026-01-13,Stroke
4963,666,35,15,2024-10-09,2025-03-13,Fracture
4964,875,207,5,2025-08-07,2026-06-05,Diabetes
4965,4657,157,4,2025-07-03,2026-02-22,Cancer
4966,18,19,3,2026-06-08,2026-06-12,Pneumonia
4967,399,134,7,2024-11-09,2025-06-03,Cancer
4968,2699,226,13,2024-09-22,2026-01-14,Migraine
4969,30,208,20,2024-10-03,2026-05-17,Asthma
4970,1660,91,14,2026-05-19,2026-08-16,Pneumonia
4971,1282,24,14,2024-09-15,2024-09-23,Asthma
4972,3173,193,17,2026-06-19,2026-06-23,Cancer
4973,2420,153,20,2024-12-28,2026-01-21,Cancer
4974,2956,136,16,2025-09-06,2026-01-29,Hypertension
4975,2330,111,2,2025-04-12,2026-03-14,Hypertension
4976,3364,94,4,2024-09-25,2026-06-16,Asthma
4977,4449,75,8,2025-11-01,2026-06-30,Cancer
4978,4006,51,19,2025-01-16,2025-05-15,Asthma
4979,5,46,3,2025-08-28,2026-04-11,Kidney Stones
4980,2684,243,2,2025-01-29,2025-09-18,Fracture
4981,4172,121,11,2026-03-04,2026-03-20,Diabetes
4982,536,159,2,2025-08-12,2026-05-12,Covid
4983,2131,141,16,2025-05-20,2025-07-08,Fracture
4984,3083,76,1,2026-06-15,2026-08-12,Pneumonia
4985,1094,121,8,2025-08-31,2026-02-12,Kidney Stones
4986,2508,5,17,2026-04-21,2026-06-15,Stroke
4987,392,18,20,2025-06-01,2025-09-01,Cancer
4988,4936,246,20,2024-10-21,2026-02-18,Hypertension
4989,634,4,19,2025-01-18,2025-04-23,Cancer
4990,4622,100,7,2026-08-06,2026-08-08,Fracture
4991,1748,103,4,2025-04-05,2025-05-30,Pneumonia
4992,3550,172,6,2025-02-20,2025-08-02,Fracture
4993,510,74,13,2026-05-02,2026-06-08,Migraine
4994,1528,177,1,2025-11-22,2026-01-20,Asthma
4995,4131,164,18,2025-05-25,2025-07-11,Asthma
4996,1225,156,13,2025-01-16,2025-04-08,Stroke
4997,2845,37,11,2025-12-21,2026-07-11,Diabetes
4998,3643,60,3,2025-01-27,2026-07-27,Asthma
4999,3742,212,6,2026-05-06,2026-05-25,Cancer
5000,3182,193,14,2025-09-20,2026-06-01,Kidney Stones
5001,1346,192,10,2024-08-28,2025-09-13,Asthma
5002,2818,235,18,2025-01-26,2026-05-13,Pneumonia
5003,3033,148,19,2026-07-21,2026-08-11,Hypertension
5004,333,17,16,2025-02-11,2025-05-08,Migraine
5005,2025,81,7,2025-03-17,2026-05-22,Asthma
5006,4328,225,11,2024-11-16,2025-04-09,Cancer
5007,3941,23,11,2025-11-27,2026-07-28,Asthma
5008,4342,140,11,2026-04-11,2026-06-04,Hypertension
5009,4916,228,14,2025-01-17,2026-08-02,Pneumonia
5010,3818,158,6,2024-12-22,2026-03-31,Migraine
5011,2990,200,11,2024-10-25,2025-09-13,Diabetes
5012,3733,134,7,2025-08-06,2025-10-28,Stroke
5013,361,230,13,2026-04-20,2026-07-01,Migraine
5014,3225,105,20,2025-12-02,2025-12-20,Kidney Stones
5015,258,224,11,2026-07-15,2026-08-03,Covid
5016,3779,51,17,2025-12-30,2026-08-10,Diabetes
5017,530,236,16,2024-11-09,2025-08-18,Stroke
5018,968,93,8,2026-04-17,2026-07-30,Pneumonia
5019,2340,170,11,2024-11-04,2025-09-02,Pneumonia
5020,4941,24,13,2025-06-23,2025-09-26,Cancer
5021,2198,141,17,2026-06-07,2026-06-10,Migraine
5022,4183,90,7,2026-01-24,2026-06-04,Hypertension
5023,2249,33,10,2025-03-11,2025-06-24,Covid
5024,2333,121,1,2025-07-24,2026-03-23,Diabetes
5025,1003,153,2,2025-01-01,2025-09-23,Stroke
5026,3192,229,7,2026-06-19,2026-06-28,Covid
5027,2847,194,8,2026-04-03,2026-05-01,Covid
5028,1927,248,2,2024-08-15,2025-07-16,Stroke
5029,4827,138,12,2026-03-12,2026-08-08,Covid
5030,193,116,19,2025-08-30,2026-02-27,Stroke
5031,1624,198,17,2025-04-18,2026-04-28,Fracture
5032,4725,115,6,2025-05-10,2025-09-12,Diabetes
5033,3486,28,19,2026-06-28,2026-07-07,Fracture
5034,3380,9,11,2026-04-02,2026-04-18,Hypertension
5035,2701,99,19,2025-05-13,2026-02-27,Stroke
5036,1827,64,5,2026-03-16,2026-07-22,Migraine
5037,753,3,18,2024-08-24,2026-07-15,Migraine
5038,570,233,2,2026-07-21,2026-08-02,Asthma
5039,1212,250,18,2024-08-17,2025-08-09,Asthma
5040,2571,235,9,2026-05-17,2026-06-06,Pneumonia
5041,2580,98,19,2026-04-30,2026-06-17,Hypertension
5042,2379,228,11,2026-01-17,2026-05-23,Kidney Stones
5043,2642,246,1,2025-06-03,2026-06-01,Hypertension
5044,140,3,11,2024-10-26,2025-04-08,Pneumonia
5045,4155,241,9,2025-12-29,2026-05-25,Diabetes
5046,3427,78,16,2026-04-14,2026-04-27,Covid
5047,396,116,13,2025-09-19,2025-12-03,Stroke
5048,1239,84,20,2025-04-03,2025-06-02,Pneumonia
5049,2969,183,9,2025-03-26,2026-03-30,Fracture
5050,4841,103,13,2026-02-08,2026-03-30,Hypertension
5051,2515,201,17,2025-05-19,2026-03-01,Asthma
5052,1626,41,15,2026-07-28,2026-08-09,Pneumonia
5053,892,19,6,2026-04-06,2026-08-07,Asthma
5054,4881,37,17,2025-07-07,2026-07-10,Asthma
5055,1099,202,5,2025-12-09,2026-04-28,Migraine
5056,3122,215,9,2025-09-20,2026-07-24,Cancer
5057,2615,74,3,2026-07-25,2026-08-04,Kidney Stones
5058,3228,40,2,2025-06-15,2026-02-12,Fracture
5059,4617,2,3,2024-12-21,2025-03-07,Hypertension
5060,1378,213,17,2025-07-26,2025-12-24,Pneumonia
5061,182,146,6,2025-05-29,2025-08-13,Fracture
5062,2323,151,19,2025-02-11,2025-05-08,Hypertension
5063,965,170,8,2026-03-09,2026-05-31,Migraine
5064,4241,159,5,2024-10-22,2026-04-13,Covid
5065,3113,177,19,2025-12-19,2026-03-08,Covid
5066,2520,87,19,2026-01-09,2026-03-31,Migraine
5067,4290,240,18,2025-06-28,2025-08-15,Asthma
5068,1319,134,8,2025-05-03,2025-08-24,Stroke
5069,1745,192,12,2025-12-04,2026-01-15,Stroke
5070,1921,14,20,2026-06-07,2026-06-10,Asthma
5071,4437,14,3,2025-01-06,2025-10-03,Stroke
5072,2694,1,11,2025-04-23,2026-06-17,Kidney Stones
5073,2622,42,15,2024-12-09,2026-07-26,Stroke
5074,3491,226,13,2025-04-17,2025-09-04,Hypertension
5075,4726,192,15,2025-09-09,2026-02-09,Stroke
5076,4286,101,16,2025-04-06,2025-05-18,Kidney Stones
5077,4195,244,16,2025-01-04,2025-01-22,Stroke
5078,3006,20,11,2025-02-01,2025-05-08,Fracture
5079,1033,143,5,2026-01-10,2026-05-15,Covid
5080,4565,22,12,2025-08-16,2025-09-02,Fracture
5081,3197,20,1,2025-08-15,2025-09-18,Covid
5082,2177,76,4,2026-04-15,2026-05-02,Stroke
5083,2972,18,14,2025-07-19,2025-12-14,Migraine
5084,2315,12,11,2024-09-27,2025-08-22,Pneumonia
5085,2903,147,14,2025-10-23,2025-10-24,Kidney Stones
5086,1638,153,18,2025-10-03,2025-10-14,Covid
5087,1497,68,1,2025-03-03,2026-02-11,Stroke
5088,2354,97,10,2025-05-04,2026-06-26,Diabetes
5089,626,100,1,2025-07-22,2025-11-16,Pneumonia
5090,2633,88,9,2024-11-11,2025-09-24,Covid
5091,4382,248,4,2024-08-19,2026-03-21,Migraine
5092,2113,234,11,2025-06-17,2025-12-16,Pneumonia
5093,3652,148,12,2025-07-18,2026-03-27,Hypertension
5094,2939,36,18,2026-03-04,2026-05-20,Fracture
5095,1405,26,7,2026-05-09,2026-07-14,Migraine
5096,2782,205,8,2025-06-18,2025-08-24,Covid
5097,1319,44,14,2025-03-11,2025-08-04,Kidney Stones
5098,3657,125,4,2025-05-05,2026-01-27,Stroke
5099,3239,230,16,2025-01-30,2026-02-21,Kidney Stones
5100,1035,170,8,2026-03-14,2026-04-15,Kidney Stones
5101,4902,180,3,2026-04-06,2026-05-01,Fracture
5102,4449,127,5,2024-12-29,2025-03-19,Cancer
5103,3728,40,20,2025-07-20,2025-12-21,Stroke
5104,1722,223,18,2024-11-28,2025-03-07,Cancer
5105,4507,68,19,2025-01-16,2025-04-29,Stroke
5106,762,9,5,2025-05-07,2025-11-12,Asthma
5107,3007,182,15,2025-01-20,2025-09-14,Hypertension
5108,4643,80,19,2026-06-02,2026-07-27,Kidney Stones
5109,636,57,2,2024-12-18,2025-06-09,Asthma
5110,558,155,15,2026-03-23,2026-06-19,Migraine
5111,3494,184,10,2025-09-29,2025-10-09,Cancer
5112,318,133,10,2025-01-08,2026-04-23,Stroke
5113,4981,171,5,2026-04-11,2026-04-30,Asthma
5114,4135,48,19,2026-07-25,2026-08-03,Diabetes
5115,375,166,19,2026-02-27,2026-06-24,Kidney Stones
5116,37,150,2,2025-01-29,2025-12-17,Fracture
5117,4173,187,10,2025-10-21,2026-07-12,Covid
5118,1798,230,17,2025-01-10,2026-01-05,Covid
5119,770,108,6,2026-01-08,2026-03-31,Asthma
5120,3027,77,7,2026-06-22,2026-08-12,Migraine
5121,3157,148,11,2025-09-19,2026-02-25,Asthma
5122,4476,164,17,2026-06-12,2026-07-17,Cancer
5123,2399,52,14,2026-04-28,2026-05-17,Kidney Stones
5124,37,157,14,2024-11-03,2026-04-24,Asthma
5125,4215,198,8,2025-12-14,2026-07-01,Stroke
5126,3670,227,20,2025-05-13,2025-12-07,Asthma
5127,2648,198,20,2026-03-04,2026-03-21,Migraine
5128,2390,174,3,2024-08-08,2026-07-13,Cancer
5129,1359,107,9,2024-10-19,2025-12-02,Covid
5130,2101,4,18,2025-01-11,2025-10-03,Asthma
5131,1921,182,2,2026-03-07,2026-04-07,Diabetes
5132,1630,189,5,2024-12-04,2025-04-03,Stroke
5133,574,21,18,2025-09-06,2026-03-03,Kidney Stones
5134,2875,201,13,2026-06-06,2026-07-16,Cancer
5135,4464,170,17,2026-07-10,2026-08-11,Covid
5136,4484,42,11,2026-06-30,2026-07-26,Kidney Stones
5137,592,60,2,2024-11-11,2026-01-04,Migraine
5138,2838,16,8,2025-06-27,2026-01-16,Covid
5139,1449,27,6,2025-07-11,2026-07-12,Migraine
5140,3145,187,13,2026-04-10,2026-06-04,Stroke
5141,819,159,15,2025-10-01,2026-07-08,Pneumonia
5142,4191,145,18,2026-07-29,2026-08-01,Stroke
5143,3170,112,19,2025-10-22,2025-11-11,Stroke
5144,4262,172,3,2024-10-14,2025-07-15,Asthma
5145,3589,231,13,2024-10-15,2025-11-05,Pneumonia
5146,2163,38,13,2025-11-23,2026-07-14,Kidney Stones
5147,4869,192,8,2024-08-18,2025-07-26,Fracture
5148,3944,173,14,2025-02-11,2025-06-07,Fracture
5149,869,144,2,2026-07-03,2026-08-07,Cancer
5150,1081,49,18,2026-03-09,2026-03-11,Fracture
5151,4778,181,5,2026-07-11,2026-07-16,Hypertension
5152,433,64,8,2025-08-30,2026-08-15,Pneumonia
5153,2664,212,1,2025-01-16,2025-05-15,Covid
5154,2106,174,15,2025-04-20,2026-07-13,Covid
5155,4636,15,3,2025-06-30,2025-11-10,Cancer
5156,3519,221,18,2025-03-25,2026-07-24,Stroke
5157,1023,126,9,2025-03-03,2025-05-10,Kidney Stones
5158,1985,4,14,2025-06-12,2026-06-02,Kidney Stones
5159,331,189,2,2025-03-23,2025-12-10,Diabetes
5160,4156,154,6,2026-06-22,2026-07-14,Stroke
5161,3150,103,5,2024-12-15,2025-11-28,Migraine
5162,3410,88,7,2026-02-03,2026-06-26,Pneumonia
5163,2793,57,12,2026-03-08,2026-07-24,Diabetes
5164,378,228,19,2025-05-30,2026-05-21,Fracture
5165,2782,133,17,2024-08-28,2026-01-28,Fracture
5166,2464,87,17,2025-03-17,2025-05-02,Covid
5167,2837,41,20,2026-04-07,2026-06-16,Kidney Stones
5168,4355,109,15,2026-02-20,2026-04-16,Migraine
5169,2263,231,12,2025-07-25,2025-10-11,Stroke
5170,1362,218,10,2024-11-25,2026-02-18,Stroke
5171,709,61,5,2026-02-28,2026-06-23,Stroke
5172,4450,226,18,2024-08-07,2025-11-26,Pneumonia
5173,2613,31,5,2025-05-24,2025-11-26,Covid
5174,1778,196,15,2025-09-24,2026-06-13,Hypertension
5175,1056,86,5,2025-04-22,2025-12-06,Fracture
5176,3155,189,1,2024-08-12,2025-03-12,Covid
5177,2919,242,7,2026-04-27,2026-08-08,Stroke
5178,3097,247,17,2025-07-10,2025-10-16,Pneumonia
5179,142,95,13,2026-07-13,2026-08-16,Stroke
5180,1747,236,18,2026-04-17,2026-06-19,Pneumonia
5181,4167,243,12,2026-03-16,2026-05-28,Kidney Stones
5182,4313,121,20,2026-07-25,2026-08-06,Pneumonia
5183,3181,5,10,2024-10-22,2025-03-12,Migraine
5184,4223,249,2,2025-03-05,2025-09-30,Kidney Stones
5185,697,128,16,2024-10-31,2024-12-12,Migraine
5186,3819,128,1,2025-12-22,2026-02-14,Asthma
5187,1567,100,17,2025-09-30,2025-10-28,Cancer
5188,2359,188,10,2025-08-13,2026-06-16,Pneumonia
5189,4625,91,20,2026-03-16,2026-06-23,Cancer
5190,4674,206,4,2024-10-13,2025-07-11,Diabetes
5191,1007,84,10,2026-02-09,2026-07-28,Asthma
5192,1987,72,15,2024-08-06,2024-10-17,Hypertension
5193,3585,82,14,2026-01-22,2026-03-19,Pneumonia
5194,2154,143,8,2025-12-12,2026-07-10,Pneumonia
5195,2613,172,2,2025-12-22,2026-03-20,Stroke
5196,2102,118,13,2025-07-19,2026-03-14,Diabetes
5197,2575,59,19,2026-06-25,2026-08-02,Hypertension
5198,362,128,3,2025-02-02,2025-10-18,Asthma
5199,2385,184,11,2024-12-12,2026-06-26,Pneumonia
5200,2767,199,6,2025-10-01,2026-08-05,Diabetes
5201,3025,149,2,2025-09-15,2025-11-27,Fracture
5202,4747,122,18,2025-11-14,2025-12-27,Pneumonia
5203,3820,72,13,2024-11-08,2025-11-17,Diabetes
5204,3463,69,7,2025-05-21,2025-09-19,Stroke
5205,558,65,15,2025-12-25,2026-05-26,Fracture
5206,2631,67,7,2024-08-27,2025-10-22,Hypertension
5207,1629,57,4,2024-11-28,2025-04-25,Covid
5208,4619,47,6,2025-11-17,2025-11-25,Pneumonia
5209,3538,218,11,2025-09-02,2026-02-21,Pneumonia
5210,2788,11,11,2025-10-31,2026-02-13,Pneumonia
5211,783,188,7,2026-04-13,2026-04-24,Cancer
5212,772,78,3,2025-07-17,2026-04-21,Kidney Stones
5213,1235,204,13,2024-12-31,2025-12-25,Pneumonia
5214,70,33,6,2025-11-29,2026-07-21,Cancer
5215,2416,219,20,2025-09-25,2026-07-21,Kidney Stones
5216,4657,15,9,2024-08-07,2026-02-08,Cancer
5217,621,23,19,2025-12-04,2025-12-05,Diabetes
5218,622,64,11,2026-05-01,2026-05-02,Migraine
5219,295,213,1,2024-12-06,2025-12-01,Hypertension
5220,3945,178,3,2024-11-08,2025-12-11,Fracture
5221,1185,107,4,2026-03-18,2026-04-01,Cancer
5222,3864,131,16,2024-08-10,2025-11-23,Diabetes
5223,4199,119,12,2025-12-19,2026-02-14,Stroke
5224,2120,147,19,2026-01-02,2026-01-11,Pneumonia
5225,3217,5,2,2025-12-15,2026-06-03,Hypertension
5226,4058,34,8,2024-12-02,2025-01-10,Kidney Stones
5227,4290,41,15,2024-09-22,2024-09-30,Migraine
5228,3440,43,12,2026-05-09,2026-05-31,Migraine
5229,3834,100,4,2025-10-22,2026-05-26,Stroke
5230,987,33,14,2025-12-04,2026-03-31,Diabetes
5231,3175,90,12,2025-02-12,2026-06-11,Pneumonia
5232,2862,80,15,2024-12-28,2026-06-10,Stroke
5233,881,93,17,2025-03-13,2025-05-11,Diabetes
5234,4976,10,9,2024-08-21,2025-05-11,Kidney Stones
5235,2843,190,17,2025-11-17,2026-05-25,Diabetes
5236,3129,215,5,2026-02-12,2026-02-22,Covid
5237,898,74,15,2024-10-30,2024-11-29,Covid
5238,4770,142,7,2026-04-21,2026-08-15,Hypertension
5239,465,9,2,2025-01-18,2026-05-17,Fracture
5240,1040,69,10,2025-09-21,2026-01-20,Hypertension
5241,1458,113,17,2025-09-14,2026-01-02,Asthma
5242,1086,44,3,2025-02-08,2026-07-26,Fracture
5243,1982,191,7,2026-01-08,2026-05-07,Fracture
5244,1520,116,15,2024-10-26,2025-07-22,Cancer
5245,2911,166,16,2025-03-23,2025-06-16,Migraine
5246,420,203,3,2025-05-04,2026-05-19,Covid
5247,1870,222,1,2025-11-20,2026-07-19,Stroke
5248,119,29,10,2025-11-28,2026-07-22,Migraine
5249,1278,155,10,2026-03-03,2026-07-13,Migraine
5250,2463,235,15,2025-01-06,2025-04-16,Covid
5251,1637,220,11,2025-05-02,2026-05-17,Hypertension
5252,3270,205,8,2026-01-12,2026-04-05,Diabetes
5253,121,219,11,2026-07-25,2026-08-15,Fracture
5254,340,185,10,2026-03-01,2026-04-14,Cancer
5255,1648,65,11,2026-01-19,2026-05-27,Pneumonia
5256,3222,238,19,2026-02-15,2026-06-01,Hypertension
5257,762,6,6,2026-02-20,2026-08-05,Hypertension
5258,2279,100,5,2026-03-14,2026-04-27,Kidney Stones
5259,125,219,9,2024-12-15,2025-09-26,Migraine
5260,2367,115,1,2025-04-19,2025-06-17,Diabetes
5261,3364,98,13,2024-12-27,2025-04-17,Cancer
5262,4595,106,20,2025-05-06,2026-05-03,Stroke
5263,1615,42,3,2025-03-14,2025-08-30,Pneumonia
5264,2480,209,4,2025-11-02,2026-08-06,Stroke
5265,2289,158,8,2024-09-20,2025-08-03,Hypertension
5266,4920,23,11,2026-07-21,2026-08-08,Hypertension
5267,4277,135,8,2025-01-29,2026-05-03,Diabetes
5268,262,190,10,2026-03-07,2026-08-09,Pneumonia
5269,3670,171,8,2025-04-23,2026-04-30,Fracture
5270,3247,70,2,2024-08-10,2025-12-23,Diabetes
5271,3349,191,6,2025-02-19,2025-11-16,Diabetes
5272,1604,57,4,2025-01-01,2025-11-22,Cancer
5273,1456,172,12,2024-11-02,2025-11-14,Fracture
5274,81,115,19,2025-08-14,2026-05-08,Stroke
5275,3324,42,12,2025-08-21,2026-01-15,Migraine
5276,968,121,18,2025-03-31,2026-02-05,Covid
5277,4997,25,9,2024-08-07,2025-01-01,Diabetes
5278,3956,106,5,2025-08-26,2025-11-25,Fracture
5279,1365,211,3,2026-04-21,2026-08-12,Migraine
5280,2474,244,18,2025-08-04,2025-11-27,Pneumonia
5281,3161,234,7,2026-06-29,2026-07-29,Hypertension
5282,2129,140,15,2026-07-15,2026-08-09,Diabetes
5283,4599,12,3,2024-10-10,2026-01-25,Kidney Stones
5284,4321,224,5,2024-10-26,2025-01-03,Asthma
5285,3339,172,3,2024-10-06,2026-04-18,Stroke
5286,4847,193,16,2025-10-08,2026-02-13,Covid
5287,1557,147,16,2026-08-03,2026-08-06,Diabetes
5288,657,56,14,2024-11-06,2025-04-03,Hypertension
5289,4999,19,6,2024-08-14,2026-08-05,Pneumonia
5290,3929,36,14,2024-08-08,2026-08-05,Pneumonia
5291,3269,80,9,2025-10-13,2025-11-22,Cancer
5292,2341,204,1,2025-07-15,2025-12-30,Cancer
5293,4505,225,12,2025-05-01,2025-10-07,Migraine
5294,502,177,17,2026-02-14,2026-04-18,Covid
5295,2195,119,7,2025-09-09,2026-07-31,Asthma
5296,3596,124,20,2026-05-31,2026-06-30,Migraine
5297,1178,146,7,2025-07-30,2026-01-17,Pneumonia
5298,2304,100,3,2026-07-15,2026-07-19,Kidney Stones
5299,2831,63,8,2025-10-07,2026-03-04,Covid
5300,1989,134,17,2026-06-29,2026-07-30,Fracture
5301,3086,72,15,2024-08-07,2025-06-08,Fracture
5302,4847,235,20,2024-08-16,2026-05-09,Cancer
5303,1385,99,19,2026-02-17,2026-08-15,Hypertension
5304,4540,54,15,2026-05-07,2026-07-13,Diabetes
5305,1720,100,13,2024-11-09,2025-09-11,Pneumonia
5306,3376,201,2,2025-06-30,2026-07-17,Kidney Stones
5307,4754,73,20,2025-10-07,2026-03-15,Stroke
5308,41,2,5,2026-07-06,2026-07-07,Covid
5309,4978,238,2,2026-08-02,2026-08-05,Cancer
5310,2580,20,13,2025-09-13,2026-04-26,Kidney Stones
5311,2122,31,11,2025-08-28,2025-11-24,Fracture
5312,3138,85,19,2024-12-12,2025-04-19,Migraine
5313,4110,88,7,2025-04-19,2026-02-22,Diabetes
5314,4950,234,8,2025-02-26,2025-12-17,Pneumonia
5315,4349,48,18,2025-09-15,2025-12-27,Asthma
5316,3159,240,11,2025-08-22,2026-02-13,Fracture
5317,3807,137,13,2025-08-27,2025-09-20,Cancer
5318,3848,229,17,2024-12-13,2025-11-12,Kidney Stones
5319,4433,1,20,2026-03-22,2026-08-02,Pneumonia
5320,1758,116,12,2025-12-25,2026-01-10,Hypertension
5321,4371,187,16,2026-07-19,2026-07-19,Hypertension
5322,818,132,17,2026-04-05,2026-06-18,Migraine
5323,3389,32,14,2026-06-24,2026-07-06,Kidney Stones
5324,2342,176,7,2026-05-27,2026-06-20,Kidney Stones
5325,1834,98,4,2026-01-03,2026-04-18,Fracture
5326,4964,52,18,2026-03-01,2026-05-14,Migraine
5327,4070,162,16,2026-01-09,2026-05-05,Kidney Stones
5328,4394,78,6,2025-11-04,2026-03-24,Fracture
5329,465,161,2,2025-02-25,2025-06-16,Pneumonia
5330,2929,36,15,2024-08-23,2026-05-13,Diabetes
5331,3031,222,1,2025-02-13,2026-04-27,Diabetes
5332,1098,210,18,2026-01-07,2026-07-16,Stroke
5333,2619,45,3,2024-11-04,2025-04-25,Diabetes
5334,2278,24,9,2025-05-05,2026-03-26,Fracture
5335,2445,72,17,2024-11-04,2025-07-18,Stroke
5336,502,128,20,2025-03-01,2025-09-23,Stroke
5337,1218,247,18,2025-04-23,2026-03-31,Cancer
5338,1927,228,15,2025-04-20,2025-09-03,Fracture
5339,4449,184,8,2024-09-07,2026-07-21,Kidney Stones
5340,4902,51,13,2025-12-29,2026-03-16,Cancer
5341,1860,45,13,2026-01-28,2026-02-08,Cancer
5342,4645,16,15,2024-09-28,2025-03-09,Migraine
5343,2790,192,9,2024-08-26,2026-05-10,Stroke
5344,2010,91,17,2025-05-18,2026-07-31,Pneumonia
5345,4838,146,9,2026-05-29,2026-06-22,Kidney Stones
5346,1912,135,16,2026-07-03,2026-07-07,Fracture
5347,335,142,8,2024-11-03,2025-08-24,Pneumonia
5348,3866,43,20,2025-04-01,2025-10-15,Diabetes
5349,2053,22,16,2024-10-02,2025-06-09,Cancer
5350,3512,236,18,2026-06-02,2026-08-09,Covid
5351,1248,53,7,2024-08-16,2025-06-09,Covid
5352,3559,145,19,2026-05-07,2026-07-19,Stroke
5353,1999,195,9,2024-11-29,2025-12-11,Covid
5354,2093,214,12,2025-01-30,2026-04-08,Fracture
5355,476,236,2,2025-10-14,2025-12-26,Stroke
5356,3080,218,17,2024-11-22,2025-11-14,Migraine
5357,4428,54,6,2024-12-11,2025-10-12,Pneumonia
5358,2472,187,5,2025-10-25,2026-08-11,Cancer
5359,2370,205,12,2024-09-23,2025-11-07,Fracture
5360,3070,46,7,2026-06-09,2026-07-16,Fracture
5361,640,80,18,2026-05-11,2026-06-25,Fracture
5362,2594,114,2,2024-11-23,2025-03-06,Pneumonia
5363,2256,222,3,2025-07-21,2026-07-05,Hypertension
5364,255,199,18,2025-08-05,2025-11-23,Migraine
5365,1438,111,8,2026-07-22,2026-07-30,Migraine
5366,837,45,11,2026-05-23,2026-08-07,Diabetes
5367,4488,167,17,2024-08-28,2025-12-24,Fracture
5368,3984,87,9,2026-07-15,2026-07-18,Hypertension
5369,233,247,20,2026-02-18,2026-03-10,Migraine
5370,639,240,5,2026-03-16,2026-06-24,Pneumonia
5371,3612,45,7,2025-09-23,2026-01-22,Hypertension
5372,3076,100,7,2026-07-13,2026-08-14,Diabetes
5373,376,14,17,2025-04-08,2025-09-01,Hypertension
5374,950,230,18,2026-06-25,2026-06-29,Asthma
5375,1124,128,3,2024-09-19,2025-07-09,Cancer
5376,3004,97,19,2024-09-23,2026-05-26,Diabetes
5377,744,219,7,2024-12-24,2026-03-04,Diabetes
5378,886,238,7,2025-01-14,2025-03-28,Kidney Stones
5379,2457,235,15,2025-12-07,2026-05-07,Covid
5380,184,26,5,2025-05-26,2026-01-12,Diabetes
5381,4924,219,14,2025-10-27,2026-07-26,Fracture
5382,4470,232,8,2024-10-11,2025-03-17,Pneumonia
5383,3984,14,11,2024-09-07,2026-08-13,Kidney Stones
5384,994,244,8,2026-02-06,2026-07-20,Migraine
5385,3306,213,9,2025-01-01,2025-08-04,Diabetes
5386,4751,230,7,2026-04-28,2026-05-26,Hypertension
5387,497,76,11,2024-11-26,2026-03-21,Fracture
5388,373,109,16,2025-01-28,2026-01-08,Migraine
5389,3501,208,17,2026-05-14,2026-08-12,Covid
5390,3316,64,4,2025-12-18,2026-03-31,Hypertension
5391,1600,246,2,2025-11-23,2026-07-26,Hypertension
5392,3487,238,9,2026-05-04,2026-05-24,Pneumonia
5393,4782,8,13,2024-12-12,2025-12-28,Fracture
5394,2577,94,16,2025-07-11,2025-08-19,Pneumonia
5395,1074,67,9,2025-04-29,2026-02-06,Diabetes
5396,2185,243,9,2025-02-13,2025-04-02,Asthma
5397,4347,94,9,2025-07-27,2026-04-05,Kidney Stones
5398,2036,222,10,2025-10-29,2026-02-18,Asthma
5399,1378,244,8,2026-05-23,2026-07-19,Covid
5400,1246,157,15,2025-05-23,2026-02-06,Migraine
5401,2287,101,20,2025-07-13,2026-07-07,Diabetes
5402,1959,220,19,2025-12-22,2026-02-08,Migraine
5403,1138,97,9,2026-05-27,2026-06-09,Pneumonia
5404,4191,147,14,2025-07-05,2025-12-27,Cancer
5405,326,35,6,2025-01-20,2025-07-14,Migraine
5406,1590,174,17,2024-08-23,2025-01-03,Fracture
5407,4409,101,5,2026-06-01,2026-08-01,Migraine
5408,4646,59,10,2025-09-25,2026-04-12,Pneumonia
5409,3902,225,20,2025-05-26,2025-10-06,Pneumonia
5410,1805,170,5,2025-06-02,2025-09-06,Migraine
5411,4308,202,14,2024-11-21,2026-03-16,Pneumonia
5412,4028,195,3,2024-09-29,2026-07-04,Pneumonia
5413,4331,115,3,2026-01-03,2026-04-18,Cancer
5414,2328,218,17,2025-03-29,2025-05-04,Fracture
5415,4173,12,14,2024-09-16,2025-03-22,Diabetes
5416,4539,15,20,2026-07-11,2026-08-14,Cancer
5417,675,206,4,2026-02-21,2026-06-08,Stroke
5418,3324,127,12,2025-07-29,2026-01-20,Kidney Stones
5419,2458,39,16,2026-04-02,2026-04-28,Asthma
5420,4626,24,15,2025-04-27,2025-07-13,Diabetes
5421,911,59,15,2026-04-21,2026-07-06,Stroke
5422,1783,158,1,2026-02-13,2026-07-18,Asthma
5423,2118,220,15,2026-06-04,2026-06-11,Fracture
5424,2241,151,9,2025-08-08,2026-07-04,Stroke
5425,3629,125,17,2025-06-11,2025-09-06,Stroke
5426,1876,89,19,2026-07-08,2026-08-09,Hypertension
5427,3459,216,13,2024-10-25,2024-11-17,Stroke
5428,3455,126,14,2024-11-20,2025-10-03,Asthma
5429,3372,74,17,2025-04-08,2026-07-23,Asthma
5430,2675,150,13,2025-03-24,2025-09-24,Pneumonia
5431,2959,196,14,2024-12-29,2025-03-28,Covid
5432,1501,31,8,2026-04-04,2026-06-05,Kidney Stones
5433,2911,96,7,2024-11-07,2025-08-11,Migraine
5434,3089,71,11,2025-01-28,2025-11-28,Pneumonia
5435,80,239,17,2025-02-21,2025-07-21,Migraine
5436,2863,77,4,2025-11-22,2026-02-06,Covid
5437,4778,198,10,2025-06-19,2026-05-30,Diabetes
5438,1918,188,7,2025-08-31,2025-11-26,Fracture
5439,4985,95,19,2024-09-13,2025-01-28,Asthma
5440,485,158,16,2025-07-25,2026-01-24,Asthma
5441,3388,171,11,2025-09-29,2026-04-02,Covid
5442,3914,56,11,2024-08-12,2025-07-30,Pneumonia
5443,4872,25,3,2025-06-03,2025-10-05,Hypertension
5444,3703,57,17,2025-11-02,2026-06-23,Migraine
5445,1057,82,7,2025-06-10,2025-09-30,Cancer
5446,392,104,15,2025-05-02,2025-09-03,Fracture
5447,4796,213,3,2026-03-12,2026-08-01,Diabetes
5448,4394,85,13,2025-04-17,2025-05-04,Migraine
5449,544,11,1,2025-07-18,2026-02-11,Kidney Stones
5450,2868,23,1,2026-05-09,2026-08-04,Kidney Stones
5451,2538,169,18,2025-01-05,2025-07-16,Asthma
5452,3247,44,11,2025-02-27,2025-05-12,Diabetes
5453,4832,109,10,2025-11-22,2026-01-02,Diabetes
5454,3455,27,1,2024-08-21,2025-11-26,Diabetes
5455,3600,10,4,2025-09-10,2025-12-02,Fracture
5456,4745,242,18,2025-10-30,2026-04-09,Migraine
5457,3765,86,16,2024-10-14,2025-01-19,Cancer
5458,2481,54,8,2026-06-16,2026-08-13,Migraine
5459,556,201,19,2026-02-15,2026-06-01,Covid
5460,2017,51,3,2025-04-21,2026-04-27,Asthma
5461,2026,165,18,2024-10-25,2025-07-07,Covid
5462,1605,112,14,2025-08-23,2025-10-25,Fracture
5463,855,70,8,2026-01-26,2026-02-13,Fracture
5464,2409,64,16,2024-10-19,2025-12-12,Diabetes
5465,2366,19,16,2025-09-24,2025-12-23,Fracture
5466,1867,107,8,2024-11-04,2025-08-28,Stroke
5467,3750,138,9,2026-02-07,2026-08-07,Hypertension
5468,2550,93,6,2026-01-06,2026-07-04,Cancer
5469,3237,44,16,2024-10-21,2025-11-13,Diabetes
5470,2097,236,6,2026-04-23,2026-08-15,Fracture
5471,782,92,10,2025-12-16,2026-08-02,Covid
5472,1168,92,12,2024-10-11,2025-04-21,Migraine
5473,1017,9,14,2026-04-28,2026-06-19,Stroke
5474,3072,231,20,2026-03-18,2026-04-17,Fracture
5475,3109,129,5,2025-10-22,2026-06-07,Asthma
5476,3647,137,20,2025-03-27,2025-04-21,Fracture
5477,3889,148,11,2025-09-07,2025-12-30,Covid
5478,658,77,3,2025-02-17,2026-03-07,Cancer
5479,3580,49,2,2025-09-13,2025-12-06,Fracture
5480,2574,98,1,2025-09-24,2025-10-01,Kidney Stones
5481,1650,212,1,2025-01-18,2026-02-09,Hypertension
5482,1956,155,6,2026-08-01,2026-08-01,Diabetes
5483,4686,132,7,2025-03-24,2025-07-10,Migraine
5484,798,100,3,2025-05-03,2025-07-29,Cancer
5485,808,166,7,2025-10-17,2025-10-26,Stroke
5486,2014,60,9,2025-04-18,2025-09-12,Cancer
5487,1118,128,5,2026-04-21,2026-05-09,Kidney Stones
5488,943,250,10,2025-09-13,2025-12-18,Kidney Stones
5489,4624,174,8,2024-10-13,2025-06-23,Fracture
5490,3499,92,13,2026-07-29,2026-08-12,Hypertension
5491,2626,186,16,2025-10-27,2025-11-26,Pneumonia
5492,4974,157,20,2026-05-06,2026-07-13,Kidney Stones
5493,3660,109,8,2026-06-26,2026-07-10,Kidney Stones
5494,99,226,2,2025-08-21,2026-01-21,Migraine
5495,4312,225,9,2025-10-23,2026-07-22,Covid
5496,1065,234,13,2025-08-19,2026-08-12,Pneumonia
5497,14,21,14,2026-05-29,2026-06-20,Stroke
5498,88,223,16,2024-08-06,2025-12-02,Cancer
5499,2789,236,8,2024-10-10,2024-12-24,Migraine
5500,4627,245,19,2025-06-15,2025-07-26,Cancer
5501,1099,202,14,2025-10-13,2026-07-15,Diabetes
5502,1109,231,11,2024-12-01,2026-05-28,Fracture
5503,1587,2,6,2024-08-28,2025-09-10,Stroke
5504,68,209,4,2025-09-18,2026-06-22,Hypertension
5505,1655,39,5,2025-10-02,2026-06-02,Stroke
5506,2092,45,19,2026-02-13,2026-07-11,Covid
5507,1144,230,4,2025-10-19,2026-06-05,Asthma
5508,2216,214,17,2026-06-28,2026-07-09,Fracture
5509,2000,183,4,2025-11-30,2026-02-01,Fracture
5510,2069,184,8,2024-12-15,2025-05-05,Stroke
5511,2276,203,15,2026-03-30,2026-07-27,Migraine
5512,1761,197,15,2025-11-20,2026-05-25,Hypertension
5513,178,39,16,2025-11-04,2025-12-01,Asthma
5514,456,219,11,2025-01-02,2025-04-09,Stroke
5515,4281,87,17,2025-12-03,2026-01-18,Cancer
5516,3616,138,3,2026-07-22,2026-07-29,Diabetes
5517,547,81,7,2025-04-19,2026-02-27,Stroke
5518,878,1,9,2025-06-13,2026-05-08,Pneumonia
5519,4017,24,10,2025-10-18,2025-10-28,Stroke
5520,3690,95,5,2025-03-13,2025-08-19,Covid
5521,1535,67,12,2025-06-29,2025-07-11,Covid
5522,3683,17,18,2026-06-24,2026-07-31,Hypertension
5523,2078,16,13,2026-06-19,2026-08-11,Migraine
5524,1964,235,11,2026-07-27,2026-07-27,Asthma
5525,3478,41,5,2026-07-26,2026-08-16,Covid
5526,1913,61,9,2024-09-27,2025-02-15,Covid
5527,2929,11,19,2026-02-14,2026-05-27,Hypertension
5528,4822,47,9,2026-04-07,2026-06-01,Asthma
5529,1792,177,4,2025-11-17,2025-11-21,Cancer
5530,526,162,12,2026-07-31,2026-08-07,Diabetes
5531,2094,124,5,2025-03-02,2025-08-17,Hypertension
5532,1946,161,18,2026-01-20,2026-07-13,Diabetes
5533,3080,134,1,2025-07-18,2026-08-15,Asthma
5534,2058,146,18,2025-08-25,2026-04-27,Cancer
5535,3782,112,13,2025-09-20,2026-02-25,Pneumonia
5536,2881,114,10,2025-01-17,2026-02-12,Covid
5537,3683,166,9,2026-05-27,2026-07-29,Asthma
5538,547,138,5,2024-08-23,2025-01-20,Kidney Stones
5539,1919,144,9,2026-01-31,2026-07-25,Pneumonia
5540,3383,50,3,2026-07-27,2026-07-27,Stroke
5541,4259,140,3,2024-12-25,2026-08-16,Diabetes
5542,4829,167,14,2024-10-13,2025-06-30,Migraine
5543,948,146,16,2026-01-20,2026-07-31,Covid
5544,966,155,11,2026-04-04,2026-06-02,Migraine
5545,1705,32,8,2026-03-21,2026-08-13,Kidney Stones
5546,4818,42,20,2025-11-27,2026-04-20,Fracture
5547,2424,214,2,2024-08-28,2024-10-31,Covid
5548,2862,174,4,2024-11-08,2025-10-03,Fracture
5549,519,54,7,2025-06-20,2025-10-31,Diabetes
5550,3656,24,7,2024-09-10,2026-02-04,Kidney Stones
5551,190,64,2,2025-09-26,2026-07-14,Asthma
5552,3942,32,16,2026-01-20,2026-07-17,Hypertension
5553,64,37,2,2026-04-12,2026-07-26,Pneumonia
5554,4916,98,2,2025-11-21,2026-04-28,Stroke
5555,1823,224,6,2025-02-19,2025-03-27,Kidney Stones
5556,2281,147,17,2024-09-10,2026-07-26,Diabetes
5557,3632,200,15,2025-06-01,2025-08-14,Stroke
5558,899,199,4,2026-01-15,2026-05-08,Cancer
5559,3150,90,18,2025-01-26,2026-02-09,Migraine
5560,3540,47,3,2026-05-29,2026-05-31,Pneumonia
5561,147,249,19,2025-04-13,2025-11-04,Fracture
5562,1793,234,20,2025-10-29,2025-11-23,Asthma
5563,430,202,2,2026-07-23,2026-08-16,Hypertension
5564,1020,155,11,2026-07-05,2026-07-28,Cancer
5565,962,8,2,2026-03-30,2026-06-17,Diabetes
5566,2577,223,13,2025-03-01,2026-04-10,Stroke
5567,1147,237,16,2025-12-03,2026-06-29,Stroke
5568,3506,74,19,2025-05-08,2025-08-24,Fracture
5569,2721,89,10,2024-09-08,2026-03-26,Cancer
5570,1419,242,19,2026-03-24,2026-04-25,Asthma
5571,3387,25,13,2025-11-26,2026-03-03,Pneumonia
5572,1306,90,1,2025-01-11,2025-05-13,Cancer
5573,2367,56,20,2025-07-03,2026-07-29,Cancer
5574,1472,37,12,2024-09-11,2025-12-08,Pneumonia
5575,4181,85,12,2025-12-11,2026-03-03,Asthma
5576,2386,74,15,2024-09-08,2026-02-03,Fracture
5577,3983,119,6,2024-09-01,2025-02-12,Cancer
5578,2113,32,18,2025-10-06,2026-01-01,Kidney Stones
5579,1261,46,7,2024-10-11,2025-02-09,Stroke
5580,2888,75,4,2024-09-14,2026-04-22,Hypertension
5581,4546,53,1,2024-10-24,2026-06-02,Hypertension
5582,1755,31,18,2026-03-31,2026-04-27,Stroke
5583,733,219,9,2026-04-18,2026-07-02,Stroke
5584,1498,103,2,2025-05-23,2025-06-30,Hypertension
5585,3608,178,10,2026-08-02,2026-08-08,Migraine
5586,2796,176,10,2025-06-21,2026-03-18,Fracture
5587,1957,191,8,2025-08-01,2026-05-05,Hypertension
5588,3626,67,16,2025-04-19,2025-08-26,Hypertension
5589,4551,106,12,2026-08-02,2026-08-16,Migraine
5590,2699,227,13,2024-09-18,2025-11-08,Stroke
5591,3728,82,9,2025-08-26,2026-04-22,Migraine
5592,4044,23,15,2025-06-05,2026-05-01,Asthma
5593,2657,126,14,2025-10-12,2025-11-15,Kidney Stones
5594,2913,64,18,2024-09-19,2025-09-11,Asthma
5595,2122,233,12,2025-06-19,2026-07-03,Kidney Stones
5596,4447,248,2,2024-08-10,2026-04-07,Pneumonia
5597,63,23,8,2026-01-07,2026-03-27,Diabetes
5598,4793,81,6,2025-04-30,2025-05-21,Covid
5599,3212,166,4,2025-06-06,2025-10-12,Asthma
5600,11,173,11,2025-08-02,2025-09-30,Diabetes
5601,4732,207,18,2025-10-21,2026-01-01,Asthma
5602,4779,168,1,2026-03-21,2026-07-24,Kidney Stones
5603,2788,112,9,2025-08-07,2026-04-30,Diabetes
5604,3580,78,18,2024-11-30,2026-01-19,Stroke
5605,2016,220,4,2025-04-22,2025-08-24,Migraine
5606,37,217,4,2025-09-09,2026-01-10,Migraine
5607,3121,145,20,2026-06-22,2026-07-26,Fracture
5608,2652,191,6,2025-07-06,2026-08-04,Pneumonia
5609,2559,25,14,2025-08-23,2026-03-16,Hypertension
5610,1380,36,19,2026-08-05,2026-08-10,Diabetes
5611,3566,153,10,2026-04-12,2026-07-25,Covid
5612,3929,194,9,2024-12-24,2026-02-07,Stroke
5613,4823,31,4,2026-05-22,2026-05-23,Stroke
5614,4766,232,6,2025-03-03,2026-04-30,Kidney Stones
5615,2254,37,7,2025-04-25,2025-12-14,Cancer
5616,4104,163,4,2025-07-17,2026-06-19,Migraine
5617,2224,72,16,2025-08-02,2026-03-25,Asthma
5618,4760,23,3,2026-06-11,2026-06-13,Covid
5619,2771,104,14,2025-11-25,2026-07-26,Covid
5620,3064,207,14,2024-12-16,2025-11-21,Cancer
5621,1701,150,18,2024-08-24,2026-07-08,Fracture
5622,4222,196,9,2025-12-24,2026-08-02,Covid
5623,2937,21,6,2026-06-05,2026-07-27,Diabetes
5624,4024,130,10,2025-11-24,2026-01-07,Stroke
5625,3704,220,3,2025-04-26,2025-06-04,Stroke
5626,1709,139,5,2024-10-10,2025-10-20,Asthma
5627,1133,130,5,2024-08-25,2024-12-12,Migraine
5628,4864,92,16,2024-09-29,2026-01-16,Hypertension
5629,1426,156,14,2026-02-02,2026-06-03,Cancer
5630,4167,123,3,2025-09-20,2026-08-01,Covid
5631,1892,40,13,2025-10-30,2025-12-26,Stroke
5632,1504,197,6,2025-11-19,2026-01-09,Cancer
5633,1505,196,2,2025-10-31,2026-04-12,Migraine
5634,3758,214,18,2026-07-23,2026-08-09,Diabetes
5635,3105,224,9,2025-04-17,2026-02-23,Hypertension
5636,1695,163,6,2025-05-27,2025-07-17,Covid
5637,3609,107,5,2025-04-21,2026-05-18,Asthma
5638,4089,38,20,2025-10-29,2026-04-21,Kidney Stones
5639,1442,143,20,2025-06-04,2026-05-09,Pneumonia
5640,1348,91,5,2025-04-08,2026-02-20,Hypertension
5641,1725,76,2,2025-03-06,2025-12-21,Covid
5642,4898,44,10,2025-08-26,2026-02-13,Stroke
5643,3545,168,7,2026-06-18,2026-07-11,Pneumonia
5644,4757,172,16,2024-09-19,2025-05-08,Cancer
5645,111,62,1,2025-02-12,2025-12-01,Diabetes
5646,900,131,18,2025-04-07,2026-07-04,Covid
5647,2064,77,1,2026-05-24,2026-06-22,Cancer
5648,2429,101,6,2026-06-07,2026-07-01,Covid
5649,4880,199,18,2024-11-10,2026-03-14,Pneumonia
5650,1824,249,17,2025-04-24,2025-11-18,Fracture
5651,1688,13,2,2025-06-06,2025-10-20,Hypertension
5652,4876,144,7,2025-08-15,2026-01-22,Hypertension
5653,808,160,3,2025-01-03,2025-07-21,Hypertension
5654,4126,76,4,2025-03-29,2025-12-11,Stroke
5655,4946,180,3,2026-05-11,2026-06-05,Kidney Stones
5656,2443,183,4,2026-07-10,2026-08-15,Cancer
5657,4658,149,1,2026-04-27,2026-07-07,Covid
5658,557,18,4,2024-11-19,2025-10-06,Diabetes
5659,3596,65,12,2025-09-14,2026-06-18,Diabetes
5660,1734,130,18,2026-05-25,2026-07-16,Stroke
5661,3119,80,20,2025-11-21,2026-03-18,Diabetes
5662,54,130,5,2025-10-27,2025-12-10,Pneumonia
5663,2345,114,5,2024-12-24,2025-08-03,Pneumonia
5664,1993,250,14,2026-03-10,2026-07-03,Kidney Stones
5665,1457,92,18,2025-03-19,2026-06-10,Asthma
5666,230,57,16,2025-09-16,2025-09-27,Asthma
5667,4525,181,13,2025-01-14,2025-01-18,Pneumonia
5668,2586,152,9,2025-06-02,2026-06-16,Migraine
5669,4730,119,20,2024-12-25,2025-12-28,Covid
5670,2770,31,13,2026-04-11,2026-04-22,Migraine
5671,408,125,15,2024-08-07,2025-06-22,Hypertension
5672,2571,121,15,2024-08-28,2025-01-11,Asthma
5673,2644,188,7,2026-06-02,2026-07-12,Cancer
5674,2939,149,17,2026-06-13,2026-06-13,Kidney Stones
5675,802,175,9,2025-07-05,2025-09-26,Kidney Stones
5676,2624,103,7,2025-08-11,2025-08-27,Covid
5677,2100,41,8,2025-03-21,2026-05-31,Stroke
5678,4136,9,2,2024-11-04,2026-02-16,Hypertension
5679,172,152,1,2025-03-13,2025-11-19,Fracture
5680,2256,1,12,2025-07-24,2026-01-12,Diabetes
5681,1205,104,9,2025-10-09,2026-07-19,Kidney Stones
5682,1210,190,1,2026-01-15,2026-03-29,Asthma
5683,3842,249,3,2024-10-10,2025-09-08,Pneumonia
5684,314,131,5,2025-06-18,2025-06-26,Cancer
5685,2277,104,11,2026-08-01,2026-08-16,Asthma
5686,3984,193,1,2025-03-27,2026-02-21,Covid
5687,3792,6,7,2025-07-13,2025-10-30,Fracture
5688,950,69,1,2024-09-15,2025-03-05,Fracture
5689,3942,207,15,2025-10-04,2025-11-06,Diabetes
5690,1036,141,14,2025-10-03,2025-10-21,Kidney Stones
5691,2081,124,15,2025-10-31,2025-12-16,Migraine
5692,2880,230,10,2025-04-27,2025-12-17,Kidney Stones
5693,395,102,3,2025-02-10,2026-07-23,Pneumonia
5694,4489,22,3,2026-05-20,2026-07-30,Kidney Stones
5695,896,22,19,2026-05-08,2026-07-20,Cancer
5696,3131,113,14,2025-01-03,2025-09-23,Asthma
5697,3259,82,9,2025-10-04,2025-11-02,Hypertension
5698,2717,62,2,2025-12-05,2026-01-10,Fracture
5699,3903,233,15,2025-01-08,2026-05-23,Pneumonia
5700,4414,82,2,2025-04-24,2026-02-21,Migraine
5701,2306,57,8,2024-08-23,2025-11-30,Diabetes
5702,142,205,16,2025-01-21,2026-07-13,Pneumonia
5703,3614,66,9,2025-12-14,2026-06-29,Hypertension
5704,4007,179,10,2026-01-26,2026-06-04,Hypertension
5705,4335,220,15,2025-12-14,2026-03-18,Covid
5706,4582,128,9,2026-08-05,2026-08-11,Fracture
5707,626,50,20,2025-07-21,2026-07-29,Covid
5708,222,106,19,2026-05-10,2026-05-11,Cancer
5709,3794,41,14,2024-11-16,2025-11-10,Diabetes
5710,520,106,13,2024-12-12,2025-01-21,Cancer
5711,291,210,7,2024-10-15,2024-10-25,Asthma
5712,4416,94,13,2024-10-23,2024-12-29,Covid
5713,1188,90,20,2025-01-17,2025-11-19,Pneumonia
5714,1749,88,12,2026-02-05,2026-05-04,Pneumonia
5715,44,115,14,2025-07-28,2025-11-30,Kidney Stones
5716,4719,58,12,2024-08-12,2025-09-19,Stroke
5717,1189,17,7,2026-05-15,2026-06-12,Diabetes
5718,4582,16,12,2024-11-20,2026-04-19,Covid
5719,1774,129,12,2024-08-14,2026-05-28,Hypertension
5720,2439,116,6,2025-03-30,2025-12-19,Cancer
5721,3674,213,3,2025-03-17,2025-07-26,Stroke
5722,3054,82,13,2025-09-29,2026-05-16,Migraine
5723,2846,25,14,2026-06-16,2026-07-10,Diabetes
5724,2234,2,12,2025-04-26,2026-05-10,Cancer
5725,4491,163,9,2025-04-16,2026-03-03,Kidney Stones
5726,4647,24,2,2025-10-15,2026-07-19,Migraine
5727,3049,91,12,2024-09-25,2024-11-17,Pneumonia
5728,172,192,9,2025-05-23,2025-09-22,Stroke
5729,4152,165,17,2025-03-23,2025-05-03,Fracture
5730,3252,26,12,2025-12-14,2026-03-02,Cancer
5731,3039,128,6,2025-11-19,2025-12-14,Migraine
5732,967,163,16,2024-09-09,2026-06-13,Cancer
5733,737,244,6,2024-12-17,2025-08-28,Cancer
5734,184,183,12,2026-01-03,2026-02-13,Cancer
5735,4664,202,9,2024-08-26,2026-01-14,Stroke
5736,2790,149,16,2026-06-22,2026-07-23,Kidney Stones
5737,3680,214,20,2025-08-21,2025-10-17,Stroke
5738,1320,89,6,2025-10-25,2026-06-04,Cancer
5739,3847,110,2,2025-02-19,2026-03-25,Migraine
5740,983,47,3,2026-02-21,2026-03-15,Hypertension
5741,4740,105,7,2024-12-09,2026-07-17,Cancer
5742,2257,11,4,2026-02-02,2026-07-20,Diabetes
5743,538,6,17,2025-07-07,2025-08-24,Asthma
5744,4039,126,11,2024-09-27,2025-06-05,Stroke
5745,2497,9,7,2024-10-15,2025-12-13,Asthma
5746,406,5,6,2025-02-15,2025-03-26,Fracture
5747,4940,244,18,2024-08-12,2024-12-10,Diabetes
5748,2742,34,8,2024-08-25,2024-11-29,Hypertension
5749,3221,186,20,2025-10-15,2026-04-17,Diabetes
5750,327,39,17,2025-06-29,2026-05-12,Kidney Stones
5751,4870,177,14,2026-04-29,2026-08-12,Cancer
5752,1956,183,2,2024-08-28,2026-03-21,Pneumonia
5753,776,12,4,2025-01-11,2025-11-22,Asthma
5754,309,164,19,2025-12-06,2026-06-08,Asthma
5755,2533,43,12,2024-09-13,2026-08-06,Asthma
5756,112,184,5,2026-01-11,2026-07-11,Diabetes
5757,640,156,14,2025-11-21,2026-01-20,Diabetes
5758,171,56,20,2024-08-13,2025-02-04,Stroke
5759,1941,130,17,2025-01-06,2025-03-17,Hypertension
5760,2132,23,6,2026-03-16,2026-07-09,Migraine
5761,4761,104,7,2025-02-21,2025-03-12,Migraine
5762,4619,38,9,2025-10-17,2026-07-30,Diabetes
5763,72,24,12,2025-06-03,2026-03-31,Covid
5764,401,37,15,2026-02-09,2026-05-30,Stroke
5765,2047,152,1,2026-01-08,2026-05-30,Fracture
5766,3839,231,10,2025-09-12,2026-06-07,Cancer
5767,1242,199,2,2026-04-18,2026-05-14,Stroke
5768,2898,224,12,2026-03-04,2026-06-17,Asthma
5769,417,187,15,2026-07-30,2026-08-05,Asthma
5770,4235,220,7,2026-02-23,2026-06-09,Covid
5771,2485,183,4,2025-08-17,2026-04-03,Covid
5772,2407,187,7,2024-09-12,2025-12-27,Pneumonia
5773,4464,116,9,2025-07-03,2026-06-27,Diabetes
5774,2947,43,16,2026-08-06,2026-08-07,Cancer
5775,4687,132,1,2024-12-22,2025-03-26,Asthma
5776,3884,6,7,2026-01-24,2026-03-28,Fracture
5777,1993,229,11,2026-04-08,2026-05-13,Fracture
5778,3959,82,14,2026-06-15,2026-07-27,Kidney Stones
5779,1945,177,2,2024-08-17,2024-12-02,Cancer
5780,143,24,16,2026-02-26,2026-03-11,Covid
5781,1030,190,3,2026-08-06,2026-08-14,Covid
5782,3780,250,20,2026-05-07,2026-05-18,Kidney Stones
5783,715,36,2,2026-08-01,2026-08-07,Hypertension
5784,2648,28,5,2024-09-19,2025-02-19,Cancer
5785,4424,41,15,2025-12-28,2026-07-14,Stroke
5786,1786,156,15,2024-09-27,2026-03-17,Fracture
5787,4316,175,5,2025-09-22,2025-10-03,Stroke
5788,491,128,17,2024-10-03,2025-04-16,Asthma
5789,836,160,8,2026-06-08,2026-08-08,Migraine
5790,3422,215,6,2025-04-03,2026-05-27,Cancer
5791,1689,157,13,2024-09-17,2026-05-02,Cancer
5792,3199,42,18,2024-09-26,2025-04-28,Diabetes
5793,935,232,4,2026-03-09,2026-08-14,Diabetes
5794,1559,160,4,2026-05-17,2026-06-19,Covid
5795,3878,123,20,2026-04-15,2026-05-17,Asthma
5796,3749,207,8,2024-10-31,2025-04-26,Hypertension
5797,2916,176,13,2026-04-19,2026-07-30,Pneumonia
5798,428,85,10,2025-01-13,2026-06-19,Migraine
5799,212,41,5,2025-06-12,2026-08-03,Stroke
5800,1166,162,3,2025-06-22,2026-07-23,Covid
5801,406,91,20,2024-12-20,2025-02-25,Kidney Stones
5802,3775,242,16,2024-09-15,2024-12-12,Asthma
5803,258,59,6,2024-12-20,2025-08-13,Fracture
5804,2619,172,12,2026-07-24,2026-08-01,Kidney Stones
5805,4920,120,3,2026-08-01,2026-08-04,Fracture
5806,3133,229,9,2025-04-01,2026-01-09,Stroke
5807,4475,32,16,2024-09-12,2025-08-15,Diabetes
5808,4575,157,1,2025-04-15,2026-03-25,Kidney Stones
5809,1569,236,5,2025-04-27,2025-08-15,Migraine
5810,4491,173,13,2025-02-14,2025-08-25,Hypertension
5811,230,118,1,2025-10-21,2026-07-27,Stroke
5812,4582,172,10,2025-07-23,2026-05-14,Covid
5813,2772,126,3,2026-04-06,2026-08-12,Migraine
5814,2181,37,17,2025-08-27,2026-07-20,Stroke
5815,1494,67,17,2024-11-17,2025-12-07,Cancer
5816,2624,81,11,2025-08-25,2026-06-05,Kidney Stones
5817,2989,172,6,2024-08-23,2025-07-07,Diabetes
5818,3522,72,12,2026-02-19,2026-03-26,Stroke
5819,3484,195,18,2026-01-26,2026-06-04,Migraine
5820,1353,245,6,2026-03-01,2026-05-17,Asthma
5821,627,54,20,2024-08-07,2024-09-05,Asthma
5822,3822,190,14,2025-12-05,2026-01-24,Hypertension
5823,3217,84,11,2025-06-11,2025-07-20,Stroke
5824,2793,191,1,2024-08-23,2026-05-21,Cancer
5825,1552,121,1,2025-06-26,2025-07-26,Diabetes
5826,2315,1,19,2026-02-10,2026-04-07,Fracture
5827,2153,65,11,2024-11-08,2026-02-18,Covid
5828,2761,164,20,2024-11-08,2026-05-22,Hypertension
5829,871,225,4,2025-10-05,2026-01-14,Diabetes
5830,4871,74,8,2026-01-17,2026-03-06,Covid
5831,1587,229,3,2024-10-18,2026-07-14,Asthma
5832,1235,147,9,2024-09-27,2025-12-01,Cancer
5833,3080,78,6,2026-03-02,2026-04-30,Migraine
5834,3524,89,2,2026-02-25,2026-03-28,Covid
5835,1145,97,6,2026-07-24,2026-08-11,Stroke
5836,4673,165,2,2025-08-21,2026-01-27,Stroke
5837,4799,9,20,2025-09-30,2026-01-13,Hypertension
5838,2061,224,12,2025-01-27,2025-05-21,Covid
5839,2256,209,7,2026-05-18,2026-06-30,Migraine
5840,725,56,1,2025-08-27,2026-07-25,Kidney Stones
5841,2898,122,7,2024-08-26,2025-09-01,Kidney Stones
5842,790,144,6,2025-11-15,2025-12-26,Migraine
5843,559,92,15,2024-12-12,2025-07-26,Fracture
5844,2123,144,4,2024-08-29,2025-06-01,Hypertension
5845,2743,52,7,2026-03-19,2026-06-25,Cancer
5846,1267,1,10,2025-05-22,2026-03-01,Kidney Stones
5847,3300,228,2,2025-03-28,2026-08-14,Cancer
5848,4633,169,10,2024-11-23,2025-04-15,Migraine
5849,782,245,18,2026-01-15,2026-06-13,Kidney Stones
5850,4096,60,9,2025-08-04,2025-08-27,Covid
5851,203,53,20,2024-09-12,2026-06-22,Diabetes
5852,4051,155,1,2025-10-22,2026-04-16,Covid
5853,382,154,2,2026-03-19,2026-05-28,Kidney Stones
5854,1618,204,1,2024-10-15,2026-07-05,Kidney Stones
5855,3348,214,7,2025-12-03,2026-04-06,Stroke
5856,3518,186,1,2026-05-21,2026-06-15,Migraine
5857,2025,110,7,2025-05-19,2026-01-29,Stroke
5858,2092,127,10,2024-09-17,2025-09-13,Fracture
5859,1832,155,11,2025-11-15,2026-05-04,Asthma
5860,2670,139,11,2025-08-05,2026-08-16,Pneumonia
5861,2442,152,12,2025-06-15,2025-07-02,Hypertension
5862,3854,193,2,2025-01-27,2026-02-12,Cancer
5863,3770,36,1,2024-11-05,2025-12-05,Migraine
5864,2775,113,10,2024-11-25,2026-07-15,Stroke
5865,3202,246,19,2025-12-28,2026-04-07,Stroke
5866,3895,82,1,2024-11-27,2026-08-10,Asthma
5867,4941,135,13,2024-10-22,2024-12-25,Cancer
5868,1417,28,8,2026-03-08,2026-05-22,Kidney Stones
5869,790,127,10,2026-05-13,2026-07-29,Cancer
5870,3127,122,9,2025-06-19,2026-07-09,Covid
5871,3967,248,6,2025-04-10,2025-08-16,Diabetes
5872,4167,178,2,2025-04-13,2025-06-08,Diabetes
5873,1082,243,10,2024-10-23,2025-10-06,Stroke
5874,776,210,2,2025-03-08,2025-05-25,Stroke
5875,3262,77,8,2025-07-09,2025-09-09,Migraine
5876,2306,206,19,2024-09-12,2026-04-11,Diabetes
5877,2371,10,5,2026-07-20,2026-07-31,Hypertension
5878,1324,89,15,2024-10-21,2025-12-09,Hypertension
5879,347,56,2,2025-06-04,2026-07-02,Cancer
5880,204,57,7,2025-07-21,2025-12-16,Stroke
5881,2675,10,14,2026-04-22,2026-08-09,Migraine
5882,1678,235,13,2025-04-07,2025-10-10,Kidney Stones
5883,2837,214,5,2025-06-03,2025-06-13,Covid
5884,4616,10,12,2024-12-14,2026-06-16,Migraine
5885,446,171,3,2024-12-16,2026-03-27,Fracture
5886,862,49,9,2026-03-13,2026-05-07,Covid
5887,3134,34,2,2026-04-06,2026-06-04,Diabetes
5888,3531,198,13,2025-11-14,2025-11-20,Kidney Stones
5889,2527,188,3,2026-07-19,2026-07-29,Stroke
5890,1538,144,18,2024-11-16,2026-06-23,Stroke
5891,28,33,18,2024-08-30,2025-05-10,Migraine
5892,2880,235,3,2024-12-14,2025-03-01,Diabetes
5893,4644,231,2,2024-11-06,2026-04-20,Hypertension
5894,607,22,6,2025-04-16,2026-05-17,Diabetes
5895,113,143,12,2025-08-23,2026-05-16,Hypertension
5896,542,46,19,2025-05-19,2026-01-19,Fracture
5897,1903,88,15,2026-05-12,2026-06-04,Covid
5898,1979,243,13,2025-08-24,2025-10-22,Asthma
5899,2948,247,12,2026-02-13,2026-07-23,Kidney Stones
5900,4682,108,2,2026-06-21,2026-07-16,Diabetes
5901,4683,235,20,2025-10-08,2026-07-10,Stroke
5902,3142,173,1,2024-10-06,2025-12-30,Pneumonia
5903,1248,77,7,2025-11-03,2025-12-03,Covid
5904,4760,66,18,2024-09-18,2025-05-26,Migraine
5905,3827,204,16,2025-05-09,2026-06-02,Pneumonia
5906,2635,63,20,2024-12-11,2025-11-04,Migraine
5907,3286,32,5,2024-09-30,2025-12-24,Asthma
5908,4743,41,10,2025-07-04,2026-04-11,Diabetes
5909,971,247,13,2025-10-07,2026-03-03,Hypertension
5910,449,39,20,2024-08-31,2026-06-26,Hypertension
5911,923,108,4,2025-09-27,2026-03-24,Kidney Stones
5912,1475,186,10,2024-10-10,2025-03-15,Diabetes
5913,3442,225,7,2025-01-05,2025-11-21,Hypertension
5914,3366,187,14,2025-07-29,2025-08-24,Kidney Stones
5915,3937,11,17,2026-06-26,2026-07-10,Diabetes
5916,2375,114,4,2025-08-30,2026-04-30,Covid
5917,292,171,8,2025-07-17,2025-09-29,Cancer
5918,3975,50,16,2025-01-24,2025-06-11,Migraine
5919,3303,99,2,2025-10-10,2025-12-25,Fracture
5920,813,92,1,2024-08-06,2026-03-31,Diabetes
5921,2155,119,18,2025-03-01,2025-04-08,Fracture
5922,4100,158,8,2026-02-05,2026-05-06,Cancer
5923,4077,91,10,2025-01-27,2025-05-17,Stroke
5924,544,189,12,2025-08-12,2026-06-09,Migraine
5925,4658,35,1,2025-07-18,2026-05-31,Hypertension
5926,117,223,12,2024-08-17,2024-10-27,Diabetes
5927,4257,71,14,2026-05-08,2026-07-22,Asthma
5928,446,12,2,2026-03-21,2026-07-11,Fracture
5929,4552,112,15,2026-01-13,2026-07-26,Cancer
5930,1966,101,8,2025-11-16,2026-07-05,Kidney Stones
5931,73,153,14,2025-12-10,2026-05-07,Diabetes
5932,2751,62,18,2024-08-11,2025-04-04,Stroke
5933,3913,202,11,2026-08-04,2026-08-14,Fracture
5934,2967,80,3,2026-02-09,2026-04-29,Cancer
5935,1002,173,1,2026-04-25,2026-05-16,Cancer
5936,3562,219,17,2025-03-22,2026-03-22,Covid
5937,2721,42,12,2025-08-04,2025-09-07,Kidney Stones
5938,3719,127,3,2026-01-31,2026-05-25,Migraine
5939,2475,206,20,2026-06-16,2026-07-25,Kidney Stones
5940,150,106,5,2025-09-30,2025-10-11,Diabetes
5941,1184,235,1,2025-04-07,2026-02-08,Migraine
5942,3159,91,16,2026-03-24,2026-07-29,Asthma
5943,4932,43,9,2026-03-04,2026-06-17,Cancer
5944,3230,166,19,2025-09-09,2026-04-27,Covid
5945,2538,77,3,2025-06-28,2025-10-02,Migraine
5946,2669,88,3,2026-04-21,2026-04-27,Cancer
5947,777,238,7,2025-07-25,2026-06-14,Migraine
5948,2946,23,9,2026-07-07,2026-07-21,Hypertension
5949,4296,61,10,2026-05-04,2026-06-05,Hypertension
5950,1369,83,9,2025-06-24,2026-04-21,Pneumonia
5951,3024,178,8,2025-08-31,2025-12-23,Asthma
5952,435,92,2,2026-08-04,2026-08-11,Hypertension
5953,4338,103,3,2025-09-26,2026-01-09,Hypertension
5954,3800,36,14,2026-01-02,2026-01-12,Cancer
5955,3358,42,8,2026-05-29,2026-05-30,Covid
5956,4472,97,1,2024-09-21,2025-08-16,Asthma
5957,3576,214,15,2024-10-19,2025-12-09,Fracture
5958,311,250,12,2024-11-03,2025-03-17,Covid
5959,4897,143,16,2026-04-03,2026-06-03,Pneumonia
5960,2906,5,13,2025-05-30,2025-06-08,Diabetes
5961,3002,124,3,2025-08-24,2026-04-04,Hypertension
5962,4432,39,14,2025-12-02,2026-04-11,Cancer
5963,1445,13,13,2025-04-30,2026-02-06,Kidney Stones
5964,2153,23,9,2024-11-10,2025-09-06,Migraine
5965,4240,145,19,2026-04-28,2026-06-27,Stroke
5966,2556,25,10,2026-04-14,2026-05-21,Fracture
5967,2020,147,8,2025-12-06,2026-08-09,Diabetes
5968,4269,176,16,2025-07-16,2026-07-16,Asthma
5969,2340,190,8,2024-10-21,2026-03-09,Stroke
5970,412,178,3,2024-09-01,2024-11-29,Asthma
5971,4976,100,15,2024-12-02,2025-03-14,Migraine
5972,3803,159,4,2026-01-28,2026-07-05,Cancer
5973,1667,171,9,2025-09-25,2025-11-29,Pneumonia
5974,88,13,7,2025-03-20,2026-02-12,Stroke
5975,4109,6,2,2024-12-04,2025-11-09,Pneumonia
5976,2716,84,15,2026-05-24,2026-07-06,Hypertension
5977,467,20,7,2024-09-03,2025-06-19,Kidney Stones
5978,494,240,17,2026-03-01,2026-06-19,Hypertension
5979,708,5,18,2024-11-30,2025-09-03,Asthma
5980,687,238,8,2025-08-23,2026-08-08,Kidney Stones
5981,3342,27,8,2026-02-07,2026-04-17,Fracture
5982,2569,247,19,2026-03-10,2026-07-21,Cancer
5983,2641,84,10,2025-07-02,2026-03-21,Cancer
5984,3990,113,5,2024-09-18,2025-05-09,Asthma
5985,2471,246,11,2025-09-22,2025-10-10,Asthma
5986,4803,165,10,2025-02-09,2025-05-17,Migraine
5987,804,120,17,2024-10-14,2025-08-19,Hypertension
5988,462,81,6,2026-05-10,2026-06-27,Asthma
5989,993,32,12,2025-09-05,2026-04-21,Diabetes
5990,4155,239,1,2024-12-20,2025-01-04,Diabetes
5991,3257,161,4,2025-02-08,2025-10-10,Covid
5992,4212,130,1,2026-04-10,2026-07-26,Cancer
5993,2661,7,14,2024-09-30,2025-04-18,Covid
5994,4349,8,15,2024-12-05,2026-05-27,Kidney Stones
5995,2483,95,13,2025-05-29,2025-08-15,Kidney Stones
5996,649,173,12,2026-06-18,2026-07-14,Fracture
5997,604,157,19,2025-06-02,2025-10-06,Covid
5998,4716,157,18,2024-12-09,2025-11-08,Cancer
5999,3447,54,4,2025-11-07,2026-05-24,Diabetes
6000,2795,135,2,2025-05-07,2026-07-28,Hypertension
6001,2166,93,20,2025-09-25,2025-11-06,Kidney Stones
6002,1820,98,14,2026-02-13,2026-05-17,Fracture
6003,4851,170,8,2024-12-28,2025-11-15,Asthma
6004,1572,182,18,2026-01-18,2026-05-23,Hypertension
6005,896,57,16,2025-02-01,2025-10-13,Migraine
6006,2333,36,7,2025-01-09,2025-04-07,Cancer
6007,2781,109,14,2025-01-11,2026-01-07,Migraine
6008,4377,110,3,2026-01-15,2026-05-19,Hypertension
6009,3178,225,18,2025-02-10,2026-01-17,Diabetes
6010,4750,212,19,2025-02-28,2026-01-28,Cancer
6011,4039,36,4,2024-10-09,2025-09-22,Diabetes
6012,2719,46,15,2026-05-14,2026-07-25,Diabetes
6013,3021,58,1,2024-09-23,2025-07-22,Pneumonia
6014,3688,126,2,2026-04-19,2026-06-02,Kidney Stones
6015,4135,23,2,2024-11-03,2026-07-21,Diabetes
6016,451,19,18,2025-04-01,2025-10-06,Asthma
6017,2675,59,2,2024-11-16,2025-01-18,Pneumonia
6018,3991,216,19,2026-05-17,2026-07-23,Pneumonia
6019,1776,25,16,2026-03-22,2026-07-17,Diabetes
6020,1260,208,6,2024-11-15,2025-02-09,Asthma
6021,2097,35,10,2025-10-08,2026-07-03,Pneumonia
6022,2341,129,3,2025-03-31,2026-03-10,Cancer
6023,3922,218,18,2025-05-21,2026-01-13,Diabetes
6024,899,217,7,2025-09-03,2026-01-17,Hypertension
6025,387,29,6,2026-07-27,2026-08-03,Fracture
6026,2148,50,11,2025-04-21,2025-11-22,Hypertension
6027,839,115,15,2025-08-07,2025-08-25,Stroke
6028,2284,148,4,2025-02-19,2026-03-26,Fracture
6029,1599,7,14,2026-06-30,2026-07-21,Kidney Stones
6030,1382,82,18,2025-10-20,2026-03-22,Fracture
6031,3847,159,16,2026-03-18,2026-07-16,Migraine
6032,3107,11,13,2025-08-27,2026-05-04,Cancer
6033,815,202,4,2026-04-18,2026-05-04,Fracture
6034,1439,66,19,2026-04-15,2026-07-25,Migraine
6035,4263,123,15,2025-11-13,2026-03-14,Asthma
6036,1615,92,15,2026-07-11,2026-08-09,Kidney Stones
6037,920,173,2,2026-06-25,2026-07-06,Diabetes
6038,4224,58,19,2026-01-13,2026-08-06,Diabetes
6039,2186,244,13,2025-10-28,2026-05-11,Pneumonia
6040,34,235,17,2026-04-18,2026-06-17,Asthma
6041,4259,88,7,2024-10-13,2025-08-27,Migraine
6042,325,50,19,2026-03-08,2026-08-03,Asthma
6043,601,1,11,2024-09-11,2026-01-01,Stroke
6044,485,77,7,2026-01-07,2026-04-11,Diabetes
6045,2411,81,6,2026-07-16,2026-07-31,Covid
6046,626,180,7,2026-01-16,2026-03-25,Asthma
6047,3188,126,12,2025-04-29,2026-03-09,Kidney Stones
6048,3162,181,9,2024-12-17,2026-07-12,Hypertension
6049,2019,15,13,2026-07-29,2026-08-04,Hypertension
6050,4965,77,5,2026-07-11,2026-07-31,Migraine
6051,1492,10,18,2025-07-24,2026-02-22,Stroke
6052,4418,180,6,2026-05-01,2026-06-15,Asthma
6053,3202,159,14,2025-03-29,2026-05-04,Fracture
6054,2873,133,18,2025-12-18,2026-06-02,Hypertension
6055,63,131,2,2024-08-18,2026-02-07,Cancer
6056,1658,75,15,2026-01-25,2026-07-30,Hypertension
6057,2091,158,17,2026-02-04,2026-07-26,Covid
6058,1774,171,5,2026-05-07,2026-06-19,Fracture
6059,3990,250,6,2025-05-31,2026-06-06,Diabetes
6060,4044,35,3,2024-12-24,2025-07-20,Migraine
6061,3576,84,12,2026-06-11,2026-07-08,Migraine
6062,56,50,6,2025-12-19,2026-04-05,Migraine
6063,1002,2,8,2026-01-25,2026-06-06,Asthma
6064,4215,140,5,2025-11-05,2026-06-22,Diabetes
6065,2087,80,20,2026-03-29,2026-05-02,Diabetes
6066,4809,230,1,2024-08-31,2026-08-10,Migraine
6067,569,136,6,2025-09-10,2026-01-02,Fracture
6068,2856,142,13,2025-09-29,2026-05-28,Fracture
6069,4985,85,8,2026-03-25,2026-08-02,Kidney Stones
6070,4143,150,8,2026-04-23,2026-07-04,Stroke
6071,3724,2,17,2025-12-30,2026-07-20,Migraine
6072,4314,215,11,2025-09-28,2025-10-20,Hypertension
6073,1617,36,14,2024-09-08,2024-12-23,Diabetes
6074,4117,162,5,2024-10-30,2025-08-01,Fracture
6075,4241,106,16,2025-03-30,2026-04-15,Asthma
6076,3957,214,5,2026-04-24,2026-05-30,Diabetes
6077,3154,69,19,2024-12-20,2025-12-27,Migraine
6078,1631,88,7,2025-09-08,2026-04-01,Migraine
6079,4869,208,20,2024-12-14,2025-10-02,Diabetes
6080,3932,138,15,2026-04-20,2026-08-05,Kidney Stones
6081,1195,163,14,2025-09-16,2025-12-21,Migraine
6082,552,215,11,2025-03-02,2026-07-08,Stroke
6083,2482,125,9,2025-01-02,2025-05-01,Diabetes
6084,3467,220,17,2025-03-12,2026-06-09,Migraine
6085,1411,102,19,2025-05-15,2025-11-10,Covid
6086,1131,148,12,2026-02-17,2026-04-25,Covid
6087,62,181,4,2026-01-22,2026-08-14,Fracture
6088,3343,170,2,2026-02-01,2026-07-31,Pneumonia
6089,3159,110,3,2024-12-24,2025-04-25,Migraine
6090,4423,58,14,2026-06-09,2026-07-16,Fracture
6091,328,164,5,2025-08-30,2026-05-06,Asthma
6092,1141,129,17,2025-01-27,2025-12-03,Pneumonia
6093,2456,8,17,2025-09-17,2026-02-16,Fracture
6094,3771,84,19,2024-09-11,2026-07-30,Migraine
6095,4223,28,4,2025-07-04,2025-12-17,Migraine
6096,3073,163,11,2025-04-22,2025-12-20,Stroke
6097,2497,23,2,2026-05-20,2026-07-24,Stroke
6098,379,182,19,2024-11-11,2026-06-19,Diabetes
6099,3934,5,20,2025-05-10,2025-07-28,Cancer
6100,416,2,15,2025-11-07,2026-02-06,Diabetes
6101,3710,90,13,2025-03-23,2025-12-15,Hypertension
6102,3443,140,11,2026-02-23,2026-03-19,Diabetes
6103,588,39,18,2026-03-15,2026-05-03,Diabetes
6104,346,214,17,2026-03-13,2026-03-26,Kidney Stones
6105,4900,21,1,2026-02-21,2026-04-29,Kidney Stones
6106,1344,1,11,2025-11-25,2026-06-10,Migraine
6107,3954,238,11,2024-12-05,2026-05-31,Cancer
6108,2997,212,9,2024-09-24,2024-11-06,Hypertension
6109,2982,157,14,2025-01-31,2025-04-04,Pneumonia
6110,1700,57,1,2025-05-31,2025-08-21,Pneumonia
6111,1235,61,20,2026-06-22,2026-06-29,Asthma
6112,335,140,15,2025-05-14,2026-05-10,Fracture
6113,3353,67,11,2025-11-05,2026-01-15,Migraine
6114,3155,117,12,2025-02-24,2025-12-03,Fracture
6115,666,77,18,2025-10-23,2025-11-01,Hypertension
6116,3100,154,20,2024-08-27,2025-06-24,Diabetes
6117,322,232,3,2024-12-19,2026-05-26,Hypertension
6118,630,185,10,2025-05-21,2026-08-15,Hypertension
6119,583,77,1,2025-05-05,2026-03-20,Migraine
6120,3590,114,17,2024-08-20,2025-11-22,Migraine
6121,3720,61,16,2026-03-09,2026-07-01,Fracture
6122,4835,186,11,2025-01-27,2025-10-14,Pneumonia
6123,1220,164,9,2025-06-01,2025-07-06,Migraine
6124,1645,207,1,2025-07-07,2026-08-14,Fracture
6125,710,139,19,2026-02-08,2026-02-15,Kidney Stones
6126,3983,249,11,2025-12-21,2026-03-19,Asthma
6127,3468,123,6,2026-04-27,2026-05-06,Diabetes
6128,3764,121,19,2026-07-01,2026-07-07,Hypertension
6129,4282,171,18,2026-01-18,2026-07-03,Cancer
6130,3709,174,11,2026-06-10,2026-08-05,Asthma
6131,4722,45,19,2026-05-04,2026-08-07,Asthma
6132,1531,209,3,2025-05-08,2025-10-15,Pneumonia
6133,2508,91,18,2024-11-08,2025-09-07,Diabetes
6134,2433,174,12,2026-01-06,2026-05-20,Asthma
6135,137,121,5,2024-12-02,2026-07-14,Diabetes
6136,2492,39,4,2024-10-31,2024-12-23,Migraine
6137,2426,131,19,2025-04-04,2026-04-26,Hypertension
6138,1276,40,11,2025-11-05,2026-03-09,Diabetes
6139,3107,54,4,2025-12-16,2026-05-13,Cancer
6140,3324,182,4,2026-05-01,2026-06-18,Hypertension
6141,3083,28,13,2025-08-15,2026-04-08,Migraine
6142,3229,99,9,2025-04-06,2025-09-21,Pneumonia
6143,3834,127,17,2026-01-31,2026-04-27,Cancer
6144,889,159,6,2025-07-30,2025-10-01,Diabetes
6145,1431,219,17,2026-01-03,2026-03-07,Pneumonia
6146,1092,248,9,2025-01-13,2025-12-11,Covid
6147,2211,161,8,2025-04-20,2025-05-24,Cancer
6148,4254,193,14,2025-09-28,2026-04-01,Kidney Stones
6149,1974,131,15,2026-03-16,2026-06-15,Fracture
6150,3298,210,6,2025-06-02,2026-04-25,Pneumonia
6151,863,177,2,2025-10-01,2026-02-21,Pneumonia
6152,4643,34,7,2025-01-04,2026-05-04,Stroke
6153,1681,203,12,2026-06-16,2026-07-10,Pneumonia
6154,4004,229,9,2024-09-29,2025-01-15,Cancer
6155,4215,56,18,2025-11-04,2025-12-09,Stroke
6156,3638,80,6,2025-09-23,2025-10-13,Covid
6157,2033,27,8,2025-04-10,2026-05-23,Kidney Stones
6158,4042,72,19,2026-03-11,2026-05-16,Fracture
6159,3133,245,3,2026-03-22,2026-06-05,Asthma
6160,2177,137,2,2026-04-30,2026-06-29,Diabetes
6161,7,93,7,2025-06-09,2026-03-09,Asthma
6162,387,126,3,2025-11-04,2025-12-21,Covid
6163,968,188,11,2025-03-09,2025-11-05,Asthma
6164,2514,40,10,2026-01-26,2026-07-14,Migraine
6165,4098,112,19,2025-06-22,2026-08-14,Diabetes
6166,1938,98,15,2026-01-09,2026-07-18,Asthma
6167,4062,186,2,2024-10-01,2026-01-10,Kidney Stones
6168,2696,193,8,2025-10-13,2026-07-26,Cancer
6169,118,52,18,2025-11-26,2025-12-14,Pneumonia
6170,3878,69,13,2025-02-01,2026-01-13,Migraine
6171,4295,196,10,2026-01-09,2026-04-24,Hypertension
6172,1241,16,20,2025-07-31,2025-09-07,Cancer
6173,2940,31,13,2026-06-07,2026-08-11,Fracture
6174,1584,25,2,2026-05-02,2026-06-02,Pneumonia
6175,518,192,1,2025-06-11,2026-03-23,Asthma
6176,489,135,5,2025-04-20,2026-06-11,Kidney Stones
6177,321,239,7,2025-06-15,2026-03-29,Pneumonia
6178,2348,35,3,2024-12-20,2025-02-01,Pneumonia
6179,463,57,11,2025-03-05,2025-04-27,Fracture
6180,8,240,14,2025-12-24,2026-06-27,Stroke
6181,4979,110,9,2026-07-31,2026-08-09,Hypertension
6182,1061,169,13,2025-01-04,2025-03-27,Diabetes
6183,2217,243,7,2025-10-31,2026-03-22,Stroke
6184,1545,69,20,2026-04-19,2026-06-15,Asthma
6185,4978,84,5,2024-11-03,2025-02-07,Migraine
6186,3838,49,3,2026-05-06,2026-06-03,Migraine
6187,3975,104,7,2025-05-10,2026-02-18,Stroke
6188,142,63,6,2025-01-22,2026-07-19,Pneumonia
6189,3284,37,19,2024-10-15,2024-12-25,Asthma
6190,336,246,18,2025-12-19,2026-05-20,Hypertension
6191,1156,232,3,2025-04-08,2026-05-31,Hypertension
6192,2110,105,5,2025-07-21,2025-08-03,Cancer
6193,4946,136,18,2026-03-28,2026-04-20,Asthma
6194,9,100,17,2024-08-20,2025-12-13,Migraine
6195,3154,177,16,2026-06-13,2026-08-06,Covid
6196,3363,90,1,2025-05-01,2026-06-05,Cancer
6197,2248,143,18,2025-06-17,2026-02-22,Kidney Stones
6198,3542,238,10,2024-10-18,2026-05-28,Hypertension
6199,1347,225,10,2025-11-21,2026-02-18,Fracture
6200,3542,92,19,2025-07-06,2026-06-17,Pneumonia
6201,2670,58,5,2025-04-09,2025-09-11,Kidney Stones
6202,382,163,5,2024-12-20,2025-01-29,Kidney Stones
6203,1026,35,6,2025-02-09,2026-07-18,Asthma
6204,3835,182,12,2026-05-30,2026-06-17,Migraine
6205,4605,221,20,2025-02-18,2026-03-25,Cancer
6206,3665,150,2,2024-09-01,2026-01-22,Hypertension
6207,2303,132,12,2024-08-22,2025-10-06,Stroke
6208,940,131,4,2025-06-02,2025-11-22,Covid
6209,4837,246,12,2025-10-12,2025-12-01,Stroke
6210,1011,79,4,2025-09-28,2026-06-20,Fracture
6211,4735,7,7,2025-07-28,2026-06-24,Fracture
6212,1810,185,4,2025-12-21,2026-02-26,Cancer
6213,2926,100,6,2024-08-13,2024-08-13,Cancer
6214,155,73,11,2026-08-02,2026-08-13,Fracture
6215,449,92,17,2025-09-14,2025-12-11,Stroke
6216,3770,183,4,2026-07-23,2026-08-11,Asthma
6217,4352,27,9,2024-12-10,2025-02-28,Pneumonia
6218,3526,246,4,2025-05-18,2026-07-25,Hypertension
6219,2360,52,19,2026-01-06,2026-06-04,Fracture
6220,168,140,11,2025-01-23,2025-12-14,Hypertension
6221,401,222,3,2024-08-25,2026-02-12,Stroke
6222,2418,52,9,2025-02-01,2026-07-12,Diabetes
6223,2643,41,2,2025-08-28,2026-02-11,Asthma
6224,2402,199,9,2025-06-11,2026-04-20,Fracture
6225,2843,38,17,2026-05-29,2026-06-27,Covid
6226,4026,188,4,2025-05-04,2025-12-28,Hypertension
6227,3836,169,20,2025-08-05,2026-06-04,Cancer
6228,3794,218,7,2026-06-06,2026-06-17,Covid
6229,2546,31,4,2025-03-03,2025-11-26,Cancer
6230,4995,157,5,2025-07-09,2026-07-18,Cancer
6231,2842,14,15,2025-01-16,2025-06-29,Pneumonia
6232,3981,218,3,2024-12-18,2025-12-23,Asthma
6233,2342,1,2,2025-10-27,2026-08-04,Stroke
6234,1934,189,5,2026-06-28,2026-07-20,Fracture
6235,2244,246,2,2025-12-17,2026-03-21,Stroke
6236,1847,181,17,2025-01-01,2026-06-23,Hypertension
6237,1635,73,5,2025-04-30,2025-12-13,Covid
6238,4117,37,17,2025-12-16,2026-03-19,Diabetes
6239,1243,24,6,2025-04-14,2026-07-22,Fracture
6240,2259,116,7,2025-03-28,2026-03-01,Asthma
6241,3696,206,5,2024-11-01,2025-08-28,Pneumonia
6242,1606,107,8,2025-01-13,2025-03-07,Pneumonia
6243,3155,96,19,2026-04-19,2026-08-09,Pneumonia
6244,4563,115,9,2024-08-18,2025-11-17,Hypertension
6245,4821,124,2,2025-07-06,2026-07-26,Diabetes
6246,4733,199,17,2024-09-10,2024-11-17,Pneumonia
6247,4292,96,7,2025-12-15,2026-01-25,Stroke
6248,4215,100,8,2025-01-21,2025-02-19,Kidney Stones
6249,3309,220,6,2026-07-11,2026-07-22,Pneumonia
6250,4748,212,4,2025-01-22,2025-05-23,Kidney Stones
6251,763,4,6,2025-06-24,2025-07-30,Pneumonia
6252,1948,164,9,2026-01-06,2026-08-06,Diabetes
6253,4360,123,16,2025-08-22,2025-09-26,Migraine
6254,3100,39,3,2024-12-21,2025-04-14,Migraine
6255,487,131,3,2025-12-02,2026-05-31,Migraine
6256,4940,102,19,2026-01-31,2026-07-07,Asthma
6257,1337,180,12,2025-01-20,2025-12-10,Migraine
6258,2078,12,6,2026-02-08,2026-05-14,Hypertension
6259,2425,11,8,2025-01-31,2025-09-09,Kidney Stones
6260,852,33,11,2024-12-06,2025-11-26,Hypertension
6261,191,30,19,2026-05-11,2026-08-03,Cancer
6262,4714,7,17,2024-10-15,2026-02-06,Hypertension
6263,2330,1,15,2025-02-08,2025-10-22,Migraine
6264,4502,24,2,2025-01-24,2026-03-23,Asthma
6265,2507,45,3,2025-06-22,2026-04-03,Stroke
6266,4225,82,4,2025-07-27,2026-01-12,Asthma
6267,785,247,8,2025-02-14,2025-07-22,Cancer
6268,4095,199,12,2025-04-21,2026-05-07,Cancer
6269,3287,64,11,2025-11-02,2026-08-05,Hypertension
6270,121,28,19,2026-05-28,2026-08-11,Hypertension
6271,1092,97,12,2026-06-02,2026-08-12,Migraine
6272,14,71,16,2026-01-16,2026-04-11,Stroke
6273,4356,119,17,2025-08-26,2026-06-13,Pneumonia
6274,206,68,11,2025-01-06,2025-11-15,Migraine
6275,4007,79,14,2025-03-24,2026-02-20,Fracture
6276,966,189,5,2026-06-06,2026-08-13,Covid
6277,2134,63,20,2026-05-16,2026-06-16,Kidney Stones
6278,2358,248,8,2025-08-08,2026-01-11,Migraine
6279,3964,188,2,2025-04-24,2025-05-16,Kidney Stones
6280,2379,35,9,2025-04-01,2025-12-02,Stroke
6281,1967,83,19,2025-10-19,2026-02-05,Stroke
6282,1117,226,4,2025-07-11,2026-02-25,Hypertension
6283,2809,247,14,2025-08-08,2025-08-22,Stroke
6284,3368,25,7,2025-07-08,2026-04-29,Migraine
6285,1762,102,3,2026-05-11,2026-06-13,Diabetes
6286,2238,175,13,2026-03-18,2026-08-16,Stroke
6287,2777,135,14,2024-11-06,2025-09-09,Diabetes
6288,4518,104,3,2025-12-10,2026-03-16,Covid
6289,2108,185,1,2025-01-15,2026-04-15,Kidney Stones
6290,1704,139,18,2025-06-09,2025-11-22,Hypertension
6291,4850,163,4,2026-02-05,2026-06-09,Fracture
6292,4208,239,13,2025-10-26,2025-11-10,Diabetes
6293,3453,195,8,2026-02-25,2026-07-06,Cancer
6294,2477,115,11,2025-01-26,2025-01-28,Stroke
6295,284,4,8,2024-10-19,2025-07-13,Fracture
6296,1955,110,19,2026-03-13,2026-08-12,Stroke
6297,3038,164,9,2025-12-14,2026-07-08,Covid
6298,1230,173,19,2024-10-31,2026-01-08,Cancer
6299,2675,161,11,2026-04-28,2026-05-04,Asthma
6300,537,18,19,2024-11-16,2025-01-11,Diabetes
6301,4802,167,2,2026-01-15,2026-03-04,Kidney Stones
6302,730,202,2,2026-04-02,2026-05-21,Covid
6303,2531,226,18,2025-08-30,2026-01-12,Covid
6304,4800,1,10,2025-09-13,2026-04-28,Hypertension
6305,3314,68,12,2026-01-25,2026-04-12,Fracture
6306,1048,238,1,2025-09-01,2025-11-04,Pneumonia
6307,3913,155,12,2025-10-28,2026-03-09,Covid
6308,4291,202,12,2025-07-26,2025-09-27,Kidney Stones
6309,378,90,6,2025-02-01,2025-11-23,Asthma
6310,2628,73,17,2026-05-09,2026-07-07,Covid
6311,4449,128,15,2025-01-01,2025-07-30,Hypertension
6312,110,3,13,2026-06-23,2026-07-06,Fracture
6313,1143,19,17,2024-12-19,2025-05-17,Stroke
6314,337,30,6,2026-02-11,2026-02-12,Kidney Stones
6315,655,207,12,2025-06-21,2026-08-09,Migraine
6316,1875,190,20,2025-10-14,2026-07-12,Diabetes
6317,3667,93,18,2025-02-20,2025-06-24,Kidney Stones
6318,747,147,11,2024-08-31,2026-03-15,Covid
6319,3390,206,5,2025-02-24,2026-04-10,Kidney Stones
6320,2090,234,16,2026-01-18,2026-06-29,Fracture
6321,814,78,6,2024-12-19,2026-02-23,Asthma
6322,4123,227,1,2026-07-09,2026-08-06,Diabetes
6323,4177,165,16,2025-03-05,2026-01-23,Fracture
6324,3650,129,2,2025-12-19,2026-08-05,Migraine
6325,1029,130,12,2024-10-26,2024-11-26,Asthma
6326,4064,115,3,2025-03-17,2025-12-14,Asthma
6327,2192,150,17,2025-10-05,2025-10-27,Covid
6328,3535,73,1,2024-12-26,2025-06-02,Fracture
6329,4909,120,20,2025-11-05,2026-02-28,Cancer
6330,2866,69,18,2025-06-05,2026-02-14,Fracture
6331,4837,104,1,2025-01-20,2026-01-09,Cancer
6332,2159,201,16,2025-01-02,2025-07-29,Covid
6333,1293,120,10,2024-12-12,2025-12-22,Kidney Stones
6334,4809,164,17,2026-02-25,2026-04-23,Stroke
6335,2256,185,7,2024-10-14,2024-11-03,Covid
6336,3130,230,10,2025-09-07,2025-09-25,Hypertension
6337,4314,95,19,2026-07-25,2026-07-29,Diabetes
6338,4018,124,9,2024-12-09,2026-04-27,Diabetes
6339,1802,79,4,2026-07-19,2026-08-10,Diabetes
6340,3299,102,9,2025-03-14,2026-06-07,Pneumonia
6341,2718,194,10,2026-06-27,2026-08-08,Covid
6342,2945,156,7,2025-04-20,2025-09-17,Kidney Stones
6343,4860,130,3,2024-10-11,2024-10-14,Fracture
6344,1165,237,15,2025-07-10,2025-10-13,Cancer
6345,298,111,2,2026-02-01,2026-06-06,Stroke
6346,2942,195,19,2024-09-07,2025-09-30,Migraine
6347,37,174,6,2024-08-06,2025-12-25,Covid
6348,4301,211,5,2025-09-05,2026-06-15,Asthma
6349,1058,154,19,2026-03-29,2026-07-31,Fracture
6350,2413,100,4,2025-12-20,2026-07-06,Hypertension
6351,39,139,19,2024-09-03,2026-08-01,Stroke
6352,3411,81,7,2026-02-11,2026-05-26,Covid
6353,3883,155,3,2026-05-27,2026-07-23,Kidney Stones
6354,4450,7,16,2026-03-28,2026-08-06,Pneumonia
6355,4138,194,12,2025-07-24,2026-03-20,Diabetes
6356,323,207,11,2026-06-19,2026-07-19,Hypertension
6357,3853,83,11,2025-02-25,2026-03-09,Cancer
6358,58,109,7,2024-10-04,2026-04-06,Diabetes
6359,1334,225,3,2025-05-05,2026-01-16,Fracture
6360,2524,132,10,2025-02-14,2026-03-26,Pneumonia
6361,1949,245,14,2025-04-26,2026-04-22,Asthma
6362,4069,31,18,2025-06-26,2026-03-24,Diabetes
6363,3928,96,2,2025-11-05,2026-02-15,Pneumonia
6364,4601,105,19,2025-11-25,2026-01-23,Hypertension
6365,883,207,15,2026-03-04,2026-07-28,Hypertension
6366,2655,52,10,2025-06-26,2025-09-22,Covid
6367,673,36,8,2024-09-03,2025-06-03,Cancer
6368,2673,19,15,2025-06-28,2026-07-14,Migraine
6369,4590,70,9,2025-05-08,2025-10-30,Cancer
6370,1715,86,1,2025-06-11,2025-12-26,Migraine
6371,2599,25,10,2026-03-21,2026-03-21,Asthma
6372,2405,46,15,2025-06-09,2026-02-07,Asthma
6373,221,224,4,2025-02-10,2025-08-02,Cancer
6374,2333,203,6,2025-01-26,2026-06-15,Pneumonia
6375,879,36,15,2025-10-07,2025-10-12,Pneumonia
6376,1208,50,6,2026-05-31,2026-07-17,Hypertension
6377,2406,115,7,2026-01-20,2026-08-15,Cancer
6378,4678,209,4,2025-09-30,2026-05-09,Asthma
6379,1376,198,6,2025-06-09,2025-10-28,Kidney Stones
6380,1200,27,3,2025-05-16,2026-01-28,Hypertension
6381,4868,37,3,2025-02-25,2025-03-25,Fracture
6382,2167,204,2,2024-09-21,2025-07-11,Kidney Stones
6383,1594,228,4,2026-01-28,2026-05-30,Pneumonia
6384,2444,168,5,2025-01-19,2025-12-19,Pneumonia
6385,774,7,7,2026-05-24,2026-07-12,Asthma
6386,2922,248,16,2025-07-27,2026-08-02,Cancer
6387,2741,210,11,2025-10-17,2026-03-22,Pneumonia
6388,1361,139,12,2026-06-11,2026-08-02,Covid
6389,1837,127,16,2026-02-22,2026-04-06,Stroke
6390,2134,133,20,2025-04-03,2026-07-21,Asthma
6391,3270,136,5,2025-09-17,2026-01-18,Cancer
6392,295,57,3,2025-06-01,2026-07-15,Hypertension
6393,3780,248,7,2025-07-01,2026-07-21,Migraine
6394,872,40,16,2024-09-19,2025-12-20,Pneumonia
6395,2393,63,18,2026-02-21,2026-03-25,Migraine
6396,1744,197,1,2025-04-17,2026-05-06,Diabetes
6397,2348,218,11,2025-01-30,2025-03-07,Pneumonia
6398,1849,6,18,2026-07-29,2026-07-29,Covid
6399,403,18,4,2026-02-20,2026-08-02,Stroke
6400,3244,121,12,2025-06-18,2025-08-21,Covid
6401,2023,55,19,2025-10-02,2026-01-26,Covid
6402,2015,158,17,2025-07-18,2025-12-31,Fracture
6403,3301,51,16,2025-03-03,2025-07-04,Hypertension
6404,2665,110,19,2026-03-14,2026-06-07,Diabetes
6405,2353,205,7,2026-04-17,2026-05-17,Fracture
6406,2060,215,10,2025-09-25,2026-02-25,Kidney Stones
6407,1251,107,7,2026-01-03,2026-04-03,Diabetes
6408,4887,58,5,2025-05-17,2026-02-03,Fracture
6409,1583,247,14,2025-06-27,2026-05-12,Fracture
6410,981,156,9,2026-07-17,2026-08-11,Cancer
6411,2327,246,15,2025-10-12,2026-06-03,Diabetes
6412,3824,65,19,2025-12-08,2026-04-16,Covid
6413,3481,40,2,2025-11-13,2025-12-06,Cancer
6414,4977,35,5,2025-02-16,2025-07-22,Asthma
6415,188,126,16,2024-09-02,2026-04-07,Asthma
6416,4899,88,14,2025-11-03,2026-05-13,Stroke
6417,3473,77,5,2024-11-04,2026-03-27,Kidney Stones
6418,3086,132,11,2024-08-21,2025-07-24,Migraine
6419,2095,74,19,2024-10-20,2025-07-10,Covid
6420,3924,245,20,2025-07-03,2026-02-16,Covid
6421,3613,229,14,2026-03-02,2026-06-11,Fracture
6422,744,2,15,2026-05-23,2026-08-08,Hypertension
6423,2471,223,6,2025-03-01,2026-07-16,Stroke
6424,674,113,17,2026-03-30,2026-04-10,Kidney Stones
6425,4782,182,6,2025-04-05,2026-02-24,Hypertension
6426,4757,127,14,2025-05-13,2025-10-02,Kidney Stones
6427,1420,34,6,2025-08-28,2026-02-12,Diabetes
6428,1949,228,15,2024-12-22,2025-11-21,Hypertension
6429,4367,170,20,2024-09-11,2026-04-17,Hypertension
6430,1330,82,13,2026-05-24,2026-06-14,Hypertension
6431,629,35,18,2026-06-13,2026-07-22,Cancer
6432,874,165,9,2025-03-08,2026-01-19,Migraine
6433,2357,53,1,2025-10-05,2026-03-07,Asthma
6434,2483,85,12,2026-04-05,2026-07-15,Asthma
6435,4642,124,6,2026-07-08,2026-08-05,Hypertension
6436,964,169,3,2025-10-28,2026-04-04,Fracture
6437,4952,187,15,2026-07-19,2026-07-20,Hypertension
6438,107,70,3,2024-08-22,2026-05-03,Covid
6439,3111,107,3,2026-06-05,2026-07-18,Cancer
6440,3987,161,11,2026-03-07,2026-04-22,Migraine
6441,1671,106,14,2026-07-10,2026-07-25,Cancer
6442,240,212,8,2025-08-12,2026-07-14,Migraine
6443,2544,37,11,2025-12-11,2026-05-09,Migraine
6444,1218,207,3,2025-07-14,2026-04-09,Stroke
6445,2441,237,15,2025-04-29,2026-07-10,Hypertension
6446,908,94,10,2024-08-31,2025-04-08,Fracture
6447,4882,169,18,2025-07-14,2025-08-31,Covid
6448,1280,80,17,2026-01-04,2026-01-20,Migraine
6449,306,29,8,2025-07-06,2026-01-04,Asthma
6450,1257,214,13,2026-01-25,2026-07-04,Fracture
6451,4911,118,8,2026-05-23,2026-07-16,Fracture
6452,4256,135,10,2026-07-07,2026-07-17,Cancer
6453,1509,170,10,2025-10-15,2026-05-09,Pneumonia
6454,4388,55,17,2024-11-29,2026-06-23,Cancer
6455,699,146,17,2026-01-17,2026-07-21,Migraine
6456,1978,77,6,2025-10-10,2026-01-05,Hypertension
6457,4584,113,2,2025-08-22,2025-12-12,Cancer
6458,1471,100,14,2025-08-08,2025-11-02,Hypertension
6459,4376,194,17,2025-05-15,2026-08-01,Covid
6460,1515,161,17,2024-11-13,2025-09-24,Stroke
6461,473,60,11,2025-08-05,2026-05-19,Migraine
6462,790,151,4,2025-04-03,2026-01-12,Migraine
6463,3973,135,9,2024-10-06,2026-05-27,Stroke
6464,2087,226,5,2024-09-25,2026-01-19,Pneumonia
6465,2882,65,7,2024-08-14,2025-01-11,Stroke
6466,3786,204,9,2025-02-20,2026-06-26,Kidney Stones
6467,2376,36,8,2025-02-08,2025-03-09,Migraine
6468,3800,203,10,2024-09-24,2025-08-11,Cancer
6469,265,119,14,2026-03-26,2026-05-12,Migraine
6470,5,54,4,2024-11-03,2025-03-30,Fracture
6471,2799,111,10,2025-02-16,2026-05-03,Fracture
6472,1188,191,11,2024-10-24,2026-03-11,Hypertension
6473,1517,211,19,2026-03-05,2026-03-23,Stroke
6474,3042,58,8,2025-05-17,2026-04-15,Covid
6475,4723,30,15,2025-12-28,2026-01-28,Kidney Stones
6476,287,55,19,2026-06-13,2026-08-07,Migraine
6477,1234,165,18,2025-01-18,2026-04-25,Cancer
6478,3939,183,13,2026-01-17,2026-01-21,Fracture
6479,3531,2,15,2024-11-13,2026-08-10,Diabetes
6480,1302,163,16,2026-05-27,2026-08-03,Stroke
6481,3824,43,2,2026-01-13,2026-08-12,Cancer
6482,2052,213,7,2026-07-28,2026-07-29,Cancer
6483,4248,151,3,2025-07-27,2025-08-28,Stroke
6484,452,20,3,2025-09-13,2025-11-05,Stroke
6485,3615,44,1,2025-02-16,2025-07-06,Diabetes
6486,4991,164,2,2025-03-23,2025-11-22,Stroke
6487,4676,177,13,2025-01-02,2025-08-14,Pneumonia
6488,1624,120,19,2025-04-10,2026-04-12,Kidney Stones
6489,3170,249,16,2025-02-12,2025-11-06,Migraine
6490,126,68,15,2026-04-03,2026-07-05,Migraine
6491,3466,17,2,2026-04-12,2026-05-03,Cancer
6492,3743,201,15,2024-08-18,2024-12-29,Pneumonia
6493,2378,186,12,2025-01-11,2026-02-01,Fracture
6494,392,44,17,2025-01-21,2026-04-22,Fracture
6495,552,53,14,2024-11-06,2026-06-01,Asthma
6496,461,219,5,2024-09-08,2024-10-18,Stroke
6497,4804,100,10,2026-01-01,2026-01-17,Diabetes
6498,2178,196,13,2025-10-08,2026-07-28,Cancer
6499,4961,119,13,2025-11-23,2026-02-04,Hypertension
6500,4663,232,16,2025-01-18,2025-01-20,Migraine
6501,1840,26,20,2026-02-04,2026-05-21,Diabetes
6502,1654,130,2,2025-12-15,2026-04-08,Diabetes
6503,3498,189,15,2024-10-03,2025-12-27,Diabetes
6504,2532,176,8,2026-01-19,2026-07-17,Cancer
6505,3680,115,16,2026-05-30,2026-07-09,Hypertension
6506,1622,13,6,2024-09-27,2025-03-19,Cancer
6507,4711,34,12,2025-11-15,2026-07-04,Fracture
6508,1254,159,20,2026-01-09,2026-02-15,Covid
6509,1723,152,1,2025-08-30,2026-01-12,Fracture
6510,2250,238,1,2025-08-26,2026-07-04,Diabetes
6511,411,5,4,2026-07-16,2026-08-03,Kidney Stones
6512,465,129,5,2025-04-02,2025-11-04,Fracture
6513,1488,239,7,2024-10-16,2026-05-25,Cancer
6514,2993,210,14,2025-04-20,2025-09-05,Pneumonia
6515,1387,96,7,2025-04-19,2026-06-23,Covid
6516,3442,198,17,2026-04-20,2026-06-06,Kidney Stones
6517,1431,151,15,2025-10-14,2026-03-30,Asthma
6518,3202,35,13,2024-09-22,2025-05-12,Stroke
6519,2162,204,18,2025-12-05,2026-08-05,Pneumonia
6520,1849,158,10,2025-05-14,2026-04-12,Diabetes
6521,3693,123,15,2025-06-15,2026-03-28,Pneumonia
6522,4774,81,20,2025-06-09,2026-07-11,Cancer
6523,2659,38,1,2026-01-30,2026-03-27,Cancer
6524,2458,192,19,2026-08-05,2026-08-12,Covid
6525,2478,188,20,2025-02-06,2025-08-31,Cancer
6526,1292,207,8,2024-08-16,2025-07-16,Fracture
6527,2590,128,5,2025-08-08,2026-01-25,Stroke
6528,1306,161,11,2025-09-03,2025-12-23,Kidney Stones
6529,2022,142,5,2025-05-08,2025-07-15,Asthma
6530,2703,165,10,2026-02-07,2026-06-25,Covid
6531,1471,250,1,2026-04-21,2026-04-21,Migraine
6532,329,134,7,2026-01-05,2026-07-06,Hypertension
6533,1117,169,3,2024-12-31,2025-10-21,Fracture
6534,2741,157,14,2024-10-16,2025-04-30,Fracture
6535,177,1,14,2025-08-21,2025-11-17,Fracture
6536,2282,4,6,2025-12-25,2026-05-31,Kidney Stones
6537,1023,15,6,2025-02-15,2025-03-13,Diabetes
6538,3103,109,8,2025-01-17,2026-03-26,Covid
6539,4203,84,1,2025-12-22,2026-08-02,Pneumonia
6540,2380,112,4,2026-05-20,2026-07-20,Asthma
6541,4875,241,3,2025-11-15,2026-06-17,Diabetes
6542,2513,121,4,2026-02-17,2026-06-24,Stroke
6543,855,191,13,2025-03-11,2025-07-24,Kidney Stones
6544,3378,219,20,2025-08-20,2025-12-28,Covid
6545,4592,229,20,2024-10-15,2025-05-16,Hypertension
6546,4844,226,16,2026-06-28,2026-06-30,Fracture
6547,4297,164,18,2024-08-18,2024-08-23,Covid
6548,1378,120,7,2025-03-24,2025-04-18,Asthma
6549,3570,53,3,2026-05-18,2026-07-04,Migraine
6550,2233,235,9,2024-12-15,2025-12-30,Pneumonia
6551,3251,40,4,2026-05-27,2026-06-20,Covid
6552,2779,85,12,2025-04-10,2026-07-17,Asthma
6553,4267,93,1,2025-05-15,2026-05-31,Hypertension
6554,510,87,19,2026-04-14,2026-05-02,Asthma
6555,4087,198,8,2025-12-03,2026-04-02,Pneumonia
6556,1794,98,4,2026-01-11,2026-07-17,Cancer
6557,1909,101,10,2024-12-10,2025-09-04,Cancer
6558,831,62,19,2026-03-29,2026-05-19,Cancer
6559,1606,196,10,2024-10-21,2026-06-18,Kidney Stones
6560,3794,244,5,2024-10-21,2025-09-26,Asthma
6561,4990,71,14,2026-04-01,2026-07-22,Hypertension
6562,1162,212,7,2024-10-31,2026-05-30,Pneumonia
6563,4394,29,9,2025-10-18,2026-05-20,Stroke
6564,643,96,12,2026-06-29,2026-07-13,Cancer
6565,4296,206,12,2024-10-24,2025-12-16,Stroke
6566,3631,9,15,2025-08-31,2026-07-22,Stroke
6567,1154,86,12,2025-04-11,2025-07-07,Pneumonia
6568,3145,29,15,2025-08-05,2025-12-16,Migraine
6569,4231,4,4,2024-09-13,2025-12-03,Asthma
6570,2459,235,1,2026-03-15,2026-04-27,Stroke
6571,2440,224,16,2026-04-10,2026-05-04,Cancer
6572,753,81,4,2026-01-24,2026-06-10,Kidney Stones
6573,1713,249,17,2024-08-19,2024-09-10,Kidney Stones
6574,2233,171,12,2025-08-30,2025-09-23,Covid
6575,4632,52,8,2025-02-22,2025-05-14,Asthma
6576,2758,207,20,2025-07-18,2026-01-05,Diabetes
6577,3798,154,15,2024-11-25,2025-08-02,Migraine
6578,441,48,11,2026-03-11,2026-08-10,Asthma
6579,501,86,18,2025-06-03,2026-04-11,Cancer
6580,137,41,6,2026-07-07,2026-08-05,Migraine
6581,3615,78,19,2026-03-26,2026-06-05,Asthma
6582,193,177,13,2024-12-30,2026-06-25,Fracture
6583,1880,168,7,2025-05-29,2026-07-06,Stroke
6584,2284,83,5,2025-11-16,2026-08-05,Pneumonia
6585,3207,64,3,2024-12-21,2026-05-12,Asthma
6586,4693,220,2,2024-09-28,2026-06-14,Hypertension
6587,960,130,4,2026-03-23,2026-07-13,Pneumonia
6588,3130,48,14,2026-05-08,2026-07-14,Migraine
6589,2410,232,2,2026-07-08,2026-07-12,Kidney Stones
6590,4976,50,6,2024-10-18,2025-04-28,Stroke
6591,4388,223,7,2026-01-17,2026-08-13,Stroke
6592,4691,191,5,2025-08-06,2026-04-09,Asthma
6593,2744,166,10,2025-06-24,2026-02-16,Hypertension
6594,1062,54,15,2025-12-23,2026-02-19,Migraine
6595,3131,233,3,2026-08-02,2026-08-03,Pneumonia
6596,3739,14,2,2024-08-12,2024-11-22,Stroke
6597,3058,230,1,2025-09-30,2026-06-05,Hypertension
6598,2504,30,10,2026-03-26,2026-03-31,Fracture
6599,2277,23,14,2025-06-22,2025-08-03,Fracture
6600,277,153,13,2026-04-17,2026-07-11,Diabetes
6601,4294,117,4,2025-09-17,2025-11-08,Diabetes
6602,1983,41,6,2026-04-10,2026-07-05,Diabetes
6603,2511,94,2,2026-03-29,2026-05-23,Fracture
6604,4911,225,4,2024-12-24,2026-08-05,Diabetes
6605,4128,62,6,2025-07-09,2025-11-04,Migraine
6606,3872,205,18,2025-02-20,2025-04-04,Diabetes
6607,4287,44,20,2025-12-11,2026-05-06,Migraine
6608,4804,234,7,2026-01-24,2026-07-18,Kidney Stones
6609,1749,111,4,2025-05-26,2026-07-02,Asthma
6610,4595,229,1,2024-10-11,2026-01-04,Asthma
6611,124,56,6,2025-08-20,2026-06-19,Fracture
6612,2652,76,1,2025-10-21,2025-12-01,Kidney Stones
6613,2792,208,7,2024-08-23,2026-01-23,Diabetes
6614,1102,241,8,2025-02-13,2025-06-25,Pneumonia
6615,247,198,1,2025-04-26,2026-01-07,Kidney Stones
6616,310,157,19,2025-11-19,2026-02-02,Hypertension
6617,1889,15,19,2025-10-12,2026-01-03,Kidney Stones
6618,3209,186,17,2026-05-27,2026-06-16,Asthma
6619,993,216,16,2026-06-04,2026-07-21,Asthma
6620,2296,15,14,2025-11-21,2026-07-09,Pneumonia
6621,366,124,1,2025-01-28,2026-05-21,Asthma
6622,3889,136,19,2025-11-23,2026-07-13,Migraine
6623,1987,230,3,2025-03-12,2025-05-21,Kidney Stones
6624,1143,195,8,2026-07-10,2026-07-24,Fracture
6625,2783,236,13,2025-12-13,2026-07-15,Covid
6626,1972,45,2,2025-01-02,2025-02-18,Diabetes
6627,2906,214,11,2026-01-15,2026-03-01,Asthma
6628,2330,214,1,2026-05-20,2026-08-16,Diabetes
6629,2873,137,13,2025-04-26,2026-08-09,Fracture
6630,519,52,2,2025-05-04,2025-07-12,Pneumonia
6631,4288,24,5,2026-04-16,2026-06-21,Diabetes
6632,548,90,4,2025-12-29,2026-02-04,Covid
6633,2375,111,12,2026-01-19,2026-05-31,Cancer
6634,1141,33,19,2025-07-04,2025-11-10,Migraine
6635,213,215,14,2026-03-11,2026-06-15,Fracture
6636,4539,206,12,2025-06-19,2025-09-30,Fracture
6637,1384,131,3,2025-06-26,2025-09-11,Asthma
6638,38,35,9,2025-02-14,2025-07-29,Asthma
6639,3636,14,10,2025-10-01,2026-05-05,Cancer
6640,4132,189,17,2025-02-08,2026-04-07,Hypertension
6641,411,14,19,2024-11-29,2026-03-07,Migraine
6642,2692,228,17,2025-04-01,2025-05-29,Fracture
6643,2906,162,8,2026-01-04,2026-04-18,Migraine
6644,2538,56,20,2025-02-06,2026-05-29,Asthma
6645,2194,190,2,2025-05-04,2025-11-14,Asthma
6646,4079,120,12,2025-04-28,2026-08-01,Pneumonia
6647,364,216,13,2025-05-20,2026-04-05,Hypertension
6648,2147,235,1,2024-08-18,2026-05-03,Pneumonia
6649,1212,213,2,2025-05-23,2026-07-25,Asthma
6650,4305,75,3,2024-08-24,2024-12-08,Cancer
6651,2161,202,8,2025-02-28,2025-11-16,Migraine
6652,1620,161,20,2026-04-25,2026-08-15,Migraine
6653,3643,243,18,2025-06-13,2025-10-27,Hypertension
6654,4134,45,19,2025-02-26,2025-03-23,Asthma
6655,269,161,1,2025-03-15,2025-07-16,Stroke
6656,3237,8,13,2026-05-14,2026-05-29,Cancer
6657,1395,199,15,2025-01-26,2025-03-01,Kidney Stones
6658,1447,225,5,2026-02-01,2026-06-27,Hypertension
6659,2059,201,15,2024-12-10,2025-07-30,Diabetes
6660,3498,234,17,2025-09-11,2026-07-31,Pneumonia
6661,4682,210,4,2024-12-14,2026-05-08,Fracture
6662,1427,160,12,2026-01-19,2026-05-27,Covid
6663,3832,48,9,2025-08-08,2025-11-15,Asthma
6664,447,100,10,2026-05-12,2026-07-04,Fracture
6665,1579,40,14,2026-01-21,2026-01-30,Cancer
6666,467,90,8,2025-10-29,2026-04-22,Fracture
6667,4902,40,14,2026-02-20,2026-02-27,Kidney Stones
6668,4928,122,10,2025-05-23,2026-07-30,Asthma
6669,3005,105,18,2026-04-26,2026-08-16,Hypertension
6670,1168,77,20,2024-10-22,2026-02-10,Hypertension
6671,3957,52,12,2025-05-15,2026-05-25,Stroke
6672,4690,231,1,2025-03-21,2025-09-02,Diabetes
6673,1224,44,5,2024-09-09,2025-11-13,Hypertension
6674,4790,6,15,2025-05-05,2025-07-30,Diabetes
6675,747,152,3,2024-08-17,2026-04-14,Covid
6676,778,48,1,2025-03-20,2026-06-02,Stroke
6677,3067,180,9,2025-09-04,2025-10-14,Asthma
6678,3452,34,2,2025-03-06,2026-08-16,Pneumonia
6679,3030,105,2,2026-01-16,2026-06-28,Migraine
6680,1087,233,19,2026-02-11,2026-05-06,Fracture
6681,2756,109,15,2026-02-15,2026-05-10,Cancer
6682,2336,192,6,2026-03-25,2026-08-08,Asthma
6683,2741,194,1,2026-01-01,2026-02-04,Hypertension
6684,2370,225,16,2025-11-24,2026-05-21,Migraine
6685,3832,86,13,2025-04-13,2026-02-26,Migraine
6686,117,194,8,2025-10-15,2026-06-29,Kidney Stones
6687,747,92,17,2026-04-08,2026-04-09,Migraine
6688,1083,225,6,2025-05-23,2026-04-03,Kidney Stones
6689,1100,206,3,2026-05-28,2026-08-07,Fracture
6690,4748,141,14,2025-06-27,2025-07-22,Migraine
6691,4081,107,12,2024-10-12,2026-07-15,Covid
6692,3516,41,16,2026-05-11,2026-07-14,Diabetes
6693,2181,209,11,2026-02-28,2026-06-06,Fracture
6694,4432,195,20,2025-04-08,2025-08-13,Diabetes
6695,4387,238,6,2025-07-27,2026-03-11,Stroke
6696,52,112,20,2026-01-22,2026-06-27,Stroke
6697,975,21,7,2026-04-02,2026-08-09,Pneumonia
6698,2029,50,11,2026-02-17,2026-05-01,Stroke
6699,1123,240,12,2024-08-23,2025-04-22,Fracture
6700,2698,126,5,2026-01-10,2026-06-10,Stroke
6701,4954,11,1,2026-01-13,2026-06-07,Fracture
6702,206,2,8,2025-01-15,2026-01-19,Pneumonia
6703,1585,95,16,2024-12-23,2025-12-18,Pneumonia
6704,3807,26,3,2025-09-19,2026-06-20,Hypertension
6705,530,123,3,2025-11-13,2026-08-15,Pneumonia
6706,4337,186,9,2024-11-21,2025-08-24,Cancer
6707,3920,98,1,2025-10-15,2025-10-26,Migraine
6708,149,3,6,2026-05-10,2026-05-27,Cancer
6709,3688,131,11,2024-12-21,2025-07-05,Fracture
6710,2687,8,12,2026-01-11,2026-06-10,Pneumonia
6711,916,170,5,2026-07-08,2026-07-17,Fracture
6712,2861,32,18,2025-05-29,2025-09-11,Stroke
6713,4153,232,11,2026-02-24,2026-03-26,Asthma
6714,574,72,14,2024-09-01,2026-03-06,Pneumonia
6715,2980,155,10,2025-09-17,2026-01-17,Hypertension
6716,4013,5,4,2024-10-24,2024-11-22,Stroke
6717,382,245,8,2026-07-08,2026-08-07,Migraine
6718,4841,19,9,2026-05-17,2026-08-02,Fracture
6719,947,228,13,2026-07-14,2026-08-09,Pneumonia
6720,60,176,5,2025-09-08,2026-06-29,Cancer
6721,2950,25,16,2025-07-31,2026-03-16,Migraine
6722,485,47,16,2025-02-28,2025-10-09,Diabetes
6723,3770,100,13,2025-12-01,2026-06-03,Fracture
6724,4965,108,17,2025-01-23,2026-03-04,Cancer
6725,2509,197,17,2024-10-09,2026-03-03,Diabetes
6726,883,101,11,2025-04-06,2025-11-18,Cancer
6727,457,195,7,2026-04-14,2026-05-23,Pneumonia
6728,74,60,13,2025-08-10,2026-07-18,Diabetes
6729,3684,172,16,2025-03-05,2025-03-25,Covid
6730,1928,179,20,2025-01-22,2025-06-05,Hypertension
6731,4706,54,6,2025-05-10,2026-03-23,Kidney Stones
6732,2707,107,17,2025-10-07,2026-08-07,Asthma
6733,2070,241,16,2024-12-19,2026-02-10,Kidney Stones
6734,230,124,5,2026-02-16,2026-06-21,Kidney Stones
6735,3376,108,10,2026-06-26,2026-07-16,Covid
6736,2244,118,17,2025-10-21,2026-07-02,Covid
6737,4986,17,1,2025-07-08,2025-09-02,Hypertension
6738,4384,96,2,2025-07-14,2026-04-12,Pneumonia
6739,1170,127,2,2025-03-09,2025-11-13,Hypertension
6740,3539,186,9,2025-11-08,2026-05-26,Stroke
6741,2297,43,3,2025-09-18,2026-04-17,Kidney Stones
6742,341,1,18,2025-01-31,2025-06-02,Kidney Stones
6743,522,235,19,2024-11-26,2026-03-26,Hypertension
6744,695,194,10,2026-07-31,2026-08-10,Cancer
6745,1803,86,12,2025-03-06,2025-08-02,Fracture
6746,1830,170,14,2024-09-29,2025-09-12,Fracture
6747,3127,4,4,2025-12-06,2026-07-31,Pneumonia
6748,2962,57,10,2025-05-28,2025-12-11,Kidney Stones
6749,407,220,2,2026-06-05,2026-07-06,Migraine
6750,4271,210,9,2025-11-07,2026-08-12,Cancer
6751,210,189,5,2026-05-29,2026-06-16,Migraine
6752,3522,113,10,2025-10-01,2026-06-08,Hypertension
6753,1765,43,19,2024-10-19,2026-08-05,Migraine
6754,470,10,8,2025-06-28,2026-02-04,Covid
6755,2859,16,14,2025-01-10,2026-07-01,Covid
6756,4249,171,8,2025-02-04,2025-10-27,Stroke
6757,3499,20,6,2024-09-18,2025-03-18,Asthma
6758,4980,99,18,2025-07-27,2026-08-02,Hypertension
6759,756,67,18,2025-09-16,2025-10-27,Asthma
6760,3349,14,12,2025-12-27,2026-02-24,Hypertension
6761,1701,152,5,2025-04-07,2025-04-19,Kidney Stones
6762,4916,107,10,2025-03-03,2025-08-04,Pneumonia
6763,3126,204,11,2025-11-30,2026-08-14,Diabetes
6764,2993,216,12,2025-12-20,2026-06-18,Hypertension
6765,2683,69,8,2025-11-08,2026-02-17,Covid
6766,3426,69,16,2025-08-04,2026-05-26,Hypertension
6767,2067,177,6,2025-03-18,2025-08-06,Migraine
6768,3365,35,15,2025-02-07,2026-06-07,Diabetes
6769,1654,192,14,2025-10-18,2026-04-10,Pneumonia
6770,1687,90,6,2025-07-17,2025-11-09,Hypertension
6771,4081,32,18,2025-12-28,2026-04-15,Stroke
6772,805,241,12,2025-06-04,2026-05-21,Fracture
6773,4380,214,3,2025-02-18,2025-07-21,Cancer
6774,1873,74,3,2025-07-08,2025-12-31,Diabetes
6775,2451,239,19,2025-10-20,2026-08-03,Fracture
6776,1185,49,14,2025-11-06,2026-02-21,Migraine
6777,3537,181,2,2026-08-02,2026-08-09,Hypertension
6778,1028,191,8,2026-07-11,2026-08-05,Pneumonia
6779,3986,236,2,2026-02-13,2026-03-31,Hypertension
6780,1425,130,20,2025-11-16,2026-07-26,Pneumonia
6781,1798,96,4,2026-04-16,2026-06-27,Hypertension
6782,2048,91,15,2025-12-14,2026-03-30,Diabetes
6783,2204,65,18,2025-06-18,2026-06-20,Fracture
6784,132,120,14,2026-03-12,2026-07-20,Covid
6785,3407,227,10,2024-11-10,2026-08-13,Pneumonia
6786,3544,100,6,2025-10-18,2026-07-24,Diabetes
6787,4210,9,12,2025-11-02,2026-01-20,Asthma
6788,3105,185,6,2026-03-20,2026-04-06,Hypertension
6789,2899,125,4,2025-08-25,2026-05-08,Hypertension
6790,1625,60,20,2026-03-31,2026-07-26,Fracture
6791,2302,110,11,2026-07-24,2026-08-01,Covid
6792,2070,96,15,2026-05-19,2026-06-07,Pneumonia
6793,4341,198,3,2024-10-09,2024-10-17,Fracture
6794,4814,55,3,2025-12-15,2026-08-06,Migraine
6795,3340,57,9,2026-03-29,2026-04-06,Migraine
6796,1041,170,2,2024-10-18,2026-04-09,Kidney Stones
6797,3661,194,4,2025-07-21,2026-07-31,Covid
6798,3918,95,9,2025-06-15,2026-07-30,Cancer
6799,2189,2,5,2025-09-04,2025-11-11,Migraine
6800,4237,224,9,2026-07-23,2026-08-16,Covid
6801,2154,170,8,2025-01-26,2025-05-13,Fracture
6802,2572,142,1,2025-11-13,2026-04-25,Migraine
6803,3492,32,2,2025-04-21,2025-06-14,Cancer
6804,732,175,3,2025-01-22,2026-02-10,Cancer
6805,2414,117,19,2025-08-31,2025-12-31,Covid
6806,2891,142,8,2025-06-27,2026-02-14,Pneumonia
6807,1091,119,16,2025-09-14,2025-12-10,Diabetes
6808,2184,93,1,2025-03-16,2025-04-02,Covid
6809,4571,33,10,2025-09-15,2025-12-03,Hypertension
6810,646,236,9,2026-07-18,2026-08-15,Hypertension
6811,4158,41,9,2025-11-26,2026-04-23,Fracture
6812,3366,239,15,2025-07-18,2025-09-29,Kidney Stones
6813,709,147,15,2025-11-11,2026-05-26,Diabetes
6814,359,214,14,2025-03-11,2025-03-29,Asthma
6815,1836,34,4,2024-10-05,2025-07-23,Asthma
6816,2686,172,12,2024-11-29,2025-02-25,Cancer
6817,151,18,20,2025-01-10,2026-03-10,Pneumonia
6818,4616,230,4,2025-01-18,2026-05-22,Hypertension
6819,335,164,13,2024-12-04,2025-05-28,Kidney Stones
6820,903,70,11,2025-10-04,2026-08-03,Hypertension
6821,2232,144,6,2025-12-15,2026-03-26,Asthma
6822,4413,24,15,2026-07-24,2026-08-10,Pneumonia
6823,345,155,13,2025-04-19,2025-05-12,Stroke
6824,1475,148,6,2026-05-19,2026-06-29,Migraine
6825,3803,120,20,2025-11-17,2026-02-24,Cancer
6826,3567,130,4,2026-03-22,2026-07-20,Fracture
6827,4121,206,9,2025-08-05,2026-04-24,Hypertension
6828,4629,143,12,2025-03-02,2026-05-22,Cancer
6829,4913,127,17,2026-07-18,2026-07-22,Asthma
6830,1940,224,16,2025-08-22,2025-10-01,Migraine
6831,3934,80,8,2024-12-08,2026-07-03,Hypertension
6832,3479,97,11,2025-04-04,2026-02-18,Diabetes
6833,3679,124,18,2026-05-09,2026-06-22,Stroke
6834,2171,228,6,2025-08-16,2026-02-15,Stroke
6835,3197,140,18,2026-02-10,2026-05-19,Kidney Stones
6836,942,222,4,2026-05-01,2026-07-23,Cancer
6837,1624,24,17,2024-10-28,2026-05-11,Diabetes
6838,3870,139,16,2025-04-03,2025-12-29,Pneumonia
6839,942,59,18,2026-02-16,2026-06-05,Diabetes
6840,2568,150,14,2025-03-08,2025-08-04,Stroke
6841,519,117,5,2025-07-19,2026-08-12,Covid
6842,2768,55,11,2024-11-03,2025-11-21,Cancer
6843,3693,29,12,2024-11-12,2025-05-07,Pneumonia
6844,1939,21,19,2024-10-04,2026-06-23,Fracture
6845,1956,244,11,2025-10-08,2025-10-28,Covid
6846,2131,156,3,2025-02-01,2026-01-08,Covid
6847,769,126,3,2025-08-25,2025-11-08,Cancer
6848,4433,153,8,2025-01-02,2025-09-27,Migraine
6849,2229,117,9,2025-11-29,2025-12-12,Stroke
6850,4371,118,7,2025-01-23,2026-02-28,Diabetes
6851,3825,131,9,2025-04-25,2025-05-16,Migraine
6852,1485,233,15,2026-02-23,2026-08-12,Cancer
6853,2832,192,1,2026-02-09,2026-08-11,Cancer
6854,4437,47,17,2025-08-06,2025-09-03,Stroke
6855,432,188,4,2025-12-21,2026-03-05,Kidney Stones
6856,2641,57,8,2024-08-19,2026-07-18,Pneumonia
6857,1744,24,5,2026-04-26,2026-07-15,Cancer
6858,830,136,14,2024-11-01,2026-04-04,Stroke
6859,3879,2,11,2024-10-27,2026-07-10,Kidney Stones
6860,2684,208,7,2025-05-24,2026-01-06,Fracture
6861,3337,39,9,2025-04-16,2025-06-21,Diabetes
6862,4216,169,17,2025-11-12,2026-04-18,Kidney Stones
6863,597,246,18,2025-02-27,2026-01-14,Diabetes
6864,3852,122,6,2025-12-14,2026-07-15,Migraine
6865,3504,113,1,2026-04-11,2026-06-27,Diabetes
6866,1153,85,10,2025-12-08,2026-04-17,Hypertension
6867,53,48,1,2026-01-20,2026-04-27,Migraine
6868,1023,213,4,2025-05-01,2025-07-06,Pneumonia
6869,2660,17,16,2026-06-03,2026-07-31,Asthma
6870,3079,234,8,2025-04-03,2026-03-01,Cancer
6871,3664,65,15,2026-01-30,2026-07-22,Migraine
6872,1613,14,18,2026-02-18,2026-03-12,Fracture
6873,1803,134,20,2026-02-11,2026-02-13,Covid
6874,4408,61,2,2025-02-27,2025-06-27,Hypertension
6875,1781,164,17,2026-01-17,2026-02-24,Diabetes
6876,1030,184,6,2024-08-30,2025-01-30,Hypertension
6877,2757,98,4,2025-01-11,2025-06-13,Stroke
6878,1789,16,3,2025-12-23,2026-04-03,Diabetes
6879,764,144,11,2025-05-13,2025-09-24,Pneumonia
6880,3190,62,6,2025-06-30,2026-01-02,Asthma
6881,2822,29,2,2026-02-08,2026-05-14,Pneumonia
6882,181,140,12,2025-11-03,2026-02-04,Pneumonia
6883,3436,140,13,2025-06-20,2026-05-31,Covid
6884,1289,105,19,2025-11-10,2025-12-20,Pneumonia
6885,2067,65,3,2026-06-09,2026-07-31,Asthma
6886,159,239,15,2026-05-17,2026-05-30,Stroke
6887,834,123,18,2025-10-31,2026-03-28,Fracture
6888,4858,126,6,2025-07-23,2025-11-27,Hypertension
6889,4241,89,5,2025-10-30,2026-02-14,Covid
6890,2103,248,9,2024-11-23,2025-03-25,Covid
6891,25,51,10,2026-01-28,2026-02-27,Kidney Stones
6892,4619,220,12,2025-01-03,2025-07-24,Hypertension
6893,410,97,4,2024-11-19,2026-05-06,Cancer
6894,3074,249,20,2026-04-02,2026-06-07,Stroke
6895,2526,198,7,2026-02-25,2026-07-23,Asthma
6896,369,57,10,2025-08-11,2026-03-18,Hypertension
6897,4031,206,4,2025-11-30,2026-05-23,Stroke
6898,4940,96,8,2025-09-01,2025-11-28,Kidney Stones
6899,1250,151,6,2026-01-20,2026-01-22,Cancer
6900,3029,115,3,2024-12-14,2025-11-26,Hypertension
6901,379,24,15,2025-03-10,2026-05-15,Covid
6902,4548,25,4,2025-05-05,2025-05-27,Covid
6903,4885,50,2,2025-07-25,2025-11-29,Pneumonia
6904,3677,223,6,2024-08-17,2025-08-31,Stroke
6905,4376,113,11,2026-01-14,2026-07-29,Covid
6906,3700,99,16,2026-03-24,2026-07-30,Diabetes
6907,4253,57,16,2025-09-08,2026-07-26,Migraine
6908,3996,150,20,2025-04-17,2026-05-20,Cancer
6909,738,241,13,2026-06-09,2026-07-16,Pneumonia
6910,593,205,10,2025-04-15,2026-05-26,Fracture
6911,3303,3,2,2026-05-15,2026-07-06,Diabetes
6912,669,217,11,2025-11-28,2026-04-10,Diabetes
6913,4543,77,16,2024-08-19,2026-04-12,Migraine
6914,2576,210,14,2026-08-02,2026-08-16,Covid
6915,4986,30,10,2024-12-22,2025-05-20,Hypertension
6916,974,248,11,2025-11-02,2026-03-15,Stroke
6917,64,120,5,2025-09-28,2026-02-20,Migraine
6918,665,220,9,2025-01-13,2025-05-29,Kidney Stones
6919,3480,19,1,2025-11-19,2025-12-24,Fracture
6920,3600,56,3,2025-01-15,2026-06-07,Stroke
6921,1657,82,13,2024-11-22,2025-03-27,Cancer
6922,2262,162,3,2026-01-12,2026-04-25,Stroke
6923,2369,125,6,2024-09-14,2025-02-05,Migraine
6924,3687,132,17,2024-09-02,2025-11-30,Diabetes
6925,627,98,14,2025-07-28,2025-10-16,Stroke
6926,3169,112,1,2025-03-17,2026-03-19,Covid
6927,607,108,16,2024-10-02,2026-04-15,Asthma
6928,2060,217,13,2024-12-15,2025-12-07,Stroke
6929,4464,180,4,2025-12-21,2026-06-29,Cancer
6930,2652,108,15,2026-06-14,2026-07-31,Asthma
6931,4010,51,2,2024-08-12,2025-05-24,Kidney Stones
6932,4619,145,13,2025-03-18,2026-02-15,Diabetes
6933,3893,68,8,2026-05-28,2026-06-14,Fracture
6934,460,162,9,2026-06-16,2026-08-04,Pneumonia
6935,4578,164,1,2025-01-16,2026-07-18,Covid
6936,4383,183,2,2026-03-01,2026-07-13,Pneumonia
6937,3555,242,7,2025-07-09,2025-08-07,Diabetes
6938,2740,118,2,2026-03-29,2026-07-18,Asthma
6939,2529,215,5,2025-04-19,2026-03-27,Migraine
6940,529,185,7,2025-05-12,2025-12-31,Fracture
6941,4267,27,3,2026-05-13,2026-08-10,Migraine
6942,4133,182,3,2025-04-09,2026-02-08,Kidney Stones
6943,4002,53,18,2024-10-06,2024-12-22,Hypertension
6944,266,29,19,2025-08-17,2026-06-28,Cancer
6945,888,95,17,2024-11-28,2025-09-26,Covid
6946,877,213,19,2026-02-07,2026-08-09,Kidney Stones
6947,3859,19,1,2025-09-18,2026-08-12,Diabetes
6948,4979,139,4,2025-01-25,2025-05-11,Hypertension
6949,3780,232,15,2025-10-24,2025-11-23,Kidney Stones
6950,1073,143,19,2026-04-08,2026-07-08,Cancer
6951,2419,113,10,2024-11-26,2025-12-20,Hypertension
6952,3369,51,7,2026-05-07,2026-05-13,Asthma
6953,1005,95,11,2026-06-02,2026-07-03,Kidney Stones
6954,3622,232,8,2026-01-14,2026-03-09,Cancer
6955,203,38,6,2026-02-24,2026-03-18,Covid
6956,1624,9,5,2025-10-17,2026-03-12,Cancer
6957,1171,117,8,2024-12-01,2025-12-26,Fracture
6958,2575,176,9,2025-04-10,2026-04-22,Diabetes
6959,1768,192,17,2025-06-28,2025-09-15,Kidney Stones
6960,151,61,8,2025-04-23,2025-09-30,Kidney Stones
6961,467,154,12,2026-05-05,2026-07-07,Hypertension
6962,2044,178,18,2025-08-31,2025-09-11,Diabetes
6963,1310,60,15,2024-09-29,2025-05-30,Stroke
6964,2830,83,10,2025-04-28,2025-08-13,Diabetes
6965,3856,120,18,2026-07-01,2026-07-02,Fracture
6966,3619,199,16,2026-03-09,2026-05-24,Hypertension
6967,633,40,3,2025-08-21,2026-03-09,Kidney Stones
6968,2223,141,4,2025-09-19,2026-05-11,Cancer
6969,1141,2,13,2025-12-04,2026-08-13,Stroke
6970,3550,221,11,2024-09-17,2026-02-26,Diabetes
6971,1076,28,10,2025-03-25,2025-08-17,Pneumonia
6972,1939,1,15,2024-09-17,2025-08-01,Migraine
6973,4293,211,7,2025-11-06,2026-06-02,Hypertension
6974,991,97,17,2026-06-19,2026-07-17,Fracture
6975,50,61,11,2025-04-18,2025-09-23,Cancer
6976,3147,152,8,2025-11-21,2026-05-23,Hypertension
6977,204,130,6,2024-09-10,2026-02-22,Cancer
6978,1971,174,11,2025-05-31,2026-07-02,Covid
6979,4194,38,19,2026-06-12,2026-08-16,Migraine
6980,1747,229,11,2026-01-20,2026-04-26,Diabetes
6981,4531,171,17,2025-12-12,2026-02-07,Diabetes
6982,1785,222,20,2025-10-27,2026-02-08,Diabetes
6983,2270,163,6,2025-08-21,2025-11-30,Pneumonia
6984,290,83,13,2026-07-07,2026-07-21,Hypertension
6985,561,9,11,2025-11-07,2026-02-23,Covid
6986,3576,188,15,2026-05-17,2026-08-10,Hypertension
6987,4040,249,10,2025-11-14,2026-05-13,Cancer
6988,4962,170,12,2025-01-30,2026-07-03,Cancer
6989,4625,169,9,2025-01-05,2026-07-26,Fracture
6990,4373,5,5,2025-09-14,2025-12-26,Cancer
6991,3440,29,4,2025-05-06,2025-07-14,Migraine
6992,1436,139,7,2026-06-14,2026-07-27,Diabetes
6993,2766,112,4,2025-01-13,2025-01-25,Hypertension
6994,954,181,15,2025-08-11,2026-07-27,Fracture
6995,2814,126,13,2026-03-10,2026-07-02,Stroke
6996,2716,210,6,2024-08-08,2025-11-30,Fracture
6997,3085,86,3,2025-05-09,2025-12-15,Diabetes
6998,610,201,20,2025-07-10,2026-05-05,Covid
6999,3355,11,3,2026-06-09,2026-07-05,Migraine
7000,3390,27,7,2026-03-07,2026-05-28,Diabetes
7001,4372,4,1,2025-09-12,2026-05-14,Asthma
7002,3675,241,4,2025-08-11,2025-12-15,Pneumonia
7003,2813,155,1,2026-01-20,2026-03-22,Kidney Stones
7004,553,245,2,2025-10-23,2026-08-01,Kidney Stones
7005,2422,55,2,2025-02-22,2026-05-08,Cancer
7006,233,132,18,2026-01-12,2026-07-24,Covid
7007,4161,36,15,2025-04-29,2026-03-23,Asthma
7008,1570,175,19,2024-12-11,2024-12-12,Covid
7009,1203,192,10,2025-03-11,2025-06-26,Migraine
7010,449,158,11,2026-05-29,2026-07-25,Asthma
7011,3567,223,17,2026-05-14,2026-06-01,Migraine
7012,3783,226,7,2024-12-21,2025-07-21,Migraine
7013,1832,225,7,2026-01-20,2026-07-17,Kidney Stones
7014,1851,249,12,2025-02-18,2025-02-28,Cancer
7015,1904,220,8,2025-06-02,2025-12-09,Pneumonia
7016,435,58,11,2026-04-16,2026-07-07,Stroke
7017,1527,124,16,2024-11-18,2025-01-05,Kidney Stones
7018,2082,105,20,2025-03-14,2026-04-23,Fracture
7019,3355,13,11,2025-09-07,2026-01-17,Hypertension
7020,1380,156,17,2025-05-01,2025-08-31,Stroke
7021,3962,214,13,2024-08-25,2025-04-08,Covid
7022,78,241,9,2026-01-20,2026-04-13,Diabetes
7023,3953,32,2,2025-02-17,2025-04-01,Migraine
7024,2782,39,20,2025-09-02,2025-11-06,Cancer
7025,4933,52,19,2025-02-14,2026-02-15,Diabetes
7026,3730,6,12,2025-10-19,2026-05-30,Stroke
7027,2047,41,16,2025-08-03,2025-12-05,Migraine
7028,4931,170,2,2025-04-19,2026-04-06,Kidney Stones
7029,334,63,1,2025-01-02,2025-04-21,Fracture
7030,1350,199,13,2024-12-03,2025-04-17,Hypertension
7031,1496,8,9,2026-06-19,2026-08-01,Diabetes
7032,2703,183,20,2026-04-11,2026-07-14,Hypertension
7033,2251,13,10,2025-10-03,2025-11-04,Asthma
7034,1990,137,11,2026-05-07,2026-05-31,Pneumonia
7035,1839,180,16,2026-07-14,2026-07-24,Stroke
7036,1226,56,10,2025-10-06,2026-03-06,Stroke
7037,1109,42,5,2024-08-23,2025-11-20,Kidney Stones
7038,1065,104,5,2025-05-25,2026-08-01,Covid
7039,478,29,20,2026-07-31,2026-08-13,Diabetes
7040,2837,38,13,2025-01-18,2025-09-14,Asthma
7041,3741,9,3,2025-02-23,2025-04-14,Stroke
7042,188,216,9,2024-10-12,2025-08-11,Covid
7043,2658,102,12,2025-08-16,2026-02-09,Migraine
7044,1914,87,3,2025-08-01,2025-09-06,Diabetes
7045,1913,164,12,2025-03-21,2026-02-26,Stroke
7046,3384,235,4,2025-08-01,2025-11-27,Hypertension
7047,4129,24,19,2025-06-08,2025-08-10,Hypertension
7048,795,143,3,2025-04-01,2026-04-19,Cancer
7049,862,141,10,2025-05-07,2025-09-29,Stroke
7050,1014,105,20,2026-04-03,2026-06-23,Asthma
7051,3809,16,8,2025-08-09,2025-11-22,Fracture
7052,3628,116,12,2024-11-10,2026-06-09,Fracture
7053,320,169,5,2026-08-02,2026-08-02,Stroke
7054,1284,119,9,2026-02-19,2026-07-30,Hypertension
7055,5,135,8,2026-07-09,2026-08-11,Diabetes
7056,82,237,1,2026-06-02,2026-06-30,Cancer
7057,1257,133,9,2026-04-12,2026-07-15,Cancer
7058,2255,165,6,2026-05-22,2026-06-25,Diabetes
7059,1817,195,4,2024-08-26,2025-02-22,Stroke
7060,3473,67,11,2024-08-18,2026-07-28,Kidney Stones
7061,811,20,17,2026-02-07,2026-07-30,Stroke
7062,1500,87,6,2025-07-24,2025-10-26,Covid
7063,3352,73,13,2024-08-22,2025-05-01,Diabetes
7064,115,147,4,2024-08-08,2026-03-16,Fracture
7065,3053,195,4,2025-09-05,2026-03-20,Stroke
7066,3117,239,15,2026-01-07,2026-07-29,Fracture
7067,2504,202,3,2026-04-08,2026-05-28,Migraine
7068,1219,155,17,2025-01-25,2026-07-19,Fracture
7069,4502,230,20,2025-01-16,2026-05-03,Kidney Stones
7070,2841,240,18,2026-05-08,2026-06-20,Pneumonia
7071,607,170,16,2025-10-23,2026-03-12,Pneumonia
7072,2068,129,18,2025-02-09,2025-12-31,Kidney Stones
7073,1729,225,13,2025-10-27,2026-04-22,Stroke
7074,622,132,3,2026-06-23,2026-07-23,Pneumonia
7075,781,239,7,2025-09-19,2026-06-13,Asthma
7076,2221,76,11,2026-01-03,2026-04-07,Diabetes
7077,3722,150,2,2026-06-21,2026-08-10,Asthma
7078,3419,37,7,2024-10-12,2026-05-01,Migraine
7079,4027,114,7,2026-03-10,2026-05-29,Hypertension
7080,544,93,16,2025-02-21,2025-05-04,Migraine
7081,929,22,20,2025-10-08,2025-11-27,Covid
7082,3513,187,17,2026-06-29,2026-07-30,Migraine
7083,2802,102,15,2025-11-21,2026-08-05,Cancer
7084,4001,113,6,2026-04-27,2026-06-18,Kidney Stones
7085,3458,11,3,2025-01-14,2025-11-24,Pneumonia
7086,3534,107,6,2024-08-07,2026-07-02,Stroke
7087,359,137,18,2025-07-12,2025-08-16,Asthma
7088,4168,183,6,2024-10-24,2025-05-28,Fracture
7089,519,205,4,2026-03-06,2026-07-08,Cancer
7090,2844,47,15,2025-08-11,2026-06-08,Diabetes
7091,2564,196,16,2026-04-22,2026-04-28,Diabetes
7092,3459,246,2,2025-03-31,2025-04-30,Hypertension
7093,4268,132,5,2024-09-26,2026-04-25,Asthma
7094,1776,121,3,2026-06-11,2026-06-19,Asthma
7095,3424,51,2,2025-11-14,2026-02-12,Asthma
7096,4195,194,10,2024-08-18,2025-12-20,Migraine
7097,2614,89,5,2026-04-11,2026-06-10,Diabetes
7098,4529,106,13,2025-12-03,2025-12-17,Hypertension
7099,3515,243,11,2024-12-18,2025-06-25,Hypertension
7100,3460,79,19,2026-07-25,2026-07-25,Hypertension
7101,1415,29,11,2025-12-26,2026-07-02,Kidney Stones
7102,2166,230,5,2025-11-10,2026-03-12,Cancer
7103,3234,58,6,2025-11-06,2026-05-27,Kidney Stones
7104,613,56,7,2026-01-28,2026-04-09,Kidney Stones
7105,4975,176,19,2024-08-28,2026-03-25,Diabetes
7106,2317,58,10,2025-08-15,2026-02-19,Cancer
7107,95,6,14,2025-11-23,2026-01-26,Pneumonia
7108,1800,18,2,2026-06-27,2026-07-08,Migraine
7109,2951,87,14,2025-12-17,2026-03-20,Covid
7110,2854,236,6,2025-03-20,2025-10-07,Kidney Stones
7111,2519,50,20,2025-12-30,2026-05-08,Kidney Stones
7112,4564,143,13,2024-09-20,2026-02-10,Cancer
7113,740,86,12,2025-07-25,2026-02-03,Diabetes
7114,4471,188,10,2024-09-11,2024-12-08,Covid
7115,4494,155,3,2025-02-13,2025-11-04,Diabetes
7116,2335,53,7,2026-04-09,2026-08-12,Diabetes
7117,963,226,17,2025-01-10,2025-05-19,Migraine
7118,4143,67,1,2026-03-04,2026-06-24,Fracture
7119,2923,9,14,2025-01-27,2026-03-12,Kidney Stones
7120,767,173,13,2025-12-05,2026-07-04,Kidney Stones
7121,2347,134,19,2025-01-26,2026-06-18,Stroke
7122,4931,136,5,2025-01-15,2025-07-18,Covid
7123,4141,164,15,2024-08-26,2026-01-02,Diabetes
7124,4186,142,7,2026-06-22,2026-06-22,Stroke
7125,2504,128,16,2025-11-24,2026-03-10,Kidney Stones
7126,3556,87,13,2026-01-14,2026-06-19,Pneumonia
7127,1105,60,8,2025-12-04,2026-06-26,Pneumonia
7128,1137,61,14,2026-07-03,2026-07-05,Asthma
7129,1924,54,20,2025-10-28,2026-02-21,Kidney Stones
7130,3876,87,18,2026-01-27,2026-01-29,Kidney Stones
7131,1788,19,4,2025-03-30,2025-09-24,Fracture
7132,355,201,8,2026-02-27,2026-04-26,Covid
7133,2949,64,4,2025-02-24,2025-06-30,Cancer
7134,2236,126,4,2025-05-25,2025-12-26,Migraine
7135,3944,194,18,2024-12-13,2025-02-04,Cancer
7136,4901,162,11,2026-04-17,2026-06-15,Asthma
7137,2683,1,16,2025-04-02,2025-11-22,Covid
7138,2691,41,6,2025-03-01,2026-01-17,Fracture
7139,1986,123,11,2026-05-06,2026-08-08,Cancer
7140,594,35,20,2025-11-03,2025-12-02,Kidney Stones
7141,1363,7,17,2026-06-05,2026-07-10,Fracture
7142,130,96,7,2025-03-10,2025-04-13,Kidney Stones
7143,923,64,9,2025-07-18,2025-10-11,Asthma
7144,4823,166,9,2026-07-12,2026-08-09,Migraine
7145,2673,127,8,2024-11-18,2026-06-10,Pneumonia
7146,1025,126,3,2025-05-17,2026-05-22,Migraine
7147,3053,180,13,2025-03-01,2025-10-08,Stroke
7148,4621,223,9,2025-10-02,2026-03-18,Stroke
7149,4901,9,9,2025-11-25,2026-07-05,Pneumonia
7150,4527,76,14,2025-01-21,2026-03-25,Covid
7151,4565,118,1,2024-08-29,2025-06-17,Cancer
7152,657,11,6,2025-05-29,2026-02-28,Fracture
7153,706,190,14,2026-05-30,2026-06-28,Pneumonia
7154,4804,97,14,2025-08-12,2025-09-13,Migraine
7155,46,9,13,2024-10-29,2026-02-19,Cancer
7156,4215,214,14,2025-09-25,2026-05-31,Fracture
7157,1793,14,19,2025-01-11,2025-06-26,Asthma
7158,2039,53,20,2026-07-07,2026-07-13,Diabetes
7159,3139,3,9,2025-03-30,2026-04-16,Fracture
7160,4102,109,10,2026-06-13,2026-08-14,Diabetes
7161,1153,32,1,2026-05-25,2026-06-13,Fracture
7162,2691,62,4,2024-12-09,2025-01-19,Cancer
7163,1056,28,7,2025-03-29,2026-03-02,Asthma
7164,2235,176,1,2026-05-11,2026-07-31,Fracture
7165,3529,153,20,2024-11-06,2025-01-29,Kidney Stones
7166,2019,107,5,2025-06-14,2026-02-22,Cancer
7167,2101,52,5,2026-02-11,2026-02-11,Diabetes
7168,2611,147,1,2025-07-26,2026-05-08,Migraine
7169,2151,4,4,2025-08-13,2025-10-02,Covid
7170,1278,79,3,2025-06-19,2026-04-23,Covid
7171,2272,241,18,2025-12-10,2026-08-16,Asthma
7172,2814,73,2,2025-08-22,2026-03-18,Migraine
7173,4440,208,11,2025-06-10,2025-07-19,Cancer
7174,3315,159,5,2025-06-30,2025-07-03,Pneumonia
7175,4112,246,3,2025-09-11,2025-12-22,Covid
7176,2627,74,5,2026-07-27,2026-07-29,Asthma
7177,213,66,17,2025-04-18,2025-11-05,Asthma
7178,4527,189,10,2025-01-16,2026-06-26,Cancer
7179,2837,210,7,2026-04-26,2026-05-19,Migraine
7180,2734,170,17,2024-11-01,2025-04-14,Migraine
7181,1844,33,6,2025-04-09,2026-02-20,Kidney Stones
7182,1515,159,3,2026-05-28,2026-08-06,Pneumonia
7183,3819,52,5,2025-11-03,2026-04-18,Fracture
7184,3964,34,16,2025-11-21,2026-02-04,Fracture
7185,4954,112,19,2026-06-02,2026-06-10,Kidney Stones
7186,3966,107,15,2026-07-19,2026-07-25,Stroke
7187,2031,228,9,2026-02-13,2026-06-12,Stroke
7188,2901,49,14,2024-09-10,2025-08-16,Diabetes
7189,3138,30,17,2025-05-07,2026-02-12,Asthma
7190,4269,207,6,2025-07-10,2026-04-13,Hypertension
7191,3045,154,5,2024-09-02,2025-03-29,Asthma
7192,4711,53,4,2025-07-19,2026-04-26,Diabetes
7193,594,229,9,2025-12-13,2025-12-30,Asthma
7194,290,242,19,2025-02-15,2025-02-26,Diabetes
7195,4989,246,8,2026-03-23,2026-06-25,Pneumonia
7196,3779,47,15,2026-05-01,2026-05-28,Kidney Stones
7197,3923,188,4,2025-09-16,2026-06-26,Diabetes
7198,3156,195,10,2024-12-23,2025-06-23,Fracture
7199,1986,185,5,2025-09-01,2026-07-30,Stroke
7200,2356,197,19,2025-05-20,2026-01-04,Asthma
7201,2654,205,16,2026-01-10,2026-04-21,Diabetes
7202,1449,224,12,2024-12-20,2025-06-28,Stroke
7203,435,204,8,2025-11-25,2026-02-11,Stroke
7204,4493,163,3,2025-04-11,2025-10-17,Stroke
7205,3302,48,10,2026-02-26,2026-05-04,Kidney Stones
7206,2181,67,11,2025-01-30,2025-07-24,Covid
7207,4679,144,13,2025-09-21,2026-02-26,Diabetes
7208,4360,207,13,2026-02-10,2026-05-22,Stroke
7209,794,8,19,2024-12-29,2025-01-05,Pneumonia
7210,681,90,6,2026-04-16,2026-07-12,Hypertension
7211,1423,115,18,2024-11-09,2025-10-04,Diabetes
7212,3827,138,16,2025-01-18,2025-06-26,Kidney Stones
7213,3022,129,19,2026-04-21,2026-07-04,Hypertension
7214,3824,109,12,2026-05-23,2026-08-11,Stroke
7215,2727,146,4,2025-07-18,2025-09-29,Hypertension
7216,2657,197,19,2025-01-20,2025-05-19,Migraine
7217,121,73,18,2024-12-15,2026-05-03,Asthma
7218,1507,32,12,2026-04-26,2026-04-28,Cancer
7219,2795,30,11,2026-07-12,2026-07-12,Stroke
7220,4205,45,18,2025-10-15,2026-07-21,Pneumonia
7221,4040,218,1,2025-03-07,2025-08-26,Stroke
7222,2515,240,8,2026-02-07,2026-05-17,Stroke
7223,1839,48,9,2025-10-26,2026-07-23,Stroke
7224,1332,80,15,2025-08-25,2026-02-12,Asthma
7225,2227,76,2,2025-06-28,2026-06-22,Fracture
7226,2624,192,2,2026-07-15,2026-08-05,Diabetes
7227,2049,235,5,2025-09-18,2026-05-08,Stroke
7228,4299,235,10,2026-02-08,2026-03-06,Stroke
7229,3721,107,17,2024-09-04,2024-12-05,Hypertension
7230,2660,29,13,2025-11-26,2026-07-19,Cancer
7231,1237,16,6,2025-01-09,2026-04-09,Pneumonia
7232,728,221,2,2025-05-24,2025-07-26,Asthma
7233,1097,10,20,2025-11-17,2026-02-23,Fracture
7234,1407,135,10,2025-11-23,2026-07-15,Kidney Stones
7235,687,152,15,2025-10-20,2026-06-12,Kidney Stones
7236,3852,90,12,2025-05-19,2025-08-09,Hypertension
7237,455,238,19,2025-07-01,2026-03-21,Asthma
7238,4393,197,3,2024-11-13,2025-06-10,Pneumonia
7239,439,49,6,2024-08-08,2025-04-02,Migraine
7240,3832,236,6,2026-05-30,2026-06-29,Asthma
7241,731,49,15,2025-04-23,2026-04-10,Pneumonia
7242,3879,115,19,2024-12-26,2025-05-11,Stroke
7243,2213,180,3,2025-01-21,2025-04-25,Hypertension
7244,414,114,4,2024-12-06,2025-01-22,Cancer
7245,3329,166,6,2025-07-30,2026-06-17,Migraine
7246,2805,120,4,2025-12-10,2026-05-24,Migraine
7247,941,204,12,2025-06-22,2026-02-05,Covid
7248,2336,120,11,2024-08-23,2026-04-16,Migraine
7249,4013,110,17,2025-04-03,2025-05-14,Fracture
7250,4607,32,14,2025-05-02,2026-03-13,Pneumonia
7251,4803,75,9,2025-10-10,2025-10-16,Pneumonia
7252,4290,35,5,2025-05-18,2025-06-30,Stroke
7253,3294,118,11,2026-06-12,2026-08-09,Kidney Stones
7254,3291,202,11,2024-11-07,2025-07-10,Pneumonia
7255,4416,131,2,2024-12-28,2026-05-28,Pneumonia
7256,754,121,18,2025-11-26,2026-05-23,Migraine
7257,3490,210,9,2025-10-05,2026-04-06,Asthma
7258,1016,83,16,2025-08-14,2025-10-20,Kidney Stones
7259,4187,233,6,2025-04-18,2025-08-28,Stroke
7260,3571,115,19,2025-08-03,2026-02-03,Migraine
7261,317,126,9,2025-02-06,2026-07-29,Pneumonia
7262,788,96,15,2025-09-15,2026-03-04,Hypertension
7263,3371,192,13,2024-11-09,2026-03-09,Fracture
7264,708,107,11,2025-10-28,2026-06-17,Migraine
7265,3744,167,2,2026-06-05,2026-07-14,Fracture
7266,3809,163,13,2024-12-02,2025-06-29,Pneumonia
7267,4012,53,10,2024-09-18,2026-04-06,Covid
7268,914,15,19,2024-08-11,2025-02-01,Pneumonia
7269,3412,40,2,2025-02-02,2026-03-06,Hypertension
7270,4388,125,4,2026-04-25,2026-06-11,Cancer
7271,876,96,2,2025-09-05,2025-11-17,Stroke
7272,2175,138,10,2026-06-03,2026-06-12,Hypertension
7273,3181,206,14,2025-09-15,2026-05-28,Fracture
7274,3970,21,13,2025-11-25,2026-03-26,Asthma
7275,2965,127,7,2024-12-19,2024-12-21,Asthma
7276,2245,180,1,2025-09-27,2026-06-22,Cancer
7277,1540,142,3,2024-09-22,2025-02-25,Pneumonia
7278,2492,240,9,2025-01-29,2026-03-17,Diabetes
7279,4975,21,4,2026-01-11,2026-02-03,Covid
7280,107,101,17,2026-04-20,2026-07-16,Covid
7281,2281,126,1,2026-04-23,2026-06-18,Migraine
7282,4616,36,6,2024-11-23,2026-07-27,Kidney Stones
7283,4422,36,16,2024-09-16,2026-05-30,Kidney Stones
7284,699,149,7,2026-04-04,2026-05-24,Kidney Stones
7285,44,143,2,2025-03-27,2026-03-08,Hypertension
7286,1636,80,19,2026-06-20,2026-07-01,Asthma
7287,4732,30,6,2024-11-05,2024-12-10,Fracture
7288,4538,104,20,2026-07-21,2026-08-15,Covid
7289,2189,166,19,2026-07-14,2026-07-24,Kidney Stones
7290,2325,3,12,2025-08-02,2026-03-24,Diabetes
7291,1865,100,10,2026-02-28,2026-03-16,Cancer
7292,164,137,3,2026-01-15,2026-01-21,Migraine
7293,2926,46,18,2026-07-19,2026-08-05,Kidney Stones
7294,3164,124,12,2024-11-11,2026-07-08,Fracture
7295,2881,93,19,2026-03-10,2026-07-06,Migraine
7296,2666,33,15,2026-02-16,2026-04-30,Asthma
7297,4919,130,9,2025-01-27,2025-09-04,Stroke
7298,4555,10,2,2025-06-30,2026-02-11,Migraine
7299,4865,81,9,2025-11-07,2026-08-09,Stroke
7300,3013,50,14,2025-09-25,2026-05-08,Kidney Stones
7301,3735,72,12,2024-08-09,2026-04-25,Diabetes
7302,3525,128,16,2025-01-13,2025-07-16,Pneumonia
7303,322,202,7,2025-09-10,2026-08-09,Covid
7304,733,125,4,2026-02-12,2026-06-17,Fracture
7305,3743,224,7,2025-03-04,2025-03-20,Cancer
7306,3502,134,10,2025-03-27,2026-07-10,Pneumonia
7307,289,235,2,2025-08-30,2025-11-05,Migraine
7308,1854,115,1,2026-03-28,2026-04-23,Hypertension
7309,388,149,6,2025-09-04,2025-09-27,Hypertension
7310,2482,41,1,2025-05-12,2025-08-19,Asthma
7311,1359,227,17,2025-11-29,2026-06-18,Migraine
7312,4268,176,5,2024-09-22,2025-02-25,Pneumonia
7313,471,159,10,2025-03-08,2025-08-12,Cancer
7314,459,47,1,2025-03-26,2026-06-23,Cancer
7315,3936,126,10,2026-05-29,2026-06-03,Pneumonia
7316,3182,114,6,2024-11-15,2025-03-29,Asthma
7317,4624,207,16,2026-04-14,2026-04-28,Asthma
7318,2069,170,5,2025-05-12,2026-02-07,Kidney Stones
7319,2313,189,2,2025-09-29,2026-01-21,Hypertension
7320,159,181,4,2025-10-10,2025-10-11,Asthma
7321,2075,71,7,2025-02-15,2025-11-26,Hypertension
7322,2751,178,18,2026-06-05,2026-06-23,Diabetes
7323,2323,15,20,2024-12-22,2025-04-13,Pneumonia
7324,2941,87,3,2025-08-03,2026-06-15,Fracture
7325,4511,128,11,2025-12-14,2025-12-23,Migraine
7326,1317,153,13,2025-10-31,2026-03-14,Cancer
7327,4244,211,14,2025-11-03,2026-06-13,Hypertension
7328,3423,59,19,2025-10-28,2026-03-26,Kidney Stones
7329,4141,16,7,2026-07-19,2026-07-19,Kidney Stones
7330,122,91,11,2024-08-26,2026-02-14,Asthma
7331,4314,76,5,2025-12-01,2025-12-28,Covid
7332,4450,158,9,2025-04-28,2026-04-25,Pneumonia
7333,2680,67,19,2024-10-09,2026-03-09,Pneumonia
7334,1970,126,12,2025-04-08,2026-07-12,Migraine
7335,4845,195,5,2024-08-11,2026-03-14,Fracture
7336,2445,158,3,2025-02-19,2025-08-06,Kidney Stones
7337,692,159,2,2025-07-08,2025-09-09,Asthma
7338,120,238,13,2024-12-17,2025-09-07,Asthma
7339,3123,230,2,2025-09-10,2025-10-02,Pneumonia
7340,2174,111,3,2024-10-17,2025-11-20,Pneumonia
7341,1821,90,18,2025-02-02,2025-05-27,Stroke
7342,3147,225,1,2026-04-04,2026-07-31,Pneumonia
7343,1895,58,9,2026-03-27,2026-06-13,Kidney Stones
7344,2839,81,12,2026-06-21,2026-08-02,Cancer
7345,2711,235,10,2025-08-24,2025-09-30,Fracture
7346,1431,102,16,2025-05-05,2025-07-30,Hypertension
7347,2530,241,14,2025-12-07,2026-03-04,Asthma
7348,4361,60,10,2025-04-30,2025-05-11,Fracture
7349,3423,111,18,2025-04-09,2025-11-18,Migraine
7350,202,233,1,2025-12-11,2026-02-20,Hypertension
7351,3446,21,10,2025-01-23,2025-12-29,Cancer
7352,4973,204,19,2024-08-21,2026-01-06,Fracture
7353,549,163,10,2025-08-19,2025-11-23,Pneumonia
7354,173,74,14,2024-12-24,2025-09-12,Asthma
7355,4322,11,17,2025-12-12,2026-08-05,Asthma
7356,312,74,16,2025-11-11,2026-08-03,Kidney Stones
7357,4558,206,14,2025-06-22,2026-07-26,Cancer
7358,384,149,2,2026-03-04,2026-07-23,Pneumonia
7359,2276,62,11,2025-06-11,2025-09-15,Cancer
7360,2216,232,15,2025-12-09,2026-03-28,Hypertension
7361,571,133,9,2025-05-29,2025-10-25,Stroke
7362,4149,155,9,2026-02-16,2026-06-19,Diabetes
7363,2354,186,13,2025-07-22,2025-08-14,Migraine
7364,2927,130,1,2025-08-04,2026-03-09,Diabetes
7365,1624,51,11,2024-12-29,2025-04-04,Stroke
7366,1349,245,11,2024-09-13,2025-09-08,Diabetes
7367,4174,162,10,2026-05-18,2026-05-23,Covid
7368,3176,180,16,2026-06-17,2026-06-24,Asthma
7369,610,116,18,2025-05-13,2026-06-24,Covid
7370,1891,39,5,2025-11-18,2026-02-15,Diabetes
7371,710,65,1,2025-10-20,2026-04-07,Fracture
7372,4923,95,19,2025-11-12,2026-05-03,Pneumonia
7373,4399,219,19,2024-10-20,2025-12-09,Cancer
7374,1176,167,13,2024-12-11,2025-07-07,Cancer
7375,1096,105,14,2025-11-06,2025-11-22,Pneumonia
7376,4189,11,17,2025-04-02,2026-08-10,Pneumonia
7377,249,63,10,2025-10-24,2026-04-11,Pneumonia
7378,458,214,18,2025-07-31,2026-06-07,Pneumonia
7379,4995,177,3,2025-11-18,2026-06-02,Fracture
7380,1113,37,8,2026-07-01,2026-07-16,Fracture
7381,718,157,16,2026-01-31,2026-07-23,Cancer
7382,2143,143,4,2024-12-17,2026-07-21,Stroke
7383,4003,31,3,2026-01-12,2026-07-20,Stroke
7384,2122,97,14,2025-07-24,2026-07-29,Stroke
7385,985,14,12,2025-11-20,2025-12-30,Cancer
7386,3328,185,18,2024-09-03,2025-05-07,Cancer
7387,3445,119,10,2025-02-12,2026-07-14,Hypertension
7388,1668,25,7,2024-08-08,2026-04-22,Covid
7389,2756,69,2,2025-01-16,2025-10-14,Pneumonia
7390,4204,232,18,2025-04-24,2026-02-28,Pneumonia
7391,2651,112,14,2024-09-13,2025-12-15,Diabetes
7392,87,157,10,2026-05-28,2026-08-03,Cancer
7393,4144,14,3,2025-01-16,2026-06-06,Kidney Stones
7394,2444,159,15,2024-08-20,2025-06-08,Covid
7395,1767,114,5,2025-12-30,2026-02-09,Cancer
7396,3857,36,16,2026-07-16,2026-07-21,Migraine
7397,989,231,3,2024-10-10,2025-01-06,Pneumonia
7398,2311,171,8,2025-10-04,2025-12-06,Covid
7399,690,161,14,2024-09-01,2025-09-07,Fracture
7400,4522,198,8,2025-08-19,2026-02-06,Fracture
7401,590,177,8,2025-08-11,2026-05-07,Fracture
7402,1777,4,5,2026-05-04,2026-05-15,Hypertension
7403,4483,244,13,2024-12-15,2026-04-19,Cancer
7404,1474,241,9,2024-12-12,2026-01-28,Kidney Stones
7405,2774,214,11,2026-02-19,2026-02-26,Covid
7406,1913,101,14,2025-01-21,2026-05-23,Asthma
7407,4685,123,1,2026-07-23,2026-07-24,Diabetes
7408,4785,205,15,2025-04-25,2025-09-26,Covid
7409,3911,67,6,2026-05-06,2026-08-09,Kidney Stones
7410,939,49,14,2025-04-18,2025-11-05,Stroke
7411,3722,121,11,2025-04-22,2025-09-14,Diabetes
7412,2680,196,15,2026-03-09,2026-06-29,Stroke
7413,1080,117,13,2025-05-19,2025-12-14,Covid
7414,2045,87,10,2025-03-26,2025-10-19,Hypertension
7415,357,178,9,2025-03-15,2025-05-31,Covid
7416,4077,2,14,2024-11-03,2026-06-19,Stroke
7417,1676,132,16,2026-08-04,2026-08-14,Hypertension
7418,4202,104,20,2024-10-04,2024-12-11,Cancer
7419,1920,242,11,2024-10-05,2024-10-23,Stroke
7420,4682,200,2,2025-08-29,2026-04-30,Pneumonia
7421,2401,115,4,2025-10-02,2026-01-04,Asthma
7422,1270,119,18,2025-05-19,2026-05-27,Pneumonia
7423,1473,89,20,2025-04-03,2025-10-04,Fracture
7424,3511,7,10,2026-01-22,2026-07-12,Kidney Stones
7425,2905,58,7,2024-08-12,2025-10-20,Cancer
7426,657,151,14,2024-08-30,2025-11-11,Pneumonia
7427,4209,188,11,2026-04-13,2026-06-08,Asthma
7428,4892,147,8,2025-10-22,2026-05-14,Asthma
7429,2901,220,7,2025-05-05,2025-06-13,Hypertension
7430,2230,97,20,2024-12-24,2025-03-17,Stroke
7431,2288,47,8,2026-03-20,2026-03-21,Stroke
7432,1655,100,5,2025-06-28,2026-02-17,Covid
7433,2008,108,17,2024-09-03,2026-01-02,Migraine
7434,3381,164,8,2024-12-16,2026-05-12,Asthma
7435,4670,36,1,2025-12-31,2026-03-28,Fracture
7436,2641,83,8,2026-06-13,2026-08-10,Cancer
7437,4981,35,12,2026-02-18,2026-04-20,Fracture
7438,998,110,8,2026-07-10,2026-08-12,Cancer
7439,3829,79,17,2025-09-27,2026-08-07,Diabetes
7440,1793,109,19,2025-09-02,2026-06-23,Asthma
7441,2353,24,15,2026-07-12,2026-07-26,Kidney Stones
7442,2848,219,13,2026-04-13,2026-07-21,Covid
7443,2078,51,11,2025-01-30,2025-10-22,Hypertension
7444,2298,164,15,2025-10-19,2026-07-29,Asthma
7445,3141,15,14,2025-05-16,2025-08-31,Asthma
7446,1769,168,20,2025-08-10,2026-04-05,Cancer
7447,3081,80,18,2026-05-25,2026-08-14,Migraine
7448,1620,15,19,2025-11-03,2026-08-05,Hypertension
7449,2040,117,6,2025-05-12,2025-10-31,Asthma
7450,3035,168,13,2026-01-21,2026-04-03,Asthma
7451,3329,81,15,2024-12-24,2025-08-01,Asthma
7452,1296,235,15,2025-09-26,2026-03-28,Cancer
7453,205,218,19,2026-02-25,2026-03-18,Diabetes
7454,4133,164,3,2025-06-26,2025-07-18,Hypertension
7455,665,121,16,2026-06-06,2026-07-03,Fracture
7456,516,212,10,2025-06-12,2026-07-14,Fracture
7457,1863,162,17,2025-11-26,2026-02-13,Covid
7458,2463,91,10,2024-08-18,2024-09-02,Kidney Stones
7459,1327,47,8,2025-01-07,2025-08-03,Cancer
7460,535,29,12,2025-07-31,2025-11-20,Kidney Stones
7461,2899,6,10,2025-05-14,2026-08-16,Asthma
7462,3663,63,8,2025-12-22,2026-06-08,Cancer
7463,929,194,12,2024-11-23,2026-04-05,Cancer
7464,1523,41,19,2025-04-02,2025-12-22,Covid
7465,2089,183,4,2025-02-27,2026-03-26,Kidney Stones
7466,4128,106,2,2025-12-14,2026-05-07,Stroke
7467,1807,133,5,2025-05-29,2026-05-19,Fracture
7468,1709,201,9,2026-02-05,2026-03-06,Hypertension
7469,4835,156,6,2025-05-17,2025-05-26,Migraine
7470,813,191,18,2025-05-30,2026-05-30,Fracture
7471,1976,124,20,2024-11-12,2026-02-08,Migraine
7472,3697,178,19,2024-08-16,2025-03-12,Migraine
7473,3036,128,9,2026-04-15,2026-05-16,Migraine
7474,2211,112,9,2024-12-26,2025-07-08,Asthma
7475,894,208,19,2025-01-02,2025-01-27,Migraine
7476,825,63,9,2025-04-04,2026-03-06,Stroke
7477,391,196,7,2026-08-06,2026-08-10,Diabetes
7478,1166,111,10,2025-05-10,2026-02-04,Migraine
7479,4575,79,9,2024-08-28,2026-07-15,Fracture
7480,4005,221,7,2025-04-25,2025-07-12,Cancer
7481,1233,90,4,2024-08-16,2025-05-28,Stroke
7482,2040,7,3,2024-08-21,2025-03-09,Fracture
7483,1181,147,9,2024-12-10,2026-06-14,Pneumonia
7484,4143,47,16,2025-09-18,2026-08-09,Fracture
7485,148,237,12,2025-09-12,2025-10-30,Migraine
7486,3782,108,2,2026-03-15,2026-04-26,Kidney Stones
7487,656,91,6,2025-07-26,2025-10-12,Asthma
7488,4990,95,19,2025-02-06,2026-01-10,Pneumonia
7489,3896,141,15,2026-02-02,2026-02-28,Asthma
7490,2169,193,8,2025-01-02,2025-12-05,Asthma
7491,204,169,8,2026-07-01,2026-07-24,Fracture
7492,3755,16,19,2025-09-11,2026-05-09,Pneumonia
7493,4620,112,6,2025-10-09,2026-06-13,Covid
7494,2463,120,1,2025-08-14,2026-02-20,Hypertension
7495,2867,198,18,2025-06-19,2026-01-28,Stroke
7496,2254,85,2,2025-06-12,2025-08-30,Kidney Stones
7497,2855,57,9,2025-05-07,2026-05-07,Cancer
7498,4161,136,12,2025-02-22,2025-04-01,Hypertension
7499,418,184,10,2026-07-22,2026-07-25,Fracture
7500,4149,87,4,2026-06-12,2026-07-19,Pneumonia
7501,734,223,2,2025-12-15,2026-03-31,Pneumonia
7502,1269,183,10,2026-08-04,2026-08-05,Covid
7503,3767,83,1,2026-01-28,2026-05-24,Hypertension
7504,1528,180,20,2026-08-06,2026-08-09,Covid
7505,377,105,8,2024-08-07,2026-04-28,Diabetes
7506,750,103,4,2025-03-04,2026-03-05,Cancer
7507,3573,97,15,2026-04-09,2026-07-03,Asthma
7508,4511,112,9,2026-06-22,2026-07-22,Stroke
7509,1642,78,10,2025-12-31,2026-01-10,Kidney Stones
7510,3481,200,4,2026-07-28,2026-08-03,Cancer
7511,4583,119,10,2024-10-30,2026-03-14,Kidney Stones
7512,2129,42,13,2025-06-05,2025-08-11,Covid
7513,3654,37,14,2026-01-30,2026-05-14,Covid
7514,4249,97,4,2024-10-17,2025-04-22,Pneumonia
7515,124,18,16,2024-11-24,2025-12-02,Asthma
7516,4998,87,15,2024-11-30,2025-07-06,Migraine
7517,3453,245,4,2025-02-17,2026-05-11,Cancer
7518,2290,127,18,2025-06-08,2025-12-06,Kidney Stones
7519,3931,46,6,2026-01-25,2026-03-20,Kidney Stones
7520,4877,131,2,2026-07-25,2026-07-30,Diabetes
7521,760,63,2,2025-10-25,2026-06-27,Migraine
7522,4095,58,16,2025-08-13,2025-11-28,Asthma
7523,1978,34,1,2025-07-07,2026-01-24,Migraine
7524,4629,159,2,2026-06-03,2026-06-11,Stroke
7525,842,129,13,2024-12-06,2025-06-30,Kidney Stones
7526,2659,83,3,2026-07-12,2026-08-07,Kidney Stones
7527,2421,219,6,2025-01-21,2025-09-10,Hypertension
7528,527,112,18,2025-02-28,2025-06-23,Pneumonia
7529,1282,73,3,2026-03-04,2026-05-01,Diabetes
7530,1640,87,18,2025-04-19,2026-04-02,Migraine
7531,3019,61,5,2025-12-27,2026-05-17,Stroke
7532,3670,181,5,2024-11-12,2025-01-06,Covid
7533,596,63,9,2025-09-18,2025-12-10,Asthma
7534,4890,170,16,2024-09-24,2026-03-28,Covid
7535,956,163,18,2026-03-15,2026-04-11,Asthma
7536,4081,102,18,2026-06-14,2026-06-18,Kidney Stones
7537,1173,158,10,2025-06-12,2026-04-07,Asthma
7538,4499,29,2,2025-12-21,2026-06-20,Kidney Stones
7539,3667,243,7,2025-10-18,2026-05-02,Kidney Stones
7540,313,217,1,2026-04-19,2026-06-03,Asthma
7541,2306,228,5,2026-04-30,2026-06-28,Migraine
7542,482,187,1,2026-04-16,2026-08-10,Hypertension
7543,2401,234,7,2024-08-06,2025-11-09,Asthma
7544,1911,79,13,2026-06-04,2026-06-28,Stroke
7545,4335,68,20,2025-12-17,2026-05-15,Hypertension
7546,1936,125,7,2025-02-26,2026-01-26,Fracture
7547,3429,64,17,2025-07-13,2025-10-17,Kidney Stones
7548,951,24,7,2024-12-11,2025-11-08,Pneumonia
7549,1925,128,4,2025-11-14,2026-01-11,Diabetes
7550,1516,93,16,2025-11-22,2026-02-25,Covid
7551,3542,39,10,2024-11-21,2025-05-02,Asthma
7552,3908,236,11,2025-12-22,2026-04-10,Diabetes
7553,4350,49,20,2025-08-08,2025-12-06,Covid
7554,4451,111,15,2025-08-28,2025-09-18,Diabetes
7555,2818,122,6,2024-09-13,2025-07-19,Covid
7556,4162,192,11,2025-03-15,2025-10-25,Asthma
7557,3683,64,5,2024-10-01,2025-12-21,Stroke
7558,2908,53,4,2026-03-08,2026-03-12,Hypertension
7559,1292,78,7,2025-02-07,2026-06-05,Stroke
7560,4173,72,17,2024-12-19,2025-03-25,Cancer
7561,4981,173,17,2025-09-15,2025-09-22,Migraine
7562,4173,97,15,2025-04-07,2025-07-25,Stroke
7563,4870,151,17,2025-10-27,2026-02-21,Covid
7564,1541,199,18,2025-05-12,2025-09-26,Fracture
7565,3001,95,20,2026-03-29,2026-05-22,Fracture
7566,2738,125,14,2025-06-01,2026-08-12,Diabetes
7567,1239,119,15,2025-03-12,2025-08-23,Cancer
7568,2224,179,15,2025-02-13,2026-05-05,Stroke
7569,4723,92,18,2024-11-19,2025-06-11,Fracture
7570,4322,29,18,2025-11-15,2026-03-07,Covid
7571,1509,65,2,2025-07-21,2026-06-24,Stroke
7572,4141,137,11,2025-04-08,2025-09-23,Diabetes
7573,4626,163,12,2026-07-31,2026-08-13,Migraine
7574,3370,155,3,2025-04-24,2026-04-28,Fracture
7575,2815,195,13,2025-01-03,2025-03-27,Hypertension
7576,4614,29,9,2026-02-28,2026-07-07,Diabetes
7577,3331,245,16,2025-10-02,2026-02-04,Pneumonia
7578,347,93,2,2026-05-16,2026-07-12,Stroke
7579,29,199,10,2024-12-17,2026-02-04,Pneumonia
7580,2539,175,18,2024-10-04,2025-11-26,Migraine
7581,793,182,11,2026-03-05,2026-04-04,Kidney Stones
7582,3190,86,5,2024-08-07,2024-08-08,Asthma
7583,1541,224,2,2024-08-27,2025-01-15,Asthma
7584,4771,203,7,2025-10-29,2026-07-09,Diabetes
7585,2564,10,1,2026-02-16,2026-03-16,Migraine
7586,3345,26,4,2025-07-12,2026-02-12,Covid
7587,227,92,6,2026-05-08,2026-07-25,Fracture
7588,1746,201,13,2026-07-09,2026-07-19,Hypertension
7589,2323,167,17,2026-04-14,2026-04-21,Kidney Stones
7590,52,116,12,2024-08-06,2025-08-28,Pneumonia
7591,2641,205,18,2026-07-01,2026-07-01,Kidney Stones
7592,220,33,5,2026-02-27,2026-05-28,Fracture
7593,2135,103,4,2026-06-19,2026-07-03,Fracture
7594,3247,52,3,2024-12-16,2025-05-02,Diabetes
7595,482,9,12,2024-12-05,2026-07-21,Kidney Stones
7596,3771,72,17,2025-01-04,2025-03-07,Cancer
7597,1099,161,5,2026-04-27,2026-05-19,Pneumonia
7598,1746,1,1,2026-02-04,2026-07-07,Diabetes
7599,2261,110,9,2024-12-12,2026-07-21,Kidney Stones
7600,3406,15,3,2024-08-22,2024-10-10,Fracture
7601,2694,200,2,2025-05-11,2025-12-21,Asthma
7602,2581,171,2,2026-05-05,2026-08-07,Cancer
7603,2118,157,11,2025-02-06,2025-04-17,Fracture
7604,4016,75,6,2025-10-11,2026-02-16,Diabetes
7605,3321,5,11,2025-04-10,2026-03-17,Diabetes
7606,695,143,2,2024-09-06,2026-02-14,Covid
7607,2118,36,7,2025-10-04,2026-06-17,Kidney Stones
7608,2069,214,18,2026-03-07,2026-04-01,Hypertension
7609,2837,232,5,2026-03-26,2026-05-14,Asthma
7610,1450,90,4,2026-06-08,2026-07-03,Covid
7611,1268,132,3,2024-11-14,2025-03-20,Cancer
7612,500,123,4,2026-06-22,2026-07-31,Covid
7613,1487,230,6,2025-04-05,2025-07-18,Fracture
7614,3019,79,13,2026-03-10,2026-05-31,Pneumonia
7615,117,7,11,2025-05-19,2025-06-15,Migraine
7616,2829,194,16,2025-05-11,2026-07-09,Pneumonia
7617,1037,141,7,2026-06-29,2026-07-23,Cancer
7618,1836,209,12,2024-08-21,2024-10-02,Pneumonia
7619,4091,32,18,2024-09-21,2026-03-07,Asthma
7620,1162,134,18,2025-09-02,2025-11-21,Covid
7621,4887,5,9,2026-07-20,2026-08-01,Kidney Stones
7622,2221,220,9,2024-08-21,2026-02-02,Cancer
7623,2786,225,20,2025-12-14,2026-05-24,Hypertension
7624,3099,147,14,2026-07-12,2026-07-24,Asthma
7625,3725,165,18,2024-12-01,2025-12-26,Hypertension
7626,4163,76,14,2025-06-05,2026-04-27,Pneumonia
7627,1629,41,17,2025-03-13,2026-04-02,Migraine
7628,98,125,2,2025-08-04,2026-03-07,Covid
7629,3978,37,13,2025-11-07,2026-06-10,Migraine
7630,3314,47,2,2026-01-19,2026-07-11,Cancer
7631,173,195,7,2026-03-08,2026-05-11,Cancer
7632,4148,37,8,2025-03-29,2025-05-11,Asthma
7633,1684,104,4,2025-08-20,2026-02-26,Migraine
7634,3085,79,20,2025-11-09,2026-04-04,Migraine
7635,1128,82,3,2026-03-31,2026-05-20,Kidney Stones
7636,3476,127,16,2025-05-01,2026-06-26,Migraine
7637,3694,67,16,2025-07-30,2025-12-26,Hypertension
7638,2739,36,13,2024-10-16,2025-08-22,Asthma
7639,866,156,14,2026-04-30,2026-07-09,Stroke
7640,3665,58,12,2026-04-09,2026-04-30,Fracture
7641,477,175,3,2025-03-16,2025-03-17,Stroke
7642,1434,197,16,2025-05-10,2026-03-13,Diabetes
7643,3505,79,11,2024-08-31,2026-04-20,Pneumonia
7644,4346,5,1,2025-01-14,2026-01-12,Asthma
7645,2333,119,9,2025-10-05,2026-08-12,Cancer
7646,592,199,16,2026-05-21,2026-06-18,Asthma
7647,1297,81,8,2025-05-28,2025-10-06,Fracture
7648,2923,119,3,2026-06-22,2026-07-10,Fracture
7649,2367,15,7,2025-09-21,2026-03-27,Hypertension
7650,2741,212,17,2025-03-08,2026-01-16,Covid
7651,2854,93,17,2026-02-19,2026-06-17,Cancer
7652,35,81,1,2024-08-07,2025-05-25,Cancer
7653,1275,235,15,2025-05-30,2026-05-20,Pneumonia
7654,1266,180,15,2026-06-09,2026-06-23,Fracture
7655,1450,168,12,2025-09-04,2026-06-22,Hypertension
7656,4179,28,20,2025-11-10,2025-11-26,Diabetes
7657,2539,44,4,2026-04-05,2026-06-26,Covid
7658,3957,178,17,2026-03-25,2026-07-11,Pneumonia
7659,3278,135,15,2025-09-28,2026-04-19,Diabetes
7660,3757,124,1,2025-06-22,2025-06-24,Covid
7661,4713,249,20,2025-11-29,2026-07-14,Fracture
7662,1820,47,11,2025-09-22,2026-05-06,Fracture
7663,2825,133,3,2026-05-09,2026-05-20,Stroke
7664,3082,84,9,2025-09-18,2026-06-04,Fracture
7665,686,47,4,2026-04-30,2026-07-08,Kidney Stones
7666,4423,182,8,2025-08-18,2026-05-29,Kidney Stones
7667,4592,14,15,2025-05-11,2026-06-04,Asthma
7668,3131,97,11,2024-09-23,2026-05-28,Fracture
7669,1221,119,6,2025-06-20,2025-09-27,Fracture
7670,415,64,16,2024-12-25,2026-07-26,Kidney Stones
7671,1122,5,5,2024-10-13,2024-12-06,Asthma
7672,3818,5,13,2025-09-23,2025-12-21,Covid
7673,816,248,14,2025-03-30,2025-04-09,Cancer
7674,3486,226,18,2025-02-01,2026-01-13,Stroke
7675,3763,197,3,2025-11-02,2026-07-05,Diabetes
7676,1208,144,16,2025-06-14,2025-07-29,Diabetes
7677,2424,171,7,2025-06-13,2025-07-04,Covid
7678,3212,193,8,2024-08-07,2026-04-27,Diabetes
7679,1944,82,14,2026-03-02,2026-06-19,Fracture
7680,4075,79,8,2024-09-12,2025-10-22,Hypertension
7681,3098,227,9,2025-10-05,2026-05-19,Asthma
7682,3803,67,15,2026-05-31,2026-08-10,Hypertension
7683,900,41,6,2025-04-26,2025-12-28,Kidney Stones
7684,727,109,17,2024-12-23,2025-06-12,Hypertension
7685,2470,166,8,2026-01-17,2026-08-10,Hypertension
7686,4484,97,19,2025-05-26,2026-08-12,Migraine
7687,4360,69,4,2025-01-15,2025-12-17,Migraine
7688,1959,189,10,2025-02-21,2025-10-22,Hypertension
7689,4511,114,4,2026-07-21,2026-07-28,Fracture
7690,2516,195,9,2026-06-22,2026-08-07,Cancer
7691,3165,62,18,2025-11-10,2025-12-08,Migraine
7692,308,176,9,2025-12-12,2026-02-04,Stroke
7693,116,120,17,2024-12-16,2024-12-17,Fracture
7694,2269,222,5,2025-06-12,2025-09-06,Migraine
7695,1826,160,11,2026-07-12,2026-07-28,Stroke
7696,819,200,8,2026-01-26,2026-07-25,Stroke
7697,4609,90,15,2025-11-19,2026-07-04,Migraine
7698,4882,133,10,2026-02-04,2026-06-13,Migraine
7699,266,104,14,2025-03-16,2025-10-29,Covid
7700,3302,232,15,2024-08-21,2025-10-10,Stroke
7701,4144,79,2,2026-06-11,2026-07-18,Fracture
7702,4327,179,5,2025-11-24,2026-07-22,Fracture
7703,907,204,8,2025-02-21,2026-08-08,Asthma
7704,3537,230,15,2024-09-08,2025-11-16,Fracture
7705,495,241,3,2026-02-19,2026-03-06,Kidney Stones
7706,2518,59,7,2024-08-09,2025-02-24,Stroke
7707,4171,69,19,2026-06-04,2026-07-20,Migraine
7708,4344,84,12,2025-04-02,2025-11-30,Asthma
7709,154,26,18,2025-01-08,2025-12-03,Kidney Stones
7710,2671,142,12,2025-09-21,2026-03-27,Covid
7711,1216,214,1,2026-06-12,2026-06-22,Stroke
7712,2548,84,17,2025-09-18,2026-05-18,Asthma
7713,3130,62,7,2026-07-17,2026-08-02,Pneumonia
7714,1234,216,20,2025-12-05,2026-01-03,Asthma
7715,2314,101,3,2025-08-28,2026-08-11,Fracture
7716,3641,69,7,2025-02-24,2025-07-07,Covid
7717,661,185,9,2024-09-02,2025-01-17,Pneumonia
7718,560,108,14,2026-05-09,2026-07-18,Covid
7719,2467,244,3,2025-11-26,2026-08-11,Diabetes
7720,2927,5,14,2025-05-30,2025-07-21,Stroke
7721,1403,116,7,2025-04-21,2025-10-05,Fracture
7722,2639,13,15,2026-03-31,2026-06-06,Stroke
7723,1226,202,5,2026-01-10,2026-04-10,Pneumonia
7724,2359,114,19,2025-10-23,2026-02-07,Kidney Stones
7725,792,208,19,2025-04-28,2026-02-12,Stroke
7726,3878,145,20,2025-12-21,2026-04-20,Diabetes
7727,2658,226,15,2026-04-19,2026-08-12,Covid
7728,4032,20,18,2024-08-17,2026-07-20,Pneumonia
7729,1314,51,9,2026-02-13,2026-02-21,Covid
7730,1745,124,14,2025-01-24,2026-02-22,Kidney Stones
7731,2417,156,6,2024-12-24,2026-02-27,Diabetes
7732,4059,25,6,2025-01-04,2025-08-20,Diabetes
7733,2938,219,16,2025-04-05,2025-06-26,Pneumonia
7734,3893,94,19,2026-02-13,2026-03-20,Diabetes
7735,1954,163,10,2025-09-10,2026-03-11,Kidney Stones
7736,1226,146,9,2024-10-08,2024-10-16,Cancer
7737,4800,59,13,2025-10-14,2025-12-19,Fracture
7738,994,118,1,2026-01-24,2026-03-02,Stroke
7739,765,13,17,2025-03-31,2025-04-15,Covid
7740,481,26,1,2024-08-27,2026-04-16,Fracture
7741,289,26,13,2025-08-04,2025-12-24,Hypertension
7742,2866,60,7,2024-10-29,2025-12-12,Covid
7743,955,88,11,2026-02-28,2026-03-08,Diabetes
7744,3050,224,12,2024-09-24,2025-11-08,Covid
7745,512,212,2,2026-03-07,2026-07-23,Migraine
7746,3502,201,5,2024-10-09,2025-11-22,Diabetes
7747,3753,119,19,2025-04-16,2025-10-23,Pneumonia
7748,1808,27,8,2025-10-09,2026-01-20,Cancer
7749,2170,232,14,2025-02-02,2025-04-03,Stroke
7750,1579,175,14,2025-08-18,2025-11-02,Migraine
7751,873,169,9,2026-01-17,2026-07-17,Kidney Stones
7752,948,133,4,2026-03-14,2026-05-18,Covid
7753,3246,129,12,2024-12-25,2025-10-20,Migraine
7754,4077,163,16,2024-09-07,2026-06-05,Covid
7755,4572,105,2,2025-04-09,2026-04-14,Stroke
7756,3287,96,15,2026-08-05,2026-08-15,Stroke
7757,2835,179,16,2024-11-23,2025-09-25,Hypertension
7758,2949,93,20,2025-04-06,2026-05-16,Covid
7759,2133,13,18,2025-03-07,2025-06-14,Fracture
7760,3713,166,17,2026-03-30,2026-07-24,Diabetes
7761,3267,121,8,2025-06-24,2026-03-01,Diabetes
7762,4795,233,8,2024-10-05,2026-03-09,Covid
7763,817,13,4,2026-06-18,2026-07-29,Pneumonia
7764,4299,64,5,2026-04-30,2026-08-06,Diabetes
7765,553,249,15,2026-03-18,2026-07-10,Hypertension
7766,4948,220,6,2024-08-09,2025-06-30,Kidney Stones
7767,3213,137,9,2026-01-26,2026-03-19,Asthma
7768,4346,219,15,2025-06-02,2025-09-14,Diabetes
7769,3447,171,10,2024-12-10,2024-12-26,Migraine
7770,3608,114,8,2024-10-26,2025-01-25,Migraine
7771,3025,42,4,2025-06-15,2025-12-10,Kidney Stones
7772,2504,70,15,2026-06-29,2026-07-30,Diabetes
7773,851,193,17,2026-02-22,2026-03-30,Pneumonia
7774,4667,152,7,2025-08-03,2025-11-03,Pneumonia
7775,1902,35,8,2026-02-28,2026-08-15,Kidney Stones
7776,4181,237,6,2026-08-03,2026-08-07,Covid
7777,3635,209,20,2025-07-24,2025-10-21,Cancer
7778,4480,156,16,2025-06-23,2026-05-18,Kidney Stones
7779,1748,142,7,2025-02-25,2025-09-21,Diabetes
7780,3058,26,8,2025-10-25,2026-05-27,Hypertension
7781,4576,189,2,2025-11-09,2026-02-26,Fracture
7782,3386,188,4,2025-08-15,2026-03-25,Migraine
7783,2616,29,18,2024-08-26,2026-02-03,Asthma
7784,4103,33,6,2026-05-24,2026-06-19,Stroke
7785,723,128,12,2025-11-23,2026-05-01,Stroke
7786,353,131,13,2025-12-28,2026-02-05,Diabetes
7787,4784,206,7,2026-01-31,2026-06-26,Kidney Stones
7788,2079,142,11,2026-05-18,2026-06-22,Asthma
7789,3975,245,6,2025-08-22,2025-12-28,Diabetes
7790,2468,223,13,2025-06-05,2025-06-13,Asthma
7791,2718,151,19,2025-07-24,2026-03-23,Pneumonia
7792,283,135,10,2025-03-17,2025-12-02,Asthma
7793,4401,171,17,2026-06-19,2026-07-22,Hypertension
7794,193,187,11,2024-08-21,2025-01-26,Kidney Stones
7795,2443,194,20,2025-02-17,2026-03-09,Cancer
7796,1587,171,15,2026-07-11,2026-07-12,Hypertension
7797,2319,240,14,2025-08-19,2026-06-25,Covid
7798,4519,65,16,2026-05-10,2026-08-13,Migraine
7799,4859,48,7,2026-06-23,2026-07-25,Kidney Stones
7800,3260,157,2,2026-02-28,2026-03-14,Kidney Stones
7801,4186,242,6,2024-12-14,2026-02-07,Cancer
7802,78,80,2,2025-08-08,2026-05-17,Kidney Stones
7803,2990,82,18,2025-09-22,2026-03-08,Asthma
7804,4651,233,18,2026-02-05,2026-05-27,Stroke
7805,2118,91,1,2026-04-01,2026-04-21,Cancer
7806,3897,76,7,2025-12-20,2026-04-26,Pneumonia
7807,2686,51,4,2025-10-03,2026-06-23,Hypertension
7808,4311,76,6,2026-02-08,2026-06-25,Asthma
7809,271,242,7,2024-12-15,2026-05-07,Kidney Stones
7810,4546,65,17,2025-12-15,2026-03-13,Covid
7811,274,245,1,2024-10-21,2025-09-10,Diabetes
7812,3251,203,9,2026-03-11,2026-08-07,Stroke
7813,2755,109,3,2024-09-26,2025-02-16,Cancer
7814,1432,125,5,2025-05-28,2026-02-23,Migraine
7815,4714,8,4,2026-01-09,2026-07-20,Covid
7816,3336,62,13,2024-09-29,2025-02-15,Asthma
7817,3393,37,16,2025-12-03,2025-12-08,Kidney Stones
7818,3602,238,16,2025-07-12,2025-09-05,Fracture
7819,2157,183,16,2025-11-10,2026-04-03,Pneumonia
7820,4455,36,17,2026-06-04,2026-08-11,Diabetes
7821,548,181,11,2026-06-14,2026-06-29,Asthma
7822,4529,103,15,2026-03-24,2026-07-08,Pneumonia
7823,3382,107,15,2025-04-14,2025-09-05,Kidney Stones
7824,1913,118,4,2025-01-12,2025-02-24,Covid
7825,3812,137,19,2025-09-05,2026-06-25,Pneumonia
7826,1091,152,15,2026-08-05,2026-08-15,Asthma
7827,2405,82,8,2025-12-06,2026-08-12,Diabetes
7828,3352,136,11,2026-01-05,2026-08-05,Migraine
7829,621,239,20,2026-07-01,2026-08-09,Stroke
7830,1022,31,15,2025-10-24,2025-11-23,Fracture
7831,1808,18,6,2025-11-24,2026-07-25,Covid
7832,4105,1,5,2025-10-21,2025-12-26,Asthma
7833,3704,65,17,2025-07-27,2025-12-13,Hypertension
7834,396,111,5,2026-05-04,2026-06-29,Covid
7835,301,215,2,2026-01-16,2026-05-10,Hypertension
7836,3406,174,1,2025-05-03,2026-06-04,Migraine
7837,4407,70,10,2024-12-10,2025-05-06,Fracture
7838,2314,223,7,2025-02-22,2026-05-09,Pneumonia
7839,2513,43,1,2026-01-16,2026-03-31,Migraine
7840,4301,94,14,2025-03-03,2026-02-18,Migraine
7841,4899,7,20,2025-12-09,2026-06-22,Kidney Stones
7842,3522,69,12,2025-06-18,2026-07-17,Stroke
7843,4523,75,6,2025-09-14,2026-04-14,Cancer
7844,3421,50,6,2024-12-15,2025-11-05,Stroke
7845,3693,68,2,2025-11-20,2026-07-25,Cancer
7846,2225,17,4,2025-06-15,2026-04-13,Stroke
7847,4170,174,20,2026-02-09,2026-06-29,Pneumonia
7848,1143,192,9,2025-10-20,2026-01-16,Hypertension
7849,3263,58,2,2025-12-22,2026-05-08,Asthma
7850,986,243,2,2026-04-02,2026-08-05,Pneumonia
7851,1808,59,5,2025-05-27,2026-05-28,Pneumonia
7852,4844,8,14,2025-01-26,2025-06-11,Stroke
7853,4388,212,13,2026-03-29,2026-06-08,Kidney Stones
7854,2789,218,9,2025-08-05,2025-11-24,Cancer
7855,4482,241,5,2024-08-18,2026-06-26,Cancer
7856,3097,171,14,2024-12-13,2026-07-14,Pneumonia
7857,3432,127,19,2024-12-02,2025-03-07,Stroke
7858,4736,155,5,2026-07-14,2026-08-07,Migraine
7859,2986,136,18,2025-06-08,2026-02-14,Kidney Stones
7860,3529,173,11,2025-09-01,2025-10-22,Pneumonia
7861,3396,50,8,2026-06-08,2026-06-09,Diabetes
7862,2083,51,3,2025-10-13,2026-01-18,Stroke
7863,3275,123,12,2025-07-19,2025-08-04,Asthma
7864,1077,174,15,2025-02-13,2025-11-11,Diabetes
7865,1496,125,9,2025-05-16,2025-05-16,Kidney Stones
7866,3331,85,9,2026-02-06,2026-02-27,Kidney Stones
7867,3856,18,3,2025-03-26,2025-05-03,Fracture
7868,1382,235,4,2025-06-25,2025-11-28,Fracture
7869,2106,61,11,2025-03-14,2025-09-08,Asthma
7870,2403,204,6,2025-10-09,2025-12-15,Pneumonia
7871,2593,119,2,2026-07-17,2026-08-03,Cancer
7872,1983,225,6,2025-04-01,2025-10-06,Kidney Stones
7873,3518,237,20,2026-07-21,2026-08-12,Migraine
7874,1661,49,3,2026-07-16,2026-08-07,Covid
7875,1319,29,20,2024-10-27,2025-02-22,Cancer
7876,3524,231,19,2026-03-05,2026-06-12,Covid
7877,2155,182,4,2024-12-10,2025-08-29,Migraine
7878,1431,59,13,2025-03-28,2026-03-20,Covid
7879,778,6,6,2026-02-19,2026-08-11,Kidney Stones
7880,146,207,4,2026-05-14,2026-08-09,Covid
7881,3922,165,8,2024-09-02,2026-02-11,Asthma
7882,1360,15,11,2024-08-09,2026-06-04,Diabetes
7883,585,162,1,2025-09-20,2026-06-28,Fracture
7884,981,67,10,2024-09-27,2026-04-15,Fracture
7885,876,229,20,2024-08-21,2026-01-01,Pneumonia
7886,4759,107,5,2024-09-23,2025-01-07,Covid
7887,931,111,13,2025-04-22,2025-05-07,Covid
7888,4718,174,6,2025-08-01,2026-04-30,Stroke
7889,4795,25,10,2024-10-15,2026-07-21,Diabetes
7890,5000,174,17,2024-10-19,2025-01-11,Diabetes
7891,4464,155,11,2025-08-11,2026-01-11,Fracture
7892,2501,26,2,2026-05-29,2026-06-23,Diabetes
7893,3521,207,3,2025-04-10,2026-02-01,Pneumonia
7894,2658,187,20,2025-07-30,2026-03-04,Asthma
7895,4166,127,19,2024-08-11,2026-02-11,Pneumonia
7896,558,57,3,2025-07-19,2025-07-28,Diabetes
7897,4503,93,15,2025-05-30,2025-06-13,Stroke
7898,1535,228,15,2025-03-06,2025-03-17,Diabetes
7899,4416,69,8,2025-03-18,2026-08-14,Diabetes
7900,288,50,4,2025-09-09,2026-07-22,Fracture
7901,240,22,20,2025-09-05,2025-12-12,Stroke
7902,4517,233,18,2026-07-15,2026-07-20,Covid
7903,1657,139,11,2026-02-16,2026-04-15,Asthma
7904,688,42,3,2025-03-01,2026-03-17,Hypertension
7905,3315,111,3,2025-06-05,2026-07-29,Stroke
7906,2170,13,19,2024-11-27,2026-07-17,Covid
7907,2256,154,12,2024-10-22,2025-04-25,Fracture
7908,1658,29,5,2024-09-03,2025-07-19,Kidney Stones
7909,4229,2,13,2026-05-20,2026-07-14,Kidney Stones
7910,1118,155,12,2026-05-19,2026-07-23,Asthma
7911,2788,18,16,2024-12-02,2025-10-03,Kidney Stones
7912,4731,199,1,2025-04-29,2026-03-27,Kidney Stones
7913,2141,4,13,2026-07-13,2026-08-13,Pneumonia
7914,1118,12,17,2026-06-22,2026-07-24,Diabetes
7915,4804,51,5,2026-06-17,2026-07-17,Covid
7916,3197,139,1,2025-01-12,2026-02-02,Covid
7917,2464,144,2,2026-04-11,2026-07-06,Cancer
7918,428,52,7,2025-03-22,2025-07-11,Hypertension
7919,3028,118,13,2025-11-15,2026-03-03,Asthma
7920,2532,87,10,2026-07-27,2026-08-01,Asthma
7921,1265,37,4,2024-08-10,2026-08-09,Stroke
7922,4791,242,11,2025-05-01,2026-07-06,Stroke
7923,1145,185,2,2024-10-05,2025-05-23,Fracture
7924,3867,70,11,2026-06-10,2026-07-17,Migraine
7925,524,208,18,2025-03-16,2025-06-18,Migraine
7926,4068,140,10,2024-08-14,2026-02-05,Pneumonia
7927,1887,6,17,2024-11-08,2026-05-03,Hypertension
7928,3761,103,1,2024-08-28,2025-11-25,Asthma
7929,1566,84,14,2025-06-10,2026-04-26,Cancer
7930,4914,110,10,2024-12-17,2025-07-19,Hypertension
7931,832,170,17,2026-05-07,2026-06-08,Pneumonia
7932,3831,191,10,2024-09-10,2026-06-27,Asthma
7933,3567,1,16,2024-09-19,2025-09-21,Pneumonia
7934,86,233,5,2025-12-30,2026-07-31,Covid
7935,484,237,5,2026-06-04,2026-06-17,Stroke
7936,4452,143,8,2025-01-05,2025-04-24,Pneumonia
7937,810,243,12,2026-05-28,2026-08-02,Covid
7938,3005,219,12,2025-05-27,2025-12-29,Pneumonia
7939,980,196,9,2024-10-25,2026-04-29,Hypertension
7940,1086,221,17,2024-11-17,2025-03-05,Kidney Stones
7941,3218,138,14,2024-11-13,2026-03-07,Migraine
7942,1010,247,16,2025-01-05,2025-07-20,Diabetes
7943,1276,170,17,2024-08-19,2026-07-07,Pneumonia
7944,858,121,20,2025-10-16,2025-11-07,Pneumonia
7945,2025,117,4,2025-08-27,2025-10-26,Diabetes
7946,1591,45,17,2025-11-21,2026-08-02,Diabetes
7947,3618,127,9,2025-05-11,2026-08-10,Stroke
7948,1789,33,8,2024-12-28,2025-07-17,Fracture
7949,4662,74,13,2026-05-02,2026-07-23,Migraine
7950,2423,64,15,2024-09-21,2024-12-20,Stroke
7951,4925,225,5,2025-07-16,2026-08-09,Asthma
7952,4038,149,9,2026-01-09,2026-07-21,Asthma
7953,1320,208,6,2025-09-08,2026-07-09,Diabetes
7954,569,30,20,2025-01-25,2025-07-05,Asthma
7955,4344,96,14,2026-06-18,2026-07-24,Covid
7956,3760,115,6,2025-08-29,2026-08-04,Covid
7957,469,169,13,2025-11-06,2026-04-04,Migraine
7958,3883,118,1,2026-02-24,2026-06-07,Stroke
7959,3199,99,1,2025-09-09,2026-08-01,Covid
7960,3255,88,8,2025-04-06,2026-06-01,Cancer
7961,1771,21,8,2025-07-23,2025-08-27,Stroke
7962,1748,90,2,2025-01-05,2025-09-07,Covid
7963,463,223,2,2025-08-09,2026-02-10,Stroke
7964,2441,65,16,2025-07-09,2026-01-22,Fracture
7965,1455,226,13,2026-06-11,2026-06-26,Hypertension
7966,3492,77,14,2025-07-30,2025-10-21,Pneumonia
7967,3017,46,1,2024-12-06,2026-07-20,Covid
7968,2794,3,17,2024-11-22,2025-05-30,Migraine
7969,2896,41,2,2025-05-25,2026-07-05,Cancer
7970,3107,183,20,2025-03-25,2026-02-02,Hypertension
7971,3917,248,10,2024-09-21,2024-11-05,Pneumonia
7972,2374,145,18,2024-12-28,2025-05-19,Cancer
7973,3063,74,3,2025-09-19,2025-11-15,Hypertension
7974,1474,55,6,2026-04-28,2026-07-31,Covid
7975,4339,101,18,2025-07-17,2026-06-08,Asthma
7976,828,203,3,2025-01-12,2025-12-27,Pneumonia
7977,1206,154,1,2025-12-08,2026-03-21,Stroke
7978,610,134,6,2025-04-14,2025-11-22,Stroke
7979,2537,113,17,2025-07-21,2026-02-05,Hypertension
7980,264,151,16,2024-12-31,2026-07-28,Kidney Stones
7981,2511,40,17,2025-11-21,2026-01-16,Asthma
7982,645,98,7,2024-11-29,2025-10-19,Stroke
7983,577,3,10,2026-08-05,2026-08-09,Asthma
7984,1429,93,3,2025-03-31,2026-07-02,Cancer
7985,843,81,19,2026-02-05,2026-04-12,Stroke
7986,1982,2,13,2024-12-29,2025-12-16,Pneumonia
7987,2643,90,8,2024-11-22,2025-04-15,Hypertension
7988,124,228,5,2024-11-08,2025-11-15,Asthma
7989,4389,242,16,2025-01-15,2025-01-16,Diabetes
7990,2469,64,9,2024-12-03,2026-01-19,Stroke
7991,461,187,13,2025-07-02,2025-08-10,Asthma
7992,2243,183,7,2025-08-05,2026-02-15,Cancer
7993,2046,183,20,2025-08-09,2025-08-22,Cancer
7994,1141,199,3,2024-10-28,2024-12-08,Pneumonia
7995,4484,124,9,2025-07-04,2026-04-11,Covid
7996,1215,228,12,2024-09-23,2026-02-12,Asthma
7997,168,117,1,2024-12-16,2025-07-09,Covid
7998,1950,206,6,2026-06-15,2026-07-07,Pneumonia
7999,162,113,11,2026-02-01,2026-03-17,Asthma
8000,3530,123,19,2026-06-09,2026-07-14,Hypertension
8001,2815,216,6,2025-11-29,2026-06-23,Covid
8002,585,48,17,2024-10-18,2025-11-22,Cancer
8003,633,147,11,2026-01-03,2026-08-10,Hypertension
8004,486,155,4,2025-07-22,2026-04-05,Covid
8005,2090,200,14,2025-11-01,2026-07-17,Stroke
8006,1919,106,18,2025-02-24,2025-06-28,Hypertension
8007,3778,176,9,2024-12-07,2025-05-17,Diabetes
8008,4914,51,12,2024-12-30,2025-04-08,Cancer
8009,1367,224,14,2025-07-09,2026-04-21,Hypertension
8010,1988,47,17,2025-07-06,2025-07-10,Pneumonia
8011,4301,66,2,2025-10-07,2025-10-10,Diabetes
8012,2425,8,16,2026-04-14,2026-07-12,Kidney Stones
8013,4729,158,11,2026-06-28,2026-08-14,Kidney Stones
8014,3722,129,6,2025-11-10,2026-06-21,Cancer
8015,4875,134,17,2026-07-10,2026-08-10,Cancer
8016,4923,204,9,2026-04-02,2026-05-16,Asthma
8017,1416,170,5,2025-05-31,2026-02-16,Fracture
8018,4548,200,12,2026-02-21,2026-05-08,Pneumonia
8019,940,160,10,2025-04-22,2026-06-05,Covid
8020,71,139,13,2026-05-26,2026-05-31,Covid
8021,2306,163,13,2025-05-30,2026-01-13,Diabetes
8022,4593,157,15,2025-07-13,2025-12-26,Kidney Stones
8023,4470,231,6,2025-05-07,2025-09-13,Kidney Stones
8024,4748,186,13,2025-01-01,2026-03-20,Diabetes
8025,1143,60,5,2026-04-30,2026-05-23,Asthma
8026,519,69,14,2026-01-05,2026-05-09,Fracture
8027,1800,208,17,2024-10-02,2025-03-15,Kidney Stones
8028,739,68,19,2025-07-12,2026-01-24,Asthma
8029,2899,192,19,2025-08-03,2025-11-05,Kidney Stones
8030,4481,229,7,2025-10-16,2025-11-14,Pneumonia
8031,3164,221,7,2026-02-11,2026-03-25,Diabetes
8032,1870,109,5,2025-05-28,2026-03-31,Fracture
8033,1405,158,11,2026-04-27,2026-05-22,Covid
8034,3707,163,9,2024-12-13,2024-12-27,Stroke
8035,3696,250,17,2026-06-21,2026-06-26,Asthma
8036,2311,24,4,2026-02-22,2026-08-14,Hypertension
8037,3284,189,16,2025-05-07,2025-07-27,Stroke
8038,2743,62,3,2025-04-27,2026-07-12,Hypertension
8039,3175,128,14,2025-05-31,2025-12-21,Diabetes
8040,1803,143,12,2025-12-15,2026-04-14,Stroke
8041,2209,184,2,2025-02-04,2026-02-03,Asthma
8042,1433,134,16,2025-03-30,2026-04-16,Stroke
8043,328,105,2,2024-12-29,2026-03-03,Kidney Stones
8044,45,57,9,2025-09-04,2026-02-28,Covid
8045,1788,88,14,2025-07-10,2025-11-16,Diabetes
8046,272,59,9,2025-11-01,2025-12-11,Hypertension
8047,2370,244,10,2026-06-19,2026-07-03,Asthma
8048,1769,112,9,2025-02-28,2025-03-30,Asthma
8049,2627,216,17,2025-11-22,2026-01-06,Fracture
8050,2749,103,1,2025-11-15,2026-01-06,Migraine
8051,2970,169,7,2025-03-05,2026-01-17,Hypertension
8052,1226,156,20,2025-06-22,2026-07-11,Asthma
8053,3300,246,9,2025-05-25,2026-02-19,Kidney Stones
8054,3670,159,10,2026-07-09,2026-08-09,Asthma
8055,2018,237,2,2025-11-03,2026-06-23,Migraine
8056,4131,49,17,2026-07-15,2026-07-20,Kidney Stones
8057,2706,167,7,2026-06-24,2026-08-15,Diabetes
8058,3664,60,7,2026-02-18,2026-08-16,Kidney Stones
8059,81,76,20,2025-08-29,2026-08-13,Asthma
8060,4363,134,18,2025-05-12,2026-06-20,Covid
8061,3417,206,12,2025-02-20,2025-09-29,Fracture
8062,4479,124,3,2026-07-06,2026-08-10,Diabetes
8063,864,162,6,2025-02-23,2026-07-19,Cancer
8064,2205,236,12,2025-03-03,2025-11-13,Pneumonia
8065,489,226,6,2026-04-28,2026-07-19,Diabetes
8066,3031,146,16,2026-04-01,2026-05-27,Fracture
8067,3084,103,20,2025-01-04,2026-05-24,Kidney Stones
8068,3615,58,19,2026-06-06,2026-08-13,Kidney Stones
8069,2190,134,5,2026-04-05,2026-05-29,Diabetes
8070,3429,196,9,2025-01-05,2025-03-26,Stroke
8071,2134,182,10,2025-02-19,2026-03-26,Fracture
8072,2482,164,17,2025-02-03,2025-03-27,Kidney Stones
8073,4959,18,12,2024-10-05,2026-04-10,Kidney Stones
8074,1323,176,19,2026-02-26,2026-08-01,Hypertension
8075,3635,99,12,2025-02-27,2025-03-24,Pneumonia
8076,4808,159,18,2025-11-07,2026-02-13,Covid
8077,4481,155,10,2025-05-01,2025-11-21,Fracture
8078,269,86,20,2025-02-19,2025-06-13,Asthma
8079,799,226,2,2026-03-24,2026-08-06,Covid
8080,2838,142,9,2025-07-09,2025-08-27,Hypertension
8081,460,29,2,2026-02-12,2026-02-17,Migraine
8082,3557,71,1,2026-06-13,2026-08-06,Stroke
8083,211,195,12,2026-01-30,2026-05-29,Stroke
8084,271,182,13,2024-09-27,2025-04-19,Diabetes
8085,2090,18,10,2025-10-25,2026-08-16,Asthma
8086,122,100,6,2025-02-06,2025-12-01,Pneumonia
8087,1122,1,18,2025-06-22,2026-06-25,Hypertension
8088,356,204,8,2024-10-12,2025-09-12,Migraine
8089,2996,133,18,2025-06-21,2026-02-14,Diabetes
8090,1355,46,8,2026-05-18,2026-07-12,Hypertension
8091,1790,31,8,2025-10-08,2026-02-21,Cancer
8092,431,160,16,2025-12-15,2026-07-27,Pneumonia
8093,878,66,9,2025-12-28,2026-04-24,Migraine
8094,490,122,12,2025-10-03,2026-03-20,Fracture
8095,3611,68,19,2025-02-12,2025-06-21,Diabetes
8096,4160,2,8,2025-11-13,2026-03-27,Stroke
8097,3289,228,18,2024-11-28,2025-03-17,Kidney Stones
8098,2308,246,3,2024-10-04,2025-04-07,Asthma
8099,1152,235,19,2025-08-15,2026-07-21,Migraine
8100,4029,206,7,2024-09-20,2025-07-31,Stroke
8101,3738,113,4,2024-11-26,2026-07-06,Diabetes
8102,2053,163,20,2024-09-26,2026-06-17,Stroke
8103,709,200,15,2024-12-03,2025-03-04,Stroke
8104,2151,43,20,2025-11-16,2025-12-28,Stroke
8105,1334,114,11,2025-07-24,2026-01-25,Pneumonia
8106,432,72,15,2026-03-25,2026-03-30,Fracture
8107,2318,149,13,2025-02-11,2025-03-29,Diabetes
8108,572,50,18,2025-02-03,2026-03-18,Migraine
8109,300,99,6,2026-07-16,2026-08-08,Fracture
8110,177,56,14,2026-04-06,2026-04-24,Asthma
8111,2682,167,11,2026-07-18,2026-07-26,Diabetes
8112,4637,123,10,2025-07-29,2026-01-24,Pneumonia
8113,2237,229,8,2026-02-16,2026-05-01,Stroke
8114,1502,95,9,2025-05-24,2026-07-14,Fracture
8115,740,109,1,2025-06-08,2025-10-21,Hypertension
8116,751,7,2,2025-11-05,2026-08-05,Asthma
8117,12,65,4,2025-07-31,2026-01-23,Asthma
8118,773,128,14,2025-02-25,2026-05-04,Asthma
8119,2297,230,5,2025-01-28,2026-08-04,Diabetes
8120,3459,134,19,2026-05-01,2026-05-30,Diabetes
8121,4445,48,12,2025-04-10,2025-08-24,Hypertension
8122,2629,113,5,2026-01-05,2026-05-24,Fracture
8123,2477,34,16,2025-10-19,2026-04-05,Diabetes
8124,689,44,12,2025-08-08,2026-07-13,Hypertension
8125,1671,186,8,2025-03-29,2025-04-08,Kidney Stones
8126,4874,170,13,2026-03-20,2026-05-02,Hypertension
8127,1444,108,14,2025-06-19,2026-05-21,Kidney Stones
8128,4534,187,8,2025-09-29,2025-12-24,Hypertension
8129,1687,239,17,2024-09-05,2026-05-28,Cancer
8130,4421,39,3,2024-10-29,2025-03-06,Kidney Stones
8131,100,19,20,2024-10-01,2025-01-09,Stroke
8132,1525,174,16,2025-10-27,2026-03-21,Covid
8133,3067,223,7,2026-01-08,2026-03-19,Fracture
8134,2718,109,16,2025-11-25,2025-12-07,Covid
8135,257,85,20,2025-05-15,2026-08-06,Kidney Stones
8136,2633,176,16,2025-03-02,2025-08-09,Covid
8137,3134,88,9,2025-06-24,2026-01-22,Asthma
8138,4381,2,12,2024-10-05,2025-10-10,Migraine
8139,3907,229,5,2025-01-04,2026-06-30,Asthma
8140,73,39,14,2024-11-01,2024-12-14,Diabetes
8141,4631,163,16,2024-10-21,2025-11-01,Asthma
8142,109,72,1,2026-05-02,2026-05-15,Covid
8143,4018,136,14,2024-12-31,2026-05-20,Hypertension
8144,1072,95,2,2025-06-25,2026-01-12,Hypertension
8145,4124,178,20,2026-06-30,2026-07-06,Kidney Stones
8146,108,83,7,2025-05-30,2026-06-09,Kidney Stones
8147,4032,91,13,2025-02-24,2025-09-27,Asthma
8148,871,192,3,2025-10-16,2026-05-13,Migraine
8149,4470,167,4,2025-11-18,2026-05-27,Hypertension
8150,2212,247,12,2025-02-03,2025-04-23,Diabetes
8151,2578,119,8,2025-11-24,2026-06-06,Fracture
8152,4178,120,17,2025-12-02,2026-02-24,Migraine
8153,2221,226,16,2025-12-09,2026-03-19,Asthma
8154,1506,219,14,2026-01-12,2026-03-27,Pneumonia
8155,4455,152,11,2024-09-11,2025-11-18,Stroke
8156,4179,102,13,2024-10-29,2025-05-14,Stroke
8157,1400,182,11,2025-03-12,2025-10-05,Diabetes
8158,2593,127,3,2026-02-27,2026-08-03,Fracture
8159,1096,221,11,2026-04-09,2026-06-08,Stroke
8160,1758,159,4,2024-10-01,2025-02-21,Covid
8161,96,52,5,2024-10-18,2024-11-16,Hypertension
8162,2057,23,18,2024-12-07,2025-04-29,Kidney Stones
8163,3583,224,13,2026-01-01,2026-06-02,Asthma
8164,1573,14,12,2024-11-14,2026-07-25,Pneumonia
8165,3361,183,4,2025-10-03,2026-04-30,Cancer
8166,4104,204,10,2025-06-14,2025-06-18,Kidney Stones
8167,2201,50,13,2024-10-13,2025-01-08,Migraine
8168,1191,70,18,2026-03-13,2026-03-15,Covid
8169,4584,232,5,2026-05-21,2026-06-04,Hypertension
8170,3355,240,14,2024-12-03,2026-04-10,Pneumonia
8171,1795,94,17,2025-03-12,2026-04-12,Stroke
8172,3412,110,2,2024-11-03,2024-11-05,Cancer
8173,2977,245,16,2025-04-29,2025-11-10,Asthma
8174,1393,184,14,2024-11-29,2026-03-22,Pneumonia
8175,3977,50,20,2025-09-06,2025-12-10,Cancer
8176,4009,30,8,2025-06-06,2025-10-02,Diabetes
8177,4692,110,8,2026-03-23,2026-05-03,Kidney Stones
8178,2920,194,20,2026-04-30,2026-08-16,Fracture
8179,1213,15,9,2025-05-23,2026-07-28,Migraine
8180,3187,70,19,2024-08-15,2024-09-12,Migraine
8181,3956,246,12,2025-06-02,2026-03-10,Diabetes
8182,547,10,18,2025-10-22,2026-03-26,Fracture
8183,602,196,7,2025-12-11,2026-07-03,Cancer
8184,125,241,3,2025-10-22,2026-03-14,Fracture
8185,4583,73,3,2025-08-16,2025-11-09,Fracture
8186,2367,219,20,2026-07-26,2026-08-09,Kidney Stones
8187,1511,20,8,2025-01-08,2025-04-22,Stroke
8188,1801,69,19,2024-12-16,2025-06-07,Pneumonia
8189,2635,92,19,2025-08-06,2026-06-24,Migraine
8190,4106,191,1,2025-02-17,2026-05-29,Fracture
8191,3916,178,15,2024-08-17,2025-12-25,Cancer
8192,3490,107,9,2024-12-11,2025-12-09,Covid
8193,4942,195,16,2025-10-08,2026-02-16,Stroke
8194,3988,137,9,2024-10-08,2025-03-16,Fracture
8195,3713,134,15,2024-10-22,2025-04-14,Migraine
8196,2671,178,7,2025-06-15,2025-11-10,Covid
8197,1609,45,18,2025-06-04,2025-10-27,Migraine
8198,3334,6,9,2025-03-28,2025-05-15,Asthma
8199,4739,158,12,2025-12-12,2026-02-01,Covid
8200,2438,65,16,2025-09-08,2026-03-20,Pneumonia
8201,3834,158,16,2024-10-30,2025-01-31,Fracture
8202,149,212,13,2025-08-23,2025-11-13,Hypertension
8203,910,123,10,2025-06-02,2026-07-25,Cancer
8204,893,29,19,2026-06-09,2026-08-10,Covid
8205,57,211,14,2026-05-31,2026-07-25,Covid
8206,4049,76,3,2026-02-25,2026-07-15,Hypertension
8207,262,153,5,2025-03-05,2026-07-09,Covid
8208,2804,224,20,2024-10-09,2025-11-29,Migraine
8209,4834,189,18,2024-11-11,2025-01-22,Hypertension
8210,4577,2,2,2025-05-25,2026-06-01,Fracture
8211,2660,1,17,2025-01-08,2026-04-26,Pneumonia
8212,1726,86,16,2025-06-14,2025-10-22,Hypertension
8213,4537,130,8,2024-12-29,2025-01-11,Migraine
8214,1093,22,13,2026-06-06,2026-06-22,Asthma
8215,1152,210,11,2025-03-28,2025-12-16,Asthma
8216,501,248,4,2026-06-25,2026-08-15,Fracture
8217,4938,61,5,2024-10-08,2025-02-24,Cancer
8218,789,129,17,2026-03-22,2026-06-05,Diabetes
8219,3540,210,17,2025-08-08,2026-02-08,Pneumonia
8220,963,205,3,2024-10-18,2024-12-14,Stroke
8221,4370,85,9,2026-06-18,2026-07-28,Cancer
8222,767,242,17,2025-02-12,2025-05-07,Diabetes
8223,3940,229,15,2025-06-09,2025-07-27,Kidney Stones
8224,1127,131,3,2025-06-28,2025-08-19,Asthma
8225,1318,204,11,2026-05-16,2026-06-18,Stroke
8226,1627,152,10,2025-09-13,2025-11-01,Asthma
8227,184,204,16,2026-06-20,2026-07-23,Fracture
8228,3217,164,17,2024-11-22,2026-06-21,Kidney Stones
8229,3926,210,17,2024-11-24,2025-08-28,Hypertension
8230,1554,172,19,2024-09-22,2025-08-03,Stroke
8231,310,234,7,2025-07-20,2025-11-17,Hypertension
8232,873,65,17,2025-07-06,2025-08-27,Covid
8233,3059,28,17,2026-06-21,2026-06-26,Stroke
8234,3914,98,19,2025-11-06,2026-06-23,Kidney Stones
8235,2174,6,5,2025-01-15,2025-09-13,Stroke
8236,4630,216,8,2026-04-03,2026-08-07,Cancer
8237,784,132,1,2026-07-02,2026-07-02,Cancer
8238,1458,8,8,2025-10-12,2026-01-25,Migraine
8239,2574,109,17,2024-12-01,2025-10-25,Fracture
8240,2132,99,8,2025-01-05,2026-07-26,Migraine
8241,4315,228,13,2026-08-05,2026-08-08,Stroke
8242,3130,206,4,2024-11-07,2025-12-10,Kidney Stones
8243,3801,179,9,2025-12-18,2026-07-20,Fracture
8244,2118,23,20,2025-11-21,2026-06-30,Kidney Stones
8245,1852,140,7,2024-09-26,2025-04-21,Cancer
8246,2412,138,11,2026-04-05,2026-04-20,Pneumonia
8247,4875,42,5,2026-03-30,2026-05-01,Asthma
8248,2983,2,1,2025-12-17,2026-05-03,Fracture
8249,1808,102,7,2024-09-26,2026-08-16,Fracture
8250,1174,234,3,2025-10-17,2026-04-06,Stroke
8251,2885,41,9,2025-05-11,2025-12-23,Diabetes
8252,2543,127,3,2025-01-23,2026-03-21,Pneumonia
8253,120,167,16,2025-04-23,2026-08-11,Hypertension
8254,229,192,4,2025-02-01,2026-08-05,Pneumonia
8255,2331,73,20,2025-08-29,2026-01-14,Kidney Stones
8256,427,138,17,2024-12-22,2025-06-14,Hypertension
8257,4788,43,19,2026-06-23,2026-07-21,Cancer
8258,2412,25,7,2025-05-08,2026-07-08,Cancer
8259,4857,236,7,2025-09-23,2025-11-30,Pneumonia
8260,3740,122,3,2025-02-04,2026-02-13,Stroke
8261,594,221,6,2025-07-07,2026-06-11,Covid
8262,882,18,6,2025-11-23,2026-05-29,Diabetes
8263,2306,39,20,2025-05-14,2025-11-24,Migraine
8264,4780,3,8,2026-03-28,2026-05-09,Pneumonia
8265,3483,222,2,2026-08-04,2026-08-07,Kidney Stones
8266,4900,177,6,2025-12-10,2026-08-16,Migraine
8267,710,72,13,2026-02-01,2026-07-23,Asthma
8268,2122,145,6,2025-11-21,2026-06-23,Cancer
8269,4363,105,9,2025-04-27,2025-07-03,Stroke
8270,1347,182,10,2025-06-20,2025-10-16,Asthma
8271,1235,22,11,2026-01-12,2026-03-28,Diabetes
8272,1625,237,20,2024-09-28,2025-03-30,Pneumonia
8273,4028,1,9,2026-06-17,2026-08-16,Covid
8274,4605,198,15,2024-09-02,2025-03-09,Pneumonia
8275,3952,144,13,2026-04-27,2026-08-16,Covid
8276,4540,18,2,2024-11-09,2025-09-02,Asthma
8277,639,138,20,2024-11-06,2026-07-21,Kidney Stones
8278,3119,241,13,2025-04-07,2025-08-17,Hypertension
8279,4332,45,9,2025-09-16,2025-11-28,Hypertension
8280,1254,241,16,2025-08-10,2026-01-16,Kidney Stones
8281,4007,24,8,2025-12-23,2026-07-01,Pneumonia
8282,3534,221,19,2025-01-31,2025-04-29,Stroke
8283,3818,120,3,2026-03-29,2026-04-30,Asthma
8284,1386,127,7,2025-03-03,2026-03-10,Fracture
8285,2872,222,3,2026-07-25,2026-08-05,Diabetes
8286,1154,51,3,2024-09-20,2024-11-28,Stroke
8287,1045,220,11,2025-07-11,2026-03-22,Asthma
8288,753,148,12,2025-10-31,2026-03-05,Migraine
8289,3526,28,5,2026-07-07,2026-07-19,Pneumonia
8290,2674,241,14,2024-10-02,2025-12-12,Cancer
8291,1605,55,20,2026-06-03,2026-08-16,Kidney Stones
8292,1247,191,6,2025-04-23,2026-03-19,Stroke
8293,1056,146,20,2024-09-12,2025-08-10,Pneumonia
8294,726,124,7,2025-04-15,2025-09-29,Pneumonia
8295,2935,240,20,2025-08-07,2026-05-10,Hypertension
8296,4581,106,3,2026-07-30,2026-08-13,Fracture
8297,168,27,9,2024-11-02,2025-02-28,Migraine
8298,1295,47,18,2025-12-04,2026-05-13,Stroke
8299,4058,3,15,2025-05-03,2026-06-29,Kidney Stones
8300,2403,109,11,2025-07-22,2025-09-30,Migraine
8301,2982,118,3,2025-03-26,2025-11-15,Stroke
8302,70,120,19,2024-10-24,2026-06-27,Hypertension
8303,976,135,6,2024-10-15,2026-04-11,Kidney Stones
8304,3012,121,16,2025-08-20,2025-09-15,Pneumonia
8305,53,169,17,2026-02-24,2026-05-05,Migraine
8306,3342,213,8,2026-01-12,2026-06-28,Fracture
8307,1233,63,20,2026-03-29,2026-05-02,Cancer
8308,3252,140,15,2025-09-20,2026-05-06,Migraine
8309,1785,38,1,2025-10-08,2026-04-10,Pneumonia
8310,2058,126,19,2024-12-04,2026-03-28,Pneumonia
8311,1995,109,15,2026-08-02,2026-08-04,Hypertension
8312,1832,102,8,2025-10-17,2025-12-19,Stroke
8313,3658,197,5,2026-03-30,2026-05-15,Hypertension
8314,1880,174,17,2026-04-14,2026-06-30,Covid
8315,1769,126,18,2025-09-26,2026-05-12,Covid
8316,3718,144,2,2025-09-22,2026-03-27,Asthma
8317,750,21,12,2025-08-10,2026-07-22,Migraine
8318,11,1,19,2026-07-20,2026-07-24,Cancer
8319,1680,102,11,2024-12-25,2025-06-23,Hypertension
8320,3562,205,14,2025-07-10,2026-01-31,Stroke
8321,2423,26,8,2026-05-05,2026-05-13,Kidney Stones
8322,3840,135,1,2025-02-06,2025-10-11,Migraine
8323,182,115,6,2025-01-07,2025-02-23,Hypertension
8324,3803,236,16,2025-02-21,2026-02-21,Diabetes
8325,4323,168,14,2025-11-19,2026-02-25,Covid
8326,1862,174,17,2026-04-01,2026-05-13,Cancer
8327,3576,165,5,2025-10-22,2026-04-27,Hypertension
8328,1206,242,17,2025-10-26,2026-02-25,Fracture
8329,1375,28,16,2025-06-13,2025-09-23,Migraine
8330,1846,155,4,2026-02-23,2026-04-16,Kidney Stones
8331,3913,117,12,2024-08-16,2026-03-10,Pneumonia
8332,2023,232,4,2025-05-30,2026-02-19,Cancer
8333,3530,226,15,2025-09-25,2026-03-01,Stroke
8334,802,201,19,2025-07-12,2025-09-30,Hypertension
8335,1287,81,7,2025-01-03,2025-03-04,Pneumonia
8336,1143,120,3,2025-03-29,2025-11-27,Hypertension
8337,1330,207,6,2026-04-03,2026-06-10,Covid
8338,4165,229,17,2025-08-10,2026-02-19,Kidney Stones
8339,3379,171,1,2025-11-26,2026-06-26,Pneumonia
8340,4685,165,10,2025-01-28,2026-01-20,Migraine
8341,1165,227,12,2024-09-01,2024-11-16,Kidney Stones
8342,638,248,8,2024-11-20,2025-06-10,Covid
8343,2878,31,18,2025-01-17,2025-04-18,Fracture
8344,3482,36,8,2025-04-28,2025-06-26,Covid
8345,4512,61,19,2026-05-26,2026-07-21,Pneumonia
8346,2304,183,4,2025-08-13,2026-04-29,Covid
8347,2498,178,8,2025-07-20,2025-12-18,Diabetes
8348,497,166,3,2026-07-10,2026-07-10,Covid
8349,3263,210,16,2025-07-03,2026-02-17,Hypertension
8350,3584,94,10,2025-02-18,2025-08-18,Pneumonia
8351,632,128,3,2026-05-09,2026-06-21,Migraine
8352,2516,240,17,2025-11-14,2026-06-03,Migraine
8353,1424,203,3,2025-10-18,2026-07-01,Covid
8354,2669,240,20,2025-07-04,2026-08-09,Hypertension
8355,3226,125,2,2024-12-25,2025-11-06,Fracture
8356,2035,63,7,2025-10-21,2026-07-07,Pneumonia
8357,1070,196,2,2026-05-01,2026-06-29,Fracture
8358,4774,179,9,2024-11-22,2026-06-09,Kidney Stones
8359,1980,167,16,2025-08-28,2025-10-21,Stroke
8360,717,227,19,2026-02-09,2026-05-29,Covid
8361,4837,179,6,2025-04-03,2026-08-11,Covid
8362,1411,89,4,2026-01-29,2026-04-04,Kidney Stones
8363,4227,88,5,2026-02-03,2026-08-05,Pneumonia
8364,2729,129,7,2026-04-05,2026-06-25,Asthma
8365,4032,61,8,2026-01-27,2026-05-30,Diabetes
8366,4183,115,6,2025-02-05,2025-05-18,Kidney Stones
8367,4043,20,15,2025-01-02,2026-03-29,Stroke
8368,4097,236,12,2026-02-09,2026-06-21,Kidney Stones
8369,2153,114,11,2026-02-25,2026-07-08,Fracture
8370,3763,176,8,2024-08-27,2025-06-30,Asthma
8371,4341,127,3,2025-05-11,2025-09-27,Fracture
8372,1961,132,5,2025-04-29,2025-12-31,Diabetes
8373,3421,230,11,2024-11-19,2026-07-22,Diabetes
8374,885,70,20,2025-01-08,2025-09-26,Pneumonia
8375,3703,197,4,2024-12-09,2025-08-16,Asthma
8376,2032,58,16,2025-01-20,2026-08-14,Diabetes
8377,2771,30,8,2024-08-15,2025-09-10,Fracture
8378,3058,94,18,2025-11-01,2026-07-29,Pneumonia
8379,2901,87,13,2026-01-17,2026-03-10,Fracture
8380,4222,83,6,2025-01-31,2025-02-24,Stroke
8381,1426,37,19,2026-01-01,2026-01-20,Covid
8382,4015,166,6,2026-05-27,2026-08-13,Kidney Stones
8383,4798,167,14,2024-12-18,2026-05-20,Covid
8384,4576,131,16,2025-02-10,2025-07-22,Asthma
8385,3866,23,11,2026-05-30,2026-06-08,Pneumonia
8386,251,244,3,2024-12-24,2026-02-11,Pneumonia
8387,1635,151,1,2026-01-19,2026-01-29,Covid
8388,4100,183,7,2024-12-28,2025-11-06,Hypertension
8389,2284,211,6,2026-07-08,2026-07-30,Fracture
8390,801,98,3,2025-12-07,2026-04-24,Migraine
8391,2942,136,10,2025-12-17,2026-06-15,Migraine
8392,1087,166,4,2024-08-21,2025-05-14,Asthma
8393,3728,49,13,2025-08-15,2026-05-08,Cancer
8394,4036,71,7,2025-08-15,2026-08-08,Asthma
8395,3805,78,2,2024-09-22,2025-01-15,Hypertension
8396,474,24,19,2025-07-27,2026-03-19,Hypertension
8397,3031,72,15,2024-11-02,2026-01-18,Diabetes
8398,4841,152,2,2025-07-23,2026-03-01,Cancer
8399,4053,139,7,2026-05-01,2026-05-20,Kidney Stones
8400,3944,121,20,2026-06-03,2026-06-20,Kidney Stones
8401,2856,131,4,2025-11-24,2026-05-14,Fracture
8402,1677,225,7,2025-03-04,2026-05-26,Stroke
8403,4984,199,5,2026-07-25,2026-08-16,Pneumonia
8404,1240,234,20,2026-01-11,2026-08-02,Pneumonia
8405,751,132,9,2024-10-11,2025-01-15,Pneumonia
8406,1255,162,6,2024-09-19,2025-01-29,Cancer
8407,378,60,10,2026-07-16,2026-07-31,Asthma
8408,2271,231,13,2025-03-20,2025-11-18,Cancer
8409,4723,72,12,2024-11-07,2026-04-29,Migraine
8410,2526,121,19,2026-02-16,2026-05-13,Kidney Stones
8411,4934,174,17,2026-04-24,2026-08-05,Diabetes
8412,3899,212,8,2025-12-20,2026-03-16,Hypertension
8413,4287,7,14,2025-01-14,2025-05-27,Covid
8414,1936,207,13,2026-07-24,2026-08-15,Migraine
8415,1261,238,15,2024-08-25,2025-04-26,Cancer
8416,1559,72,18,2025-10-23,2025-11-20,Diabetes
8417,96,225,12,2025-07-06,2026-06-27,Hypertension
8418,957,55,12,2026-04-24,2026-08-11,Migraine
8419,2892,81,18,2026-04-05,2026-04-12,Migraine
8420,1550,28,14,2025-01-30,2026-02-24,Migraine
8421,4317,213,9,2026-03-30,2026-08-07,Pneumonia
8422,3646,246,6,2026-04-12,2026-05-17,Kidney Stones
8423,278,126,7,2025-11-10,2026-01-09,Hypertension
8424,2778,154,16,2025-06-03,2026-05-10,Cancer
8425,2010,122,14,2025-10-12,2025-10-20,Asthma
8426,709,160,11,2025-08-20,2026-02-21,Diabetes
8427,2175,168,11,2025-07-28,2026-03-07,Migraine
8428,686,189,3,2025-05-13,2025-10-29,Cancer
8429,313,220,15,2024-11-09,2025-08-24,Covid
8430,716,112,8,2024-11-24,2026-01-13,Pneumonia
8431,4443,153,9,2026-06-10,2026-07-06,Cancer
8432,3426,144,3,2024-08-23,2025-04-30,Asthma
8433,1139,5,7,2024-11-17,2025-06-25,Cancer
8434,2996,111,12,2025-11-07,2026-07-30,Hypertension
8435,4046,130,16,2024-12-02,2025-06-30,Hypertension
8436,2196,154,3,2024-10-20,2025-08-29,Pneumonia
8437,1239,217,13,2025-11-25,2026-07-19,Diabetes
8438,1231,118,9,2024-10-27,2025-06-23,Migraine
8439,3137,231,8,2024-12-05,2025-11-26,Migraine
8440,4202,208,13,2025-02-16,2025-10-17,Hypertension
8441,1379,2,13,2026-07-07,2026-08-04,Kidney Stones
8442,829,112,11,2024-11-14,2025-10-30,Asthma
8443,2237,147,20,2024-08-19,2026-04-24,Asthma
8444,1298,249,18,2026-03-29,2026-06-11,Diabetes
8445,3149,245,12,2025-01-06,2025-05-17,Migraine
8446,3454,52,11,2026-07-18,2026-08-02,Hypertension
8447,1954,161,2,2025-04-30,2025-08-07,Migraine
8448,4220,74,16,2026-07-29,2026-08-06,Fracture
8449,2659,121,13,2025-07-02,2026-04-28,Covid
8450,2411,233,8,2025-05-18,2025-08-10,Asthma
8451,4176,33,16,2026-08-03,2026-08-11,Pneumonia
8452,3076,144,18,2025-12-15,2026-08-03,Diabetes
8453,1211,88,19,2025-12-18,2026-01-19,Hypertension
8454,105,182,19,2025-10-01,2025-12-21,Fracture
8455,4202,247,8,2024-09-03,2026-07-22,Kidney Stones
8456,4323,113,3,2026-01-01,2026-07-07,Kidney Stones
8457,3979,179,18,2026-03-27,2026-07-03,Asthma
8458,3868,129,8,2026-05-07,2026-06-17,Fracture
8459,578,127,4,2026-07-27,2026-08-04,Cancer
8460,734,152,16,2026-02-22,2026-06-10,Migraine
8461,221,181,4,2025-11-05,2026-04-09,Pneumonia
8462,4905,137,16,2025-09-04,2025-10-10,Migraine
8463,3179,205,12,2025-03-15,2026-07-19,Cancer
8464,2077,34,16,2025-06-06,2026-05-16,Pneumonia
8465,1385,86,2,2026-07-09,2026-07-21,Migraine
8466,1890,186,17,2024-08-12,2024-08-15,Pneumonia
8467,652,176,14,2026-01-14,2026-04-20,Migraine
8468,3472,248,11,2025-05-21,2025-06-23,Fracture
8469,3442,146,19,2025-01-19,2025-06-07,Kidney Stones
8470,2163,139,7,2026-04-30,2026-05-20,Covid
8471,2038,234,12,2025-12-13,2026-05-19,Hypertension
8472,2431,230,7,2025-01-04,2026-04-23,Asthma
8473,2016,217,14,2024-12-23,2024-12-23,Kidney Stones
8474,4967,103,4,2025-08-22,2025-09-12,Stroke
8475,4200,34,8,2025-09-20,2026-06-03,Stroke
8476,4349,71,4,2024-10-22,2025-08-09,Asthma
8477,339,179,7,2025-03-26,2026-07-21,Hypertension
8478,1746,11,18,2025-09-23,2026-07-16,Migraine
8479,918,238,18,2025-05-05,2026-04-08,Diabetes
8480,4024,225,17,2025-09-19,2026-03-28,Asthma
8481,3738,2,3,2025-10-31,2026-03-14,Cancer
8482,2659,9,10,2025-01-07,2026-02-19,Diabetes
8483,2267,175,3,2025-03-31,2026-03-09,Hypertension
8484,197,83,4,2026-04-20,2026-05-31,Stroke
8485,3393,245,8,2026-02-25,2026-04-28,Pneumonia
8486,4728,165,9,2026-03-19,2026-05-09,Asthma
8487,2547,111,3,2025-12-28,2026-03-28,Stroke
8488,1402,80,19,2026-01-07,2026-07-23,Diabetes
8489,1977,231,13,2024-10-18,2025-03-22,Pneumonia
8490,2263,142,2,2024-09-22,2026-05-23,Stroke
8491,4491,129,7,2026-05-30,2026-08-10,Asthma
8492,4215,250,9,2025-11-05,2026-05-11,Fracture
8493,2312,197,16,2024-10-09,2026-03-16,Covid
8494,2756,19,16,2025-03-14,2025-09-05,Pneumonia
8495,3220,72,10,2025-04-25,2026-08-13,Asthma
8496,4969,56,5,2025-11-12,2026-06-29,Asthma
8497,1238,14,19,2025-08-05,2025-12-05,Migraine
8498,3916,187,3,2024-09-19,2026-01-12,Pneumonia
8499,571,119,4,2026-01-05,2026-04-20,Diabetes
8500,2822,65,14,2026-05-16,2026-06-06,Cancer
8501,4823,52,14,2026-06-09,2026-07-30,Pneumonia
8502,2497,247,8,2025-05-09,2026-03-27,Kidney Stones
8503,2758,215,8,2024-08-10,2025-07-19,Hypertension
8504,4816,133,16,2025-09-13,2026-07-04,Diabetes
8505,436,106,12,2025-06-13,2026-02-25,Covid
8506,1170,130,3,2024-08-20,2026-06-28,Kidney Stones
8507,3952,108,12,2025-08-07,2025-08-27,Hypertension
8508,404,250,10,2026-04-18,2026-07-15,Migraine
8509,4993,7,9,2024-08-16,2026-04-13,Cancer
8510,3848,140,14,2026-03-23,2026-05-31,Pneumonia
8511,271,87,3,2025-05-30,2026-07-12,Migraine
8512,559,106,8,2024-09-04,2026-01-25,Migraine
8513,2569,222,12,2024-11-15,2025-12-18,Asthma
8514,3736,104,11,2026-02-04,2026-05-22,Fracture
8515,475,28,18,2025-06-07,2025-06-14,Kidney Stones
8516,684,213,20,2026-04-29,2026-08-05,Migraine
8517,995,166,18,2024-12-01,2026-01-20,Hypertension
8518,2519,210,12,2026-05-07,2026-05-19,Diabetes
8519,4366,194,18,2024-12-23,2025-02-21,Diabetes
8520,2297,122,16,2024-08-19,2025-03-24,Kidney Stones
8521,2614,75,10,2026-06-01,2026-06-25,Cancer
8522,1161,142,1,2024-12-14,2026-01-15,Hypertension
8523,1054,244,15,2024-08-23,2024-09-09,Covid
8524,4037,41,11,2026-06-10,2026-07-29,Fracture
8525,2057,206,5,2024-11-24,2025-05-03,Pneumonia
8526,109,93,18,2025-07-09,2025-08-12,Pneumonia
8527,4460,123,1,2025-07-28,2026-06-29,Pneumonia
8528,1485,67,16,2025-07-30,2026-04-10,Fracture
8529,2120,214,6,2025-06-23,2026-05-17,Pneumonia
8530,3606,144,6,2025-09-01,2025-12-27,Kidney Stones
8531,3090,39,19,2025-01-22,2025-03-02,Covid
8532,3849,96,13,2025-12-15,2026-01-02,Asthma
8533,786,18,3,2025-11-14,2026-05-25,Fracture
8534,730,27,4,2025-01-19,2025-07-20,Stroke
8535,631,234,1,2026-01-25,2026-05-17,Cancer
8536,3851,3,10,2025-03-21,2026-05-31,Cancer
8537,4393,98,4,2025-03-20,2026-03-11,Asthma
8538,244,35,12,2024-10-06,2026-01-25,Migraine
8539,461,117,18,2025-02-10,2025-06-04,Fracture
8540,4402,135,13,2025-01-14,2025-03-23,Cancer
8541,1726,9,7,2026-03-21,2026-03-31,Asthma
8542,2729,7,13,2025-08-03,2026-06-09,Diabetes
8543,3633,232,11,2025-07-18,2026-05-28,Pneumonia
8544,2637,233,8,2026-07-10,2026-07-29,Diabetes
8545,941,197,9,2026-01-19,2026-05-31,Migraine
8546,3792,44,5,2024-10-11,2025-03-15,Kidney Stones
8547,4750,200,8,2025-07-12,2025-09-29,Kidney Stones
8548,1028,124,16,2026-07-16,2026-07-28,Migraine
8549,4350,182,3,2025-05-21,2026-07-23,Pneumonia
8550,1788,206,18,2025-08-02,2026-08-11,Hypertension
8551,4275,66,10,2026-04-16,2026-05-12,Cancer
8552,4717,136,19,2025-04-17,2025-04-26,Hypertension
8553,2646,169,18,2025-04-16,2025-05-15,Hypertension
8554,1322,10,15,2025-03-26,2025-08-27,Migraine
8555,4406,15,8,2025-01-02,2025-02-18,Kidney Stones
8556,2634,15,7,2025-10-19,2026-01-26,Asthma
8557,2489,56,12,2025-10-29,2026-03-28,Covid
8558,1179,112,2,2026-05-26,2026-05-30,Fracture
8559,682,77,7,2025-04-27,2025-11-01,Covid
8560,3194,242,20,2024-12-02,2025-09-21,Pneumonia
8561,2788,230,11,2025-08-14,2026-01-08,Kidney Stones
8562,4437,97,2,2025-12-19,2026-02-17,Diabetes
8563,410,90,20,2026-06-11,2026-06-17,Fracture
8564,4782,127,17,2024-10-24,2025-10-30,Cancer
8565,2409,234,15,2026-01-11,2026-05-19,Stroke
8566,630,127,15,2025-02-09,2025-10-18,Kidney Stones
8567,3952,159,9,2025-10-30,2025-11-15,Pneumonia
8568,209,163,16,2026-06-23,2026-07-17,Covid
8569,4286,156,3,2025-04-20,2026-06-13,Fracture
8570,3660,111,8,2026-02-04,2026-03-20,Covid
8571,1188,198,11,2025-12-28,2026-01-18,Cancer
8572,4078,229,2,2025-09-19,2026-04-27,Hypertension
8573,1147,233,7,2024-10-12,2025-02-08,Cancer
8574,4838,6,6,2026-01-04,2026-05-31,Migraine
8575,4715,139,1,2025-05-08,2025-09-22,Migraine
8576,576,106,7,2026-04-11,2026-06-11,Pneumonia
8577,785,63,6,2026-07-28,2026-07-31,Diabetes
8578,2418,108,16,2026-03-18,2026-03-18,Covid
8579,1318,49,9,2025-09-09,2025-09-23,Migraine
8580,1525,180,4,2026-06-10,2026-06-25,Migraine
8581,4380,69,16,2025-01-29,2026-06-19,Diabetes
8582,4254,204,2,2026-01-19,2026-07-18,Diabetes
8583,2928,111,9,2024-11-21,2025-01-27,Fracture
8584,1990,229,18,2026-05-30,2026-08-11,Cancer
8585,4519,121,8,2026-07-24,2026-08-11,Fracture
8586,2686,177,2,2025-10-18,2026-03-14,Cancer
8587,927,50,15,2025-05-12,2025-10-11,Fracture
8588,1266,176,12,2025-07-21,2026-07-26,Covid
8589,3593,247,15,2024-08-28,2025-07-13,Fracture
8590,4734,86,3,2025-11-07,2026-05-17,Migraine
8591,2983,33,17,2025-02-03,2026-07-06,Kidney Stones
8592,4692,10,13,2025-06-27,2026-07-11,Migraine
8593,2968,88,11,2024-09-05,2026-04-07,Hypertension
8594,4939,139,13,2025-10-21,2025-12-02,Kidney Stones
8595,4661,192,16,2024-12-14,2026-04-10,Kidney Stones
8596,712,101,19,2024-10-06,2026-03-26,Hypertension
8597,1610,182,19,2025-05-18,2026-07-15,Asthma
8598,2981,97,15,2024-10-01,2026-03-12,Asthma
8599,2148,18,7,2025-03-27,2026-05-29,Pneumonia
8600,4925,26,17,2025-03-10,2025-06-28,Kidney Stones
8601,719,95,8,2025-01-24,2025-11-01,Diabetes
8602,303,211,15,2025-01-04,2025-09-24,Covid
8603,2883,118,13,2026-05-06,2026-05-07,Migraine
8604,4070,40,6,2024-12-19,2025-11-13,Fracture
8605,1494,31,11,2025-06-24,2026-08-10,Asthma
8606,3140,89,1,2026-06-07,2026-07-06,Asthma
8607,490,97,16,2026-03-15,2026-08-16,Covid
8608,596,155,10,2025-04-20,2025-08-17,Kidney Stones
8609,3533,42,15,2024-10-06,2026-06-11,Covid
8610,633,86,9,2026-02-12,2026-03-07,Stroke
8611,2401,25,6,2025-03-13,2025-09-13,Pneumonia
8612,3173,109,17,2025-04-20,2025-07-24,Diabetes
8613,2404,217,17,2026-04-06,2026-06-11,Kidney Stones
8614,4909,128,1,2025-06-17,2026-05-20,Diabetes
8615,2010,83,14,2026-07-31,2026-08-02,Fracture
8616,1319,67,15,2025-10-27,2025-11-24,Stroke
8617,4363,209,13,2025-04-10,2025-05-12,Diabetes
8618,4474,99,11,2025-04-26,2025-09-18,Cancer
8619,4953,61,4,2025-12-20,2026-05-15,Asthma
8620,3480,42,6,2026-02-05,2026-02-26,Stroke
8621,1407,164,5,2025-03-17,2026-04-27,Diabetes
8622,2512,89,8,2026-02-18,2026-05-16,Diabetes
8623,665,122,3,2026-01-24,2026-07-15,Kidney Stones
8624,1599,211,8,2026-02-19,2026-08-12,Fracture
8625,4856,228,10,2026-05-18,2026-07-03,Kidney Stones
8626,5,144,10,2024-09-13,2024-11-02,Stroke
8627,3802,170,6,2025-07-03,2026-03-12,Cancer
8628,2712,197,18,2026-07-03,2026-08-12,Covid
8629,3391,103,17,2026-05-03,2026-07-26,Pneumonia
8630,2751,119,13,2026-07-02,2026-07-31,Diabetes
8631,2717,85,20,2024-10-03,2025-07-21,Diabetes
8632,1918,134,8,2025-07-22,2025-08-01,Cancer
8633,3764,25,18,2025-09-20,2025-09-28,Stroke
8634,937,50,16,2025-03-01,2025-08-06,Pneumonia
8635,4727,8,18,2025-03-14,2025-08-07,Fracture
8636,438,28,4,2025-02-06,2025-06-04,Cancer
8637,256,250,20,2024-08-17,2026-06-18,Diabetes
8638,468,10,20,2026-01-27,2026-05-08,Kidney Stones
8639,3202,163,11,2025-11-18,2026-01-08,Kidney Stones
8640,1474,69,17,2024-10-27,2025-04-28,Cancer
8641,4088,165,20,2025-04-08,2026-06-21,Asthma
8642,3434,120,2,2024-09-01,2026-05-12,Cancer
8643,4123,224,8,2025-06-17,2025-07-18,Asthma
8644,2989,142,10,2026-03-03,2026-06-23,Stroke
8645,2114,233,9,2024-08-13,2025-12-14,Fracture
8646,4221,59,9,2025-06-20,2026-02-21,Hypertension
8647,903,34,10,2025-08-02,2025-08-26,Covid
8648,2460,49,14,2024-09-22,2025-10-04,Covid
8649,3039,179,9,2024-10-03,2025-09-22,Hypertension
8650,55,229,17,2025-03-17,2025-12-09,Migraine
8651,893,100,8,2025-07-10,2026-05-18,Pneumonia
8652,4867,72,6,2025-05-20,2025-09-21,Stroke
8653,4081,248,1,2026-07-31,2026-08-14,Migraine
8654,4891,186,13,2024-11-21,2026-05-22,Stroke
8655,4456,117,15,2025-06-04,2025-12-18,Pneumonia
8656,828,123,16,2025-02-05,2026-04-08,Hypertension
8657,3105,225,4,2025-07-07,2026-02-25,Migraine
8658,423,42,10,2025-11-10,2026-05-11,Cancer
8659,3043,2,3,2025-12-16,2026-07-29,Asthma
8660,2088,45,13,2024-08-08,2026-07-17,Diabetes
8661,4181,112,14,2025-09-14,2025-09-14,Kidney Stones
8662,4928,90,8,2026-05-22,2026-06-04,Pneumonia
8663,777,199,13,2024-11-15,2025-03-01,Hypertension
8664,4664,248,18,2025-10-06,2026-04-13,Covid
8665,1377,115,3,2025-08-30,2025-09-17,Asthma
8666,2592,44,13,2024-08-14,2026-03-03,Diabetes
8667,2345,194,11,2024-09-09,2025-09-19,Kidney Stones
8668,265,121,20,2026-03-15,2026-05-28,Cancer
8669,1924,189,17,2024-11-10,2026-01-21,Asthma
8670,4316,101,10,2025-01-10,2026-08-01,Migraine
8671,3433,215,15,2024-09-24,2024-10-29,Pneumonia
8672,1654,229,14,2024-10-10,2026-02-11,Covid
8673,1277,238,2,2025-03-15,2025-11-06,Stroke
8674,2303,106,11,2025-04-21,2026-02-13,Kidney Stones
8675,2875,68,12,2025-08-03,2025-11-13,Stroke
8676,2878,62,14,2024-08-09,2026-03-18,Covid
8677,4180,132,16,2026-05-23,2026-08-02,Covid
8678,3057,85,8,2024-11-05,2025-01-04,Diabetes
8679,4566,125,15,2024-09-02,2024-11-19,Cancer
8680,4635,43,13,2025-10-24,2026-04-15,Fracture
8681,2179,4,10,2024-09-24,2025-09-21,Migraine
8682,3718,208,12,2025-10-13,2026-03-04,Pneumonia
8683,4379,116,2,2024-12-12,2025-08-07,Fracture
8684,1739,214,12,2024-09-23,2026-08-08,Pneumonia
8685,2486,166,9,2025-03-08,2025-11-23,Pneumonia
8686,1790,188,16,2025-08-14,2026-02-27,Covid
8687,679,153,9,2024-11-18,2025-10-28,Kidney Stones
8688,903,87,16,2025-07-05,2026-03-18,Covid
8689,4326,41,6,2026-03-09,2026-04-27,Diabetes
8690,131,70,11,2025-05-08,2025-05-18,Migraine
8691,3082,46,16,2024-09-15,2026-04-09,Fracture
8692,3565,141,5,2025-12-31,2026-02-21,Pneumonia
8693,2239,76,7,2025-02-20,2025-12-15,Diabetes
8694,308,144,19,2026-01-14,2026-05-05,Stroke
8695,625,193,8,2026-05-15,2026-07-27,Stroke
8696,775,249,5,2025-12-10,2026-04-17,Pneumonia
8697,2558,16,2,2025-10-09,2025-12-22,Covid
8698,2443,81,13,2026-06-26,2026-08-09,Asthma
8699,866,1,1,2025-09-15,2026-02-01,Covid
8700,4588,133,12,2026-01-18,2026-05-24,Diabetes
8701,1487,70,11,2026-04-01,2026-08-07,Fracture
8702,4512,202,3,2025-03-08,2026-05-28,Hypertension
8703,4447,145,1,2025-07-08,2026-03-15,Hypertension
8704,773,18,12,2025-06-15,2026-04-29,Pneumonia
8705,4275,143,19,2025-04-24,2025-10-10,Hypertension
8706,2162,85,1,2026-05-25,2026-08-16,Kidney Stones
8707,143,4,18,2025-06-04,2026-06-14,Covid
8708,1161,122,5,2025-01-31,2025-09-03,Stroke
8709,1077,221,7,2025-07-02,2026-06-03,Cancer
8710,935,137,1,2025-06-08,2025-08-06,Hypertension
8711,828,27,15,2025-07-29,2026-07-05,Covid
8712,1456,214,2,2024-10-08,2025-11-09,Fracture
8713,2888,5,15,2024-10-13,2025-09-12,Hypertension
8714,980,88,6,2025-04-15,2026-05-14,Asthma
8715,3459,111,13,2026-01-10,2026-08-02,Asthma
8716,3977,89,3,2026-02-06,2026-02-06,Asthma
8717,1721,195,1,2024-11-19,2026-02-16,Covid
8718,3351,177,8,2026-05-07,2026-06-14,Fracture
8719,2547,82,19,2026-02-13,2026-05-31,Cancer
8720,4841,136,9,2025-10-12,2025-10-17,Asthma
8721,1349,116,13,2025-10-09,2025-10-17,Covid
8722,91,116,4,2026-04-07,2026-05-06,Hypertension
8723,2586,50,2,2024-09-27,2025-11-24,Stroke
8724,404,23,5,2025-01-09,2025-02-08,Stroke
8725,2439,233,17,2026-03-01,2026-03-01,Pneumonia
8726,4523,46,19,2024-09-01,2025-05-29,Diabetes
8727,1636,238,15,2025-02-16,2025-05-04,Migraine
8728,3476,195,20,2024-11-07,2025-09-20,Migraine
8729,4627,14,2,2025-02-19,2026-04-05,Asthma
8730,2247,97,14,2026-07-16,2026-08-01,Kidney Stones
8731,629,151,17,2024-12-12,2025-11-20,Asthma
8732,4883,141,10,2024-11-22,2025-05-04,Cancer
8733,382,110,10,2025-11-18,2026-03-23,Fracture
8734,939,245,5,2025-03-11,2025-07-02,Cancer
8735,1181,224,7,2025-10-03,2026-05-11,Cancer
8736,2451,249,17,2025-12-06,2026-07-21,Asthma
8737,4387,229,8,2024-10-13,2025-10-14,Pneumonia
8738,940,94,8,2026-07-13,2026-07-31,Migraine
8739,2710,82,18,2025-02-25,2025-05-18,Stroke
8740,673,227,17,2025-06-11,2025-07-30,Pneumonia
8741,700,46,13,2025-04-08,2025-05-19,Hypertension
8742,3866,236,15,2025-04-25,2025-08-15,Stroke
8743,752,64,8,2025-06-04,2025-12-30,Fracture
8744,1517,44,10,2024-08-23,2026-06-22,Diabetes
8745,2072,179,11,2026-05-13,2026-05-18,Kidney Stones
8746,2291,190,6,2026-05-09,2026-05-11,Hypertension
8747,2945,60,13,2026-01-19,2026-06-16,Hypertension
8748,3109,173,2,2025-05-16,2026-01-29,Diabetes
8749,1364,209,1,2026-07-01,2026-08-07,Kidney Stones
8750,4228,62,1,2025-07-14,2026-08-10,Hypertension
8751,3658,86,14,2026-02-15,2026-05-03,Diabetes
8752,2434,238,5,2025-03-29,2025-07-13,Pneumonia
8753,3328,101,7,2026-05-09,2026-05-11,Asthma
8754,4793,56,14,2025-09-03,2025-10-08,Fracture
8755,151,86,14,2026-04-26,2026-06-24,Migraine
8756,576,70,17,2025-09-03,2025-10-10,Cancer
8757,2950,63,16,2025-07-24,2026-06-04,Cancer
8758,1170,30,19,2025-03-28,2026-07-16,Kidney Stones
8759,4251,226,1,2025-02-20,2026-01-18,Pneumonia
8760,2006,186,19,2025-05-04,2026-04-24,Stroke
8761,228,108,16,2024-11-21,2025-11-04,Asthma
8762,580,101,2,2025-08-07,2026-06-13,Migraine
8763,1569,154,8,2025-11-02,2026-03-27,Asthma
8764,753,236,10,2024-09-22,2024-09-24,Migraine
8765,2380,219,15,2024-08-15,2024-11-18,Stroke
8766,1933,234,13,2025-01-08,2025-04-21,Pneumonia
8767,4172,70,10,2026-07-05,2026-07-27,Fracture
8768,1609,61,8,2026-04-25,2026-07-22,Migraine
8769,185,21,1,2025-05-09,2026-06-14,Pneumonia
8770,1593,86,8,2024-12-13,2025-12-22,Diabetes
8771,2993,72,9,2025-01-11,2025-06-21,Pneumonia
8772,4902,179,18,2024-10-01,2025-02-19,Pneumonia
8773,4845,140,18,2024-09-03,2025-10-06,Diabetes
8774,3856,198,2,2025-01-29,2025-03-31,Migraine
8775,3711,19,17,2025-11-16,2026-05-14,Pneumonia
8776,1670,121,2,2025-06-06,2025-10-15,Stroke
8777,320,107,4,2025-06-10,2025-06-11,Covid
8778,4980,181,17,2026-07-31,2026-08-14,Pneumonia
8779,3883,58,15,2025-07-18,2025-12-23,Pneumonia
8780,3291,153,1,2026-08-02,2026-08-03,Diabetes
8781,393,215,13,2026-05-14,2026-08-13,Migraine
8782,713,190,7,2025-08-23,2026-01-27,Diabetes
8783,412,232,3,2024-12-18,2024-12-23,Fracture
8784,184,72,3,2026-07-21,2026-08-09,Stroke
8785,4522,184,20,2026-04-16,2026-08-15,Stroke
8786,3559,179,12,2026-05-28,2026-06-15,Asthma
8787,1546,221,4,2025-08-27,2026-01-27,Pneumonia
8788,1460,245,3,2026-06-09,2026-06-13,Covid
8789,2275,213,6,2025-07-25,2026-03-12,Pneumonia
8790,2848,13,8,2025-03-31,2026-01-15,Kidney Stones
8791,538,238,1,2024-12-04,2025-02-23,Hypertension
8792,2266,226,11,2024-12-31,2026-01-12,Hypertension
8793,642,8,3,2025-09-02,2025-09-24,Pneumonia
8794,1546,202,7,2025-04-20,2026-08-01,Hypertension
8795,1901,47,6,2024-09-01,2026-01-15,Kidney Stones
8796,3884,34,20,2026-03-20,2026-07-01,Pneumonia
8797,1532,144,14,2026-01-04,2026-03-19,Pneumonia
8798,1855,192,19,2024-08-08,2025-02-17,Asthma
8799,3524,26,5,2026-01-27,2026-04-02,Diabetes
8800,1554,239,2,2025-11-19,2026-02-22,Migraine
8801,718,74,5,2026-04-03,2026-07-16,Fracture
8802,164,32,9,2026-07-08,2026-08-01,Kidney Stones
8803,489,221,4,2025-01-30,2025-04-25,Hypertension
8804,3976,158,6,2025-11-11,2025-12-24,Asthma
8805,2134,91,18,2026-01-02,2026-01-29,Hypertension
8806,3067,112,19,2026-01-31,2026-07-26,Cancer
8807,2404,214,5,2026-04-22,2026-08-14,Migraine
8808,1737,175,10,2025-12-08,2026-04-13,Cancer
8809,4267,124,20,2025-09-27,2026-01-23,Stroke
8810,3254,33,3,2025-09-18,2026-04-28,Fracture
8811,344,138,5,2026-01-26,2026-07-07,Covid
8812,2843,4,16,2025-01-05,2025-03-18,Cancer
8813,1105,6,9,2025-02-15,2026-07-04,Cancer
8814,447,88,12,2024-10-24,2025-07-04,Stroke
8815,4811,183,13,2025-10-29,2026-05-17,Diabetes
8816,231,127,7,2025-05-23,2026-02-18,Diabetes
8817,474,56,15,2024-12-15,2025-08-07,Asthma
8818,1385,87,13,2026-06-21,2026-08-02,Asthma
8819,497,15,20,2026-05-24,2026-07-24,Fracture
8820,2886,44,16,2024-10-27,2025-01-16,Pneumonia
8821,1814,42,1,2025-02-18,2026-02-07,Cancer
8822,597,148,10,2025-12-31,2026-04-16,Hypertension
8823,2476,150,19,2024-09-19,2025-04-21,Hypertension
8824,4238,221,11,2024-12-21,2025-09-05,Fracture
8825,2796,80,10,2026-07-23,2026-07-23,Hypertension
8826,1938,74,13,2026-02-15,2026-05-15,Covid
8827,2517,229,11,2025-07-14,2025-11-19,Asthma
8828,322,144,11,2026-05-23,2026-07-11,Pneumonia
8829,2776,32,16,2025-06-10,2026-04-05,Covid
8830,1593,75,6,2026-03-22,2026-08-10,Migraine
8831,2887,69,1,2024-09-09,2026-07-14,Kidney Stones
8832,1711,186,9,2024-09-12,2026-03-05,Pneumonia
8833,356,158,1,2024-12-27,2026-01-27,Kidney Stones
8834,2728,238,18,2025-10-06,2026-08-09,Asthma
8835,473,80,10,2024-09-16,2026-06-20,Fracture
8836,714,60,18,2024-10-11,2026-02-10,Asthma
8837,3679,145,16,2025-09-17,2025-12-05,Pneumonia
8838,1702,72,11,2025-03-26,2026-02-16,Diabetes
8839,2554,199,6,2024-10-10,2025-04-28,Pneumonia
8840,3759,115,20,2025-05-24,2026-01-13,Asthma
8841,3861,144,15,2025-11-30,2026-07-13,Covid
8842,4305,98,18,2026-05-25,2026-06-22,Pneumonia
8843,424,199,1,2026-07-14,2026-07-26,Migraine
8844,1415,133,5,2026-01-26,2026-04-30,Fracture
8845,2280,80,14,2026-07-14,2026-07-14,Asthma
8846,270,201,12,2026-06-13,2026-07-06,Cancer
8847,4752,98,20,2025-03-14,2026-08-09,Diabetes
8848,4079,13,9,2024-08-23,2025-02-21,Diabetes
8849,2832,67,8,2025-09-30,2026-03-13,Kidney Stones
8850,4634,236,10,2026-07-12,2026-07-24,Asthma
8851,672,159,13,2026-04-30,2026-08-09,Stroke
8852,1978,49,7,2026-03-13,2026-04-11,Fracture
8853,3615,169,3,2025-08-27,2026-03-25,Diabetes
8854,363,68,5,2025-03-03,2025-12-16,Kidney Stones
8855,51,184,2,2025-06-26,2026-06-14,Hypertension
8856,4086,33,5,2026-07-10,2026-08-15,Asthma
8857,3817,90,5,2025-10-28,2026-06-18,Fracture
8858,2539,206,1,2026-01-09,2026-08-06,Asthma
8859,4326,21,20,2025-07-04,2025-07-22,Cancer
8860,1936,246,20,2024-08-12,2026-07-06,Kidney Stones
8861,595,186,11,2025-09-29,2026-01-01,Pneumonia
8862,399,7,7,2026-02-01,2026-03-02,Cancer
8863,1085,62,19,2025-12-25,2026-02-27,Migraine
8864,3271,245,11,2026-02-10,2026-04-15,Hypertension
8865,3473,92,14,2026-06-26,2026-07-21,Pneumonia
8866,3999,43,4,2025-09-18,2026-05-09,Diabetes
8867,2207,108,18,2024-12-22,2025-07-09,Diabetes
8868,3657,49,20,2026-07-13,2026-07-17,Covid
8869,2266,22,4,2026-04-20,2026-06-27,Cancer
8870,3995,157,14,2025-03-31,2025-12-19,Pneumonia
8871,4696,248,13,2024-11-21,2025-10-29,Migraine
8872,2917,117,20,2024-08-26,2026-04-19,Hypertension
8873,4633,71,17,2025-08-20,2025-09-10,Diabetes
8874,1962,247,11,2024-11-28,2025-09-17,Migraine
8875,3623,157,16,2025-02-09,2026-04-11,Covid
8876,4492,110,11,2026-08-01,2026-08-12,Covid
8877,3997,238,13,2024-11-17,2025-12-06,Diabetes
8878,4894,23,11,2025-01-22,2026-07-05,Asthma
8879,4828,158,19,2025-08-20,2025-09-21,Asthma
8880,2514,224,14,2025-02-09,2026-07-12,Cancer
8881,2564,158,1,2024-08-06,2025-10-12,Pneumonia
8882,1108,110,18,2026-03-29,2026-05-12,Cancer
8883,3785,62,1,2025-09-15,2026-03-28,Migraine
8884,3920,202,1,2025-01-10,2026-04-03,Covid
8885,4682,154,5,2024-10-04,2026-08-13,Covid
8886,4566,187,17,2025-07-21,2026-05-09,Diabetes
8887,1874,247,6,2025-06-20,2026-08-07,Asthma
8888,380,186,17,2025-12-10,2026-05-13,Cancer
8889,3414,89,15,2026-01-28,2026-04-14,Diabetes
8890,1741,187,17,2024-08-26,2026-01-23,Kidney Stones
8891,941,83,11,2026-03-31,2026-07-31,Fracture
8892,3262,3,4,2024-08-29,2025-10-02,Stroke
8893,3445,38,20,2026-06-21,2026-08-05,Fracture
8894,4504,210,11,2026-07-07,2026-07-10,Hypertension
8895,1607,152,12,2025-04-28,2026-01-31,Pneumonia
8896,3497,45,10,2025-07-23,2026-07-16,Hypertension
8897,2974,28,10,2025-06-07,2026-06-13,Pneumonia
8898,1659,172,17,2024-12-08,2025-02-26,Pneumonia
8899,1599,231,1,2024-12-13,2025-10-11,Diabetes
8900,3923,186,20,2026-04-01,2026-06-18,Hypertension
8901,2492,82,11,2025-01-04,2026-04-04,Fracture
8902,3375,137,16,2025-01-28,2025-11-08,Asthma
8903,2381,25,2,2025-05-16,2026-02-03,Migraine
8904,2582,164,7,2026-04-14,2026-07-27,Asthma
8905,1226,92,6,2024-08-20,2026-04-01,Asthma
8906,1954,149,5,2024-10-06,2025-09-19,Covid
8907,4116,163,18,2026-04-03,2026-07-26,Diabetes
8908,2431,26,16,2025-12-31,2026-02-22,Fracture
8909,2275,30,11,2025-07-22,2026-04-20,Pneumonia
8910,1897,177,18,2025-02-05,2025-11-06,Migraine
8911,3330,37,5,2026-04-29,2026-07-04,Kidney Stones
8912,4708,94,7,2025-06-29,2026-02-25,Migraine
8913,1784,109,8,2024-09-03,2025-02-13,Migraine
8914,1655,243,19,2025-06-04,2025-06-29,Covid
8915,1097,30,13,2025-10-01,2026-07-18,Cancer
8916,258,47,17,2026-07-04,2026-07-04,Hypertension
8917,1372,195,12,2024-08-28,2025-12-24,Migraine
8918,1549,141,7,2025-12-25,2026-07-23,Asthma
8919,1884,54,16,2026-05-12,2026-06-29,Diabetes
8920,3981,101,16,2025-11-26,2026-03-06,Hypertension
8921,747,66,3,2025-07-17,2025-12-09,Fracture
8922,4149,239,10,2025-11-13,2026-06-07,Stroke
8923,3423,48,13,2025-06-24,2026-01-14,Cancer
8924,4998,231,16,2025-06-18,2026-05-09,Pneumonia
8925,3432,100,9,2025-05-26,2026-06-21,Covid
8926,58,230,17,2025-04-05,2026-06-07,Hypertension
8927,140,155,19,2025-09-28,2025-12-30,Hypertension
8928,3347,87,1,2025-01-27,2025-02-16,Fracture
8929,3979,89,16,2026-03-12,2026-06-20,Kidney Stones
8930,1388,65,10,2026-07-22,2026-08-12,Hypertension
8931,2609,155,1,2024-10-23,2024-11-27,Fracture
8932,4644,19,13,2025-11-21,2026-02-03,Cancer
8933,3366,73,5,2025-05-11,2026-06-03,Fracture
8934,189,130,3,2025-09-15,2026-08-16,Stroke
8935,4660,91,20,2025-06-10,2026-06-04,Kidney Stones
8936,4210,86,18,2025-02-08,2025-09-01,Cancer
8937,3233,122,12,2025-09-05,2026-06-03,Stroke
8938,362,78,12,2026-08-02,2026-08-08,Diabetes
8939,2858,103,10,2024-12-13,2025-10-03,Stroke
8940,2697,161,9,2025-12-10,2026-01-12,Fracture
8941,254,225,8,2025-09-30,2026-07-03,Asthma
8942,1681,76,18,2026-01-22,2026-04-20,Asthma
8943,3674,170,8,2026-03-30,2026-04-06,Migraine
8944,1801,223,7,2025-07-14,2025-08-09,Pneumonia
8945,3174,196,1,2024-11-15,2026-07-09,Asthma
8946,439,152,15,2024-09-17,2025-08-18,Cancer
8947,200,76,7,2026-05-14,2026-07-15,Covid
8948,957,132,9,2026-01-19,2026-05-13,Migraine
8949,2764,21,20,2025-05-07,2025-07-10,Pneumonia
8950,4207,163,11,2024-10-01,2025-10-12,Covid
8951,371,141,7,2025-08-14,2025-09-04,Fracture
8952,357,50,9,2025-11-08,2025-12-12,Hypertension
8953,3883,26,19,2024-09-13,2024-12-11,Pneumonia
8954,2483,156,8,2025-11-26,2026-06-24,Kidney Stones
8955,86,141,1,2026-07-16,2026-07-18,Diabetes
8956,3353,135,1,2026-02-09,2026-05-27,Fracture
8957,4985,224,18,2025-02-20,2025-04-09,Asthma
8958,1769,27,19,2025-01-14,2025-09-27,Kidney Stones
8959,4282,110,19,2026-06-05,2026-07-09,Covid
8960,857,173,18,2024-11-09,2026-02-16,Fracture
8961,3895,59,15,2025-02-11,2025-06-25,Stroke
8962,938,92,10,2025-01-28,2026-05-04,Fracture
8963,4932,82,17,2026-03-13,2026-04-10,Stroke
8964,205,36,14,2024-09-23,2025-06-25,Fracture
8965,4117,109,14,2026-05-19,2026-08-05,Pneumonia
8966,4236,212,18,2026-01-21,2026-08-11,Cancer
8967,3907,18,7,2025-11-07,2026-07-13,Diabetes
8968,78,81,3,2025-11-19,2026-02-11,Fracture
8969,3536,69,9,2025-04-15,2026-03-29,Migraine
8970,1431,192,20,2025-05-22,2026-03-18,Pneumonia
8971,2139,14,7,2024-11-05,2025-03-13,Migraine
8972,4357,18,1,2025-04-04,2025-06-10,Covid
8973,4594,41,4,2025-03-30,2026-03-10,Diabetes
8974,4021,117,6,2026-01-16,2026-08-12,Fracture
8975,4478,67,6,2026-02-08,2026-04-11,Migraine
8976,1105,130,8,2025-11-05,2026-05-02,Pneumonia
8977,4883,47,20,2025-01-26,2026-07-08,Stroke
8978,3625,122,3,2024-09-13,2025-10-07,Stroke
8979,4030,69,17,2024-08-15,2024-09-10,Stroke
8980,4748,91,15,2026-01-29,2026-05-07,Pneumonia
8981,949,128,6,2025-09-30,2025-11-14,Diabetes
8982,1656,96,4,2026-04-19,2026-07-11,Fracture
8983,4247,106,20,2026-08-03,2026-08-09,Stroke
8984,3329,67,2,2025-03-06,2026-07-02,Pneumonia
8985,1924,217,1,2026-07-04,2026-07-15,Cancer
8986,1623,38,2,2025-08-22,2026-01-11,Migraine
8987,2513,80,2,2025-12-05,2026-06-16,Cancer
8988,4606,114,10,2026-05-21,2026-07-07,Cancer
8989,376,63,19,2025-03-25,2026-04-27,Migraine
8990,2697,13,15,2026-07-10,2026-08-08,Cancer
8991,3971,179,8,2026-07-23,2026-07-24,Hypertension
8992,4025,39,19,2025-11-20,2026-06-02,Kidney Stones
8993,4484,126,15,2025-10-14,2025-12-28,Cancer
8994,2834,32,6,2026-04-09,2026-04-09,Diabetes
8995,4471,51,15,2026-02-19,2026-04-03,Cancer
8996,2608,94,15,2024-08-16,2024-11-07,Kidney Stones
8997,837,152,19,2025-06-02,2026-04-10,Hypertension
8998,2801,188,5,2024-10-01,2025-01-06,Hypertension
8999,1750,98,7,2026-04-28,2026-05-25,Diabetes
9000,4886,23,3,2025-09-06,2026-02-27,Covid
9001,3180,26,6,2024-10-25,2026-04-10,Migraine
9002,3784,198,20,2025-06-06,2026-04-20,Cancer
9003,3595,1,8,2025-08-26,2026-04-14,Cancer
9004,265,4,8,2024-08-22,2025-08-08,Stroke
9005,1393,41,13,2024-09-22,2026-01-09,Covid
9006,849,184,9,2026-02-20,2026-05-13,Diabetes
9007,669,191,5,2025-06-21,2025-08-01,Kidney Stones
9008,4268,216,9,2026-01-18,2026-03-02,Hypertension
9009,4588,8,3,2026-03-23,2026-03-29,Fracture
9010,3555,57,16,2025-07-02,2025-11-17,Diabetes
9011,4364,222,11,2026-04-23,2026-06-28,Migraine
9012,3892,27,17,2024-11-04,2026-03-01,Pneumonia
9013,1993,181,3,2026-05-29,2026-07-15,Hypertension
9014,2891,149,18,2025-06-12,2026-01-24,Migraine
9015,3736,173,20,2024-09-20,2025-04-01,Stroke
9016,1663,97,7,2025-10-15,2026-07-24,Diabetes
9017,3277,183,2,2025-10-12,2025-11-23,Asthma
9018,1528,165,14,2025-11-07,2025-12-03,Migraine
9019,3191,110,18,2025-08-25,2025-09-22,Fracture
9020,810,108,18,2024-08-10,2024-09-05,Fracture
9021,1579,72,14,2024-12-16,2025-02-13,Covid
9022,4507,211,3,2025-08-27,2025-10-28,Stroke
9023,2307,133,20,2024-10-02,2026-05-19,Cancer
9024,3292,95,9,2024-12-23,2026-01-31,Fracture
9025,4324,101,14,2026-02-25,2026-03-05,Cancer
9026,4109,67,14,2026-06-12,2026-08-03,Kidney Stones
9027,2940,222,16,2026-07-02,2026-07-15,Kidney Stones
9028,3186,61,9,2026-02-04,2026-07-06,Fracture
9029,4856,236,14,2025-08-11,2026-06-27,Hypertension
9030,2090,58,11,2025-04-14,2026-06-14,Kidney Stones
9031,1648,168,4,2024-08-08,2025-09-16,Cancer
9032,660,105,8,2025-06-11,2026-02-21,Diabetes
9033,800,142,4,2026-03-06,2026-05-01,Pneumonia
9034,3497,156,18,2024-09-22,2025-10-11,Migraine
9035,195,44,12,2025-09-20,2026-06-27,Cancer
9036,3635,84,8,2024-10-08,2025-03-08,Stroke
9037,346,130,19,2024-10-28,2025-01-16,Cancer
9038,2911,169,3,2025-06-20,2026-06-21,Cancer
9039,2416,177,1,2025-05-02,2025-08-01,Migraine
9040,298,14,10,2025-11-06,2026-05-28,Migraine
9041,885,104,18,2024-09-10,2025-10-14,Pneumonia
9042,1490,56,17,2025-09-28,2025-12-08,Stroke
9043,1957,189,20,2024-12-29,2025-12-13,Diabetes
9044,1201,237,2,2025-11-11,2026-05-01,Fracture
9045,1254,157,2,2025-07-19,2026-03-03,Hypertension
9046,3510,149,16,2026-05-15,2026-07-29,Kidney Stones
9047,4415,25,17,2025-11-14,2025-12-06,Hypertension
9048,2976,11,5,2026-01-25,2026-06-21,Hypertension
9049,1809,74,6,2025-07-24,2026-04-12,Pneumonia
9050,3449,49,15,2024-08-09,2025-05-23,Hypertension
9051,1432,76,20,2025-03-31,2025-08-30,Covid
9052,4355,188,13,2026-06-25,2026-07-15,Fracture
9053,4535,220,17,2025-05-28,2025-10-01,Asthma
9054,47,126,4,2024-08-21,2025-01-01,Covid
9055,1457,44,18,2025-09-09,2025-10-26,Covid
9056,289,119,17,2026-05-08,2026-07-15,Hypertension
9057,2601,135,1,2025-10-10,2026-04-03,Stroke
9058,4038,101,2,2025-07-25,2026-01-03,Asthma
9059,2795,66,20,2025-12-09,2026-04-29,Stroke
9060,4924,143,9,2024-08-25,2025-11-28,Covid
9061,4528,39,17,2026-07-27,2026-07-27,Stroke
9062,4607,84,5,2024-12-15,2025-08-20,Fracture
9063,2113,205,13,2026-03-10,2026-06-06,Covid
9064,1150,131,7,2026-05-14,2026-06-29,Migraine
9065,3540,165,2,2025-03-30,2025-06-15,Fracture
9066,1664,72,19,2025-07-28,2026-06-20,Pneumonia
9067,1598,157,14,2025-04-03,2026-03-02,Stroke
9068,3404,237,18,2024-12-31,2026-08-09,Kidney Stones
9069,718,180,1,2026-05-29,2026-07-18,Diabetes
9070,884,50,13,2024-12-26,2026-05-16,Fracture
9071,637,74,5,2024-10-17,2025-01-15,Covid
9072,3027,155,9,2025-03-18,2026-06-23,Stroke
9073,812,152,1,2026-05-30,2026-07-26,Diabetes
9074,3419,2,17,2025-11-13,2026-07-14,Stroke
9075,2997,137,3,2025-07-31,2025-11-10,Asthma
9076,2646,146,20,2025-11-19,2026-03-13,Pneumonia
9077,399,55,7,2025-08-26,2026-06-13,Hypertension
9078,179,242,3,2025-03-20,2025-10-13,Stroke
9079,3771,153,10,2026-01-17,2026-08-12,Hypertension
9080,4339,221,5,2025-06-03,2026-05-18,Kidney Stones
9081,1419,195,18,2026-01-29,2026-03-24,Asthma
9082,3625,16,6,2026-02-03,2026-06-14,Kidney Stones
9083,4244,234,10,2024-08-26,2026-06-19,Kidney Stones
9084,3654,234,9,2025-01-12,2025-10-15,Migraine
9085,825,156,11,2026-06-27,2026-07-27,Kidney Stones
9086,233,247,5,2026-02-15,2026-07-12,Fracture
9087,4322,230,10,2026-01-31,2026-05-19,Covid
9088,1384,64,6,2026-04-09,2026-04-24,Hypertension
9089,2846,139,12,2025-11-08,2026-06-03,Pneumonia
9090,2085,92,11,2024-08-09,2025-09-06,Stroke
9091,2667,53,18,2026-08-03,2026-08-13,Covid
9092,1504,20,16,2024-12-26,2025-06-23,Hypertension
9093,754,139,12,2026-07-12,2026-07-26,Diabetes
9094,4927,150,16,2025-12-17,2026-05-29,Asthma
9095,2468,160,17,2025-05-18,2025-12-25,Pneumonia
9096,2250,241,11,2025-05-06,2026-02-15,Stroke
9097,802,213,18,2026-05-28,2026-08-05,Kidney Stones
9098,4327,108,2,2025-08-06,2026-05-03,Kidney Stones
9099,1287,145,9,2024-11-29,2025-07-10,Hypertension
9100,1305,190,19,2025-11-29,2026-03-27,Migraine
9101,287,129,11,2025-12-15,2026-03-12,Kidney Stones
9102,1489,88,4,2025-08-12,2026-06-13,Cancer
9103,3214,169,12,2025-10-09,2026-02-27,Cancer
9104,4616,149,15,2026-01-27,2026-04-18,Kidney Stones
9105,1643,60,4,2025-06-19,2026-03-06,Kidney Stones
9106,3427,223,4,2025-08-15,2026-03-31,Covid
9107,3411,66,5,2025-01-23,2026-03-25,Cancer
9108,2677,194,1,2024-08-22,2026-07-24,Diabetes
9109,1463,229,11,2025-10-19,2026-06-10,Migraine
9110,1666,209,14,2025-07-13,2025-11-30,Pneumonia
9111,2376,12,15,2026-05-26,2026-06-24,Stroke
9112,831,215,20,2026-05-20,2026-07-28,Stroke
9113,1559,9,13,2025-12-08,2025-12-15,Fracture
9114,3769,136,19,2025-08-17,2025-09-30,Asthma
9115,773,107,4,2025-01-11,2025-06-25,Fracture
9116,2120,19,20,2026-02-11,2026-07-20,Fracture
9117,938,152,8,2026-03-20,2026-04-25,Cancer
9118,182,213,2,2025-09-25,2025-12-14,Fracture
9119,2175,104,18,2025-07-15,2025-09-13,Pneumonia
9120,875,126,18,2025-06-17,2025-10-23,Pneumonia
9121,4564,218,15,2025-06-21,2026-02-15,Pneumonia
9122,389,165,20,2025-12-10,2026-03-28,Kidney Stones
9123,4942,116,9,2025-07-13,2026-04-16,Asthma
9124,274,118,7,2025-02-04,2026-04-04,Migraine
9125,2557,244,17,2025-07-17,2026-01-18,Hypertension
9126,4205,79,4,2026-01-22,2026-01-31,Cancer
9127,2917,38,1,2025-02-26,2026-04-17,Covid
9128,4714,95,11,2025-08-12,2026-01-14,Asthma
9129,4643,115,16,2025-09-03,2026-01-31,Hypertension
9130,2543,196,4,2026-07-28,2026-07-28,Stroke
9131,2279,50,19,2024-10-27,2024-12-20,Covid
9132,1723,55,13,2025-01-08,2025-08-03,Cancer
9133,745,37,18,2026-07-15,2026-07-18,Pneumonia
9134,4407,41,2,2024-12-13,2025-11-23,Fracture
9135,725,132,4,2026-02-14,2026-03-10,Diabetes
9136,2088,162,3,2025-12-30,2026-02-08,Asthma
9137,212,157,2,2025-02-11,2025-09-18,Cancer
9138,919,13,2,2024-08-18,2025-07-30,Cancer
9139,1794,76,16,2024-12-13,2025-03-28,Diabetes
9140,2140,117,3,2025-08-13,2026-03-30,Cancer
9141,431,39,10,2025-04-24,2026-06-16,Migraine
9142,1060,119,18,2025-08-29,2026-05-13,Kidney Stones
9143,785,248,19,2026-02-15,2026-06-20,Covid
9144,4990,91,16,2025-03-27,2025-12-24,Hypertension
9145,4684,217,20,2024-12-03,2025-03-31,Hypertension
9146,465,3,5,2025-10-11,2026-04-11,Hypertension
9147,4060,48,15,2025-05-18,2025-05-25,Cancer
9148,2929,181,13,2025-03-03,2026-07-27,Stroke
9149,291,170,6,2025-04-01,2025-04-13,Fracture
9150,80,18,19,2026-05-17,2026-06-29,Diabetes
9151,126,188,4,2026-01-12,2026-05-01,Asthma
9152,2283,61,8,2025-05-01,2025-05-24,Stroke
9153,149,72,8,2026-01-06,2026-01-14,Fracture
9154,3911,26,3,2025-03-27,2025-11-02,Asthma
9155,3202,135,3,2024-11-24,2025-12-12,Fracture
9156,253,219,4,2025-06-11,2026-03-23,Migraine
9157,3338,103,9,2025-06-10,2026-03-16,Asthma
9158,2229,95,17,2026-01-04,2026-07-24,Hypertension
9159,4195,1,2,2025-04-30,2025-06-03,Pneumonia
9160,986,173,12,2024-11-19,2026-02-13,Asthma
9161,4447,54,16,2024-08-17,2025-04-04,Kidney Stones
9162,4272,18,8,2025-11-16,2025-12-04,Stroke
9163,4663,174,5,2026-01-02,2026-08-12,Fracture
9164,4639,97,12,2026-07-27,2026-07-31,Diabetes
9165,4115,123,14,2026-05-29,2026-07-23,Covid
9166,3094,73,18,2024-10-27,2026-04-24,Cancer
9167,4664,238,20,2025-06-26,2025-11-17,Cancer
9168,1452,146,13,2025-10-30,2025-10-30,Pneumonia
9169,4937,190,4,2024-11-20,2025-11-18,Hypertension
9170,1340,90,7,2025-06-30,2025-07-09,Pneumonia
9171,4953,61,16,2025-01-18,2025-09-16,Asthma
9172,1190,83,1,2025-08-19,2025-09-28,Covid
9173,3136,106,17,2025-10-24,2025-11-21,Fracture
9174,839,78,4,2025-11-10,2026-01-06,Migraine
9175,3058,154,8,2025-07-27,2026-02-25,Stroke
9176,4636,160,7,2025-12-02,2026-04-10,Fracture
9177,2717,25,7,2024-09-29,2026-02-09,Covid
9178,3471,200,1,2025-08-26,2025-09-05,Hypertension
9179,3681,211,1,2025-05-19,2025-06-17,Diabetes
9180,1407,200,13,2026-06-01,2026-07-28,Kidney Stones
9181,1307,135,2,2024-08-20,2024-12-31,Pneumonia
9182,796,77,10,2025-08-03,2026-03-29,Pneumonia
9183,1784,195,19,2024-10-31,2026-05-11,Covid
9184,3541,142,20,2026-04-16,2026-06-05,Migraine
9185,2866,234,16,2025-02-23,2026-05-19,Cancer
9186,3665,65,7,2026-08-05,2026-08-09,Pneumonia
9187,4874,177,5,2026-04-30,2026-07-26,Cancer
9188,2292,94,14,2026-01-08,2026-06-05,Cancer
9189,3491,206,17,2025-02-24,2025-12-11,Migraine
9190,538,85,3,2025-07-04,2026-03-07,Cancer
9191,2930,14,10,2024-12-12,2025-09-03,Cancer
9192,2166,168,15,2026-01-31,2026-03-29,Fracture
9193,2847,6,17,2025-01-09,2026-07-27,Asthma
9194,561,31,7,2024-09-03,2026-04-22,Stroke
9195,4492,82,8,2024-08-16,2025-10-18,Cancer
9196,174,241,12,2026-02-01,2026-06-02,Covid
9197,2959,216,7,2025-08-20,2026-03-20,Cancer
9198,1798,218,18,2026-04-02,2026-05-18,Asthma
9199,4763,24,18,2025-11-17,2026-07-29,Kidney Stones
9200,4972,234,12,2024-11-02,2025-06-09,Fracture
9201,4516,153,8,2025-03-14,2025-07-08,Covid
9202,836,36,13,2026-02-05,2026-07-18,Kidney Stones
9203,3167,37,7,2025-04-26,2026-03-28,Fracture
9204,3335,129,18,2026-04-04,2026-06-16,Covid
9205,4181,98,4,2025-12-01,2026-05-23,Fracture
9206,2741,118,12,2025-09-04,2026-03-27,Fracture
9207,2630,107,20,2026-01-31,2026-05-23,Pneumonia
9208,3892,54,17,2026-03-30,2026-05-30,Cancer
9209,3735,55,5,2024-12-16,2026-02-26,Migraine
9210,4481,103,3,2026-07-27,2026-08-16,Cancer
9211,2828,162,9,2024-12-02,2026-04-22,Migraine
9212,177,120,9,2024-10-13,2025-12-12,Kidney Stones
9213,2318,110,19,2025-11-17,2025-12-08,Diabetes
9214,4019,197,14,2025-10-13,2026-03-22,Stroke
9215,963,161,19,2025-11-09,2026-07-21,Kidney Stones
9216,3208,3,1,2025-04-28,2026-06-03,Hypertension
9217,662,5,1,2025-11-01,2026-07-16,Cancer
9218,2243,240,7,2025-01-06,2026-01-23,Migraine
9219,26,45,10,2025-07-03,2026-05-30,Asthma
9220,4860,38,7,2026-03-26,2026-08-15,Hypertension
9221,1356,161,15,2025-09-02,2025-10-18,Migraine
9222,1699,171,3,2025-08-17,2026-02-03,Pneumonia
9223,4026,149,8,2024-11-15,2024-12-09,Stroke
9224,2605,41,7,2024-08-16,2024-11-06,Pneumonia
9225,2289,122,10,2026-06-29,2026-07-04,Pneumonia
9226,425,179,19,2024-11-26,2025-06-27,Fracture
9227,4107,231,10,2025-11-07,2025-12-30,Fracture
9228,4917,45,10,2025-07-22,2026-01-20,Cancer
9229,4507,208,19,2025-11-21,2026-06-30,Fracture
9230,1242,29,2,2024-08-15,2025-02-12,Cancer
9231,3670,37,8,2026-03-20,2026-06-29,Hypertension
9232,2316,115,2,2025-09-14,2025-11-20,Cancer
9233,1044,12,15,2025-09-29,2026-06-10,Migraine
9234,1338,223,2,2025-07-08,2026-04-06,Migraine
9235,3979,7,1,2026-02-22,2026-06-16,Covid
9236,4886,180,2,2024-09-10,2025-02-27,Stroke
9237,4710,54,7,2026-06-12,2026-07-28,Stroke
9238,3035,10,15,2024-10-21,2025-12-24,Covid
9239,2562,49,17,2024-10-11,2025-01-14,Covid
9240,3204,51,12,2026-01-11,2026-03-03,Cancer
9241,1926,211,14,2025-06-12,2026-04-30,Fracture
9242,2939,4,2,2025-04-18,2026-08-03,Migraine
9243,1500,179,3,2026-06-11,2026-06-28,Cancer
9244,3069,160,4,2025-02-14,2026-02-13,Covid
9245,2955,174,5,2024-11-17,2026-04-04,Hypertension
9246,659,44,18,2026-01-19,2026-06-15,Kidney Stones
9247,3567,170,20,2026-03-01,2026-08-06,Kidney Stones
9248,4994,88,16,2024-09-17,2026-02-07,Cancer
9249,1548,230,19,2025-03-27,2026-01-18,Pneumonia
9250,1382,64,10,2025-10-20,2026-03-09,Fracture
9251,1405,119,11,2025-06-28,2026-06-07,Asthma
9252,285,207,7,2025-07-18,2025-09-18,Migraine
9253,3511,231,20,2024-11-25,2025-01-11,Cancer
9254,2925,67,8,2025-01-06,2026-01-15,Diabetes
9255,3334,5,1,2025-12-01,2026-08-06,Diabetes
9256,329,120,1,2024-10-28,2024-11-01,Migraine
9257,4227,37,13,2026-04-06,2026-04-17,Hypertension
9258,3042,98,4,2025-09-08,2026-01-02,Stroke
9259,2081,11,8,2025-04-24,2026-02-27,Migraine
9260,2777,19,16,2025-04-01,2025-06-22,Cancer
9261,2991,176,11,2026-05-12,2026-06-09,Stroke
9262,1299,72,2,2026-01-22,2026-06-02,Diabetes
9263,1650,180,7,2025-08-06,2025-10-15,Cancer
9264,2817,88,10,2026-07-27,2026-08-14,Pneumonia
9265,2148,25,16,2025-08-03,2025-10-25,Diabetes
9266,659,192,5,2025-01-16,2025-05-28,Fracture
9267,2328,246,4,2026-05-29,2026-06-10,Migraine
9268,3735,157,15,2025-05-05,2026-05-17,Hypertension
9269,2947,226,19,2025-03-05,2025-04-29,Hypertension
9270,1624,90,2,2025-05-31,2025-12-13,Pneumonia
9271,1446,152,9,2026-02-10,2026-06-21,Kidney Stones
9272,2067,49,14,2024-10-13,2026-01-12,Covid
9273,2333,161,4,2024-12-20,2026-04-24,Pneumonia
9274,4459,93,15,2024-11-17,2025-03-28,Asthma
9275,2971,112,14,2025-07-14,2026-07-27,Fracture
9276,4057,222,12,2025-01-14,2026-06-03,Pneumonia
9277,42,119,15,2026-03-16,2026-07-24,Fracture
9278,440,188,13,2024-10-03,2026-06-02,Fracture
9279,3312,30,5,2026-06-07,2026-07-23,Fracture
9280,1418,140,13,2025-04-02,2025-11-11,Hypertension
9281,4334,236,4,2024-09-19,2025-11-09,Stroke
9282,752,71,6,2026-07-03,2026-07-20,Diabetes
9283,4215,204,8,2026-03-18,2026-05-24,Asthma
9284,3849,100,4,2025-10-04,2026-01-08,Stroke
9285,2031,46,1,2025-03-17,2025-09-16,Fracture
9286,4030,107,11,2024-08-06,2025-04-27,Asthma
9287,4670,95,19,2026-02-02,2026-04-15,Stroke
9288,2257,116,10,2025-08-07,2026-04-05,Asthma
9289,4167,242,12,2026-05-02,2026-05-11,Pneumonia
9290,1041,61,4,2025-08-09,2026-01-18,Kidney Stones
9291,2166,26,16,2026-04-12,2026-06-16,Cancer
9292,3050,186,19,2026-06-28,2026-07-31,Stroke
9293,26,114,3,2024-10-11,2025-11-14,Covid
9294,1539,205,7,2025-08-03,2025-08-15,Hypertension
9295,3978,250,20,2024-11-13,2025-12-19,Cancer
9296,2541,115,7,2026-06-17,2026-07-09,Stroke
9297,4255,72,5,2024-08-20,2026-05-23,Hypertension
9298,4213,108,13,2024-08-30,2025-09-14,Covid
9299,3864,34,4,2024-08-18,2026-07-08,Migraine
9300,3106,128,15,2025-02-08,2026-05-08,Covid
9301,2354,51,17,2026-02-12,2026-05-16,Migraine
9302,455,214,6,2026-04-04,2026-06-14,Stroke
9303,4347,225,18,2025-05-06,2025-10-15,Pneumonia
9304,2720,40,12,2024-09-20,2026-03-14,Covid
9305,3230,149,1,2025-11-10,2026-05-16,Fracture
9306,3762,114,5,2024-09-14,2025-11-11,Diabetes
9307,649,146,14,2026-06-22,2026-06-24,Diabetes
9308,47,21,9,2024-08-07,2025-12-21,Diabetes
9309,3367,175,13,2025-11-17,2025-12-06,Cancer
9310,3793,229,12,2026-02-17,2026-03-18,Hypertension
9311,4791,183,12,2026-03-13,2026-06-07,Diabetes
9312,602,188,4,2025-07-23,2025-11-01,Hypertension
9313,1835,80,14,2025-12-04,2026-06-23,Hypertension
9314,4368,177,17,2026-01-20,2026-03-31,Asthma
9315,4573,203,18,2025-03-22,2026-06-25,Pneumonia
9316,2681,246,3,2026-03-29,2026-05-29,Fracture
9317,2315,95,7,2025-11-19,2026-07-19,Migraine
9318,4937,215,15,2024-09-13,2025-11-17,Pneumonia
9319,1680,171,17,2026-03-21,2026-05-11,Cancer
9320,4794,107,13,2025-04-15,2025-05-09,Kidney Stones
9321,726,219,19,2025-04-13,2025-11-02,Stroke
9322,635,129,8,2026-07-02,2026-08-07,Hypertension
9323,4618,197,18,2025-04-19,2025-10-26,Hypertension
9324,1311,109,9,2024-11-05,2026-04-21,Hypertension
9325,762,82,13,2025-09-28,2026-02-28,Cancer
9326,2710,219,10,2025-03-08,2025-09-24,Migraine
9327,2643,107,13,2025-10-09,2026-05-28,Stroke
9328,248,202,19,2025-08-15,2026-03-05,Hypertension
9329,4453,91,9,2026-07-08,2026-08-04,Cancer
9330,3894,46,2,2025-04-19,2025-07-24,Hypertension
9331,741,2,9,2025-12-31,2026-01-11,Fracture
9332,4780,157,5,2024-10-29,2026-08-01,Fracture
9333,2387,25,17,2025-12-12,2026-06-17,Migraine
9334,3144,237,12,2025-07-17,2026-06-08,Fracture
9335,4957,169,10,2026-05-10,2026-06-02,Fracture
9336,3914,94,16,2025-12-21,2026-04-12,Migraine
9337,3051,102,2,2026-07-13,2026-07-13,Kidney Stones
9338,176,240,18,2025-02-04,2025-07-16,Hypertension
9339,3549,193,1,2026-01-17,2026-05-22,Asthma
9340,4135,90,19,2025-09-27,2026-01-24,Diabetes
9341,2995,187,8,2026-05-19,2026-07-06,Hypertension
9342,455,84,9,2025-03-27,2026-07-06,Kidney Stones
9343,1666,175,14,2025-09-11,2026-06-22,Kidney Stones
9344,3707,93,16,2025-01-04,2026-04-08,Fracture
9345,1853,118,9,2025-07-01,2026-03-21,Diabetes
9346,3556,91,8,2025-12-26,2025-12-27,Stroke
9347,4427,113,4,2025-02-02,2025-02-20,Covid
9348,852,182,20,2025-03-26,2025-08-04,Fracture
9349,100,37,11,2025-10-29,2026-04-20,Pneumonia
9350,1936,232,15,2025-08-14,2025-10-23,Fracture
9351,1747,219,8,2026-06-23,2026-07-24,Covid
9352,101,111,18,2025-03-14,2026-05-31,Fracture
9353,766,72,7,2025-05-10,2025-12-22,Fracture
9354,2959,1,5,2025-09-10,2025-09-14,Fracture
9355,3280,52,19,2026-03-26,2026-08-15,Cancer
9356,703,116,7,2025-12-08,2026-06-19,Hypertension
9357,790,59,4,2026-04-26,2026-05-29,Diabetes
9358,4997,250,12,2026-07-16,2026-08-01,Covid
9359,3922,241,8,2025-09-02,2026-01-15,Cancer
9360,610,45,5,2024-10-05,2026-02-14,Migraine
9361,1450,136,4,2025-04-18,2025-09-22,Migraine
9362,1013,73,14,2025-05-06,2026-04-06,Cancer
9363,1615,245,16,2026-02-26,2026-08-02,Diabetes
9364,2870,96,7,2026-03-17,2026-05-22,Diabetes
9365,1473,35,16,2025-03-04,2026-03-26,Stroke
9366,845,140,16,2026-02-12,2026-02-15,Cancer
9367,2214,207,5,2025-03-07,2025-03-07,Covid
9368,3417,12,9,2024-09-28,2025-04-09,Asthma
9369,184,62,20,2025-02-11,2026-05-11,Diabetes
9370,1346,135,2,2026-01-18,2026-04-14,Pneumonia
9371,3719,203,10,2025-11-15,2025-12-25,Pneumonia
9372,464,195,1,2025-07-03,2026-02-17,Fracture
9373,4355,36,11,2025-03-07,2025-06-02,Pneumonia
9374,3043,141,10,2025-09-18,2026-01-30,Stroke
9375,2146,54,13,2025-05-21,2025-10-06,Pneumonia
9376,2325,131,10,2025-07-30,2025-11-26,Fracture
9377,4045,124,9,2025-02-18,2026-05-27,Asthma
9378,2386,26,14,2025-01-02,2026-08-04,Fracture
9379,1909,119,7,2025-06-26,2026-03-11,Hypertension
9380,2258,96,9,2026-02-07,2026-03-29,Stroke
9381,2563,50,7,2026-01-07,2026-04-12,Hypertension
9382,2422,8,7,2025-04-26,2026-03-08,Fracture
9383,4367,64,12,2026-04-12,2026-04-13,Asthma
9384,4621,201,9,2025-10-09,2026-07-27,Diabetes
9385,4562,82,5,2025-07-06,2026-03-18,Asthma
9386,4701,171,2,2025-07-02,2025-07-17,Stroke
9387,4115,124,18,2024-11-11,2025-03-31,Fracture
9388,3869,159,13,2026-06-23,2026-08-14,Pneumonia
9389,2350,136,6,2026-01-27,2026-05-30,Covid
9390,2075,136,1,2026-04-21,2026-05-06,Kidney Stones
9391,3908,103,7,2025-09-04,2025-10-07,Pneumonia
9392,1032,194,8,2026-04-16,2026-08-02,Diabetes
9393,2763,203,2,2025-04-05,2026-03-20,Kidney Stones
9394,3479,134,3,2025-09-12,2025-11-20,Kidney Stones
9395,1498,141,6,2025-07-22,2025-08-05,Stroke
9396,384,43,6,2026-01-11,2026-04-24,Fracture
9397,2285,200,20,2025-01-03,2025-10-22,Hypertension
9398,1377,226,20,2026-05-07,2026-07-31,Pneumonia
9399,4418,76,18,2025-09-29,2026-03-07,Stroke
9400,558,123,8,2025-04-06,2025-04-27,Covid
9401,1943,98,14,2026-05-05,2026-05-22,Cancer
9402,860,70,3,2026-07-12,2026-07-20,Migraine
9403,1549,197,18,2026-03-03,2026-06-01,Asthma
9404,2004,163,1,2025-03-15,2025-04-24,Diabetes
9405,1290,63,4,2025-04-10,2026-01-10,Pneumonia
9406,4531,66,9,2024-10-05,2026-07-15,Fracture
9407,2189,240,14,2026-01-31,2026-06-03,Hypertension
9408,2416,136,1,2025-09-26,2025-12-07,Pneumonia
9409,2341,16,20,2026-03-07,2026-08-02,Stroke
9410,933,41,14,2024-10-15,2026-07-31,Stroke
9411,2882,206,16,2024-10-06,2024-10-12,Migraine
9412,1630,138,1,2024-10-04,2026-03-02,Cancer
9413,4336,102,9,2025-06-14,2026-05-17,Fracture
9414,140,231,3,2026-03-31,2026-05-25,Fracture
9415,72,55,9,2024-08-15,2024-12-16,Asthma
9416,1580,62,14,2025-11-22,2026-07-30,Hypertension
9417,3504,18,15,2025-12-09,2026-04-20,Kidney Stones
9418,2011,35,8,2024-11-11,2026-01-25,Pneumonia
9419,4714,6,11,2025-10-09,2025-10-23,Pneumonia
9420,3236,158,7,2025-05-20,2026-04-16,Cancer
9421,3148,228,9,2026-03-21,2026-06-30,Stroke
9422,139,69,12,2026-07-29,2026-08-02,Pneumonia
9423,95,144,7,2024-08-09,2025-11-11,Kidney Stones
9424,94,81,16,2026-01-31,2026-06-04,Hypertension
9425,3233,133,16,2025-04-08,2025-10-28,Diabetes
9426,4054,80,18,2026-04-11,2026-04-18,Pneumonia
9427,3181,176,17,2026-05-19,2026-07-19,Pneumonia
9428,2573,63,3,2024-08-17,2026-02-18,Pneumonia
9429,3661,97,12,2025-06-07,2026-08-01,Pneumonia
9430,132,207,16,2026-08-06,2026-08-06,Fracture
9431,1891,170,5,2025-02-27,2025-10-11,Pneumonia
9432,672,105,12,2025-12-29,2026-01-22,Covid
9433,2464,186,14,2024-09-15,2024-10-07,Diabetes
9434,581,247,9,2025-08-24,2026-06-29,Asthma
9435,3731,168,5,2025-12-24,2026-03-24,Cancer
9436,1557,247,8,2025-10-15,2025-10-16,Stroke
9437,268,205,9,2025-08-29,2025-11-16,Pneumonia
9438,4059,197,13,2024-08-18,2026-08-11,Fracture
9439,3468,190,10,2024-11-15,2026-01-23,Kidney Stones
9440,727,232,13,2026-05-29,2026-08-04,Pneumonia
9441,4870,38,1,2026-04-26,2026-08-13,Fracture
9442,3500,137,8,2025-06-10,2026-03-22,Asthma
9443,3590,179,18,2026-07-26,2026-08-05,Asthma
9444,1365,248,16,2026-04-09,2026-06-17,Covid
9445,2417,117,7,2026-04-04,2026-04-09,Pneumonia
9446,2038,38,17,2025-01-29,2025-10-18,Hypertension
9447,2162,152,13,2025-06-10,2026-05-21,Cancer
9448,4333,26,16,2026-05-23,2026-06-23,Cancer
9449,682,131,10,2025-08-28,2025-11-24,Hypertension
9450,4352,52,6,2026-06-03,2026-06-19,Fracture
9451,1128,24,2,2026-05-27,2026-06-10,Stroke
9452,408,87,17,2026-07-19,2026-08-12,Asthma
9453,1374,233,20,2026-07-25,2026-07-28,Stroke
9454,4674,185,11,2026-06-15,2026-06-26,Kidney Stones
9455,4498,153,15,2025-07-08,2026-01-24,Kidney Stones
9456,2531,170,5,2026-06-25,2026-06-29,Cancer
9457,1013,29,9,2026-03-07,2026-08-11,Hypertension
9458,4508,211,4,2024-10-21,2024-11-06,Fracture
9459,3445,82,16,2026-01-21,2026-02-08,Migraine
9460,1679,190,16,2025-12-05,2026-01-31,Covid
9461,898,167,7,2025-07-30,2026-04-30,Pneumonia
9462,596,89,13,2025-04-22,2026-04-01,Hypertension
9463,4774,46,16,2026-04-01,2026-07-15,Fracture
9464,3073,161,14,2026-01-18,2026-07-13,Hypertension
9465,3983,208,12,2024-10-20,2025-01-05,Cancer
9466,2368,35,15,2025-05-29,2026-01-30,Fracture
9467,1577,28,18,2026-07-14,2026-08-12,Stroke
9468,4739,48,18,2025-04-28,2025-08-23,Migraine
9469,2851,159,15,2025-04-04,2025-09-09,Covid
9470,1764,18,3,2025-03-06,2026-03-14,Fracture
9471,3584,85,20,2025-02-12,2026-07-12,Fracture
9472,4368,90,2,2025-11-07,2026-01-22,Cancer
9473,3154,124,13,2024-09-03,2026-06-03,Kidney Stones
9474,3233,188,18,2025-07-21,2026-05-30,Hypertension
9475,3943,172,17,2024-11-26,2025-07-11,Migraine
9476,2008,174,3,2026-03-10,2026-07-08,Covid
9477,1983,147,7,2026-03-27,2026-06-23,Cancer
9478,476,187,17,2025-08-15,2026-07-20,Migraine
9479,4902,36,19,2026-01-23,2026-04-26,Hypertension
9480,158,153,19,2025-09-29,2026-05-21,Diabetes
9481,4517,77,2,2024-08-08,2024-10-04,Kidney Stones
9482,1630,190,19,2025-10-14,2026-03-01,Migraine
9483,214,189,10,2025-04-07,2026-05-08,Kidney Stones
9484,3186,36,14,2024-10-05,2026-05-18,Asthma
9485,4733,202,12,2026-08-04,2026-08-08,Hypertension
9486,1215,244,12,2024-08-15,2026-03-05,Pneumonia
9487,4366,181,13,2026-05-03,2026-07-04,Migraine
9488,4811,4,12,2026-01-31,2026-04-24,Pneumonia
9489,4930,93,3,2025-01-08,2025-03-14,Pneumonia
9490,3904,73,13,2025-07-16,2026-01-11,Asthma
9491,1386,9,14,2026-07-10,2026-07-28,Covid
9492,866,175,19,2025-10-05,2026-04-27,Diabetes
9493,3844,106,13,2025-08-19,2026-02-17,Kidney Stones
9494,1624,229,5,2025-07-19,2026-06-01,Hypertension
9495,4277,114,11,2026-01-22,2026-05-17,Covid
9496,2959,190,13,2024-11-05,2024-11-19,Kidney Stones
9497,711,59,9,2024-09-21,2024-11-22,Kidney Stones
9498,84,118,6,2026-07-03,2026-07-25,Stroke
9499,2802,107,9,2025-11-05,2026-07-26,Covid
9500,226,153,20,2025-08-12,2025-10-07,Migraine
9501,592,173,5,2025-03-05,2025-09-02,Diabetes
9502,795,23,3,2025-11-11,2026-06-07,Hypertension
9503,2964,167,14,2025-06-18,2026-04-08,Migraine
9504,2942,167,12,2024-10-03,2025-11-05,Migraine
9505,2639,179,16,2025-04-19,2026-04-30,Covid
9506,1954,221,3,2026-04-27,2026-06-18,Asthma
9507,2178,16,13,2025-01-19,2025-05-07,Asthma
9508,635,4,11,2024-10-18,2024-12-25,Kidney Stones
9509,308,19,9,2026-04-22,2026-07-11,Asthma
9510,2913,169,10,2025-03-14,2026-07-16,Pneumonia
9511,3387,190,14,2025-12-28,2026-02-14,Hypertension
9512,2661,122,1,2025-04-18,2025-12-02,Pneumonia
9513,4478,49,16,2025-05-11,2026-06-20,Covid
9514,1616,206,20,2025-02-10,2026-02-01,Pneumonia
9515,1284,211,15,2025-05-16,2025-07-16,Fracture
9516,3308,235,8,2025-02-28,2025-08-21,Asthma
9517,3237,74,6,2026-02-02,2026-05-30,Fracture
9518,4942,105,11,2024-12-14,2026-03-28,Covid
9519,2713,169,13,2025-08-12,2026-01-27,Diabetes
9520,2939,208,6,2026-06-06,2026-07-30,Cancer
9521,4370,29,9,2024-10-28,2024-12-09,Asthma
9522,4395,1,11,2024-10-14,2025-03-07,Migraine
9523,3757,71,14,2026-07-15,2026-08-14,Covid
9524,2994,147,12,2024-12-13,2026-04-19,Diabetes
9525,1450,29,1,2025-03-21,2025-07-12,Fracture
9526,3404,7,19,2024-09-11,2025-01-03,Asthma
9527,2793,19,12,2026-04-09,2026-07-29,Covid
9528,3937,135,8,2025-03-05,2026-07-22,Diabetes
9529,438,39,10,2025-04-17,2026-08-03,Asthma
9530,2408,240,6,2025-04-23,2025-09-19,Cancer
9531,3913,135,8,2024-10-13,2025-01-12,Stroke
9532,452,196,11,2026-07-12,2026-07-24,Cancer
9533,2425,152,12,2026-04-02,2026-08-07,Migraine
9534,2876,234,3,2025-12-05,2026-01-30,Asthma
9535,2875,75,11,2025-12-04,2026-06-04,Covid
9536,2425,250,18,2024-09-01,2026-01-13,Stroke
9537,698,224,12,2024-08-07,2025-02-17,Stroke
9538,3031,132,12,2026-05-01,2026-07-25,Hypertension
9539,898,14,7,2024-08-11,2025-04-09,Cancer
9540,4081,240,10,2026-07-28,2026-08-01,Cancer
9541,613,115,1,2026-03-13,2026-05-16,Kidney Stones
9542,3272,192,13,2025-03-21,2025-06-03,Pneumonia
9543,1865,26,10,2025-06-19,2026-03-02,Covid
9544,4726,5,14,2025-10-13,2025-11-10,Cancer
9545,1854,234,16,2026-06-05,2026-07-15,Cancer
9546,3881,178,15,2024-09-10,2025-10-28,Hypertension
9547,4949,155,4,2025-07-25,2025-10-08,Asthma
9548,4903,13,11,2026-01-22,2026-05-03,Kidney Stones
9549,43,210,20,2026-06-03,2026-06-15,Hypertension
9550,2433,229,19,2025-04-15,2025-07-24,Fracture
9551,3888,201,1,2025-03-26,2026-01-07,Kidney Stones
9552,3775,207,18,2026-02-14,2026-03-13,Asthma
9553,2893,41,9,2026-02-28,2026-06-28,Cancer
9554,3254,241,2,2025-10-04,2026-08-13,Pneumonia
9555,447,223,13,2024-11-05,2025-06-06,Pneumonia
9556,4122,120,12,2026-02-14,2026-07-12,Migraine
9557,1266,91,11,2025-10-28,2026-06-16,Pneumonia
9558,2472,75,8,2026-03-14,2026-05-06,Hypertension
9559,3086,199,5,2024-10-07,2025-05-28,Kidney Stones
9560,3662,162,14,2025-03-29,2026-05-13,Migraine
9561,1421,80,12,2026-06-23,2026-07-16,Hypertension
9562,731,218,8,2024-11-16,2026-02-11,Kidney Stones
9563,1793,182,13,2025-11-24,2026-05-11,Covid
9564,2635,76,18,2025-12-16,2026-05-16,Hypertension
9565,1107,53,20,2026-04-05,2026-05-10,Fracture
9566,3178,65,9,2025-07-18,2025-10-20,Asthma
9567,3595,46,8,2026-02-16,2026-03-23,Migraine
9568,2762,229,8,2026-07-20,2026-08-15,Asthma
9569,3483,114,11,2026-07-22,2026-07-22,Pneumonia
9570,3209,174,10,2025-04-17,2026-01-16,Hypertension
9571,2806,249,11,2025-01-02,2025-03-07,Hypertension
9572,1163,223,3,2026-03-28,2026-05-20,Migraine
9573,3322,173,3,2024-09-22,2026-03-26,Hypertension
9574,2512,221,16,2026-07-22,2026-08-02,Kidney Stones
9575,942,37,13,2026-07-12,2026-07-15,Diabetes
9576,1365,62,19,2026-05-04,2026-05-11,Covid
9577,922,71,3,2025-03-03,2026-05-09,Migraine
9578,4603,204,16,2026-04-14,2026-06-29,Asthma
9579,4753,66,12,2025-04-06,2025-09-29,Stroke
9580,1759,85,12,2026-03-03,2026-08-13,Diabetes
9581,1307,18,15,2025-06-11,2026-02-25,Pneumonia
9582,11,42,12,2026-07-06,2026-08-10,Diabetes
9583,2903,241,11,2026-05-08,2026-06-21,Diabetes
9584,697,88,10,2026-03-01,2026-03-27,Covid
9585,901,178,6,2026-04-13,2026-08-15,Hypertension
9586,1417,239,9,2026-04-05,2026-05-28,Cancer
9587,1165,15,7,2025-07-12,2026-01-10,Diabetes
9588,2205,5,18,2025-03-28,2026-08-11,Cancer
9589,521,218,4,2024-08-27,2026-03-03,Diabetes
9590,766,82,16,2025-05-25,2025-06-02,Cancer
9591,2161,233,20,2026-01-22,2026-02-18,Kidney Stones
9592,2948,204,9,2026-06-03,2026-07-13,Migraine
9593,4791,185,15,2025-02-13,2025-06-15,Asthma
9594,1862,24,9,2026-07-17,2026-07-18,Asthma
9595,3806,111,14,2025-09-17,2026-02-26,Covid
9596,1730,177,11,2026-05-30,2026-08-12,Kidney Stones
9597,2231,78,15,2026-07-17,2026-08-15,Fracture
9598,384,50,2,2025-11-27,2026-08-06,Diabetes
9599,4194,60,2,2026-01-30,2026-04-12,Asthma
9600,1892,217,16,2026-04-13,2026-06-28,Kidney Stones
9601,3956,188,5,2026-07-27,2026-08-11,Fracture
9602,4843,2,16,2025-01-29,2026-03-17,Hypertension
9603,3792,144,3,2025-01-09,2025-02-20,Diabetes
9604,3099,123,18,2024-08-06,2024-09-20,Migraine
9605,3342,11,6,2025-12-25,2026-04-02,Pneumonia
9606,2077,228,20,2025-11-18,2025-12-17,Stroke
9607,4324,201,14,2025-12-08,2026-07-21,Migraine
9608,986,41,12,2026-03-15,2026-05-17,Hypertension
9609,4982,48,18,2025-01-31,2025-02-11,Cancer
9610,2817,116,19,2026-02-28,2026-05-03,Asthma
9611,2329,53,17,2026-05-01,2026-05-20,Pneumonia
9612,1567,105,18,2025-09-30,2026-08-07,Pneumonia
9613,3481,205,19,2026-03-25,2026-08-12,Stroke
9614,3288,178,4,2026-01-06,2026-02-24,Fracture
9615,1943,189,14,2025-03-04,2025-03-21,Stroke
9616,4427,1,11,2025-09-19,2025-11-05,Kidney Stones
9617,2091,226,19,2024-09-06,2025-07-05,Diabetes
9618,1299,220,6,2024-12-23,2025-06-23,Asthma
9619,1045,195,5,2026-06-10,2026-06-24,Migraine
9620,4074,149,2,2024-10-19,2026-02-16,Pneumonia
9621,2242,165,6,2025-12-09,2026-07-20,Asthma
9622,3760,234,5,2025-02-22,2025-11-28,Kidney Stones
9623,1334,174,15,2026-03-31,2026-08-06,Cancer
9624,114,228,16,2024-08-06,2024-10-15,Pneumonia
9625,4316,248,3,2025-09-16,2026-04-19,Fracture
9626,1831,16,6,2024-09-09,2025-12-12,Diabetes
9627,3597,143,16,2026-01-08,2026-07-30,Diabetes
9628,3914,8,20,2025-11-27,2026-03-18,Diabetes
9629,674,47,9,2024-08-18,2025-03-07,Pneumonia
9630,3990,120,19,2025-06-13,2026-01-07,Kidney Stones
9631,3801,146,2,2025-07-12,2026-03-05,Stroke
9632,4497,106,6,2025-09-28,2026-06-15,Kidney Stones
9633,3623,233,2,2025-08-24,2026-07-11,Stroke
9634,5000,60,12,2026-05-05,2026-08-01,Cancer
9635,1847,37,8,2024-10-20,2025-05-23,Pneumonia
9636,492,249,10,2026-07-09,2026-07-25,Fracture
9637,422,90,10,2026-02-10,2026-06-01,Migraine
9638,2955,98,11,2025-07-01,2025-09-23,Covid
9639,2515,216,12,2025-04-11,2025-05-05,Fracture
9640,4846,133,6,2026-06-23,2026-07-03,Kidney Stones
9641,1518,169,12,2025-03-30,2025-12-12,Asthma
9642,3753,181,4,2025-12-21,2026-06-03,Fracture
9643,2641,45,10,2024-11-24,2025-06-22,Asthma
9644,2892,187,12,2025-10-23,2026-07-30,Stroke
9645,3148,205,5,2025-05-27,2026-07-05,Cancer
9646,3501,216,13,2026-04-01,2026-07-27,Kidney Stones
9647,3010,49,7,2026-01-03,2026-05-01,Pneumonia
9648,4041,170,4,2025-06-18,2026-07-22,Fracture
9649,309,230,14,2026-02-10,2026-08-06,Pneumonia
9650,4555,153,9,2025-08-08,2026-02-20,Covid
9651,2222,153,5,2026-05-30,2026-06-14,Stroke
9652,1139,201,13,2026-07-18,2026-07-30,Diabetes
9653,1489,35,14,2025-02-17,2025-03-17,Migraine
9654,4208,5,15,2024-09-01,2026-03-12,Covid
9655,2272,26,2,2026-06-07,2026-08-06,Diabetes
9656,29,200,17,2026-06-18,2026-07-24,Diabetes
9657,2726,133,14,2024-08-13,2024-12-18,Covid
9658,4617,130,13,2025-12-31,2026-07-03,Migraine
9659,286,104,14,2025-11-04,2025-12-17,Migraine
9660,3441,65,19,2025-12-02,2026-06-18,Kidney Stones
9661,4627,225,13,2026-05-18,2026-05-28,Hypertension
9662,2170,244,8,2025-09-30,2026-07-13,Kidney Stones
9663,2892,215,8,2024-11-23,2025-06-19,Hypertension
9664,3604,63,9,2026-01-18,2026-01-31,Pneumonia
9665,1184,163,18,2026-03-12,2026-07-24,Asthma
9666,4388,3,2,2026-02-14,2026-08-07,Diabetes
9667,1792,216,6,2024-08-13,2024-09-01,Pneumonia
9668,3453,167,2,2024-12-01,2025-12-27,Kidney Stones
9669,1361,176,13,2025-07-21,2026-01-07,Asthma
9670,1331,152,16,2025-08-24,2026-08-02,Migraine
9671,4964,185,3,2025-07-03,2026-05-21,Migraine
9672,3180,20,17,2025-06-29,2026-02-24,Diabetes
9673,1949,170,2,2025-07-09,2025-10-29,Migraine
9674,4291,69,4,2025-10-20,2025-11-05,Pneumonia
9675,1778,9,9,2025-06-24,2026-05-07,Diabetes
9676,2599,8,20,2024-08-24,2026-05-23,Fracture
9677,250,128,15,2024-09-06,2025-10-07,Cancer
9678,3921,2,3,2025-04-22,2025-09-18,Stroke
9679,826,69,20,2024-12-18,2025-10-15,Covid
9680,4261,186,16,2024-10-05,2024-12-15,Fracture
9681,4614,183,11,2025-05-20,2025-05-31,Stroke
9682,463,110,12,2025-05-18,2026-01-01,Diabetes
9683,4385,154,17,2025-05-28,2026-07-31,Cancer
9684,1947,193,13,2025-11-02,2026-05-17,Pneumonia
9685,1579,150,18,2024-12-17,2026-03-09,Migraine
9686,3322,41,1,2024-09-25,2025-03-30,Stroke
9687,3415,237,17,2024-08-23,2025-06-08,Covid
9688,2084,26,10,2026-05-22,2026-08-12,Kidney Stones
9689,3375,61,1,2026-06-16,2026-08-14,Migraine
9690,3814,6,16,2026-03-18,2026-06-19,Pneumonia
9691,2125,109,4,2026-03-13,2026-03-23,Hypertension
9692,3441,48,9,2025-07-21,2025-09-17,Stroke
9693,2550,159,1,2025-04-04,2025-12-05,Stroke
9694,2162,141,18,2025-09-22,2026-07-26,Stroke
9695,882,7,20,2026-03-03,2026-06-07,Kidney Stones
9696,2893,20,5,2025-09-22,2025-12-15,Covid
9697,1115,115,17,2025-01-08,2026-08-05,Asthma
9698,568,28,1,2026-05-21,2026-05-22,Asthma
9699,3210,111,14,2025-03-17,2025-04-23,Pneumonia
9700,1710,178,1,2025-07-03,2026-07-30,Kidney Stones
9701,788,131,9,2026-02-05,2026-06-27,Hypertension
9702,681,87,7,2026-06-21,2026-06-25,Diabetes
9703,2265,144,12,2024-09-30,2025-10-16,Cancer
9704,1434,67,7,2025-01-19,2025-06-08,Pneumonia
9705,4289,5,18,2026-05-14,2026-07-13,Pneumonia
9706,3544,157,5,2026-03-09,2026-07-16,Cancer
9707,4547,224,6,2026-01-12,2026-06-08,Kidney Stones
9708,2460,75,11,2025-05-07,2026-03-27,Kidney Stones
9709,3708,27,7,2026-06-09,2026-08-16,Fracture
9710,233,172,17,2025-07-02,2026-02-26,Migraine
9711,2367,113,19,2024-09-23,2025-02-09,Covid
9712,4749,192,1,2025-09-06,2026-08-03,Kidney Stones
9713,290,113,15,2025-05-10,2025-12-24,Fracture
9714,425,207,14,2025-05-20,2025-07-21,Diabetes
9715,2139,213,12,2025-02-25,2026-03-12,Diabetes
9716,2848,44,13,2025-05-19,2026-08-11,Fracture
9717,30,67,16,2024-08-11,2025-03-31,Cancer
9718,2761,58,7,2025-02-23,2025-08-03,Asthma
9719,3008,2,2,2026-01-14,2026-07-12,Migraine
9720,2888,86,12,2025-07-26,2026-08-04,Kidney Stones
9721,4353,6,12,2026-06-18,2026-08-06,Asthma
9722,602,120,20,2024-08-29,2026-06-05,Kidney Stones
9723,992,222,14,2026-04-23,2026-06-13,Covid
9724,4814,205,13,2025-02-06,2026-03-30,Stroke
9725,511,84,3,2025-02-28,2026-06-02,Migraine
9726,3899,203,19,2024-11-11,2025-05-15,Cancer
9727,2053,223,15,2026-07-05,2026-07-31,Pneumonia
9728,2430,168,4,2024-08-23,2024-09-03,Migraine
9729,796,138,15,2025-09-09,2026-02-12,Kidney Stones
9730,166,201,13,2026-01-15,2026-01-28,Hypertension
9731,3655,109,19,2024-09-27,2025-04-16,Fracture
9732,389,104,11,2025-01-19,2025-04-12,Diabetes
9733,3432,115,11,2025-06-19,2026-06-26,Covid
9734,1479,136,14,2025-11-27,2026-04-18,Cancer
9735,1603,210,16,2026-06-16,2026-08-11,Hypertension
9736,4541,128,18,2025-06-06,2025-11-27,Pneumonia
9737,4060,223,13,2026-04-25,2026-05-07,Migraine
9738,1817,96,15,2024-09-01,2026-05-12,Stroke
9739,1919,205,15,2024-10-22,2026-01-11,Fracture
9740,3784,56,19,2026-06-27,2026-07-06,Fracture
9741,2178,248,4,2024-11-05,2025-02-01,Kidney Stones
9742,3079,179,10,2025-07-03,2026-04-11,Covid
9743,435,126,10,2025-11-26,2026-03-17,Hypertension
9744,3902,44,19,2025-02-13,2026-06-12,Diabetes
9745,1278,40,18,2025-06-18,2025-06-19,Fracture
9746,4519,213,5,2026-01-29,2026-07-29,Kidney Stones
9747,2059,46,7,2026-01-01,2026-07-08,Hypertension
9748,2959,72,11,2025-03-15,2026-07-07,Cancer
9749,1013,162,11,2025-12-02,2026-01-12,Diabetes
9750,187,54,20,2025-04-09,2025-11-23,Asthma
9751,237,75,20,2025-06-30,2025-11-27,Covid
9752,4429,114,14,2026-03-28,2026-07-04,Asthma
9753,1554,118,14,2026-08-06,2026-08-14,Migraine
9754,1998,66,5,2026-02-18,2026-04-03,Asthma
9755,4798,66,2,2026-06-01,2026-07-29,Asthma
9756,2685,92,11,2026-05-25,2026-06-28,Fracture
9757,4443,157,4,2024-08-24,2025-05-08,Hypertension
9758,2141,31,9,2026-04-26,2026-05-14,Cancer
9759,3280,18,6,2026-07-12,2026-07-21,Pneumonia
9760,3743,207,20,2025-06-14,2025-09-30,Fracture
9761,1644,141,19,2025-10-23,2025-11-27,Pneumonia
9762,2962,133,15,2025-09-28,2026-02-11,Fracture
9763,2369,48,5,2025-08-21,2026-08-12,Hypertension
9764,2767,242,8,2025-10-05,2026-05-24,Pneumonia
9765,421,116,16,2024-12-11,2025-01-21,Diabetes
9766,4968,106,8,2026-07-13,2026-07-26,Migraine
9767,3536,37,19,2024-10-26,2025-04-10,Migraine
9768,4406,22,7,2025-04-09,2026-03-14,Cancer
9769,3888,186,13,2024-08-21,2025-05-02,Kidney Stones
9770,881,31,14,2024-11-24,2025-03-15,Hypertension
9771,4047,90,11,2025-10-11,2026-03-10,Diabetes
9772,1711,77,10,2026-04-10,2026-08-02,Fracture
9773,4782,111,19,2024-08-29,2024-10-22,Fracture
9774,1656,217,4,2025-03-01,2025-07-14,Asthma
9775,2372,91,6,2025-01-04,2025-04-07,Pneumonia
9776,783,175,13,2024-10-13,2026-01-24,Pneumonia
9777,850,23,11,2025-12-27,2026-07-04,Asthma
9778,3135,160,20,2025-04-25,2026-01-20,Diabetes
9779,19,23,19,2025-06-17,2025-08-16,Hypertension
9780,308,234,20,2025-06-13,2025-08-26,Stroke
9781,2871,172,7,2024-12-05,2025-04-08,Pneumonia
9782,621,222,13,2024-10-19,2025-08-10,Pneumonia
9783,2550,47,7,2025-08-07,2026-04-26,Asthma
9784,3843,78,15,2025-12-18,2026-04-24,Diabetes
9785,1195,181,4,2025-07-28,2025-08-01,Asthma
9786,1089,3,9,2024-08-20,2025-03-18,Covid
9787,4858,149,14,2024-10-14,2024-12-07,Hypertension
9788,442,83,10,2025-08-08,2025-08-16,Diabetes
9789,1639,203,16,2025-08-27,2025-09-22,Fracture
9790,2628,180,5,2025-04-06,2025-10-01,Cancer
9791,1890,235,15,2025-07-05,2025-07-24,Hypertension
9792,125,81,15,2026-06-27,2026-08-08,Kidney Stones
9793,1461,192,3,2025-11-17,2025-12-14,Stroke
9794,4513,23,11,2025-11-11,2025-12-24,Hypertension
9795,2778,138,9,2026-05-16,2026-05-26,Kidney Stones
9796,3254,155,19,2026-07-02,2026-08-02,Diabetes
9797,2773,241,16,2025-11-30,2026-07-12,Pneumonia
9798,2286,79,10,2026-03-15,2026-05-12,Kidney Stones
9799,4048,154,20,2026-07-28,2026-08-12,Fracture
9800,179,52,18,2025-11-18,2026-04-23,Covid
9801,666,76,20,2026-07-31,2026-08-13,Hypertension
9802,1291,209,6,2025-08-31,2026-05-18,Kidney Stones
9803,2786,232,8,2026-02-28,2026-03-07,Kidney Stones
9804,3410,107,5,2025-05-16,2026-08-02,Stroke
9805,677,41,2,2025-12-03,2026-08-09,Covid
9806,3204,192,4,2026-04-22,2026-06-22,Covid
9807,467,205,12,2025-10-25,2026-01-14,Covid
9808,4168,47,5,2025-07-02,2025-11-01,Fracture
9809,2478,156,2,2025-06-22,2025-10-28,Kidney Stones
9810,4097,123,5,2025-06-14,2026-01-01,Migraine
9811,4933,48,13,2025-03-07,2026-01-27,Diabetes
9812,2091,58,17,2025-09-16,2026-08-09,Cancer
9813,1166,137,2,2025-01-10,2025-10-18,Hypertension
9814,3169,174,16,2025-12-30,2026-04-26,Pneumonia
9815,4813,7,3,2024-12-29,2026-08-04,Kidney Stones
9816,1539,44,19,2025-08-15,2025-12-18,Fracture
9817,4727,65,7,2026-08-03,2026-08-12,Stroke
9818,431,46,8,2024-10-17,2024-11-29,Stroke
9819,2624,8,9,2025-09-02,2026-03-25,Fracture
9820,3766,170,3,2025-03-12,2026-04-28,Diabetes
9821,4246,38,10,2025-05-21,2025-10-18,Stroke
9822,4603,84,4,2025-02-01,2025-04-27,Migraine
9823,178,101,20,2026-06-13,2026-08-12,Stroke
9824,2361,183,10,2025-10-22,2026-02-08,Stroke
9825,3612,187,11,2025-07-31,2026-01-31,Covid
9826,4369,188,20,2026-01-15,2026-01-28,Migraine
9827,4924,99,1,2026-03-14,2026-05-25,Stroke
9828,1152,183,5,2024-10-02,2025-01-13,Hypertension
9829,153,216,9,2024-10-11,2025-08-11,Hypertension
9830,2219,61,19,2025-05-21,2025-09-01,Migraine
9831,1911,107,15,2025-04-30,2025-05-01,Fracture
9832,3882,108,6,2025-06-04,2026-06-27,Stroke
9833,461,195,16,2025-04-12,2026-05-13,Diabetes
9834,3146,123,1,2025-09-26,2025-12-30,Migraine
9835,2481,194,5,2026-06-02,2026-06-03,Fracture
9836,1290,13,3,2024-10-03,2026-05-10,Hypertension
9837,806,179,4,2026-07-18,2026-08-09,Kidney Stones
9838,2073,163,16,2025-01-18,2025-03-31,Kidney Stones
9839,4270,29,3,2025-03-30,2026-05-02,Hypertension
9840,4804,227,6,2024-10-09,2024-10-27,Diabetes
9841,4439,67,10,2025-06-05,2025-12-11,Asthma
9842,1922,157,18,2025-08-19,2025-09-08,Migraine
9843,510,76,12,2026-01-19,2026-08-03,Kidney Stones
9844,2012,230,9,2025-06-29,2026-04-08,Migraine
9845,1511,110,13,2025-12-14,2026-06-16,Stroke
9846,2402,61,7,2025-04-19,2026-04-28,Kidney Stones
9847,1703,240,16,2025-10-27,2026-04-20,Covid
9848,499,58,13,2026-04-08,2026-07-20,Diabetes
9849,3586,223,3,2025-05-24,2025-08-12,Pneumonia
9850,2871,10,5,2025-10-28,2026-04-22,Hypertension
9851,4150,1,3,2025-06-09,2025-08-08,Cancer
9852,3575,20,15,2025-11-01,2026-07-10,Pneumonia
9853,485,7,17,2026-02-10,2026-04-29,Hypertension
9854,2737,11,17,2026-06-07,2026-06-29,Hypertension
9855,2016,115,11,2025-01-14,2025-05-22,Migraine
9856,2530,56,18,2026-06-23,2026-07-29,Fracture
9857,3653,97,19,2025-11-07,2026-01-17,Asthma
9858,3694,212,9,2025-05-18,2026-05-26,Stroke
9859,793,54,12,2024-11-23,2026-07-10,Cancer
9860,3648,4,3,2026-02-20,2026-06-27,Diabetes
9861,2102,237,18,2026-07-29,2026-08-14,Cancer
9862,2306,175,7,2026-07-28,2026-08-08,Stroke
9863,2319,75,10,2025-03-27,2025-10-08,Cancer
9864,4373,122,2,2025-09-01,2026-08-01,Cancer
9865,4119,250,6,2024-11-23,2025-04-25,Hypertension
9866,1905,62,17,2026-03-11,2026-04-23,Migraine
9867,4711,89,19,2024-08-15,2025-12-07,Hypertension
9868,1229,46,18,2025-01-18,2025-12-19,Covid
9869,586,231,15,2026-02-23,2026-03-21,Kidney Stones
9870,1244,211,11,2025-10-10,2025-10-10,Diabetes
9871,3609,25,1,2024-12-13,2025-09-29,Migraine
9872,1473,128,9,2025-12-29,2026-03-03,Fracture
9873,194,192,17,2025-02-06,2026-05-02,Hypertension
9874,4903,87,11,2025-06-20,2025-10-01,Diabetes
9875,4284,208,2,2025-02-02,2025-08-25,Stroke
9876,2824,128,4,2025-05-25,2025-09-08,Asthma
9877,3881,19,15,2026-02-12,2026-05-16,Asthma
9878,2802,141,8,2025-04-21,2026-02-05,Migraine
9879,72,246,16,2026-01-31,2026-07-23,Pneumonia
9880,3000,239,13,2025-04-23,2025-12-03,Diabetes
9881,3307,248,18,2026-03-07,2026-08-05,Fracture
9882,1580,24,5,2025-05-10,2026-04-21,Hypertension
9883,2847,172,9,2026-01-09,2026-04-25,Fracture
9884,1410,244,7,2024-10-29,2025-01-16,Pneumonia
9885,135,75,6,2026-03-02,2026-03-14,Diabetes
9886,332,159,4,2025-07-21,2026-08-02,Migraine
9887,2947,250,17,2026-02-20,2026-06-05,Stroke
9888,1392,207,20,2025-06-26,2025-07-09,Stroke
9889,1007,5,17,2024-12-05,2026-01-14,Fracture
9890,1367,246,10,2025-11-04,2026-04-11,Kidney Stones
9891,2491,91,6,2026-05-09,2026-06-19,Covid
9892,2267,44,8,2025-09-17,2025-12-01,Diabetes
9893,4,118,2,2025-02-27,2026-01-24,Asthma
9894,3560,159,20,2026-01-11,2026-05-02,Diabetes
9895,1094,48,20,2026-01-10,2026-07-29,Pneumonia
9896,30,153,11,2026-04-10,2026-06-25,Hypertension
9897,1744,180,9,2025-11-02,2026-01-26,Migraine
9898,1598,31,18,2025-10-03,2026-03-16,Diabetes
9899,1047,98,3,2025-05-27,2025-05-29,Diabetes
9900,3788,142,1,2025-09-07,2026-06-29,Stroke
9901,2983,216,1,2024-08-29,2026-03-25,Migraine
9902,1079,206,12,2026-03-31,2026-08-11,Hypertension
9903,618,116,9,2024-09-26,2026-08-01,Hypertension
9904,4079,83,7,2025-05-24,2025-11-11,Covid
9905,1361,160,19,2025-04-30,2026-07-22,Pneumonia
9906,2231,171,11,2024-12-10,2025-11-24,Cancer
9907,935,162,19,2025-06-27,2025-12-31,Asthma
9908,1757,187,3,2025-04-19,2026-06-09,Stroke
9909,3845,36,16,2025-02-16,2025-08-20,Kidney Stones
9910,2476,116,13,2025-06-26,2026-07-23,Asthma
9911,4329,206,11,2025-02-10,2025-07-05,Asthma
9912,1481,124,16,2025-10-12,2026-06-09,Pneumonia
9913,1444,173,17,2025-11-23,2026-05-31,Hypertension
9914,4613,236,12,2024-09-03,2025-12-19,Kidney Stones
9915,2388,198,4,2026-07-14,2026-07-23,Diabetes
9916,4030,36,3,2025-04-06,2025-04-29,Pneumonia
9917,723,17,14,2026-03-19,2026-08-10,Diabetes
9918,4587,66,16,2025-01-06,2025-04-04,Stroke
9919,2017,159,19,2026-04-14,2026-05-31,Migraine
9920,3677,81,14,2026-02-01,2026-03-06,Fracture
9921,4698,78,19,2024-12-29,2025-03-05,Stroke
9922,616,134,16,2025-10-09,2026-07-21,Migraine
9923,3601,165,16,2025-01-09,2025-01-17,Asthma
9924,4179,102,12,2026-04-15,2026-07-27,Cancer
9925,2166,205,7,2025-11-25,2026-01-06,Stroke
9926,168,43,16,2025-10-01,2026-03-02,Kidney Stones
9927,361,96,11,2025-09-04,2026-03-17,Fracture
9928,3582,248,19,2024-11-13,2025-06-15,Asthma
9929,4240,181,4,2026-06-11,2026-06-15,Kidney Stones
9930,2360,7,20,2025-11-17,2026-01-11,Kidney Stones
9931,4640,88,2,2024-08-24,2025-12-09,Asthma
9932,2741,246,7,2025-05-23,2025-12-01,Asthma
9933,952,53,16,2024-12-15,2025-02-21,Fracture
9934,2225,76,5,2025-02-25,2025-05-25,Diabetes
9935,3470,233,8,2026-05-10,2026-08-05,Diabetes
9936,1177,176,13,2026-01-08,2026-03-11,Hypertension
9937,4146,229,4,2025-01-21,2025-02-12,Cancer
9938,4744,98,12,2025-07-28,2026-06-25,Hypertension
9939,1823,216,16,2024-12-31,2026-04-07,Diabetes
9940,332,17,4,2024-09-24,2025-12-15,Stroke
9941,3995,142,20,2026-05-10,2026-07-08,Cancer
9942,1653,123,3,2026-04-04,2026-06-24,Stroke
9943,1769,207,5,2025-11-18,2026-06-03,Pneumonia
9944,1415,96,8,2025-05-16,2025-12-04,Diabetes
9945,3020,141,1,2026-02-05,2026-07-11,Covid
9946,1211,217,2,2024-11-27,2025-05-11,Fracture
9947,2311,235,10,2026-07-26,2026-08-11,Hypertension
9948,489,186,10,2026-06-21,2026-07-13,Covid
9949,2596,154,15,2025-05-30,2026-06-16,Kidney Stones
9950,3278,70,15,2024-09-24,2026-03-31,Stroke
9951,4490,190,8,2025-10-02,2026-06-28,Hypertension
9952,3159,16,1,2025-03-27,2026-07-07,Diabetes
9953,4652,236,14,2026-07-17,2026-07-18,Fracture
9954,4550,221,3,2024-08-24,2025-01-29,Kidney Stones
9955,2604,194,15,2026-04-26,2026-06-11,Hypertension
9956,2076,249,8,2025-10-08,2026-05-06,Hypertension
9957,2185,162,20,2025-10-16,2025-11-05,Kidney Stones
9958,1649,13,1,2025-08-30,2026-02-14,Fracture
9959,4054,231,2,2024-11-09,2025-03-02,Cancer
9960,4521,18,14,2025-09-03,2025-10-03,Cancer
9961,246,10,4,2026-02-17,2026-04-30,Asthma
9962,2483,115,13,2024-08-29,2025-10-03,Fracture
9963,433,51,4,2026-06-08,2026-06-30,Cancer
9964,3180,116,19,2025-09-07,2026-06-01,Kidney Stones
9965,3455,191,11,2026-02-16,2026-05-10,Migraine
9966,3649,104,10,2026-01-10,2026-03-22,Stroke
9967,3734,111,20,2024-11-18,2025-07-20,Asthma
9968,4677,160,14,2026-02-16,2026-03-25,Migraine
9969,443,5,1,2025-05-18,2026-01-06,Kidney Stones
9970,1851,210,11,2025-01-07,2025-04-27,Fracture
9971,509,105,16,2025-02-12,2025-09-26,Covid
9972,279,176,16,2026-02-01,2026-03-07,Hypertension
9973,1039,172,4,2024-12-09,2025-12-20,Cancer
9974,2155,55,20,2025-10-18,2026-05-24,Hypertension
9975,4710,228,14,2025-06-09,2026-03-05,Kidney Stones
9976,1185,38,10,2025-05-21,2026-03-09,Diabetes
9977,2078,124,18,2025-05-22,2025-05-23,Stroke
9978,107,151,9,2025-06-18,2025-11-13,Covid
9979,1646,3,7,2026-02-17,2026-02-26,Fracture
9980,1715,171,13,2024-09-09,2024-12-20,Diabetes
9981,981,34,5,2024-09-06,2024-10-09,Fracture
9982,817,121,16,2024-10-12,2026-05-29,Diabetes
9983,310,33,15,2026-05-12,2026-07-14,Stroke
9984,3567,20,5,2024-12-30,2025-02-26,Kidney Stones
9985,3149,20,7,2025-12-21,2026-06-07,Diabetes
9986,4123,114,14,2026-06-27,2026-06-30,Diabetes
9987,3852,225,6,2026-07-30,2026-08-12,Fracture
9988,1186,37,8,2025-05-08,2025-05-16,Stroke
9989,2605,19,10,2025-12-17,2026-02-06,Cancer
9990,1745,77,2,2025-12-01,2025-12-02,Kidney Stones
9991,931,56,6,2026-07-04,2026-07-18,Fracture
9992,2422,146,7,2024-09-22,2025-04-25,Covid
9993,3205,172,14,2024-10-03,2025-04-08,Asthma
9994,897,64,14,2026-01-08,2026-03-14,Kidney Stones
9995,1882,11,3,2026-03-24,2026-05-27,Covid
9996,3151,28,7,2026-04-07,2026-05-06,Stroke
9997,4265,169,3,2025-04-03,2026-04-16,Stroke
9998,1782,56,9,2025-04-01,2025-04-02,Diabetes
9999,4367,137,15,2025-07-28,2026-07-04,Fracture
10000,773,55,17,2025-08-26,2026-05-06,Kidney Stones
10001,4056,237,14,2025-08-16,2026-08-16,Hypertension
10002,3100,12,20,2025-09-06,2025-11-17,Hypertension
10003,36,203,20,2024-10-15,2025-09-09,Stroke
10004,4284,52,3,2024-10-29,2025-02-03,Migraine
10005,1531,4,18,2026-06-06,2026-07-13,Cancer
10006,3582,93,9,2026-01-24,2026-06-24,Kidney Stones
10007,3053,198,2,2025-07-22,2026-08-07,Stroke
10008,1084,91,16,2024-11-08,2026-03-27,Diabetes
10009,4504,236,7,2026-05-29,2026-07-04,Stroke
10010,652,53,10,2025-10-05,2025-11-07,Stroke
10011,4360,121,11,2025-06-27,2026-07-28,Kidney Stones
10012,802,56,14,2025-09-15,2025-10-08,Kidney Stones
10013,2867,212,4,2025-01-23,2025-06-20,Covid
10014,2314,130,5,2026-04-14,2026-05-10,Pneumonia
10015,3228,83,11,2025-01-22,2025-07-08,Migraine
10016,3117,3,12,2026-05-24,2026-07-21,Diabetes
10017,1320,131,9,2025-07-23,2025-08-04,Stroke
10018,4854,33,16,2026-07-11,2026-08-04,Covid
10019,3186,195,1,2025-04-24,2025-09-21,Stroke
10020,1204,221,8,2024-08-08,2026-05-14,Pneumonia
10021,3019,170,3,2024-09-05,2025-05-27,Kidney Stones
10022,537,176,19,2025-04-06,2025-06-04,Asthma
10023,4189,105,19,2025-02-05,2025-10-24,Cancer
10024,3173,42,18,2025-07-18,2026-02-19,Asthma
10025,422,108,7,2025-06-19,2026-07-05,Diabetes
10026,1290,214,10,2024-12-11,2026-03-15,Kidney Stones
10027,786,224,15,2024-08-09,2024-12-13,Diabetes
10028,1927,155,19,2026-03-23,2026-06-05,Fracture
10029,1021,208,10,2026-03-01,2026-08-16,Cancer
10030,1208,99,6,2025-11-15,2025-12-04,Cancer
10031,3642,28,7,2026-07-02,2026-07-13,Pneumonia
10032,3633,49,14,2025-12-20,2026-03-25,Cancer
10033,1055,196,8,2024-11-19,2025-10-25,Hypertension
10034,40,77,3,2025-04-16,2025-10-30,Fracture
10035,3690,180,15,2025-05-25,2026-03-11,Stroke
10036,3164,115,13,2025-07-16,2026-07-05,Migraine
10037,381,109,8,2025-10-25,2026-02-27,Diabetes
10038,3428,127,4,2024-12-17,2026-02-25,Stroke
10039,1128,125,9,2024-08-15,2025-12-14,Fracture
10040,2328,212,16,2026-06-17,2026-07-04,Stroke
10041,3110,133,10,2026-03-20,2026-08-07,Kidney Stones
10042,4638,28,20,2025-06-23,2026-06-26,Migraine
10043,2220,52,18,2025-06-10,2025-12-28,Hypertension
10044,4202,131,18,2026-07-17,2026-08-07,Hypertension
10045,4350,53,4,2025-08-21,2026-05-15,Hypertension
10046,3484,178,14,2024-10-01,2024-10-22,Pneumonia
10047,2550,67,1,2026-07-07,2026-07-25,Asthma
10048,2831,193,9,2024-10-19,2025-01-07,Asthma
10049,526,149,2,2026-04-05,2026-06-23,Stroke
10050,1698,197,13,2026-07-16,2026-07-28,Pneumonia
10051,792,135,4,2026-05-14,2026-07-15,Fracture
10052,507,158,11,2024-09-13,2025-12-26,Asthma
10053,2694,167,3,2025-10-06,2026-01-14,Fracture
10054,478,65,5,2026-07-17,2026-08-08,Migraine
10055,4684,129,10,2026-04-17,2026-06-26,Diabetes
10056,3099,146,10,2025-11-17,2026-03-11,Covid
10057,505,150,4,2024-09-14,2026-03-10,Fracture
10058,4271,135,11,2025-06-23,2025-07-22,Diabetes
10059,66,31,18,2024-10-06,2025-12-14,Asthma
10060,2560,168,3,2025-01-10,2026-04-02,Fracture
10061,114,122,13,2025-05-09,2026-07-06,Asthma
10062,1934,45,10,2025-11-12,2026-01-16,Kidney Stones
10063,1721,228,19,2025-08-31,2025-12-07,Fracture
10064,3552,189,15,2024-10-11,2024-11-22,Fracture
10065,4726,149,9,2024-10-30,2025-02-09,Cancer
10066,2457,177,2,2025-05-11,2026-02-22,Fracture
10067,3509,198,14,2024-09-24,2025-02-06,Kidney Stones
10068,3642,55,9,2026-02-10,2026-03-12,Migraine
10069,3968,42,7,2026-02-03,2026-06-28,Asthma
10070,724,78,5,2025-03-23,2025-08-08,Asthma
10071,2255,226,13,2026-07-27,2026-07-28,Diabetes
10072,805,117,11,2026-06-03,2026-06-12,Hypertension
10073,3295,10,1,2026-06-05,2026-06-21,Diabetes
10074,4367,89,9,2026-01-14,2026-07-13,Kidney Stones
10075,2117,216,15,2025-01-12,2026-06-21,Cancer
10076,3590,74,16,2026-07-02,2026-07-20,Hypertension
10077,2362,39,7,2026-03-24,2026-05-05,Hypertension
10078,26,217,20,2025-06-15,2026-07-18,Stroke
10079,3734,111,4,2025-04-15,2026-04-10,Kidney Stones
10080,13,147,20,2026-02-27,2026-05-16,Migraine
10081,4791,102,15,2025-06-18,2026-05-31,Hypertension
10082,1980,71,20,2025-10-31,2026-03-29,Asthma
10083,4767,202,1,2025-10-15,2026-02-15,Cancer
10084,2941,83,13,2026-07-03,2026-07-28,Asthma
10085,2670,167,11,2026-07-15,2026-07-30,Cancer
10086,1699,139,17,2024-11-24,2025-06-16,Migraine
10087,2383,232,18,2025-02-22,2025-05-14,Diabetes
10088,1774,85,4,2024-08-27,2026-05-12,Hypertension
10089,1655,82,13,2025-08-02,2025-09-23,Covid
10090,4046,198,19,2026-07-21,2026-07-30,Kidney Stones
10091,2412,16,3,2025-06-15,2026-02-15,Kidney Stones
10092,1395,96,9,2025-09-18,2026-08-09,Covid
10093,1266,218,9,2025-02-08,2026-04-19,Fracture
10094,1349,26,2,2025-08-17,2025-12-07,Hypertension
10095,2671,79,11,2026-04-12,2026-05-07,Stroke
10096,1611,84,18,2025-04-02,2026-01-23,Pneumonia
10097,1703,71,11,2025-04-12,2026-07-06,Hypertension
10098,1423,100,8,2026-07-13,2026-08-08,Covid
10099,3955,143,5,2026-02-21,2026-08-10,Pneumonia
10100,3543,240,18,2026-03-31,2026-06-19,Kidney Stones
10101,3209,190,4,2025-06-29,2026-08-05,Pneumonia
10102,4171,163,8,2025-02-22,2025-09-19,Covid
10103,4943,100,15,2026-02-09,2026-06-24,Migraine
10104,4680,164,4,2026-04-11,2026-06-27,Kidney Stones
10105,2451,141,17,2025-09-04,2026-02-14,Cancer
10106,871,120,20,2025-05-15,2026-01-05,Hypertension
10107,1473,102,19,2025-02-07,2025-03-02,Cancer
10108,4497,241,13,2026-07-28,2026-08-01,Stroke
10109,2831,227,9,2025-01-25,2026-06-22,Pneumonia
10110,2929,148,3,2024-10-02,2025-01-17,Diabetes
10111,3508,230,1,2025-05-08,2026-04-01,Fracture
10112,1885,18,1,2025-03-31,2025-05-25,Fracture
10113,3658,59,18,2025-09-18,2025-12-20,Diabetes
10114,1726,215,19,2026-05-08,2026-06-05,Diabetes
10115,2937,172,15,2026-01-12,2026-08-06,Migraine
10116,2075,16,15,2025-04-01,2026-05-11,Hypertension
10117,3544,172,15,2025-09-14,2025-09-16,Kidney Stones
10118,1297,26,6,2025-10-13,2026-06-11,Stroke
10119,36,45,11,2025-07-31,2026-08-15,Migraine
10120,2833,178,14,2025-12-29,2026-05-31,Fracture
10121,4798,208,18,2025-05-27,2026-06-05,Asthma
10122,285,30,11,2025-05-10,2025-08-02,Migraine
10123,1528,138,3,2026-03-31,2026-05-04,Cancer
10124,4129,67,1,2025-06-24,2026-04-19,Pneumonia
10125,4661,160,7,2024-08-13,2025-02-28,Hypertension
10126,3907,76,2,2024-10-20,2025-11-03,Fracture
10127,527,97,6,2024-11-27,2026-01-14,Migraine
10128,4492,75,19,2025-07-01,2025-11-10,Diabetes
10129,2978,127,7,2025-02-19,2026-02-09,Cancer
10130,3569,143,5,2026-02-23,2026-03-30,Diabetes
10131,4058,68,14,2025-09-06,2025-11-30,Fracture
10132,4547,72,6,2025-04-06,2025-09-13,Kidney Stones
10133,4239,35,1,2025-06-06,2026-02-15,Stroke
10134,2325,114,19,2025-01-24,2026-02-28,Cancer
10135,2259,10,16,2024-10-25,2026-01-08,Covid
10136,2218,61,13,2025-04-09,2025-05-23,Kidney Stones
10137,2238,76,5,2024-08-12,2025-04-04,Stroke
10138,790,215,11,2026-04-09,2026-05-08,Hypertension
10139,855,235,4,2026-08-02,2026-08-08,Hypertension
10140,1444,142,9,2025-05-31,2025-09-28,Diabetes
10141,2182,152,4,2025-02-19,2025-04-14,Cancer
10142,2760,61,12,2025-09-26,2026-01-19,Cancer
10143,3536,217,2,2025-03-31,2026-05-02,Stroke
10144,689,106,14,2025-10-16,2025-12-16,Hypertension
10145,683,172,7,2025-10-09,2025-10-09,Hypertension
10146,2548,223,7,2025-11-13,2026-01-27,Covid
10147,1878,22,4,2025-12-17,2026-01-24,Pneumonia
10148,2335,229,5,2025-08-17,2026-05-27,Migraine
10149,4042,148,11,2026-07-17,2026-08-01,Cancer
10150,2309,247,2,2025-05-24,2025-09-18,Covid
10151,349,236,3,2025-12-22,2026-05-16,Asthma
10152,3581,153,11,2025-01-08,2025-12-15,Diabetes
10153,369,97,11,2025-02-24,2026-05-18,Fracture
10154,3979,157,6,2025-12-22,2026-01-02,Covid
10155,4970,158,14,2025-01-20,2026-02-28,Fracture
10156,1497,33,19,2026-02-17,2026-07-25,Asthma
10157,3750,90,9,2025-03-16,2026-02-05,Kidney Stones
10158,2437,64,9,2025-10-28,2025-11-06,Migraine
10159,1092,217,19,2025-10-23,2025-11-11,Hypertension
10160,1565,72,3,2025-07-06,2026-06-20,Covid
10161,1370,233,20,2025-12-26,2026-07-02,Fracture
10162,3999,165,5,2026-07-25,2026-08-13,Migraine
10163,4165,162,10,2025-01-28,2025-09-08,Cancer
10164,3178,197,3,2025-11-14,2025-12-19,Migraine
10165,1479,118,10,2024-09-22,2026-04-30,Hypertension
10166,3809,136,8,2026-04-27,2026-06-16,Pneumonia
10167,2520,104,4,2025-11-29,2025-12-22,Asthma
10168,2555,224,10,2025-01-09,2025-09-08,Kidney Stones
10169,2963,176,16,2024-11-11,2026-06-07,Kidney Stones
10170,2804,25,9,2026-05-10,2026-07-17,Pneumonia
10171,2694,245,12,2025-05-12,2025-08-23,Stroke
10172,3863,117,5,2025-12-24,2026-06-21,Diabetes
10173,418,149,8,2026-01-01,2026-01-30,Hypertension
10174,671,176,11,2026-01-08,2026-05-31,Diabetes
10175,4567,73,13,2025-02-27,2026-01-11,Fracture
10176,4380,238,10,2026-04-22,2026-08-03,Pneumonia
10177,434,240,10,2026-06-11,2026-08-05,Covid
10178,3161,81,12,2026-02-22,2026-07-30,Diabetes
10179,1265,219,14,2024-10-13,2025-09-02,Migraine
10180,4426,154,6,2026-05-29,2026-06-05,Diabetes
10181,3755,60,2,2024-11-27,2025-10-23,Stroke
10182,4750,182,19,2025-06-12,2025-12-19,Stroke
10183,1356,182,13,2024-11-27,2025-01-04,Covid
10184,708,138,11,2026-01-16,2026-05-20,Migraine
10185,551,79,20,2026-02-25,2026-06-03,Pneumonia
10186,3947,206,17,2025-06-19,2026-01-09,Cancer
10187,2764,153,15,2025-10-23,2026-01-10,Fracture
10188,417,60,6,2024-10-21,2025-04-08,Pneumonia
10189,3163,28,1,2025-07-16,2026-05-28,Covid
10190,4265,151,16,2025-08-28,2026-03-09,Stroke
10191,4621,38,7,2025-10-05,2025-12-17,Diabetes
10192,2022,13,1,2026-05-14,2026-08-01,Stroke
10193,3694,158,20,2026-01-29,2026-02-12,Pneumonia
10194,2832,158,2,2025-11-22,2026-06-20,Stroke
10195,574,55,12,2025-08-17,2026-05-08,Cancer
10196,1975,112,10,2025-09-18,2025-12-19,Migraine
10197,1639,152,17,2025-10-26,2025-12-17,Hypertension
10198,1519,7,17,2025-05-31,2026-07-07,Diabetes
10199,2478,195,2,2026-05-31,2026-07-14,Cancer
10200,662,227,13,2025-03-02,2026-07-30,Cancer
10201,1374,211,10,2026-01-17,2026-03-05,Asthma
10202,961,238,13,2024-11-07,2025-08-13,Cancer
10203,2887,233,10,2026-01-30,2026-04-07,Cancer
10204,3910,199,4,2025-09-28,2026-07-05,Migraine
10205,442,145,6,2026-01-30,2026-03-28,Diabetes
10206,2728,13,6,2025-02-08,2025-10-29,Pneumonia
10207,3802,179,20,2024-12-16,2026-01-21,Kidney Stones
10208,2085,85,12,2026-02-13,2026-07-24,Hypertension
10209,1926,38,16,2025-02-26,2025-10-08,Migraine
10210,927,162,6,2026-05-13,2026-06-20,Fracture
10211,338,95,18,2025-01-20,2026-01-28,Asthma
10212,578,175,12,2025-07-14,2025-10-03,Cancer
10213,2972,61,7,2025-06-22,2026-07-21,Asthma
10214,3449,5,10,2025-10-02,2026-06-18,Fracture
10215,3430,86,3,2026-06-23,2026-06-23,Kidney Stones
10216,1198,78,6,2024-10-22,2026-05-14,Cancer
10217,1450,239,17,2026-01-14,2026-07-28,Stroke
10218,2434,47,3,2025-07-28,2026-06-28,Pneumonia
10219,218,250,20,2024-08-06,2025-02-15,Diabetes
10220,84,91,1,2026-05-26,2026-06-16,Kidney Stones
10221,4044,1,17,2025-09-21,2025-10-07,Fracture
10222,2080,248,4,2025-09-30,2026-04-08,Pneumonia
10223,2856,168,10,2024-10-06,2026-04-05,Migraine
10224,3379,222,18,2025-06-05,2026-06-14,Migraine
10225,2674,28,4,2025-04-01,2026-05-23,Kidney Stones
10226,1949,142,14,2025-12-28,2026-02-16,Asthma
10227,219,6,12,2025-04-11,2025-11-26,Stroke
10228,1359,67,15,2024-10-27,2026-08-15,Pneumonia
10229,2865,128,4,2025-09-25,2026-04-17,Pneumonia
10230,3290,179,20,2026-05-17,2026-07-17,Cancer
10231,1216,179,18,2025-09-05,2025-10-25,Stroke
10232,512,113,18,2025-11-18,2025-11-20,Stroke
10233,2077,118,2,2026-03-05,2026-05-20,Hypertension
10234,2479,78,15,2025-08-09,2026-03-20,Asthma
10235,2841,115,8,2025-11-29,2025-12-07,Stroke
10236,1166,224,1,2025-04-06,2026-05-14,Asthma
10237,2718,221,5,2025-01-03,2026-07-28,Covid
10238,3719,227,8,2025-03-30,2025-06-15,Migraine
10239,3517,197,17,2024-12-18,2026-01-02,Hypertension
10240,4951,63,5,2025-09-30,2026-06-04,Pneumonia
10241,2952,40,15,2025-05-29,2025-10-18,Stroke
10242,1651,160,6,2025-11-27,2026-02-25,Hypertension
10243,3649,212,7,2025-06-12,2026-01-05,Hypertension
10244,183,70,17,2026-04-12,2026-06-29,Kidney Stones
10245,597,29,4,2024-12-18,2025-07-28,Cancer
10246,2393,15,5,2025-08-07,2026-03-16,Cancer
10247,2790,222,7,2024-09-07,2025-05-19,Stroke
10248,2039,193,1,2025-12-04,2026-08-14,Covid
10249,3882,97,8,2025-07-01,2026-02-17,Diabetes
10250,2148,75,16,2026-02-25,2026-03-26,Cancer
10251,1202,48,16,2025-10-11,2026-01-24,Stroke
10252,2947,168,3,2025-08-16,2026-03-04,Covid
10253,1246,73,18,2024-10-30,2025-04-17,Hypertension
10254,4706,183,6,2025-03-31,2026-02-27,Pneumonia
10255,168,144,17,2026-04-08,2026-07-26,Covid
10256,486,23,11,2024-09-17,2026-03-14,Cancer
10257,3774,241,11,2026-05-05,2026-08-13,Pneumonia
10258,775,78,15,2025-04-11,2026-05-11,Migraine
10259,1396,110,19,2026-08-03,2026-08-08,Fracture
10260,4055,239,20,2026-06-20,2026-08-05,Diabetes
10261,1631,46,11,2025-03-11,2025-07-16,Asthma
10262,153,243,12,2026-02-23,2026-04-26,Hypertension
10263,2487,233,18,2025-07-24,2026-07-14,Covid
10264,2419,184,9,2025-12-15,2026-02-28,Hypertension
10265,2559,179,15,2025-03-06,2025-09-14,Diabetes
10266,3957,36,5,2024-11-14,2026-06-09,Kidney Stones
10267,2422,144,19,2024-08-27,2025-07-14,Stroke
10268,1339,198,7,2026-06-13,2026-06-15,Cancer
10269,77,92,15,2024-11-16,2026-05-07,Migraine
10270,2624,242,10,2024-08-13,2025-12-31,Hypertension
10271,548,46,9,2024-12-24,2025-01-11,Cancer
10272,988,102,15,2025-07-22,2026-03-24,Kidney Stones
10273,3212,163,14,2026-01-12,2026-03-26,Covid
10274,2359,245,1,2024-10-31,2025-11-29,Fracture
10275,1568,131,2,2025-05-21,2026-04-17,Migraine
10276,2733,30,10,2026-05-12,2026-06-24,Stroke
10277,3072,169,6,2025-12-05,2026-06-11,Stroke
10278,201,68,8,2026-06-17,2026-08-12,Hypertension
10279,490,137,20,2024-10-06,2025-06-06,Cancer
10280,2854,224,16,2026-04-23,2026-05-11,Migraine
10281,2301,165,12,2025-05-18,2026-07-13,Stroke
10282,4935,51,1,2024-11-24,2025-05-22,Covid
10283,3781,216,9,2025-08-24,2026-02-17,Pneumonia
10284,2766,150,17,2026-01-05,2026-06-21,Fracture
10285,473,119,11,2025-01-07,2026-04-04,Diabetes
10286,2926,6,5,2026-03-30,2026-06-10,Diabetes
10287,645,147,1,2024-08-12,2025-10-15,Diabetes
10288,4426,68,1,2024-10-04,2026-05-06,Covid
10289,3708,250,3,2025-03-10,2026-01-18,Diabetes
10290,1528,107,13,2026-07-03,2026-08-02,Asthma
10291,2936,229,12,2026-05-27,2026-06-28,Asthma
10292,3359,98,11,2025-07-28,2026-04-20,Asthma
10293,2796,109,19,2026-03-21,2026-07-27,Pneumonia
10294,4696,63,14,2025-10-09,2026-05-03,Diabetes
10295,406,165,4,2025-04-15,2026-07-14,Asthma
10296,2848,189,17,2025-09-17,2026-02-10,Migraine
10297,4599,69,7,2025-09-02,2026-05-03,Hypertension
10298,1674,33,6,2025-09-17,2026-02-10,Asthma
10299,3361,90,17,2025-09-06,2026-08-08,Diabetes
10300,4200,213,9,2025-09-28,2026-05-20,Diabetes
10301,2278,223,20,2024-11-27,2025-06-13,Stroke
10302,3799,66,4,2025-09-01,2026-07-27,Fracture
10303,3735,10,6,2024-10-07,2026-03-29,Stroke
10304,2829,156,1,2026-05-16,2026-08-07,Cancer
10305,4707,14,2,2025-05-13,2025-05-15,Cancer
10306,4844,151,12,2024-08-10,2024-08-13,Pneumonia
10307,3210,221,20,2026-03-21,2026-06-17,Stroke
10308,4471,58,8,2025-09-21,2026-04-24,Asthma
10309,1621,17,10,2025-10-18,2026-03-10,Hypertension
10310,1951,29,17,2024-12-12,2025-03-28,Diabetes
10311,3574,107,20,2026-02-13,2026-07-18,Stroke
10312,3576,159,6,2026-06-22,2026-07-13,Cancer
10313,3930,67,15,2026-03-09,2026-06-16,Covid
10314,340,12,2,2025-09-05,2026-08-09,Cancer
10315,3667,237,13,2025-09-06,2026-06-11,Asthma
10316,1151,70,11,2026-01-22,2026-06-29,Kidney Stones
10317,2927,99,19,2025-02-23,2025-10-27,Kidney Stones
10318,3618,150,9,2025-06-03,2025-06-27,Hypertension
10319,1731,249,12,2025-09-12,2025-12-14,Stroke
10320,2424,207,5,2024-12-28,2025-12-19,Pneumonia
10321,3953,155,8,2026-06-08,2026-07-22,Migraine
10322,4520,214,12,2025-04-18,2026-04-19,Hypertension
10323,434,143,10,2025-12-21,2026-06-16,Fracture
10324,3434,122,2,2025-10-17,2026-08-12,Kidney Stones
10325,1124,168,7,2026-01-29,2026-06-27,Hypertension
10326,4422,162,13,2026-08-02,2026-08-04,Asthma
10327,1636,10,4,2024-08-15,2024-12-12,Pneumonia
10328,3376,223,11,2026-06-02,2026-08-10,Asthma
10329,3337,133,10,2025-05-29,2025-09-09,Hypertension
10330,192,234,19,2025-01-30,2025-06-24,Stroke
10331,2552,84,14,2025-03-03,2025-03-15,Hypertension
10332,4094,204,1,2025-09-22,2026-06-19,Cancer
10333,3045,109,11,2026-03-05,2026-04-08,Diabetes
10334,1253,215,15,2024-10-18,2024-10-28,Stroke
10335,4615,57,19,2025-07-10,2026-05-05,Asthma
10336,923,98,16,2024-10-03,2024-10-23,Kidney Stones
10337,2284,5,12,2025-01-11,2026-05-28,Stroke
10338,1705,110,12,2024-10-01,2026-06-09,Cancer
10339,3827,137,5,2024-11-06,2025-06-01,Stroke
10340,402,115,3,2025-09-12,2026-01-10,Fracture
10341,3675,164,10,2026-05-19,2026-05-28,Stroke
10342,1490,225,19,2024-11-02,2025-10-26,Stroke
10343,4948,122,11,2026-06-04,2026-06-23,Asthma
10344,4673,55,5,2024-09-24,2025-06-26,Covid
10345,3742,206,4,2025-02-22,2026-08-03,Covid
10346,4635,207,11,2025-04-08,2026-02-27,Pneumonia
10347,1733,161,13,2025-12-19,2026-01-14,Cancer
10348,1358,35,13,2025-09-24,2026-05-12,Migraine
10349,1943,24,12,2025-08-23,2026-08-06,Diabetes
10350,4679,10,15,2025-04-04,2026-06-11,Pneumonia
10351,1733,185,3,2024-08-19,2025-06-29,Hypertension
10352,4305,173,18,2024-12-21,2026-07-30,Cancer
10353,2971,127,3,2025-08-13,2025-08-17,Migraine
10354,4366,245,7,2025-06-17,2026-06-12,Cancer
10355,667,82,12,2026-01-04,2026-06-08,Stroke
10356,3449,186,7,2026-04-21,2026-05-18,Kidney Stones
10357,1766,96,14,2024-08-19,2026-01-28,Hypertension
10358,1482,208,12,2025-02-10,2025-10-21,Migraine
10359,106,108,2,2025-04-21,2025-08-01,Fracture
10360,1457,124,1,2025-11-12,2026-06-24,Pneumonia
10361,4208,86,3,2025-03-11,2025-07-01,Covid
10362,4701,130,10,2025-02-15,2025-04-03,Asthma
10363,3424,32,10,2026-04-29,2026-08-09,Fracture
10364,2266,233,3,2025-09-24,2025-10-11,Migraine
10365,1198,31,1,2024-08-31,2025-09-15,Stroke
10366,2409,212,8,2025-05-01,2025-05-20,Stroke
10367,679,123,3,2025-01-09,2025-05-29,Asthma
10368,2975,74,13,2025-08-11,2026-07-30,Stroke
10369,4931,78,1,2025-02-05,2026-03-29,Pneumonia
10370,3662,90,1,2026-05-13,2026-05-13,Asthma
10371,972,13,5,2025-02-20,2025-02-20,Stroke
10372,3991,108,7,2024-09-28,2024-12-29,Fracture
10373,1647,83,8,2026-08-01,2026-08-01,Fracture
10374,4477,111,14,2025-12-09,2026-02-04,Kidney Stones
10375,224,31,4,2025-09-19,2025-10-02,Pneumonia
10376,2851,130,1,2025-12-17,2026-03-31,Stroke
10377,2548,7,4,2025-12-13,2026-06-20,Hypertension
10378,4695,17,5,2025-09-04,2026-06-11,Diabetes
10379,4518,117,15,2025-02-27,2026-03-12,Covid
10380,2351,104,2,2026-04-05,2026-05-06,Pneumonia
10381,333,103,2,2025-08-05,2026-06-15,Cancer
10382,53,191,13,2025-06-15,2025-08-21,Fracture
10383,2395,54,15,2025-11-07,2026-04-14,Covid
10384,1700,64,10,2024-10-02,2025-12-02,Diabetes
10385,4012,89,18,2025-01-23,2025-10-28,Asthma
10386,2088,173,17,2025-05-29,2026-06-25,Stroke
10387,4682,166,18,2025-07-11,2026-03-29,Cancer
10388,1492,144,2,2024-10-15,2025-07-27,Migraine
10389,1591,119,6,2025-01-22,2025-04-21,Covid
10390,1013,125,1,2026-07-04,2026-07-15,Kidney Stones
10391,1825,127,12,2026-02-07,2026-06-14,Hypertension
10392,4917,81,18,2025-09-04,2026-08-14,Fracture
10393,4521,14,15,2025-06-14,2025-08-21,Pneumonia
10394,3541,37,12,2025-07-14,2026-06-21,Hypertension
10395,4870,70,12,2026-03-04,2026-04-21,Fracture
10396,2561,154,5,2025-04-09,2026-08-11,Covid
10397,1389,228,8,2026-05-18,2026-05-31,Covid
10398,1601,142,12,2026-07-19,2026-08-10,Covid
10399,1043,34,18,2026-03-16,2026-07-01,Diabetes
10400,4934,149,5,2026-06-26,2026-07-07,Pneumonia
10401,233,98,5,2025-01-04,2025-02-08,Diabetes
10402,1103,231,15,2026-07-10,2026-08-01,Hypertension
10403,3474,134,20,2025-05-20,2026-02-05,Asthma
10404,1641,135,2,2025-03-29,2025-12-04,Hypertension
10405,2293,85,16,2026-01-27,2026-05-17,Stroke
10406,1562,36,1,2024-08-29,2025-05-30,Cancer
10407,650,177,7,2025-04-20,2026-05-22,Pneumonia
10408,1267,84,4,2025-08-06,2025-12-21,Fracture
10409,3870,73,11,2026-07-11,2026-08-10,Migraine
10410,841,153,12,2026-04-22,2026-06-12,Stroke
10411,2267,245,2,2025-11-17,2025-12-23,Hypertension
10412,1511,145,8,2025-09-05,2026-02-14,Asthma
10413,101,51,12,2025-05-31,2026-03-08,Stroke
10414,1921,151,4,2026-05-31,2026-07-31,Fracture
10415,4577,226,14,2025-05-08,2026-02-02,Stroke
10416,700,175,16,2026-04-14,2026-08-06,Stroke
10417,2743,149,5,2025-07-12,2026-08-07,Hypertension
10418,4196,244,16,2026-03-22,2026-03-26,Hypertension
10419,1633,66,5,2026-02-13,2026-04-04,Pneumonia
10420,1298,114,4,2025-01-08,2026-04-15,Stroke
10421,2803,201,18,2026-01-21,2026-04-13,Pneumonia
10422,3529,121,3,2025-01-11,2026-04-25,Diabetes
10423,3935,10,13,2025-05-16,2025-09-15,Pneumonia
10424,4368,172,17,2024-08-29,2024-10-14,Fracture
10425,3846,223,15,2025-05-05,2025-12-06,Cancer
10426,3299,190,19,2025-02-03,2025-03-24,Stroke
10427,3922,146,17,2025-09-02,2026-08-05,Covid
10428,4816,176,2,2025-03-20,2026-05-23,Migraine
10429,2268,182,12,2024-10-06,2025-02-23,Covid
10430,4364,36,15,2025-12-06,2026-06-12,Cancer
10431,3266,180,4,2025-11-04,2026-03-04,Fracture
10432,1653,129,8,2024-10-29,2026-07-17,Asthma
10433,3688,192,8,2025-11-22,2026-07-07,Covid
10434,1616,17,6,2024-08-09,2024-09-09,Asthma
10435,4604,11,13,2026-02-17,2026-07-15,Pneumonia
10436,4401,37,4,2024-09-04,2025-06-01,Migraine
10437,1024,204,4,2026-03-03,2026-05-24,Asthma
10438,1543,55,19,2024-12-22,2026-03-01,Covid
10439,1139,195,18,2026-03-13,2026-06-18,Covid
10440,4175,54,16,2025-03-27,2026-06-20,Pneumonia
10441,945,237,10,2025-08-03,2026-02-13,Kidney Stones
10442,1364,204,19,2026-02-21,2026-04-28,Kidney Stones
10443,3990,180,10,2025-01-28,2025-12-25,Kidney Stones
10444,362,6,12,2025-03-13,2025-10-01,Covid
10445,2586,244,4,2025-10-10,2026-04-04,Diabetes
10446,3910,77,13,2025-09-14,2026-07-16,Cancer
10447,4624,189,14,2025-09-10,2026-05-25,Stroke
10448,2138,217,3,2025-08-12,2026-02-02,Migraine
10449,2938,28,9,2025-06-28,2026-04-28,Migraine
10450,3904,177,16,2025-08-03,2026-01-07,Hypertension
10451,4141,41,15,2024-10-17,2025-05-31,Kidney Stones
10452,2352,30,14,2025-11-12,2026-07-28,Asthma
10453,4765,196,15,2025-07-30,2025-09-22,Diabetes
10454,4586,20,19,2024-08-30,2024-11-29,Asthma
10455,3258,28,3,2025-08-14,2025-12-02,Stroke
10456,3529,89,19,2025-11-15,2026-03-22,Fracture
10457,1505,125,15,2025-10-30,2026-08-08,Pneumonia
10458,2390,100,20,2024-10-01,2025-07-06,Migraine
10459,2825,141,17,2024-09-08,2026-01-31,Migraine
10460,3344,2,14,2026-06-16,2026-06-28,Asthma
10461,4317,159,1,2025-05-24,2026-01-21,Stroke
10462,681,89,19,2024-10-15,2025-03-28,Asthma
10463,1430,78,15,2025-10-03,2026-01-30,Fracture
10464,4574,244,4,2025-02-15,2025-03-18,Pneumonia
10465,2446,118,8,2025-02-07,2025-07-31,Covid
10466,2925,45,8,2025-01-23,2025-04-02,Diabetes
10467,4750,53,17,2024-10-08,2025-06-19,Migraine
10468,3255,205,11,2025-06-17,2025-10-15,Cancer
10469,4869,97,19,2026-04-05,2026-08-01,Fracture
10470,362,233,4,2026-06-21,2026-07-06,Pneumonia
10471,902,163,8,2025-04-10,2026-04-09,Cancer
10472,4960,98,11,2026-07-12,2026-08-08,Covid
10473,3327,100,8,2026-05-29,2026-08-16,Covid
10474,3706,41,5,2025-01-08,2026-05-05,Stroke
10475,49,244,11,2024-09-10,2025-10-22,Migraine
10476,2681,39,10,2025-11-15,2026-07-18,Hypertension
10477,2488,247,9,2025-09-12,2026-06-01,Pneumonia
10478,1813,241,5,2024-10-17,2024-12-26,Migraine
10479,2438,211,16,2024-10-23,2024-11-12,Migraine
10480,1947,228,8,2025-01-08,2026-01-22,Diabetes
10481,3112,64,19,2024-09-21,2026-01-02,Hypertension
10482,1216,8,15,2026-04-07,2026-05-23,Hypertension
10483,4863,200,1,2024-10-28,2025-02-21,Fracture
10484,2735,117,3,2025-05-15,2026-05-20,Covid
10485,3179,92,11,2025-12-14,2026-01-19,Hypertension
10486,3853,95,5,2025-06-19,2026-06-24,Asthma
10487,3623,189,9,2025-03-21,2026-01-24,Stroke
10488,681,161,7,2025-04-24,2025-05-05,Pneumonia
10489,1131,23,7,2025-10-21,2026-03-15,Pneumonia
10490,3989,78,16,2024-12-24,2025-07-19,Stroke
10491,4946,48,20,2025-01-29,2025-11-15,Asthma
10492,4414,109,4,2025-12-24,2026-01-15,Kidney Stones
10493,3104,178,1,2025-03-22,2026-06-20,Fracture
10494,3852,36,18,2025-07-10,2025-08-26,Diabetes
10495,702,164,7,2026-07-02,2026-07-19,Stroke
10496,1134,146,3,2024-08-20,2024-09-26,Pneumonia
10497,976,91,18,2026-01-24,2026-04-07,Hypertension
10498,145,63,17,2024-09-05,2025-11-02,Stroke
10499,4545,43,18,2026-05-29,2026-07-04,Pneumonia
10500,167,100,20,2025-09-26,2026-03-04,Cancer
10501,2675,62,6,2025-02-08,2025-10-05,Asthma
10502,3471,201,10,2025-03-20,2026-02-07,Fracture
10503,643,70,11,2024-09-26,2025-09-22,Covid
10504,4879,99,5,2025-09-28,2026-06-03,Pneumonia
10505,4466,127,14,2024-11-29,2026-07-01,Migraine
10506,3091,179,17,2025-03-12,2026-03-12,Cancer
10507,1729,187,17,2026-06-10,2026-08-16,Asthma
10508,42,62,19,2024-09-18,2025-03-24,Hypertension
10509,156,226,4,2026-01-22,2026-05-23,Pneumonia
10510,793,197,19,2026-07-04,2026-08-11,Fracture
10511,3204,125,6,2024-12-09,2025-01-17,Hypertension
10512,665,86,14,2026-03-28,2026-07-12,Stroke
10513,4727,194,7,2026-05-07,2026-07-21,Fracture
10514,1525,48,7,2024-09-30,2025-12-17,Kidney Stones
10515,444,16,11,2026-02-28,2026-03-28,Pneumonia
10516,3671,60,1,2026-07-03,2026-08-04,Asthma
10517,680,14,14,2026-01-17,2026-03-23,Kidney Stones
10518,2261,134,17,2025-09-11,2025-12-26,Cancer
10519,1270,112,1,2026-05-09,2026-07-27,Cancer
10520,2355,207,11,2024-09-04,2025-04-06,Cancer
10521,3151,188,9,2026-03-31,2026-05-31,Pneumonia
10522,2510,99,9,2026-02-25,2026-05-11,Stroke
10523,2688,157,17,2024-09-06,2025-10-09,Asthma
10524,3985,68,13,2025-12-13,2026-03-02,Covid
10525,1996,73,18,2024-08-15,2025-02-22,Diabetes
10526,1153,61,14,2025-04-02,2025-11-29,Kidney Stones
10527,478,14,5,2025-09-23,2026-07-18,Asthma
10528,3982,29,10,2025-06-19,2026-01-02,Migraine
10529,4918,214,19,2024-09-24,2026-07-04,Diabetes
10530,3383,7,2,2025-12-24,2026-06-08,Covid
10531,1564,181,12,2025-09-13,2026-05-09,Pneumonia
10532,293,149,15,2025-02-17,2026-04-11,Asthma
10533,2976,79,10,2024-09-30,2025-02-13,Cancer
10534,2998,186,8,2025-06-17,2025-11-11,Asthma
10535,3623,238,17,2025-09-04,2026-04-26,Asthma
10536,890,231,10,2025-09-16,2025-12-23,Fracture
10537,873,180,8,2025-09-27,2026-04-28,Stroke
10538,2215,160,13,2025-03-14,2025-04-22,Kidney Stones
10539,4561,138,15,2024-12-18,2026-05-16,Asthma
10540,3773,11,12,2025-10-04,2026-02-22,Pneumonia
10541,521,218,1,2025-10-24,2026-06-22,Migraine
10542,4211,192,12,2026-01-22,2026-03-09,Diabetes
10543,590,197,10,2025-06-26,2025-12-27,Kidney Stones
10544,3116,190,5,2025-04-22,2025-08-24,Cancer
10545,556,217,8,2026-06-19,2026-07-04,Cancer
10546,1907,170,5,2025-11-15,2025-11-17,Fracture
10547,4394,201,11,2026-06-26,2026-07-15,Migraine
10548,3458,111,5,2026-04-07,2026-08-03,Stroke
10549,4839,221,10,2025-07-18,2026-01-31,Pneumonia
10550,2213,86,14,2026-05-23,2026-08-08,Migraine
10551,2480,133,15,2025-10-14,2026-01-28,Diabetes
10552,2082,77,9,2025-01-03,2025-05-14,Cancer
10553,238,179,9,2025-04-06,2025-08-07,Cancer
10554,1229,213,9,2025-03-16,2025-06-07,Kidney Stones
10555,430,5,6,2024-11-19,2026-03-11,Fracture
10556,2895,42,6,2026-06-09,2026-07-11,Kidney Stones
10557,338,82,19,2025-03-14,2026-05-11,Fracture
10558,4560,245,15,2026-03-05,2026-07-18,Cancer
10559,2577,169,17,2024-09-02,2026-08-14,Kidney Stones
10560,1817,79,10,2025-07-02,2026-01-25,Stroke
10561,957,242,12,2025-10-18,2026-02-24,Migraine
10562,4425,26,10,2024-08-14,2024-10-06,Fracture
10563,2282,204,19,2024-12-20,2025-04-29,Stroke
10564,2155,139,5,2026-01-29,2026-08-03,Covid
10565,3700,246,7,2026-07-21,2026-07-24,Pneumonia
10566,4410,91,18,2025-05-20,2025-11-29,Asthma
10567,1352,125,13,2024-10-21,2026-07-19,Migraine
10568,1093,212,19,2024-10-14,2025-10-28,Pneumonia
10569,768,83,19,2025-06-25,2026-03-12,Covid
10570,3731,224,7,2026-05-18,2026-08-02,Migraine
10571,1860,159,3,2024-10-08,2025-09-05,Stroke
10572,376,141,15,2025-01-31,2025-05-24,Migraine
10573,2040,25,9,2024-11-24,2025-08-22,Hypertension
10574,2545,100,18,2026-03-24,2026-04-22,Migraine
10575,4097,124,17,2025-01-26,2026-06-23,Fracture
10576,1202,105,20,2025-03-04,2025-03-17,Pneumonia
10577,1348,104,10,2026-06-22,2026-06-23,Covid
10578,825,74,13,2025-02-24,2025-12-07,Cancer
10579,1866,204,8,2025-04-05,2025-09-14,Diabetes
10580,1110,232,16,2025-08-09,2026-01-10,Cancer
10581,2976,169,15,2026-06-20,2026-06-22,Hypertension
10582,3368,111,9,2025-02-04,2025-11-18,Cancer
10583,1960,207,20,2026-03-08,2026-08-10,Cancer
10584,1560,4,5,2025-01-14,2025-10-13,Hypertension
10585,3221,190,7,2026-03-30,2026-05-14,Kidney Stones
10586,4663,230,3,2026-05-24,2026-08-15,Migraine
10587,1505,86,1,2025-10-02,2026-02-07,Asthma
10588,475,238,8,2025-11-09,2026-02-25,Diabetes
10589,3463,74,14,2026-02-05,2026-07-02,Diabetes
10590,1158,198,10,2025-04-15,2026-05-03,Cancer
10591,2322,102,12,2024-09-08,2026-03-01,Hypertension
10592,1499,186,13,2026-05-17,2026-06-27,Pneumonia
10593,4989,49,9,2026-01-02,2026-02-16,Fracture
10594,3744,183,20,2026-04-02,2026-06-15,Fracture
10595,4874,150,18,2024-08-18,2026-06-20,Pneumonia
10596,1213,242,2,2024-10-13,2025-09-10,Stroke
10597,2318,112,19,2025-05-08,2026-07-27,Kidney Stones
10598,3422,18,10,2025-06-02,2026-03-02,Stroke
10599,2759,42,10,2024-09-21,2025-03-13,Covid
10600,4122,232,12,2025-07-08,2026-04-04,Cancer
10601,4787,72,20,2024-09-17,2024-11-08,Migraine
10602,497,207,4,2024-12-15,2026-02-13,Diabetes
10603,2187,171,7,2026-05-12,2026-06-16,Cancer
10604,2417,189,18,2025-12-06,2026-01-12,Cancer
10605,2925,30,19,2025-12-16,2026-08-07,Pneumonia
10606,2985,204,16,2026-04-10,2026-06-04,Asthma
10607,2138,116,16,2026-01-19,2026-02-10,Kidney Stones
10608,1162,4,17,2025-11-22,2025-12-13,Stroke
10609,2729,72,18,2026-01-12,2026-07-25,Asthma
10610,158,180,9,2025-05-28,2026-02-27,Asthma
10611,2676,47,11,2024-09-09,2025-09-19,Covid
10612,2879,50,1,2024-08-20,2025-09-05,Kidney Stones
10613,3151,161,7,2025-12-18,2026-07-12,Diabetes
10614,1136,156,3,2026-06-13,2026-06-30,Cancer
10615,801,90,20,2026-05-27,2026-07-06,Pneumonia
10616,3590,152,17,2026-02-09,2026-03-24,Cancer
10617,191,120,3,2026-05-15,2026-06-07,Pneumonia
10618,1085,239,4,2025-02-03,2026-07-20,Cancer
10619,2547,27,19,2026-03-04,2026-04-12,Pneumonia
10620,3594,117,17,2025-12-10,2026-08-09,Fracture
10621,3543,170,3,2024-08-08,2025-12-23,Stroke
10622,3710,151,16,2025-03-03,2026-08-14,Stroke
10623,738,249,17,2025-08-22,2025-08-27,Asthma
10624,3631,193,13,2025-11-20,2026-06-07,Pneumonia
10625,3323,165,13,2025-07-11,2026-03-20,Fracture
10626,837,49,16,2025-01-06,2026-05-23,Diabetes
10627,3276,31,18,2025-06-22,2026-04-26,Stroke
10628,1166,32,11,2025-04-21,2025-06-30,Kidney Stones
10629,1294,16,12,2026-05-28,2026-06-20,Pneumonia
10630,3308,158,2,2024-09-21,2026-04-06,Fracture
10631,2376,76,8,2026-07-11,2026-07-15,Asthma
10632,3629,79,19,2026-04-12,2026-08-16,Cancer
10633,3033,95,13,2025-11-08,2025-12-29,Kidney Stones
10634,1885,235,10,2026-04-27,2026-07-05,Hypertension
10635,1353,156,14,2026-05-22,2026-06-06,Asthma
10636,585,175,7,2026-07-28,2026-08-03,Cancer
10637,145,105,5,2025-03-31,2026-02-05,Fracture
10638,3404,244,17,2025-05-06,2026-04-13,Kidney Stones
10639,3890,234,12,2025-10-11,2026-08-01,Stroke
10640,4709,64,13,2026-07-15,2026-07-15,Kidney Stones
10641,260,6,4,2025-10-17,2026-02-08,Migraine
10642,1567,195,20,2024-12-21,2025-11-08,Hypertension
10643,985,27,7,2024-09-12,2024-12-16,Migraine
10644,2082,100,4,2026-04-12,2026-07-01,Hypertension
10645,1671,62,8,2024-09-12,2025-11-01,Covid
10646,4999,47,9,2024-12-24,2026-04-18,Pneumonia
10647,2575,100,15,2025-03-25,2025-03-31,Fracture
10648,298,122,20,2026-06-08,2026-06-08,Hypertension
10649,1951,238,11,2026-02-09,2026-06-04,Stroke
10650,4334,172,12,2024-12-03,2026-01-16,Migraine
10651,133,10,19,2025-09-18,2026-04-25,Stroke
10652,93,60,3,2026-04-21,2026-05-23,Pneumonia
10653,4379,78,19,2025-11-07,2025-12-18,Cancer
10654,2668,121,13,2026-02-15,2026-08-11,Diabetes
10655,4995,86,6,2025-09-14,2025-11-10,Covid
10656,830,154,3,2026-04-17,2026-06-15,Cancer
10657,2133,99,4,2025-06-22,2026-03-06,Pneumonia
10658,59,168,11,2024-09-22,2025-06-02,Migraine
10659,4010,116,16,2024-09-15,2025-05-19,Fracture
10660,1646,246,7,2025-02-01,2026-05-25,Cancer
10661,1688,83,20,2024-09-22,2026-07-17,Asthma
10662,1457,93,13,2024-10-25,2025-10-04,Stroke
10663,4290,218,1,2025-01-22,2025-08-12,Stroke
10664,385,89,7,2024-10-02,2024-12-27,Covid
10665,3082,115,1,2024-08-24,2025-05-23,Cancer
10666,368,220,5,2024-12-20,2025-10-30,Stroke
10667,4365,194,7,2025-09-03,2025-12-11,Pneumonia
10668,2098,93,17,2025-06-15,2026-06-11,Cancer
10669,3154,240,7,2026-06-19,2026-06-24,Pneumonia
10670,1513,233,11,2024-08-07,2025-05-03,Pneumonia
10671,1405,10,9,2025-11-21,2026-04-11,Kidney Stones
10672,1223,202,14,2025-06-30,2025-10-22,Diabetes
10673,4126,211,13,2026-05-24,2026-06-03,Fracture
10674,906,133,19,2025-12-10,2026-03-19,Pneumonia
10675,4698,9,12,2025-05-17,2025-08-16,Cancer
10676,3744,206,12,2025-04-06,2025-11-15,Hypertension
10677,4604,146,7,2025-08-11,2026-06-12,Cancer
10678,3600,143,20,2025-07-12,2025-08-16,Migraine
10679,4683,43,14,2024-10-05,2026-02-06,Migraine
10680,980,24,11,2025-04-27,2025-10-19,Diabetes
10681,3517,248,17,2025-02-18,2025-03-09,Kidney Stones
10682,2587,98,16,2024-12-23,2025-07-09,Stroke
10683,1275,236,4,2025-03-22,2026-05-13,Pneumonia
10684,3267,35,1,2024-10-02,2026-03-04,Asthma
10685,4235,212,1,2025-09-20,2025-09-24,Asthma
10686,1649,71,4,2026-02-17,2026-04-29,Migraine
10687,2614,194,7,2024-09-26,2026-06-22,Stroke
10688,842,75,17,2026-03-17,2026-03-22,Fracture
10689,51,232,9,2025-04-25,2025-08-26,Migraine
10690,4064,150,13,2025-07-31,2026-02-11,Covid
10691,1757,116,4,2025-03-24,2025-06-08,Diabetes
10692,925,25,8,2026-03-05,2026-03-15,Covid
10693,4486,209,1,2024-12-31,2026-08-03,Fracture
10694,4827,5,9,2025-06-13,2025-07-21,Hypertension
10695,354,124,11,2025-10-24,2025-12-16,Stroke
10696,2525,136,20,2024-08-06,2025-12-07,Stroke
10697,162,79,2,2025-03-21,2025-09-11,Asthma
10698,2072,97,9,2026-02-08,2026-06-17,Kidney Stones
10699,1330,70,15,2026-05-09,2026-07-28,Covid
10700,1278,102,1,2025-12-14,2026-02-25,Kidney Stones
10701,2270,86,7,2024-10-29,2026-02-12,Fracture
10702,1512,11,6,2025-12-13,2026-02-11,Pneumonia
10703,259,182,5,2025-03-24,2026-05-11,Cancer
10704,1687,61,7,2026-03-18,2026-07-29,Diabetes
10705,3525,179,5,2024-12-23,2025-01-02,Fracture
10706,4871,23,9,2025-04-29,2026-07-07,Stroke
10707,36,176,14,2025-06-08,2026-07-27,Diabetes
10708,2121,38,12,2025-12-08,2025-12-13,Migraine
10709,304,161,20,2026-04-24,2026-08-05,Fracture
10710,1732,152,13,2026-02-11,2026-05-19,Asthma
10711,3153,161,19,2025-08-07,2026-03-10,Covid
10712,2442,242,6,2025-07-14,2026-05-05,Fracture
10713,3570,186,20,2026-02-14,2026-03-05,Asthma
10714,1324,231,18,2026-06-06,2026-08-16,Asthma
10715,1416,35,18,2025-08-05,2025-08-28,Asthma
10716,4825,137,5,2025-10-06,2026-03-31,Fracture
10717,1359,210,17,2024-12-01,2025-01-08,Covid
10718,4400,52,1,2024-12-17,2025-03-24,Migraine
10719,266,8,10,2025-12-28,2026-04-27,Cancer
10720,220,125,3,2024-08-27,2025-05-30,Migraine
10721,614,44,16,2024-11-30,2024-12-17,Migraine
10722,1324,175,12,2025-10-23,2026-05-04,Stroke
10723,3569,117,9,2025-04-06,2025-12-29,Cancer
10724,3355,63,7,2026-01-10,2026-01-19,Fracture
10725,2784,30,5,2024-10-18,2025-11-07,Covid
10726,4430,107,17,2026-06-09,2026-07-31,Kidney Stones
10727,3151,20,5,2025-06-15,2025-08-06,Kidney Stones
10728,3341,122,2,2025-01-14,2025-12-15,Diabetes
10729,312,98,3,2026-06-26,2026-07-31,Hypertension
10730,2021,153,4,2025-04-21,2025-06-13,Asthma
10731,1648,155,4,2025-07-18,2026-07-24,Asthma
10732,2919,60,10,2025-03-01,2026-05-30,Stroke
10733,3222,119,20,2024-11-29,2026-02-23,Fracture
10734,2429,111,20,2026-06-15,2026-07-31,Covid
10735,2904,165,12,2025-06-22,2025-09-23,Kidney Stones
10736,4225,152,19,2025-09-05,2025-12-08,Cancer
10737,1833,185,7,2026-02-12,2026-05-15,Asthma
10738,1769,8,15,2026-06-22,2026-06-27,Diabetes
10739,3079,21,1,2024-09-18,2025-10-25,Diabetes
10740,2525,78,1,2024-10-08,2025-10-19,Asthma
10741,3585,141,8,2026-07-31,2026-08-06,Cancer
10742,2462,47,19,2024-09-11,2026-02-15,Fracture
10743,1347,15,8,2025-10-02,2025-10-28,Stroke
10744,1278,154,11,2026-01-01,2026-03-16,Kidney Stones
10745,3804,36,13,2024-08-09,2026-04-29,Covid
10746,1513,166,10,2025-10-10,2025-11-29,Covid
10747,2710,200,17,2026-06-17,2026-08-09,Asthma
10748,3524,114,16,2026-05-03,2026-07-19,Covid
10749,1991,46,15,2025-09-09,2025-10-04,Fracture
10750,84,24,17,2024-11-06,2025-09-21,Diabetes
10751,4839,97,16,2026-06-24,2026-07-22,Hypertension
10752,3932,142,13,2026-05-11,2026-06-13,Hypertension
10753,3133,165,19,2024-12-27,2025-04-07,Migraine
10754,3743,16,16,2025-09-01,2026-03-25,Stroke
10755,23,166,11,2025-11-02,2025-12-12,Asthma
10756,4956,134,4,2025-04-16,2025-12-09,Fracture
10757,2364,106,6,2025-05-31,2026-01-31,Migraine
10758,3008,37,4,2025-06-04,2026-04-15,Diabetes
10759,2103,6,18,2025-05-19,2026-02-03,Hypertension
10760,2397,239,8,2025-07-04,2025-09-26,Stroke
10761,67,98,7,2024-11-15,2026-03-09,Diabetes
10762,3525,156,10,2024-10-28,2025-08-31,Stroke
10763,1846,142,13,2026-01-09,2026-02-07,Hypertension
10764,4241,68,5,2025-02-13,2026-07-03,Asthma
10765,628,189,15,2025-07-20,2026-05-04,Pneumonia
10766,3418,181,16,2024-10-02,2026-08-16,Kidney Stones
10767,4382,142,12,2026-03-26,2026-05-25,Covid
10768,765,72,3,2025-11-21,2026-05-13,Hypertension
10769,2550,190,10,2024-08-24,2025-11-18,Stroke
10770,552,170,11,2026-05-24,2026-06-29,Stroke
10771,4186,227,4,2024-10-25,2024-12-25,Kidney Stones
10772,1071,175,16,2025-10-18,2026-06-10,Diabetes
10773,3458,164,18,2024-10-29,2025-08-31,Migraine
10774,595,45,2,2024-11-28,2025-05-25,Pneumonia
10775,4824,103,14,2025-09-18,2026-02-16,Pneumonia
10776,4927,61,17,2025-03-07,2026-03-03,Diabetes
10777,909,243,19,2025-10-18,2026-05-19,Pneumonia
10778,4783,103,19,2024-08-17,2026-05-17,Asthma
10779,4107,92,3,2026-01-08,2026-05-22,Pneumonia
10780,1853,143,6,2026-03-19,2026-07-26,Pneumonia
10781,542,128,6,2025-09-21,2026-01-09,Migraine
10782,180,96,7,2026-03-10,2026-06-30,Kidney Stones
10783,699,118,9,2025-04-10,2026-03-04,Cancer
10784,4332,225,20,2025-07-27,2026-02-19,Cancer
10785,3797,59,7,2025-08-05,2026-02-12,Asthma
10786,4097,26,18,2026-06-16,2026-06-27,Fracture
10787,552,121,20,2026-04-23,2026-08-04,Covid
10788,4509,184,2,2025-03-21,2025-07-19,Covid
10789,572,220,17,2024-12-11,2025-09-08,Hypertension
10790,3099,198,1,2024-08-14,2025-07-26,Migraine
10791,795,4,12,2025-09-13,2026-01-16,Covid
10792,2778,99,11,2025-04-04,2025-05-06,Fracture
10793,4604,178,4,2025-01-29,2025-06-01,Fracture
10794,16,81,13,2025-02-28,2025-12-28,Cancer
10795,1135,180,15,2024-11-24,2025-01-01,Covid
10796,4026,28,4,2026-04-22,2026-04-25,Cancer
10797,3017,143,17,2024-10-11,2025-07-15,Migraine
10798,4879,59,2,2025-03-16,2025-11-19,Pneumonia
10799,1992,177,14,2025-06-28,2026-08-09,Pneumonia
10800,3973,67,11,2024-10-29,2025-12-22,Asthma
10801,4583,192,10,2025-10-16,2026-07-04,Covid
10802,2062,8,20,2026-01-10,2026-05-02,Fracture
10803,3171,142,17,2026-03-06,2026-06-30,Cancer
10804,4147,62,8,2025-05-09,2026-08-14,Migraine
10805,1951,196,15,2025-11-21,2026-06-26,Cancer
10806,2893,130,13,2025-10-03,2026-03-30,Diabetes
10807,2424,183,9,2024-08-19,2025-06-29,Cancer
10808,53,236,7,2026-04-29,2026-06-06,Kidney Stones
10809,3697,18,17,2025-02-19,2025-02-26,Stroke
10810,1857,195,19,2025-11-18,2025-12-31,Asthma
10811,4385,157,17,2025-01-02,2025-06-23,Migraine
10812,657,169,12,2025-05-20,2025-10-17,Diabetes
10813,1567,213,15,2024-10-02,2026-06-12,Diabetes
10814,464,157,17,2025-04-25,2026-02-12,Migraine
10815,2372,188,7,2025-12-19,2026-08-14,Covid
10816,1456,232,12,2026-01-28,2026-06-11,Stroke
10817,2807,48,10,2025-01-10,2026-02-05,Asthma
10818,507,75,8,2025-06-05,2026-01-02,Fracture
10819,2974,12,6,2025-01-15,2026-01-03,Diabetes
10820,1830,249,10,2026-02-22,2026-08-05,Pneumonia
10821,490,179,4,2026-02-04,2026-03-27,Pneumonia
10822,4620,82,5,2026-03-19,2026-07-12,Fracture
10823,2685,111,7,2025-10-08,2026-03-13,Kidney Stones
10824,601,82,19,2024-12-15,2025-08-18,Migraine
10825,4582,97,5,2026-01-03,2026-01-26,Kidney Stones
10826,1921,223,7,2025-09-07,2025-12-16,Hypertension
10827,3820,184,20,2026-03-23,2026-05-18,Kidney Stones
10828,4634,140,10,2024-12-09,2026-08-08,Pneumonia
10829,2583,174,7,2025-06-24,2025-09-02,Hypertension
10830,383,218,19,2025-12-31,2026-01-10,Pneumonia
10831,1496,12,13,2026-08-01,2026-08-03,Cancer
10832,1341,187,11,2025-12-17,2026-02-22,Covid
10833,4041,94,16,2026-03-22,2026-07-24,Stroke
10834,4254,201,14,2025-12-07,2026-06-25,Kidney Stones
10835,2181,98,10,2024-12-07,2025-12-21,Cancer
10836,1512,75,7,2025-02-02,2025-07-21,Covid
10837,1411,87,17,2025-09-09,2026-07-24,Asthma
10838,1254,134,2,2025-09-18,2025-12-09,Pneumonia
10839,656,56,13,2024-09-13,2025-11-13,Fracture
10840,2723,232,11,2026-04-18,2026-05-23,Kidney Stones
10841,2592,57,1,2025-03-07,2026-06-28,Cancer
10842,1120,243,9,2026-05-16,2026-05-17,Cancer
10843,4300,122,6,2025-06-30,2026-05-07,Hypertension
10844,1178,241,19,2025-03-25,2025-03-29,Asthma
10845,2248,243,7,2026-06-19,2026-08-11,Diabetes
10846,2033,107,3,2026-03-25,2026-05-24,Covid
10847,1208,246,15,2024-09-02,2026-02-03,Fracture
10848,211,116,7,2026-02-04,2026-05-10,Covid
10849,2817,14,5,2025-03-06,2026-02-14,Kidney Stones
10850,2953,28,14,2024-09-12,2025-09-02,Diabetes
10851,786,130,1,2026-06-16,2026-07-29,Cancer
10852,3557,227,18,2025-04-30,2026-01-21,Pneumonia
10853,3390,201,1,2026-06-23,2026-07-26,Pneumonia
10854,4258,208,4,2026-05-02,2026-06-27,Fracture
10855,4918,233,15,2026-07-14,2026-08-09,Pneumonia
10856,3397,179,6,2025-07-25,2025-10-09,Stroke
10857,4555,219,3,2025-03-30,2026-04-06,Covid
10858,2615,151,16,2026-03-03,2026-03-19,Fracture
10859,4948,125,10,2024-11-08,2025-04-25,Migraine
10860,2162,9,20,2025-01-22,2025-04-22,Hypertension
10861,2712,11,12,2025-09-02,2025-12-09,Kidney Stones
10862,2316,101,4,2024-09-08,2025-08-12,Diabetes
10863,818,11,17,2024-12-16,2025-09-03,Cancer
10864,3748,182,20,2026-06-28,2026-07-16,Cancer
10865,351,88,20,2026-06-23,2026-08-02,Hypertension
10866,243,158,15,2024-12-09,2025-12-31,Asthma
10867,1433,238,1,2024-09-25,2025-01-03,Hypertension
10868,2442,172,20,2025-11-08,2025-12-21,Diabetes
10869,377,212,8,2026-02-03,2026-08-14,Fracture
10870,442,211,1,2026-06-23,2026-07-11,Migraine
10871,2270,164,16,2026-07-23,2026-08-02,Pneumonia
10872,2260,240,6,2025-03-15,2026-01-22,Asthma
10873,1197,215,1,2026-03-02,2026-06-28,Asthma
10874,2177,37,15,2025-03-15,2026-08-05,Pneumonia
10875,1076,69,12,2024-10-04,2025-09-02,Covid
10876,1357,89,11,2026-06-18,2026-07-30,Hypertension
10877,3410,231,10,2024-08-07,2025-01-30,Migraine
10878,305,163,15,2024-12-24,2025-03-03,Stroke
10879,2322,25,11,2025-05-02,2026-01-20,Stroke
10880,617,58,7,2025-05-09,2025-06-11,Covid
10881,714,199,1,2025-11-03,2026-06-04,Asthma
10882,3964,8,19,2026-01-24,2026-06-10,Hypertension
10883,3420,21,11,2024-10-23,2026-01-12,Stroke
10884,3182,198,8,2026-04-18,2026-08-13,Kidney Stones
10885,1853,196,15,2026-04-11,2026-07-16,Migraine
10886,1429,34,15,2026-08-05,2026-08-06,Migraine
10887,3763,243,19,2024-12-08,2026-03-14,Asthma
10888,2884,211,20,2025-11-12,2026-03-15,Hypertension
10889,3810,193,16,2026-01-06,2026-02-28,Kidney Stones
10890,2329,236,16,2026-07-23,2026-08-03,Hypertension
10891,3952,50,17,2025-01-30,2025-03-17,Covid
10892,2276,215,9,2026-05-04,2026-08-12,Fracture
10893,126,171,14,2025-09-09,2026-05-08,Pneumonia
10894,4370,23,16,2026-06-27,2026-07-15,Fracture
10895,4866,151,16,2025-03-16,2026-07-01,Diabetes
10896,2,56,8,2026-01-09,2026-07-16,Asthma
10897,4134,78,3,2024-11-29,2025-04-01,Covid
10898,1654,98,19,2024-09-22,2025-09-13,Migraine
10899,698,203,20,2025-12-10,2026-05-20,Pneumonia
10900,2772,128,10,2025-02-06,2025-02-16,Stroke
10901,1465,149,13,2025-10-27,2026-08-09,Hypertension
10902,2392,32,4,2025-11-16,2026-07-12,Cancer
10903,1941,130,14,2025-02-12,2025-11-09,Pneumonia
10904,3,212,2,2026-07-06,2026-07-08,Asthma
10905,553,153,1,2025-06-02,2025-07-06,Migraine
10906,2784,62,15,2024-10-03,2025-12-24,Cancer
10907,1881,180,8,2024-09-25,2026-08-15,Fracture
10908,3137,153,20,2024-12-26,2026-01-25,Kidney Stones
10909,1350,43,14,2025-01-06,2026-03-23,Kidney Stones
10910,4551,245,16,2025-11-20,2026-08-02,Fracture
10911,2069,33,7,2026-03-16,2026-06-07,Covid
10912,2245,205,15,2026-04-02,2026-04-06,Kidney Stones
10913,644,125,9,2025-03-12,2026-04-15,Migraine
10914,2804,154,19,2025-11-19,2026-03-13,Covid
10915,3156,176,16,2025-07-18,2025-12-19,Covid
10916,791,153,3,2026-03-27,2026-06-12,Hypertension
10917,4076,74,8,2026-07-27,2026-08-03,Asthma
10918,3017,247,3,2024-10-17,2025-05-08,Stroke
10919,3133,84,3,2026-06-05,2026-07-14,Asthma
10920,3246,169,2,2024-09-29,2025-02-11,Kidney Stones
10921,3142,99,3,2025-02-22,2025-05-14,Kidney Stones
10922,1861,236,6,2024-11-21,2026-06-12,Diabetes
10923,4677,20,7,2024-09-05,2025-03-16,Cancer
10924,4574,46,12,2024-11-16,2025-04-06,Covid
10925,2287,17,3,2025-11-18,2026-01-04,Kidney Stones
10926,2629,69,4,2024-10-14,2025-01-03,Fracture
10927,1868,130,2,2025-05-22,2026-03-30,Stroke
10928,2807,35,2,2025-12-29,2026-06-18,Hypertension
10929,2868,170,11,2026-07-10,2026-07-25,Diabetes
10930,1099,169,7,2025-11-25,2026-05-10,Hypertension
10931,4035,178,6,2024-11-29,2025-02-27,Fracture
10932,2305,174,7,2025-03-30,2026-04-13,Asthma
10933,1434,159,6,2026-04-20,2026-08-11,Pneumonia
10934,1124,172,7,2025-09-04,2026-01-30,Cancer
10935,1410,236,1,2024-09-07,2025-05-19,Diabetes
10936,4662,77,15,2024-09-15,2024-10-11,Kidney Stones
10937,1077,229,9,2026-06-23,2026-07-15,Asthma
10938,2205,183,1,2026-02-22,2026-07-17,Hypertension
10939,4248,224,7,2026-07-30,2026-08-09,Cancer
10940,3671,174,15,2024-10-16,2026-03-30,Pneumonia
10941,969,12,5,2024-12-09,2026-04-29,Migraine
10942,1072,184,18,2024-11-22,2026-04-13,Hypertension
10943,1896,66,18,2024-09-16,2025-12-15,Pneumonia
10944,3465,221,20,2025-11-19,2026-02-05,Stroke
10945,3947,19,20,2025-04-19,2026-06-09,Asthma
10946,3318,143,7,2024-10-11,2025-05-22,Pneumonia
10947,2394,117,7,2026-02-18,2026-07-14,Covid
10948,4167,152,9,2026-04-24,2026-07-22,Stroke
10949,1505,24,16,2025-01-28,2026-08-08,Covid
10950,4685,192,3,2025-08-05,2026-03-26,Cancer
10951,3289,175,6,2025-06-12,2026-03-01,Stroke
10952,639,51,19,2025-08-07,2026-05-26,Hypertension
10953,4844,16,11,2025-09-19,2026-06-15,Diabetes
10954,1489,227,15,2026-01-27,2026-03-01,Pneumonia
10955,4915,123,16,2026-03-25,2026-04-19,Pneumonia
10956,91,172,18,2025-05-08,2025-06-07,Hypertension
10957,1396,233,2,2024-10-22,2025-05-31,Migraine
10958,45,132,6,2025-01-17,2025-11-19,Migraine
10959,2819,211,19,2024-09-01,2024-09-03,Covid
10960,3295,178,17,2024-12-07,2026-07-26,Stroke
10961,1308,87,13,2025-04-11,2026-02-25,Covid
10962,3631,78,14,2025-07-27,2025-12-02,Cancer
10963,3635,193,10,2025-08-27,2026-08-11,Diabetes
10964,653,230,9,2024-09-07,2024-12-17,Fracture
10965,3231,36,3,2024-11-05,2025-12-03,Stroke
10966,1338,194,14,2026-05-12,2026-06-17,Hypertension
10967,1557,83,17,2025-05-07,2025-11-19,Migraine
10968,1807,161,4,2026-06-22,2026-06-26,Migraine
10969,2604,144,11,2024-09-24,2025-07-22,Pneumonia
10970,4499,75,13,2026-06-05,2026-08-01,Migraine
10971,4229,141,15,2025-05-19,2026-02-05,Stroke
10972,1482,202,1,2026-05-02,2026-05-17,Asthma
10973,1958,196,9,2025-04-08,2025-09-06,Diabetes
10974,854,67,5,2026-06-13,2026-07-29,Pneumonia
10975,2610,103,8,2025-02-10,2025-09-26,Pneumonia
10976,1572,45,1,2024-08-12,2025-10-22,Fracture
10977,1105,19,6,2026-05-18,2026-08-16,Fracture
10978,1293,138,15,2026-08-05,2026-08-07,Diabetes
10979,534,121,7,2025-07-30,2026-02-19,Hypertension
10980,4532,34,17,2025-07-29,2025-11-24,Cancer
10981,1428,166,7,2025-05-15,2025-06-03,Stroke
10982,2849,102,11,2025-03-26,2025-06-03,Hypertension
10983,3784,36,19,2025-04-09,2026-05-12,Fracture
10984,3908,159,5,2026-05-05,2026-05-20,Diabetes
10985,3148,6,4,2024-12-19,2026-07-14,Pneumonia
10986,1330,172,5,2025-02-14,2025-08-30,Diabetes
10987,1099,240,3,2026-07-06,2026-08-06,Asthma
10988,2750,237,16,2026-03-17,2026-03-18,Migraine
10989,3152,52,20,2025-11-23,2026-08-14,Migraine
10990,1132,219,5,2026-01-31,2026-05-05,Kidney Stones
10991,3099,36,4,2026-06-08,2026-06-14,Fracture
10992,3730,201,6,2025-08-17,2026-05-01,Asthma
10993,490,200,17,2025-02-05,2026-01-27,Pneumonia
10994,4420,213,8,2026-06-28,2026-08-03,Pneumonia
10995,1750,58,11,2026-05-23,2026-07-02,Diabetes
10996,4857,188,8,2026-01-12,2026-08-04,Asthma
10997,3312,87,18,2025-09-04,2026-01-24,Hypertension
10998,1395,29,19,2026-05-28,2026-07-20,Fracture
10999,4108,177,5,2026-07-25,2026-08-08,Cancer
11000,1681,243,16,2026-02-19,2026-05-31,Covid
11001,2711,235,18,2025-02-04,2026-03-19,Kidney Stones
11002,2631,179,14,2025-12-27,2026-07-15,Stroke
11003,3256,195,10,2025-06-29,2025-12-23,Hypertension
11004,4251,190,2,2026-04-06,2026-06-04,Covid
11005,88,167,2,2025-07-09,2026-04-05,Covid
11006,2224,20,4,2025-03-15,2025-11-09,Kidney Stones
11007,2032,8,12,2026-04-02,2026-07-12,Asthma
11008,4057,41,17,2026-07-30,2026-08-03,Diabetes
11009,4556,28,15,2025-02-19,2025-07-15,Kidney Stones
11010,2527,195,11,2024-11-01,2025-03-18,Asthma
11011,853,94,19,2026-03-09,2026-07-24,Stroke
11012,3653,165,4,2025-01-23,2025-08-27,Diabetes
11013,1713,17,1,2024-11-20,2026-06-21,Stroke
11014,1461,209,19,2025-09-04,2026-06-24,Pneumonia
11015,368,214,2,2026-01-25,2026-03-26,Stroke
11016,431,226,15,2025-06-29,2026-01-04,Pneumonia
11017,3833,174,6,2025-05-25,2025-08-23,Covid
11018,1899,63,14,2025-10-27,2026-04-06,Pneumonia
11019,2091,162,6,2025-06-20,2025-08-30,Pneumonia
11020,2620,106,6,2026-06-27,2026-08-07,Stroke
11021,2993,75,2,2025-11-26,2025-12-25,Kidney Stones
11022,3137,28,6,2025-08-13,2026-01-15,Kidney Stones
11023,1151,83,13,2024-11-30,2026-07-20,Diabetes
11024,4578,242,11,2025-02-18,2025-03-18,Hypertension
11025,1548,19,20,2025-06-25,2026-02-08,Pneumonia
11026,761,170,1,2025-10-24,2026-04-02,Cancer
11027,2093,91,12,2026-04-23,2026-07-21,Kidney Stones
11028,3936,101,20,2025-09-24,2026-06-25,Asthma
11029,4119,127,15,2026-07-19,2026-07-25,Asthma
11030,1808,154,2,2025-10-20,2026-04-26,Stroke
11031,3712,184,6,2026-01-06,2026-04-10,Diabetes
11032,269,124,15,2026-03-13,2026-06-08,Diabetes
11033,803,46,8,2026-02-24,2026-04-26,Diabetes
11034,4597,154,15,2025-06-01,2025-12-22,Kidney Stones
11035,1944,14,20,2026-07-27,2026-07-28,Cancer
11036,615,77,5,2026-03-14,2026-07-23,Asthma
11037,1485,244,6,2025-01-16,2026-01-12,Asthma
11038,3755,102,13,2026-06-02,2026-07-26,Kidney Stones
11039,4299,25,16,2025-03-13,2025-09-21,Diabetes
11040,4199,91,3,2025-12-26,2026-06-07,Covid
11041,330,35,16,2026-07-22,2026-08-14,Covid
11042,3969,174,5,2025-05-21,2025-11-02,Stroke
11043,4592,30,8,2026-01-25,2026-02-07,Diabetes
11044,3107,159,11,2025-07-09,2026-04-17,Cancer
11045,3955,14,18,2025-10-21,2026-01-01,Cancer
11046,1619,216,16,2025-01-16,2026-04-07,Covid
11047,356,194,7,2026-05-30,2026-08-16,Migraine
11048,1454,114,14,2025-08-23,2026-05-08,Kidney Stones
11049,3009,177,7,2024-12-22,2026-01-30,Fracture
11050,4132,227,5,2025-02-24,2025-12-02,Hypertension
11051,4135,158,19,2026-04-14,2026-04-23,Covid
11052,228,79,4,2025-11-04,2026-03-26,Hypertension
11053,2981,86,19,2024-09-07,2026-05-26,Cancer
11054,4063,234,4,2026-03-13,2026-03-17,Hypertension
11055,681,119,2,2024-10-05,2025-01-29,Fracture
11056,2521,50,6,2024-08-30,2025-10-06,Migraine
11057,3676,126,8,2025-04-19,2025-12-14,Covid
11058,2303,215,12,2026-06-25,2026-07-31,Asthma
11059,1519,221,16,2026-01-07,2026-07-19,Kidney Stones
11060,2262,33,5,2024-10-20,2025-09-15,Asthma
11061,291,149,1,2025-06-20,2026-07-31,Asthma
11062,1812,102,3,2026-06-04,2026-07-19,Pneumonia
11063,2722,151,15,2026-05-17,2026-06-05,Diabetes
11064,3669,37,16,2024-10-04,2025-02-26,Pneumonia
11065,2668,188,5,2025-02-11,2025-04-28,Fracture
11066,2944,17,6,2026-01-14,2026-03-10,Hypertension
11067,1799,7,9,2026-03-15,2026-04-16,Fracture
11068,4326,200,14,2025-06-24,2025-09-09,Cancer
11069,3560,116,10,2024-12-23,2026-04-17,Migraine
11070,4497,31,6,2026-01-24,2026-03-12,Migraine
11071,4659,219,11,2025-09-22,2026-05-09,Diabetes
11072,603,41,20,2024-09-08,2025-10-21,Hypertension
11073,4348,229,17,2024-10-22,2025-06-30,Diabetes
11074,3360,38,4,2024-08-06,2026-05-25,Pneumonia
11075,686,158,1,2025-05-11,2025-08-02,Fracture
11076,4661,237,2,2026-01-13,2026-06-04,Hypertension
11077,4340,108,3,2025-06-09,2026-04-07,Diabetes
11078,4789,155,7,2025-01-01,2025-05-15,Cancer
11079,1638,18,5,2026-07-17,2026-08-09,Covid
11080,294,48,2,2025-12-27,2026-06-27,Pneumonia
11081,3341,111,9,2025-04-01,2026-07-03,Pneumonia
11082,4435,51,1,2026-01-05,2026-07-04,Covid
11083,481,25,4,2024-09-12,2026-02-24,Cancer
11084,3807,249,7,2026-05-30,2026-06-25,Fracture
11085,3056,241,3,2025-03-07,2026-06-11,Stroke
11086,1909,66,7,2025-11-20,2026-06-19,Pneumonia
11087,1904,180,14,2026-04-13,2026-07-07,Fracture
11088,4449,13,16,2025-02-05,2025-05-12,Cancer
11089,4638,55,11,2025-02-18,2026-06-15,Kidney Stones
11090,4825,186,15,2026-07-25,2026-08-16,Kidney Stones
11091,1731,29,5,2025-05-15,2026-07-25,Migraine
11092,1098,208,16,2026-08-03,2026-08-13,Kidney Stones
11093,3925,52,4,2025-01-20,2026-04-06,Migraine
11094,4691,237,18,2026-01-09,2026-03-29,Diabetes
11095,504,28,11,2025-06-25,2025-10-13,Asthma
11096,3967,51,16,2025-11-18,2025-12-03,Asthma
11097,1140,86,17,2025-02-19,2026-02-03,Asthma
11098,2912,80,20,2026-05-14,2026-07-24,Asthma
11099,4117,9,14,2025-09-09,2026-05-29,Pneumonia
11100,778,113,7,2025-06-08,2026-06-24,Stroke
11101,2686,108,9,2025-09-04,2026-03-13,Cancer
11102,1661,248,14,2025-10-13,2026-07-28,Pneumonia
11103,2749,25,14,2024-10-20,2025-06-07,Migraine
11104,4238,68,17,2024-10-26,2025-12-09,Covid
11105,4589,54,12,2025-03-27,2025-09-04,Stroke
11106,3049,49,4,2024-09-25,2025-04-21,Hypertension
11107,2500,47,15,2025-12-13,2026-06-18,Cancer
11108,2026,185,5,2026-01-04,2026-01-28,Covid
11109,3619,52,4,2026-05-09,2026-07-02,Cancer
11110,4668,153,6,2025-02-12,2026-04-27,Asthma
11111,1246,184,12,2025-05-23,2026-05-19,Covid
11112,1071,106,5,2025-10-16,2026-01-22,Diabetes
11113,318,5,2,2025-07-04,2026-06-14,Covid
11114,3887,5,19,2025-04-03,2026-06-04,Stroke
11115,1730,25,18,2026-05-30,2026-08-14,Pneumonia
11116,182,140,4,2025-04-12,2025-08-02,Stroke
11117,714,184,2,2025-01-31,2025-12-08,Migraine
11118,2158,240,10,2025-08-27,2026-06-22,Cancer
11119,2152,175,8,2026-07-21,2026-07-26,Asthma
11120,1396,195,13,2026-02-10,2026-05-10,Asthma
11121,1899,171,16,2026-06-09,2026-06-12,Asthma
11122,1663,213,18,2026-03-06,2026-06-13,Migraine
11123,963,7,5,2024-11-17,2026-05-23,Pneumonia
11124,1131,237,9,2025-12-06,2026-01-08,Asthma
11125,1934,120,17,2025-07-17,2026-01-31,Asthma
11126,715,176,20,2025-07-23,2026-02-23,Kidney Stones
11127,1014,54,1,2025-12-16,2026-05-11,Cancer
11128,1714,248,19,2025-07-15,2026-06-29,Asthma
11129,3863,55,10,2024-08-15,2026-04-17,Hypertension
11130,937,76,12,2025-08-07,2025-10-28,Cancer
11131,3078,183,8,2026-04-02,2026-04-03,Cancer
11132,1950,187,4,2024-08-26,2024-08-28,Migraine
11133,3660,66,19,2025-10-16,2025-10-31,Migraine
11134,2555,199,15,2025-11-30,2026-06-19,Covid
11135,1669,222,12,2025-08-26,2026-05-19,Cancer
11136,3297,84,9,2026-06-14,2026-08-02,Kidney Stones
11137,4607,234,9,2025-08-16,2026-03-20,Pneumonia
11138,4961,93,1,2025-09-16,2026-05-19,Pneumonia
11139,4610,241,19,2025-08-07,2025-11-01,Pneumonia
11140,2263,225,14,2025-10-03,2026-05-03,Migraine
11141,1815,173,5,2024-11-04,2026-06-22,Hypertension
11142,598,52,10,2026-03-21,2026-08-11,Diabetes
11143,4846,215,11,2024-11-29,2026-04-20,Kidney Stones
11144,4403,186,13,2026-08-06,2026-08-06,Stroke
11145,4952,103,18,2026-06-23,2026-07-28,Migraine
11146,1712,187,3,2026-06-29,2026-08-04,Fracture
11147,2904,109,3,2025-08-21,2025-10-08,Asthma
11148,105,181,9,2025-04-04,2026-05-14,Migraine
11149,127,19,13,2024-08-10,2025-07-26,Asthma
11150,3444,181,3,2025-12-13,2026-05-06,Pneumonia
11151,3809,165,1,2024-08-31,2025-05-27,Asthma
11152,4794,27,12,2025-10-19,2026-01-04,Fracture
11153,3972,137,1,2024-11-20,2026-04-29,Hypertension
11154,553,87,1,2025-03-12,2025-08-09,Covid
11155,3121,83,9,2025-09-26,2026-02-27,Covid
11156,1118,76,2,2025-04-30,2026-06-29,Pneumonia
11157,3609,48,12,2025-04-07,2025-05-13,Kidney Stones
11158,714,179,8,2025-12-28,2026-06-18,Fracture
11159,665,154,1,2026-02-06,2026-04-08,Cancer
11160,2078,153,3,2026-07-14,2026-08-09,Kidney Stones
11161,3626,175,12,2026-01-16,2026-08-15,Migraine
11162,4429,185,16,2025-11-07,2026-08-12,Asthma
11163,4943,153,15,2025-08-13,2025-12-21,Asthma
11164,4800,174,14,2026-07-02,2026-07-26,Hypertension
11165,2310,92,19,2025-06-13,2025-08-25,Covid
11166,2224,95,15,2025-12-19,2025-12-20,Hypertension
11167,3262,10,20,2025-01-09,2026-07-25,Fracture
11168,576,22,10,2026-04-06,2026-07-13,Stroke
11169,2068,115,7,2024-12-31,2026-07-10,Pneumonia
11170,561,192,16,2024-08-17,2024-09-25,Diabetes
11171,1514,172,12,2025-05-05,2026-01-26,Asthma
11172,3362,44,8,2025-02-25,2025-04-13,Diabetes
11173,3456,68,4,2025-01-02,2026-04-03,Pneumonia
11174,2147,87,6,2025-10-19,2026-01-27,Cancer
11175,244,66,9,2025-12-25,2026-05-04,Covid
11176,154,225,8,2026-06-29,2026-08-13,Pneumonia
11177,854,205,13,2025-03-25,2026-05-15,Fracture
11178,1033,131,3,2025-03-23,2025-10-13,Diabetes
11179,2986,158,6,2025-02-27,2025-08-22,Pneumonia
11180,2234,116,6,2024-12-05,2025-07-07,Migraine
11181,2931,226,4,2025-03-14,2026-08-11,Pneumonia
11182,2751,96,13,2026-04-12,2026-06-13,Diabetes
11183,4441,210,15,2026-07-20,2026-07-29,Hypertension
11184,1989,100,12,2025-09-17,2025-11-20,Fracture
11185,4438,98,17,2025-05-02,2026-08-03,Pneumonia
11186,3429,85,10,2025-06-15,2025-10-11,Stroke
11187,615,246,20,2024-08-10,2025-01-25,Stroke
11188,3982,12,2,2025-01-17,2026-07-02,Cancer
11189,1027,162,12,2026-02-02,2026-07-07,Diabetes
11190,226,14,17,2026-06-28,2026-08-14,Fracture
11191,2785,111,16,2024-08-06,2026-04-02,Cancer
11192,2463,190,14,2025-08-29,2026-05-16,Migraine
11193,2185,60,10,2026-06-13,2026-06-17,Kidney Stones
11194,380,3,14,2025-12-23,2026-03-27,Fracture
11195,2308,94,4,2024-12-02,2026-02-23,Diabetes
11196,2175,16,1,2026-07-13,2026-07-26,Covid
11197,1487,250,8,2024-12-28,2025-07-15,Pneumonia
11198,3677,189,2,2025-08-16,2025-10-19,Migraine
11199,41,102,11,2026-03-21,2026-08-02,Migraine
11200,3713,95,18,2026-07-04,2026-07-24,Diabetes
11201,628,225,10,2025-11-13,2025-12-16,Kidney Stones
11202,4229,166,8,2024-09-28,2025-02-08,Asthma
11203,3053,104,7,2025-10-21,2026-07-14,Fracture
11204,2734,26,14,2025-06-18,2026-06-23,Fracture
11205,160,31,19,2025-02-24,2025-09-23,Cancer
11206,4662,69,8,2024-09-26,2025-01-01,Kidney Stones
11207,3214,176,15,2025-01-12,2025-06-21,Diabetes
11208,1439,68,18,2026-05-26,2026-08-01,Migraine
11209,3057,152,19,2026-07-09,2026-08-06,Diabetes
11210,2731,121,16,2025-05-10,2026-04-04,Fracture
11211,2172,201,6,2025-03-17,2026-06-15,Covid
11212,1453,48,16,2026-02-02,2026-04-22,Diabetes
11213,1929,77,10,2025-05-17,2025-12-02,Pneumonia
11214,3390,37,2,2024-12-24,2025-09-10,Diabetes
11215,3381,69,14,2026-06-07,2026-07-15,Kidney Stones
11216,1268,53,14,2026-01-04,2026-03-10,Migraine
11217,1217,178,10,2026-02-25,2026-05-14,Migraine
11218,1956,115,9,2025-07-01,2026-03-23,Cancer
11219,3417,48,3,2026-06-14,2026-07-01,Covid
11220,935,187,6,2026-03-05,2026-04-30,Covid
11221,3118,46,9,2025-07-14,2025-10-03,Kidney Stones
11222,2678,55,9,2024-12-14,2025-02-18,Cancer
11223,3488,166,3,2025-12-07,2026-01-08,Cancer
11224,556,18,13,2025-07-13,2025-11-09,Cancer
11225,2756,26,7,2025-10-25,2026-05-25,Covid
11226,4011,45,8,2025-03-05,2025-03-19,Kidney Stones
11227,2588,78,16,2025-10-31,2026-04-12,Migraine
11228,2225,115,17,2026-02-10,2026-02-23,Covid
11229,765,86,16,2026-03-18,2026-05-16,Covid
11230,125,50,14,2026-04-17,2026-07-01,Migraine
11231,471,104,14,2024-09-29,2026-04-22,Fracture
11232,2185,228,14,2025-07-01,2026-02-14,Stroke
11233,365,76,6,2025-05-05,2026-07-03,Migraine
11234,4678,4,7,2025-05-11,2026-01-07,Covid
11235,3637,14,14,2025-06-12,2025-06-15,Asthma
11236,1374,196,9,2025-12-19,2026-07-11,Hypertension
11237,3890,103,9,2025-12-20,2026-08-05,Diabetes
11238,383,186,15,2025-04-01,2025-04-15,Covid
11239,960,138,19,2026-01-05,2026-07-07,Hypertension
11240,1198,7,4,2026-03-07,2026-05-29,Cancer
11241,3971,120,16,2025-05-17,2026-08-06,Kidney Stones
11242,2214,116,20,2025-07-10,2026-05-08,Asthma
11243,480,164,12,2025-12-09,2026-01-17,Cancer
11244,164,154,13,2025-01-29,2026-08-06,Fracture
11245,4304,214,12,2025-09-14,2026-03-16,Covid
11246,2127,115,20,2025-07-11,2026-02-23,Asthma
11247,1782,79,19,2024-11-23,2025-08-19,Stroke
11248,17,62,2,2025-01-14,2025-10-04,Stroke
11249,1752,88,9,2026-08-01,2026-08-04,Covid
11250,1846,219,15,2024-12-11,2026-05-26,Cancer
11251,4186,243,17,2026-04-30,2026-06-21,Cancer
11252,2935,134,8,2024-09-28,2025-08-06,Migraine
11253,1201,48,14,2025-11-03,2026-06-28,Fracture
11254,1051,49,2,2026-03-21,2026-05-19,Fracture
11255,2535,144,16,2024-12-23,2026-04-27,Migraine
11256,2680,50,9,2024-08-13,2025-09-19,Hypertension
11257,1285,180,5,2025-09-05,2025-09-27,Diabetes
11258,1705,220,8,2025-02-22,2026-01-30,Fracture
11259,3113,201,13,2026-03-28,2026-05-27,Covid
11260,1541,54,2,2026-07-05,2026-07-23,Kidney Stones
11261,4332,39,11,2024-11-18,2025-08-04,Pneumonia
11262,4560,59,5,2026-06-04,2026-07-08,Hypertension
11263,1227,53,7,2025-10-23,2025-12-03,Hypertension
11264,174,54,12,2026-02-02,2026-08-01,Stroke
11265,4765,11,2,2025-10-12,2025-11-26,Hypertension
11266,3037,206,17,2026-07-27,2026-08-16,Asthma
11267,3116,176,5,2025-06-21,2026-01-29,Asthma
11268,927,121,1,2025-10-30,2026-03-24,Stroke
11269,1481,100,2,2025-12-05,2026-08-07,Stroke
11270,4636,219,7,2025-02-18,2026-07-12,Asthma
11271,2230,125,14,2025-02-15,2025-11-14,Hypertension
11272,4842,119,4,2025-10-19,2026-01-13,Cancer
11273,3228,244,1,2026-07-21,2026-07-27,Migraine
11274,3241,220,3,2026-01-08,2026-06-29,Fracture
11275,3555,129,11,2025-04-18,2025-11-16,Stroke
11276,1946,141,2,2024-08-10,2025-09-13,Hypertension
11277,2413,9,14,2024-10-25,2025-10-21,Stroke
11278,4134,144,9,2024-09-05,2025-04-06,Hypertension
11279,71,160,5,2025-11-26,2026-07-15,Kidney Stones
11280,4047,200,13,2024-08-20,2025-02-09,Cancer
11281,922,61,20,2024-09-10,2025-11-18,Stroke
11282,1274,134,2,2025-10-04,2025-12-29,Diabetes
11283,3513,40,18,2025-08-19,2026-02-14,Diabetes
11284,3161,144,18,2025-08-20,2026-02-14,Fracture
11285,938,100,5,2025-04-10,2026-06-17,Stroke
11286,2018,8,15,2025-12-03,2025-12-17,Fracture
11287,2256,162,1,2025-05-19,2025-12-03,Hypertension
11288,866,246,4,2026-04-29,2026-06-04,Fracture
11289,4769,3,1,2025-09-25,2025-10-08,Diabetes
11290,641,135,16,2025-10-25,2026-01-06,Kidney Stones
11291,3569,101,17,2025-07-12,2025-08-16,Hypertension
11292,4417,87,14,2025-09-30,2025-10-27,Covid
11293,2601,176,7,2024-10-28,2024-12-17,Cancer
11294,3611,24,12,2026-05-13,2026-05-19,Kidney Stones
11295,1860,120,16,2024-10-07,2026-04-29,Diabetes
11296,443,60,2,2025-02-25,2026-05-30,Cancer
11297,3538,169,4,2024-09-07,2025-10-23,Cancer
11298,3670,4,13,2025-06-14,2025-07-25,Migraine
11299,3293,132,5,2025-08-07,2026-07-08,Covid
11300,4659,111,18,2025-05-02,2026-07-18,Cancer
11301,4186,66,14,2025-04-03,2025-08-27,Kidney Stones
11302,2786,181,17,2026-04-03,2026-08-04,Diabetes
11303,264,21,13,2025-07-30,2025-12-19,Stroke
11304,1562,171,12,2026-06-20,2026-08-10,Covid
11305,1596,158,7,2024-08-18,2024-09-07,Asthma
11306,2281,241,4,2025-06-19,2025-10-26,Hypertension
11307,4785,5,1,2026-07-05,2026-07-13,Cancer
11308,859,201,6,2026-06-27,2026-08-01,Pneumonia
11309,2369,233,15,2024-09-06,2026-05-20,Migraine
11310,1137,134,8,2025-04-02,2025-08-13,Kidney Stones
11311,3156,57,15,2024-10-20,2025-10-24,Fracture
11312,533,64,12,2026-04-04,2026-04-28,Pneumonia
11313,364,14,8,2024-11-10,2026-07-28,Fracture
11314,1386,55,16,2025-02-19,2026-04-20,Cancer
11315,3301,127,10,2026-02-18,2026-04-16,Asthma
11316,339,164,13,2025-10-28,2026-06-09,Asthma
11317,1134,221,17,2025-11-16,2026-08-05,Hypertension
11318,2643,28,16,2025-05-03,2025-05-09,Pneumonia
11319,4758,215,6,2026-02-23,2026-04-30,Pneumonia
11320,2466,59,13,2025-03-16,2025-10-02,Hypertension
11321,2180,49,11,2025-05-19,2025-12-20,Fracture
11322,2168,143,10,2026-02-16,2026-06-05,Pneumonia
11323,4363,17,13,2025-11-14,2026-05-04,Asthma
11324,2695,178,7,2026-05-17,2026-07-04,Fracture
11325,4084,100,13,2025-11-16,2026-03-18,Hypertension
11326,2029,81,8,2024-08-25,2026-02-07,Covid
11327,4784,33,6,2025-08-15,2025-09-30,Kidney Stones
11328,2197,114,1,2026-05-29,2026-07-29,Fracture
11329,200,152,11,2026-01-26,2026-02-25,Diabetes
11330,4343,159,16,2026-07-26,2026-08-04,Stroke
11331,2730,174,10,2026-05-17,2026-07-16,Stroke
11332,4022,42,8,2024-08-10,2026-02-15,Diabetes
11333,4809,116,11,2025-04-17,2026-05-03,Cancer
11334,274,178,6,2026-05-30,2026-06-22,Diabetes
11335,3897,211,4,2025-03-30,2025-05-24,Pneumonia
11336,3147,100,5,2025-09-26,2025-11-21,Migraine
11337,3227,21,3,2024-12-27,2025-03-19,Asthma
11338,4168,178,19,2025-08-28,2025-09-22,Diabetes
11339,1983,179,1,2024-08-17,2026-05-13,Migraine
11340,2697,235,9,2024-11-11,2025-01-12,Pneumonia
11341,2116,134,19,2026-02-02,2026-06-01,Covid
11342,3420,228,20,2025-12-26,2026-07-10,Pneumonia
11343,795,69,17,2024-12-21,2026-07-12,Asthma
11344,88,59,16,2025-04-28,2025-12-27,Hypertension
11345,2057,181,16,2025-07-10,2026-03-16,Kidney Stones
11346,1308,104,11,2025-02-14,2025-06-11,Covid
11347,3439,122,20,2025-02-26,2025-11-15,Covid
11348,2088,198,5,2024-09-23,2026-05-31,Diabetes
11349,1655,100,11,2025-11-26,2026-05-06,Cancer
11350,527,10,13,2025-09-20,2026-01-28,Cancer
11351,4178,117,16,2026-05-16,2026-07-21,Covid
11352,304,163,4,2024-12-16,2026-03-03,Covid
11353,921,88,13,2026-04-20,2026-07-25,Pneumonia
11354,870,198,8,2025-12-08,2026-06-25,Migraine
11355,4334,244,5,2025-09-08,2026-08-01,Pneumonia
11356,4744,162,1,2026-01-30,2026-03-02,Fracture
11357,4362,201,2,2024-08-10,2025-04-21,Pneumonia
11358,2200,162,12,2026-05-02,2026-08-06,Fracture
11359,1347,201,16,2024-12-02,2025-10-02,Cancer
11360,4382,46,7,2025-12-06,2025-12-26,Kidney Stones
11361,2099,73,6,2025-08-18,2026-01-13,Covid
11362,3274,61,16,2026-04-27,2026-05-09,Asthma
11363,1007,179,20,2024-08-22,2025-05-08,Migraine
11364,4456,14,12,2025-12-01,2026-04-14,Pneumonia
11365,2812,115,10,2026-07-10,2026-07-18,Covid
11366,604,220,20,2025-10-19,2025-12-14,Stroke
11367,3922,18,9,2025-07-06,2026-07-20,Asthma
11368,769,180,14,2026-07-18,2026-07-19,Fracture
11369,1975,102,8,2025-08-30,2025-11-29,Diabetes
11370,2377,208,5,2026-07-20,2026-08-02,Kidney Stones
11371,896,116,5,2024-12-23,2025-04-17,Covid
11372,2016,236,14,2024-10-22,2025-10-11,Diabetes
11373,4240,38,16,2024-09-04,2025-09-12,Asthma
11374,4687,56,2,2024-10-28,2026-01-25,Fracture
11375,4026,171,14,2026-01-01,2026-06-04,Diabetes
11376,3426,38,15,2024-10-31,2026-03-04,Asthma
11377,633,245,17,2026-06-23,2026-08-15,Stroke
11378,1668,64,4,2026-05-29,2026-08-15,Kidney Stones
11379,1832,129,15,2025-10-11,2025-11-22,Diabetes
11380,3121,35,2,2025-01-27,2025-02-21,Cancer
11381,3248,51,11,2026-02-08,2026-02-12,Stroke
11382,1717,205,7,2024-11-21,2026-02-13,Kidney Stones
11383,3211,42,2,2025-12-10,2026-04-09,Asthma
11384,2069,193,15,2025-11-16,2026-01-14,Fracture
11385,1849,210,18,2026-07-26,2026-08-14,Hypertension
11386,878,3,11,2025-07-11,2025-12-26,Migraine
11387,1664,34,17,2025-07-04,2025-07-30,Kidney Stones
11388,105,239,16,2025-09-05,2025-11-24,Stroke
11389,2637,174,11,2026-01-29,2026-04-08,Migraine
11390,2269,104,17,2025-01-05,2025-01-27,Pneumonia
11391,2600,128,9,2026-08-05,2026-08-07,Pneumonia
11392,4321,13,18,2026-06-19,2026-08-05,Cancer
11393,492,60,6,2026-03-07,2026-08-09,Kidney Stones
11394,4181,103,3,2026-06-01,2026-07-23,Cancer
11395,3414,143,4,2025-07-05,2025-07-12,Pneumonia
11396,4052,97,8,2025-09-02,2026-01-27,Cancer
11397,2306,79,13,2025-01-22,2025-01-31,Pneumonia
11398,4696,184,3,2024-08-25,2026-04-22,Diabetes
11399,1644,224,18,2026-01-17,2026-06-13,Cancer
11400,1862,30,11,2026-02-19,2026-08-06,Asthma
11401,39,219,20,2025-04-08,2025-05-19,Kidney Stones
11402,709,133,16,2025-12-11,2026-05-13,Stroke
11403,1877,214,17,2025-01-11,2025-12-03,Diabetes
11404,1780,88,14,2025-10-20,2026-02-05,Cancer
11405,4121,199,14,2026-03-08,2026-06-24,Hypertension
11406,411,101,18,2026-02-26,2026-08-07,Hypertension
11407,3141,145,14,2025-05-28,2026-07-27,Kidney Stones
11408,1049,169,17,2025-06-02,2026-05-15,Stroke
11409,2929,81,19,2024-11-27,2025-10-27,Migraine
11410,858,216,16,2024-11-29,2025-05-03,Pneumonia
11411,3226,104,1,2026-04-12,2026-06-10,Stroke
11412,2136,16,6,2024-09-30,2025-09-15,Fracture
11413,4883,194,1,2026-02-12,2026-07-08,Pneumonia
11414,1676,225,12,2025-10-28,2026-06-29,Stroke
11415,672,142,11,2025-12-24,2026-06-20,Diabetes
11416,1118,212,2,2025-07-13,2026-04-30,Kidney Stones
11417,727,194,19,2026-01-19,2026-07-10,Kidney Stones
11418,4994,142,9,2025-01-31,2026-07-01,Fracture
11419,292,27,2,2024-10-04,2025-12-26,Hypertension
11420,2104,121,2,2026-06-29,2026-07-03,Diabetes
11421,4541,62,9,2025-02-08,2025-12-06,Pneumonia
11422,4633,197,17,2026-05-21,2026-08-12,Cancer
11423,1103,219,2,2026-04-03,2026-04-08,Diabetes
11424,1322,215,10,2025-01-02,2026-07-30,Migraine
11425,2988,124,7,2025-11-30,2025-12-05,Covid
11426,4761,223,14,2026-03-27,2026-04-14,Stroke
11427,848,126,3,2024-11-23,2025-01-12,Kidney Stones
11428,3033,169,19,2024-11-25,2026-06-08,Migraine
11429,3530,16,2,2025-04-26,2026-06-17,Fracture
11430,155,104,12,2025-06-07,2026-02-18,Asthma
11431,4665,15,17,2024-09-24,2025-11-27,Hypertension
11432,3506,153,8,2025-02-26,2026-01-31,Covid
11433,3647,178,15,2024-08-26,2025-11-03,Diabetes
11434,4192,60,8,2025-06-21,2025-10-13,Migraine
11435,1208,204,5,2026-06-18,2026-07-10,Pneumonia
11436,184,66,10,2026-07-03,2026-08-08,Stroke
11437,2738,153,2,2025-09-16,2025-10-08,Hypertension
11438,3653,209,3,2025-03-09,2025-06-07,Covid
11439,4062,9,1,2026-03-06,2026-03-24,Kidney Stones
11440,625,75,8,2026-07-30,2026-08-10,Stroke
11441,1412,249,5,2025-08-25,2025-11-09,Stroke
11442,911,93,19,2024-10-19,2026-05-28,Asthma
11443,1979,127,7,2025-03-22,2025-08-03,Kidney Stones
11444,2931,249,6,2026-07-22,2026-07-29,Pneumonia
11445,288,75,14,2026-04-11,2026-04-18,Diabetes
11446,1449,170,2,2026-03-25,2026-04-05,Migraine
11447,2935,221,19,2025-08-31,2025-11-09,Migraine
11448,3293,113,2,2026-02-06,2026-02-28,Cancer
11449,2898,187,15,2024-12-06,2026-02-05,Pneumonia
11450,2776,47,7,2025-03-17,2026-08-13,Fracture
11451,4700,118,3,2025-12-24,2026-07-23,Hypertension
11452,4948,240,8,2026-07-01,2026-07-12,Fracture
11453,1443,59,7,2024-08-15,2026-06-29,Covid
11454,3455,241,3,2026-02-20,2026-03-17,Diabetes
11455,1167,224,9,2026-03-30,2026-05-31,Kidney Stones
11456,3589,118,5,2025-01-14,2025-05-30,Kidney Stones
11457,4581,98,12,2026-03-27,2026-06-11,Covid
11458,4168,12,11,2025-01-08,2025-06-27,Fracture
11459,1930,161,9,2025-03-12,2026-06-23,Asthma
11460,2600,230,18,2025-01-24,2026-01-02,Diabetes
11461,3711,167,8,2024-11-16,2025-05-11,Hypertension
11462,2722,220,9,2025-12-02,2026-01-15,Pneumonia
11463,4351,179,13,2025-12-21,2026-06-30,Pneumonia
11464,1247,151,10,2025-12-19,2026-03-13,Fracture
11465,4007,242,13,2026-05-11,2026-05-27,Diabetes
11466,2648,91,8,2026-03-30,2026-05-19,Diabetes
11467,971,235,16,2025-08-21,2026-05-31,Stroke
11468,4702,225,9,2026-03-26,2026-07-23,Asthma
11469,1880,218,9,2025-04-07,2026-08-08,Migraine
11470,251,31,3,2026-03-18,2026-06-20,Asthma
11471,2192,68,5,2025-05-28,2026-03-03,Pneumonia
11472,2237,180,5,2026-04-08,2026-07-03,Asthma
11473,4354,188,19,2025-05-09,2026-05-23,Kidney Stones
11474,3975,245,14,2026-07-05,2026-08-15,Fracture
11475,4618,211,17,2026-05-05,2026-05-09,Pneumonia
11476,552,225,5,2024-09-07,2024-10-30,Cancer
11477,1141,185,4,2025-09-25,2026-02-25,Covid
11478,3931,224,10,2025-07-23,2026-04-27,Covid
11479,4704,136,6,2025-11-07,2026-06-25,Migraine
11480,316,42,2,2024-10-20,2025-05-22,Kidney Stones
11481,3351,137,1,2025-12-24,2026-06-29,Cancer
11482,4176,73,4,2025-06-08,2026-05-23,Pneumonia
11483,2682,237,12,2025-11-17,2025-12-25,Diabetes
11484,1899,206,16,2025-10-12,2026-03-17,Fracture
11485,2531,22,12,2026-02-26,2026-02-28,Covid
11486,1716,229,5,2026-04-03,2026-07-06,Cancer
11487,1231,199,8,2025-06-13,2025-11-09,Hypertension
11488,2683,193,9,2026-03-09,2026-07-16,Hypertension
11489,3335,243,17,2025-05-17,2025-09-03,Stroke
11490,3866,192,16,2025-08-23,2025-11-18,Diabetes
11491,1559,105,6,2024-10-15,2025-09-11,Diabetes
11492,3169,145,8,2026-06-09,2026-08-14,Hypertension
11493,1046,173,15,2024-08-24,2025-11-23,Asthma
11494,3142,39,9,2026-05-05,2026-05-27,Cancer
11495,2553,188,11,2026-06-24,2026-07-06,Fracture
11496,4065,250,13,2025-02-02,2025-08-06,Diabetes
11497,2069,90,1,2026-06-02,2026-07-22,Cancer
11498,160,8,3,2026-01-04,2026-05-01,Diabetes
11499,4889,227,1,2025-03-31,2025-08-19,Kidney Stones
11500,4329,106,9,2025-11-18,2026-01-21,Pneumonia
11501,2450,225,17,2026-07-27,2026-08-07,Cancer
11502,2732,105,11,2026-06-21,2026-08-15,Hypertension
11503,1980,39,17,2026-03-12,2026-07-14,Cancer
11504,1885,132,16,2025-11-26,2026-04-02,Hypertension
11505,2768,203,19,2025-09-16,2026-07-24,Fracture
11506,2776,107,20,2024-10-04,2026-02-16,Hypertension
11507,4509,242,11,2025-09-12,2025-11-07,Diabetes
11508,635,234,13,2026-01-10,2026-02-06,Fracture
11509,2249,177,5,2026-01-31,2026-02-10,Pneumonia
11510,2689,239,7,2025-07-19,2025-09-30,Hypertension
11511,261,199,4,2025-05-04,2025-07-24,Asthma
11512,3628,182,4,2025-10-02,2025-11-30,Migraine
11513,1516,211,20,2025-02-17,2025-07-29,Kidney Stones
11514,3209,235,14,2025-09-24,2026-04-13,Covid
11515,387,152,6,2025-01-14,2025-08-14,Kidney Stones
11516,3692,152,8,2026-05-30,2026-05-30,Hypertension
11517,4328,148,10,2025-05-25,2026-01-22,Stroke
11518,1998,225,7,2024-09-12,2026-02-19,Fracture
11519,189,65,7,2026-06-06,2026-07-14,Asthma
11520,4051,38,12,2025-05-04,2025-06-11,Covid
11521,4400,112,18,2025-06-10,2025-10-16,Stroke
11522,3118,176,5,2024-09-05,2026-02-02,Stroke
11523,1487,166,5,2026-03-15,2026-06-13,Asthma
11524,252,223,5,2026-07-21,2026-08-14,Asthma
11525,3723,89,8,2025-03-04,2026-02-09,Fracture
11526,4057,106,9,2026-05-01,2026-06-15,Fracture
11527,5000,187,11,2025-06-05,2026-05-09,Cancer
11528,1548,120,4,2024-08-17,2026-08-16,Diabetes
11529,1533,224,15,2026-04-15,2026-04-27,Stroke
11530,533,23,18,2024-09-12,2026-06-21,Fracture
11531,3657,159,3,2026-08-06,2026-08-15,Cancer
11532,2830,246,7,2026-01-08,2026-05-18,Fracture
11533,3461,212,13,2024-09-16,2024-09-22,Covid
11534,61,135,6,2026-06-24,2026-08-02,Migraine
11535,2157,116,4,2024-10-17,2025-03-22,Migraine
11536,3820,109,6,2025-04-20,2026-06-04,Fracture
11537,3063,250,1,2025-10-14,2026-02-19,Fracture
11538,506,118,3,2026-03-25,2026-05-31,Kidney Stones
11539,4567,30,12,2025-04-30,2025-07-04,Migraine
11540,300,125,2,2025-09-17,2025-09-22,Asthma
11541,3636,20,20,2026-01-12,2026-06-25,Covid
11542,950,140,4,2026-05-12,2026-06-13,Fracture
11543,4605,181,12,2026-07-12,2026-08-11,Fracture
11544,1023,238,7,2024-10-30,2025-03-11,Covid
11545,1390,60,16,2026-07-25,2026-08-14,Diabetes
11546,2686,165,4,2026-05-13,2026-06-20,Fracture
11547,1075,210,10,2025-11-21,2026-05-25,Kidney Stones
11548,2518,205,6,2025-02-04,2026-07-26,Migraine
11549,174,82,13,2025-01-28,2026-05-27,Covid
11550,3393,230,20,2026-07-01,2026-07-25,Hypertension
11551,2767,61,11,2026-04-28,2026-06-14,Migraine
11552,4406,94,3,2026-05-26,2026-07-03,Pneumonia
11553,633,114,13,2025-03-08,2026-02-16,Hypertension
11554,499,151,18,2024-08-28,2025-04-22,Fracture
11555,3528,156,4,2026-01-28,2026-03-20,Fracture
11556,4118,147,18,2025-06-08,2025-10-09,Hypertension
11557,3397,9,18,2026-04-01,2026-08-03,Migraine
11558,957,15,1,2025-03-30,2025-04-10,Covid
11559,3594,78,8,2026-01-21,2026-07-21,Hypertension
11560,904,103,11,2025-09-24,2026-07-05,Fracture
11561,1135,168,2,2025-09-28,2026-04-13,Pneumonia
11562,3889,219,15,2026-07-13,2026-07-31,Kidney Stones
11563,279,112,19,2025-10-13,2025-11-29,Stroke
11564,3438,163,17,2026-04-25,2026-06-30,Kidney Stones
11565,1235,2,19,2026-06-03,2026-08-06,Diabetes
11566,3320,243,3,2026-02-08,2026-03-19,Kidney Stones
11567,4092,22,1,2025-04-03,2026-08-06,Covid
11568,1174,242,9,2026-04-29,2026-05-26,Migraine
11569,17,167,15,2025-12-22,2026-01-18,Stroke
11570,2353,202,14,2024-08-26,2026-08-09,Pneumonia
11571,2136,134,17,2026-06-14,2026-07-08,Pneumonia
11572,51,127,6,2026-08-03,2026-08-03,Migraine
11573,878,189,3,2026-02-25,2026-04-06,Diabetes
11574,4983,37,8,2024-09-22,2024-11-02,Kidney Stones
11575,4250,108,13,2026-03-07,2026-06-25,Cancer
11576,4101,136,14,2026-03-05,2026-06-11,Kidney Stones
11577,4970,162,7,2025-03-30,2025-09-19,Kidney Stones
11578,3531,73,10,2024-12-30,2025-02-05,Asthma
11579,3074,117,6,2025-10-04,2025-12-31,Diabetes
11580,4739,167,4,2025-10-15,2025-12-16,Pneumonia
11581,1042,24,2,2024-09-28,2025-07-30,Covid
11582,1377,177,1,2025-02-11,2025-11-30,Diabetes
11583,2097,204,16,2024-11-19,2026-07-03,Stroke
11584,1139,87,14,2026-04-14,2026-06-23,Pneumonia
11585,3312,94,1,2025-11-08,2026-01-21,Asthma
11586,408,15,19,2024-09-05,2025-12-24,Hypertension
11587,1697,70,19,2024-08-16,2024-10-12,Hypertension
11588,1240,42,17,2026-08-05,2026-08-16,Cancer
11589,599,216,11,2025-11-26,2025-11-26,Kidney Stones
11590,3090,43,16,2026-06-26,2026-07-17,Diabetes
11591,2854,150,17,2026-01-04,2026-07-14,Pneumonia
11592,1800,11,14,2024-12-19,2025-05-21,Stroke
11593,1470,131,7,2025-09-08,2026-05-21,Cancer
11594,1927,246,12,2024-12-27,2026-07-01,Pneumonia
11595,360,171,19,2025-02-17,2026-08-01,Fracture
11596,2655,63,10,2026-02-27,2026-06-16,Pneumonia
11597,1154,129,6,2024-09-03,2025-03-11,Diabetes
11598,4824,198,6,2025-06-06,2025-11-26,Asthma
11599,3273,9,5,2025-12-08,2026-06-22,Hypertension
11600,821,72,10,2025-05-13,2026-07-02,Fracture
11601,2601,76,8,2024-08-27,2024-10-26,Diabetes
11602,1877,4,3,2025-11-16,2026-04-20,Asthma
11603,1603,135,19,2026-03-19,2026-08-13,Hypertension
11604,3946,126,6,2025-01-15,2026-01-22,Hypertension
11605,3803,85,18,2024-10-21,2025-08-21,Hypertension
11606,2118,218,4,2025-10-06,2025-12-10,Hypertension
11607,540,54,12,2025-05-16,2026-06-10,Diabetes
11608,157,243,15,2025-02-10,2025-04-25,Migraine
11609,504,77,14,2026-03-14,2026-07-11,Pneumonia
11610,373,173,20,2025-08-31,2026-07-08,Pneumonia
11611,4969,157,7,2025-09-23,2025-10-23,Cancer
11612,1137,185,8,2024-08-26,2024-10-14,Asthma
11613,2447,174,19,2026-01-22,2026-05-11,Hypertension
11614,845,57,7,2024-11-20,2025-11-24,Fracture
11615,2996,26,20,2026-04-10,2026-06-19,Migraine
11616,666,221,4,2025-10-02,2026-05-06,Stroke
11617,3732,235,16,2025-05-19,2025-07-02,Cancer
11618,70,164,19,2026-03-18,2026-03-19,Fracture
11619,1886,249,16,2026-06-27,2026-08-06,Kidney Stones
11620,4561,164,14,2026-04-25,2026-06-05,Pneumonia
11621,305,165,6,2024-09-25,2026-02-26,Pneumonia
11622,829,120,4,2026-08-03,2026-08-10,Fracture
11623,4782,82,5,2026-04-23,2026-05-06,Stroke
11624,4599,4,7,2024-09-15,2026-02-24,Cancer
11625,3435,250,4,2025-12-15,2026-01-24,Stroke
11626,1614,37,5,2026-04-14,2026-06-10,Cancer
11627,2389,98,8,2026-05-21,2026-06-20,Pneumonia
11628,3800,212,11,2026-05-14,2026-05-15,Migraine
11629,1392,185,18,2026-06-17,2026-06-24,Stroke
11630,4733,18,16,2026-05-06,2026-06-12,Stroke
11631,752,32,16,2025-08-11,2026-02-16,Fracture
11632,2726,160,14,2026-07-23,2026-07-27,Fracture
11633,4189,173,20,2025-08-26,2026-07-23,Covid
11634,3915,147,9,2025-07-01,2025-10-15,Hypertension
11635,1001,164,9,2025-05-19,2025-08-29,Pneumonia
11636,1225,171,3,2025-09-08,2025-10-26,Pneumonia
11637,566,246,7,2026-03-15,2026-06-06,Migraine
11638,4220,120,17,2025-02-03,2025-10-09,Fracture
11639,886,242,6,2025-09-04,2026-08-05,Covid
11640,1333,89,8,2026-05-23,2026-05-31,Pneumonia
11641,2765,230,18,2026-04-18,2026-04-26,Kidney Stones
11642,3789,191,19,2026-07-31,2026-08-02,Cancer
11643,2828,149,5,2025-07-17,2025-11-24,Covid
11644,3013,161,4,2025-03-02,2026-06-14,Hypertension
11645,966,168,11,2026-04-22,2026-06-04,Diabetes
11646,115,130,12,2025-10-06,2026-05-12,Stroke
11647,1318,162,8,2025-02-21,2025-10-22,Kidney Stones
11648,3179,188,6,2025-08-09,2026-08-08,Diabetes
11649,4592,12,14,2024-10-03,2026-02-02,Fracture
11650,766,172,6,2025-06-19,2026-01-09,Hypertension
11651,1443,240,4,2024-10-08,2025-12-27,Stroke
11652,2145,22,7,2025-02-25,2025-09-12,Cancer
11653,4072,117,8,2025-02-18,2026-08-14,Cancer
11654,4651,68,2,2026-03-13,2026-07-11,Covid
11655,2065,202,16,2026-06-04,2026-06-14,Cancer
11656,2844,67,13,2025-12-08,2025-12-24,Hypertension
11657,4265,165,19,2026-05-21,2026-07-18,Kidney Stones
11658,2674,45,16,2024-10-16,2025-02-08,Stroke
11659,3773,239,19,2025-03-23,2026-03-15,Pneumonia
11660,3447,115,14,2025-06-17,2026-01-09,Stroke
11661,4932,191,18,2026-06-03,2026-06-30,Fracture
11662,2282,148,1,2024-12-03,2025-12-30,Stroke
11663,649,90,9,2025-04-20,2025-05-05,Stroke
11664,2064,126,18,2025-04-05,2025-08-19,Cancer
11665,3664,193,7,2026-06-09,2026-07-25,Asthma
11666,2717,233,13,2026-03-02,2026-04-03,Migraine
11667,3668,237,13,2026-02-16,2026-06-20,Fracture
11668,1523,140,17,2025-03-21,2025-12-08,Cancer
11669,707,211,7,2026-07-23,2026-08-09,Stroke
11670,2003,211,13,2025-05-07,2025-07-07,Kidney Stones
11671,3657,130,5,2025-10-18,2026-03-09,Fracture
11672,3048,52,3,2026-03-26,2026-05-08,Kidney Stones
11673,4920,244,15,2025-11-04,2026-03-18,Diabetes
11674,1328,54,12,2026-04-03,2026-05-24,Asthma
11675,993,217,4,2026-01-07,2026-05-10,Fracture
11676,3981,195,12,2024-11-23,2025-03-12,Fracture
11677,1440,107,4,2026-07-04,2026-07-17,Hypertension
11678,1069,26,1,2025-07-21,2026-08-10,Migraine
11679,3810,87,7,2025-03-04,2025-04-26,Cancer
11680,3973,244,10,2025-03-21,2026-05-11,Fracture
11681,2546,164,3,2026-02-07,2026-06-09,Fracture
11682,987,152,8,2025-01-16,2025-07-30,Covid
11683,1315,130,19,2025-05-20,2025-08-28,Cancer
11684,159,34,15,2025-10-29,2026-07-16,Diabetes
11685,2972,135,10,2024-08-28,2025-06-16,Cancer
11686,1548,141,8,2024-12-15,2025-02-11,Asthma
11687,2281,13,13,2025-09-26,2026-05-05,Pneumonia
11688,66,219,12,2025-10-19,2026-02-22,Migraine
11689,326,215,13,2025-06-06,2025-08-10,Asthma
11690,2903,66,9,2024-09-14,2025-06-06,Fracture
11691,546,205,17,2024-10-22,2025-04-23,Migraine
11692,4482,202,3,2025-12-03,2025-12-13,Kidney Stones
11693,3817,238,4,2024-12-18,2026-07-23,Pneumonia
11694,3121,78,14,2026-07-17,2026-07-19,Kidney Stones
11695,940,49,3,2025-12-27,2026-03-19,Stroke
11696,4056,223,8,2026-01-19,2026-02-07,Covid
11697,4428,179,20,2026-03-11,2026-07-24,Diabetes
11698,1795,166,10,2026-03-08,2026-07-17,Stroke
11699,846,76,12,2025-10-12,2026-03-10,Migraine
11700,4168,6,15,2025-12-18,2026-07-08,Pneumonia
11701,3257,141,18,2024-10-10,2025-06-02,Asthma
11702,285,124,11,2026-06-23,2026-07-10,Covid
11703,1355,218,3,2024-11-20,2025-05-21,Fracture
11704,3549,29,16,2026-04-24,2026-06-02,Diabetes
11705,3246,90,13,2026-06-22,2026-07-03,Covid
11706,1929,187,7,2026-07-23,2026-08-11,Pneumonia
11707,1981,177,3,2025-03-06,2026-01-13,Migraine
11708,2993,65,13,2025-11-14,2026-04-14,Migraine
11709,970,62,5,2025-12-24,2026-04-18,Fracture
11710,3962,164,8,2025-04-21,2025-11-28,Kidney Stones
11711,1080,47,9,2025-04-09,2025-06-11,Kidney Stones
11712,4964,246,7,2025-05-12,2025-12-18,Fracture
11713,1964,175,3,2025-10-17,2026-06-15,Migraine
11714,439,97,14,2024-10-11,2024-12-30,Kidney Stones
11715,207,115,12,2025-02-01,2025-09-14,Cancer
11716,1569,145,7,2025-04-27,2026-05-05,Stroke
11717,742,97,11,2026-08-05,2026-08-05,Diabetes
11718,103,181,3,2024-10-18,2025-11-13,Fracture
11719,580,25,17,2025-05-01,2026-04-04,Asthma
11720,2960,70,14,2024-09-07,2025-04-20,Hypertension
11721,2261,172,13,2024-11-09,2025-11-06,Hypertension
11722,2,52,19,2024-10-19,2025-04-19,Stroke
11723,1598,183,10,2026-01-31,2026-03-09,Covid
11724,4467,52,16,2026-03-16,2026-05-15,Pneumonia
11725,625,14,14,2026-07-27,2026-08-09,Stroke
11726,662,79,11,2026-05-12,2026-06-15,Pneumonia
11727,2325,216,16,2025-05-25,2026-04-25,Pneumonia
11728,3009,201,7,2025-12-11,2026-02-27,Kidney Stones
11729,3515,234,11,2026-01-28,2026-03-15,Kidney Stones
11730,2811,194,2,2025-02-12,2025-11-01,Hypertension
11731,2588,20,10,2026-05-29,2026-07-17,Diabetes
11732,2454,210,18,2025-11-10,2026-01-06,Fracture
11733,2874,6,3,2025-05-11,2026-06-21,Asthma
11734,2800,40,17,2026-08-05,2026-08-09,Stroke
11735,4034,155,4,2025-05-17,2025-09-28,Fracture
11736,3594,99,3,2024-09-10,2024-11-24,Asthma
11737,3409,189,14,2026-02-07,2026-03-27,Migraine
11738,1340,220,5,2025-12-31,2026-01-08,Cancer
11739,4650,22,10,2026-04-30,2026-05-09,Covid
11740,1260,209,13,2025-08-13,2025-11-15,Diabetes
11741,1828,88,7,2026-01-24,2026-07-29,Hypertension
11742,3598,123,13,2025-11-22,2026-04-07,Kidney Stones
11743,3679,177,20,2025-07-21,2025-12-19,Diabetes
11744,2007,151,7,2025-01-05,2026-05-03,Stroke
11745,3618,12,14,2025-06-03,2025-10-09,Cancer
11746,904,1,10,2026-02-03,2026-03-19,Pneumonia
11747,3359,168,1,2024-12-20,2025-06-28,Cancer
11748,397,52,10,2025-07-20,2025-09-28,Pneumonia
11749,2387,1,3,2026-05-13,2026-08-14,Stroke
11750,235,135,14,2025-11-13,2026-03-09,Kidney Stones
11751,2545,209,1,2025-06-12,2025-12-05,Hypertension
11752,294,248,13,2025-10-27,2026-02-25,Pneumonia
11753,3315,244,18,2026-04-19,2026-08-09,Fracture
11754,4717,6,18,2026-06-03,2026-07-02,Covid
11755,1889,106,7,2024-11-11,2026-07-25,Cancer
11756,2964,82,20,2025-07-30,2026-04-24,Hypertension
11757,4253,158,3,2026-07-06,2026-08-02,Pneumonia
11758,3465,42,2,2025-06-21,2025-10-07,Cancer
11759,1062,107,20,2026-02-13,2026-07-28,Migraine
11760,2583,163,18,2026-02-15,2026-07-26,Pneumonia
11761,2037,88,4,2025-01-19,2026-01-13,Fracture
11762,1406,53,2,2025-04-07,2025-08-22,Fracture
11763,3183,39,17,2026-07-29,2026-08-16,Hypertension
11764,706,192,3,2026-04-15,2026-05-29,Stroke
11765,742,59,14,2025-08-01,2026-02-15,Asthma
11766,4463,108,7,2024-08-14,2024-09-05,Kidney Stones
11767,799,170,17,2026-01-15,2026-03-12,Fracture
11768,4570,212,18,2025-12-04,2026-07-11,Stroke
11769,2100,246,15,2026-04-07,2026-05-15,Diabetes
11770,2388,209,15,2026-06-26,2026-07-21,Migraine
11771,2450,54,1,2025-07-24,2026-03-13,Migraine
11772,1079,13,9,2024-10-30,2026-07-16,Asthma
11773,4923,178,19,2025-08-17,2026-05-19,Cancer
11774,4894,212,12,2026-01-21,2026-07-09,Hypertension
11775,1636,148,2,2026-06-12,2026-07-28,Covid
11776,3257,174,6,2025-02-28,2025-09-23,Diabetes
11777,4790,243,7,2025-06-13,2026-07-20,Hypertension
11778,1143,35,7,2024-10-10,2024-11-04,Kidney Stones
11779,3628,207,20,2025-12-22,2026-01-19,Diabetes
11780,4135,153,20,2026-01-20,2026-03-05,Migraine
11781,3059,188,18,2026-02-02,2026-02-13,Stroke
11782,1297,123,17,2026-01-13,2026-04-04,Kidney Stones
11783,803,135,2,2025-06-20,2025-08-19,Asthma
11784,314,57,7,2026-04-05,2026-06-28,Kidney Stones
11785,4764,8,14,2025-11-29,2026-05-19,Diabetes
11786,3747,234,4,2024-12-05,2024-12-22,Hypertension
11787,3062,159,13,2026-06-06,2026-07-09,Cancer
11788,4052,223,5,2025-03-07,2026-08-01,Kidney Stones
11789,3854,241,16,2024-08-21,2025-02-03,Diabetes
11790,1383,20,20,2024-12-10,2026-05-30,Fracture
11791,2442,231,17,2025-03-13,2026-05-13,Diabetes
11792,4699,59,6,2025-07-03,2025-08-03,Asthma
11793,759,113,3,2025-12-13,2026-06-12,Pneumonia
11794,4957,36,2,2025-07-23,2025-11-03,Migraine
11795,656,147,8,2026-01-25,2026-08-10,Covid
11796,2311,38,1,2025-06-30,2026-05-16,Kidney Stones
11797,36,31,13,2026-04-10,2026-04-18,Hypertension
11798,736,35,17,2026-01-22,2026-05-01,Diabetes
11799,4301,80,16,2025-04-04,2025-04-17,Migraine
11800,316,139,9,2024-09-03,2025-11-09,Migraine
11801,3707,190,6,2025-09-18,2026-05-16,Kidney Stones
11802,3020,109,16,2025-05-04,2026-07-04,Stroke
11803,559,221,3,2025-01-13,2025-02-24,Stroke
11804,4045,170,13,2025-02-19,2026-02-08,Fracture
11805,2716,148,1,2025-08-26,2026-04-09,Pneumonia
11806,642,88,10,2025-05-13,2026-06-12,Covid
11807,4637,39,12,2025-08-09,2025-09-15,Asthma
11808,1735,168,10,2026-07-25,2026-08-03,Fracture
11809,1361,27,12,2025-07-13,2025-10-18,Migraine
11810,1439,115,20,2026-05-02,2026-08-10,Hypertension
11811,3206,5,6,2025-06-07,2026-03-24,Cancer
11812,4443,212,5,2026-05-29,2026-08-14,Hypertension
11813,2685,173,1,2026-04-27,2026-05-13,Hypertension
11814,2614,82,6,2026-03-09,2026-06-26,Fracture
11815,3857,109,9,2025-08-03,2026-07-26,Cancer
11816,1620,63,17,2025-11-25,2026-03-28,Hypertension
11817,3100,136,11,2025-06-23,2025-11-28,Cancer
11818,1588,109,8,2025-08-05,2025-11-14,Hypertension
11819,1034,239,11,2025-05-11,2026-04-21,Pneumonia
11820,491,100,16,2026-02-04,2026-02-04,Fracture
11821,3379,198,17,2025-12-18,2026-06-21,Migraine
11822,1060,127,11,2025-04-30,2025-12-11,Fracture
11823,2358,110,11,2024-08-29,2025-02-03,Stroke
11824,2986,107,9,2025-11-07,2026-01-08,Migraine
11825,1890,117,2,2024-09-19,2024-12-19,Kidney Stones
11826,2525,138,14,2025-01-10,2025-02-15,Hypertension
11827,4620,164,9,2025-03-23,2026-08-07,Stroke
11828,2290,240,2,2025-10-20,2025-11-22,Hypertension
11829,4728,238,5,2025-09-13,2025-11-26,Fracture
11830,3428,133,1,2025-06-19,2025-11-07,Fracture
11831,4463,175,16,2026-04-26,2026-06-29,Pneumonia
11832,4100,215,5,2026-07-04,2026-08-15,Fracture
11833,3048,222,2,2025-02-05,2025-08-05,Asthma
11834,2136,70,3,2025-07-05,2026-08-01,Migraine
11835,1660,41,17,2026-03-03,2026-04-28,Cancer
11836,2986,194,20,2025-12-10,2026-01-31,Cancer
11837,2533,115,19,2025-03-29,2025-10-14,Pneumonia
11838,4873,163,17,2025-10-16,2026-02-16,Migraine
11839,1676,155,5,2024-12-17,2025-03-22,Kidney Stones
11840,3479,49,2,2024-12-05,2026-07-27,Asthma
11841,219,250,10,2025-12-21,2026-07-18,Covid
11842,300,207,10,2025-02-11,2025-06-12,Kidney Stones
11843,3340,165,13,2026-06-04,2026-07-03,Covid
11844,4737,142,13,2026-06-22,2026-08-12,Covid
11845,21,22,6,2024-12-04,2026-07-11,Pneumonia
11846,2234,81,2,2025-10-11,2026-04-28,Fracture
11847,3665,31,8,2024-11-07,2024-12-06,Covid
11848,4935,186,6,2024-12-13,2025-10-16,Cancer
11849,2056,171,19,2026-05-01,2026-05-30,Hypertension
11850,4557,194,15,2026-05-11,2026-08-10,Stroke
11851,2967,133,6,2025-10-10,2026-07-31,Fracture
11852,3634,4,18,2026-03-25,2026-07-04,Pneumonia
11853,1962,68,8,2025-06-15,2026-01-31,Diabetes
11854,957,206,18,2025-12-19,2026-05-16,Stroke
11855,1784,108,10,2025-08-19,2026-01-09,Fracture
11856,3144,130,4,2026-06-17,2026-06-17,Fracture
11857,1234,205,14,2025-02-05,2026-04-15,Stroke
11858,2130,149,10,2025-03-30,2026-05-23,Hypertension
11859,447,60,1,2026-06-12,2026-07-09,Cancer
11860,2900,73,4,2024-11-11,2025-11-12,Stroke
11861,590,59,1,2024-08-16,2025-04-27,Stroke
11862,3466,117,16,2025-12-17,2026-02-14,Cancer
11863,4432,49,8,2026-06-10,2026-08-14,Stroke
11864,1597,62,20,2025-05-16,2025-07-03,Kidney Stones
11865,262,53,13,2025-02-11,2026-07-19,Kidney Stones
11866,2033,88,19,2025-01-05,2025-03-16,Fracture
11867,4332,233,12,2025-02-18,2025-03-05,Diabetes
11868,2586,29,19,2026-01-19,2026-06-09,Asthma
11869,2785,226,15,2025-04-15,2026-07-27,Kidney Stones
11870,2867,168,7,2025-12-22,2026-01-30,Fracture
11871,687,143,17,2026-04-06,2026-05-23,Cancer
11872,2119,185,9,2025-02-13,2025-09-09,Pneumonia
11873,3075,136,3,2025-12-15,2026-04-04,Covid
11874,4628,250,19,2025-08-19,2025-10-26,Fracture
11875,1064,72,5,2025-09-17,2026-04-06,Kidney Stones
11876,2488,118,20,2026-05-24,2026-06-14,Migraine
11877,4006,29,19,2026-05-16,2026-07-02,Fracture
11878,1840,193,18,2026-02-21,2026-04-08,Covid
11879,3424,166,7,2025-04-14,2026-04-19,Covid
11880,4050,158,18,2026-02-17,2026-07-16,Stroke
11881,1358,93,5,2024-11-07,2024-12-07,Fracture
11882,2180,41,19,2025-08-23,2026-03-09,Stroke
11883,2494,174,10,2025-10-12,2026-05-03,Kidney Stones
11884,435,228,5,2026-05-13,2026-08-06,Diabetes
11885,1535,169,2,2026-06-10,2026-08-12,Fracture
11886,1643,154,2,2025-11-03,2026-06-06,Fracture
11887,3405,112,5,2025-07-08,2026-07-22,Cancer
11888,62,226,2,2024-08-16,2025-11-04,Stroke
11889,4350,249,3,2026-02-13,2026-05-30,Pneumonia
11890,2271,106,10,2024-12-02,2026-08-02,Stroke
11891,1394,236,9,2024-11-07,2026-03-14,Covid
11892,3952,83,7,2026-01-06,2026-06-12,Asthma
11893,1606,230,16,2025-08-22,2026-06-20,Migraine
11894,1542,164,1,2025-12-26,2026-03-25,Fracture
11895,1633,128,14,2026-02-18,2026-02-20,Stroke
11896,2580,62,5,2025-09-25,2026-07-12,Pneumonia
11897,446,192,4,2024-10-09,2025-08-09,Diabetes
11898,423,83,5,2025-10-15,2025-10-28,Cancer
11899,3342,63,20,2025-11-18,2026-02-25,Cancer
11900,4760,122,14,2025-05-30,2026-06-19,Cancer
11901,4882,123,17,2026-02-16,2026-05-25,Hypertension
11902,2958,139,1,2025-01-29,2025-06-25,Pneumonia
11903,896,65,11,2025-10-08,2026-08-01,Fracture
11904,4827,5,15,2025-06-01,2025-12-24,Kidney Stones
11905,3700,152,20,2025-08-02,2026-05-11,Asthma
11906,3702,160,16,2026-01-26,2026-07-25,Kidney Stones
11907,1804,97,1,2025-10-28,2026-07-11,Migraine
11908,1086,225,14,2024-11-09,2025-04-20,Pneumonia
11909,3628,121,15,2025-05-20,2025-12-28,Covid
11910,4075,180,4,2026-07-27,2026-08-16,Fracture
11911,600,169,17,2025-09-06,2025-12-08,Covid
11912,3065,185,5,2025-09-08,2026-05-21,Stroke
11913,2014,43,13,2025-06-04,2025-09-16,Stroke
11914,103,173,3,2026-03-29,2026-07-11,Stroke
11915,373,160,5,2024-12-03,2026-04-20,Asthma
11916,4038,173,1,2025-01-27,2025-03-02,Diabetes
11917,2384,147,13,2024-09-05,2025-11-08,Migraine
11918,266,127,8,2026-02-07,2026-08-16,Diabetes
11919,29,142,17,2026-06-21,2026-06-23,Migraine
11920,3722,242,3,2026-01-04,2026-03-07,Hypertension
11921,4264,76,18,2025-08-19,2026-02-26,Covid
11922,1117,120,10,2025-12-05,2026-04-18,Kidney Stones
11923,2651,150,7,2025-01-29,2026-02-26,Pneumonia
11924,415,241,16,2025-07-30,2026-05-11,Asthma
11925,3757,134,3,2026-04-10,2026-05-29,Stroke
11926,2649,201,16,2025-05-06,2026-01-31,Asthma
11927,3941,110,14,2025-02-23,2026-05-31,Covid
11928,4541,40,6,2025-02-06,2025-10-28,Cancer
11929,4152,4,3,2026-04-15,2026-05-11,Fracture
11930,300,46,15,2025-11-15,2026-04-30,Asthma
11931,1848,34,6,2025-11-24,2026-03-11,Migraine
11932,4758,148,8,2025-12-30,2026-04-05,Stroke
11933,843,100,6,2026-04-11,2026-05-08,Covid
11934,611,42,2,2025-10-06,2026-01-19,Stroke
11935,812,151,11,2025-07-08,2025-12-26,Diabetes
11936,3584,91,14,2026-05-06,2026-07-01,Covid
11937,1980,218,9,2026-04-05,2026-07-15,Covid
11938,801,225,2,2025-06-29,2026-07-19,Fracture
11939,2442,116,5,2025-07-06,2026-05-27,Fracture
11940,3936,76,11,2025-07-22,2025-10-03,Kidney Stones
11941,537,95,5,2025-11-06,2026-01-02,Kidney Stones
11942,2784,58,11,2026-02-01,2026-06-22,Asthma
11943,976,63,4,2025-02-13,2025-05-05,Kidney Stones
11944,330,36,15,2025-08-05,2026-07-26,Stroke
11945,1007,103,2,2024-10-20,2025-03-06,Asthma
11946,3791,39,10,2024-08-09,2024-10-30,Cancer
11947,1818,156,4,2026-01-31,2026-02-06,Asthma
11948,1874,22,2,2025-12-22,2026-01-04,Fracture
11949,2841,99,15,2024-10-14,2026-05-08,Cancer
11950,4804,94,14,2025-02-19,2026-02-07,Pneumonia
11951,4865,162,20,2024-11-03,2026-06-04,Covid
11952,521,243,13,2024-12-11,2025-11-07,Asthma
11953,584,28,18,2025-11-02,2026-07-17,Hypertension
11954,1343,83,2,2025-03-24,2025-07-27,Hypertension
11955,2964,61,20,2025-05-04,2025-10-09,Stroke
11956,828,60,6,2024-11-22,2025-06-05,Pneumonia
11957,2710,1,18,2025-11-19,2026-02-26,Diabetes
11958,337,53,9,2024-08-17,2026-07-19,Pneumonia
11959,1416,101,16,2025-03-02,2025-06-21,Hypertension
11960,629,170,2,2024-09-01,2026-06-13,Asthma
11961,2969,238,2,2025-01-07,2025-08-21,Asthma
11962,2550,138,13,2025-08-05,2025-11-08,Covid
11963,451,114,4,2025-07-05,2026-03-14,Diabetes
11964,394,81,15,2026-05-28,2026-06-18,Diabetes
11965,1447,103,4,2024-10-24,2025-12-27,Covid
11966,2289,199,10,2026-06-09,2026-07-20,Migraine
11967,971,236,11,2025-12-12,2026-02-19,Asthma
11968,758,105,19,2024-08-10,2025-09-19,Cancer
11969,4704,247,12,2025-09-20,2026-06-08,Fracture
11970,462,117,2,2025-09-26,2026-05-01,Diabetes
11971,4061,219,7,2026-01-13,2026-02-12,Fracture
11972,3317,18,7,2025-01-14,2025-01-31,Fracture
11973,3048,54,14,2025-12-24,2026-05-14,Kidney Stones
11974,2881,33,20,2024-11-24,2024-12-12,Diabetes
11975,1844,165,9,2024-12-01,2026-05-09,Covid
11976,4394,235,20,2025-02-24,2025-11-04,Fracture
11977,1831,206,18,2026-06-22,2026-07-03,Covid
11978,3395,165,2,2026-05-12,2026-07-19,Migraine
11979,310,200,8,2025-12-30,2026-01-27,Stroke
11980,2659,100,5,2025-08-15,2026-02-26,Covid
11981,2775,28,2,2024-09-21,2025-01-28,Asthma
11982,1583,58,8,2026-04-02,2026-05-16,Hypertension
11983,4744,232,9,2026-01-20,2026-04-18,Fracture
11984,4418,206,12,2025-11-07,2025-12-22,Asthma
11985,4055,168,11,2025-03-09,2026-03-31,Stroke
11986,86,108,17,2025-02-13,2025-12-04,Pneumonia
11987,1626,183,11,2025-07-07,2025-08-06,Cancer
11988,1775,125,17,2025-10-03,2025-11-24,Kidney Stones
11989,1947,55,17,2026-04-28,2026-05-19,Migraine
11990,2361,22,3,2026-03-16,2026-06-03,Cancer
11991,820,239,18,2025-10-09,2026-07-18,Cancer
11992,3538,245,4,2025-08-30,2025-12-24,Kidney Stones
11993,4174,130,1,2025-03-10,2025-06-03,Kidney Stones
11994,4311,187,20,2025-03-10,2025-11-10,Asthma
11995,3838,86,20,2024-12-04,2026-08-03,Pneumonia
11996,4492,215,19,2025-10-31,2026-06-30,Hypertension
11997,4457,31,20,2025-09-08,2025-10-25,Cancer
11998,4620,83,3,2025-02-26,2025-09-10,Asthma
11999,3048,88,19,2024-12-25,2025-01-18,Hypertension
12000,2,136,12,2024-12-05,2026-06-14,Kidney Stones
12001,2293,140,2,2025-09-03,2026-02-26,Diabetes
12002,804,140,8,2026-03-25,2026-07-26,Migraine
12003,4077,40,1,2026-03-10,2026-03-21,Stroke
12004,1292,92,1,2025-07-31,2026-02-06,Migraine
12005,1180,243,3,2026-05-14,2026-05-29,Stroke
12006,4994,229,6,2024-09-20,2025-03-22,Asthma
12007,1914,12,9,2025-06-11,2026-03-13,Covid
12008,433,129,20,2025-10-24,2026-07-28,Migraine
12009,96,93,4,2024-08-14,2025-06-06,Covid
12010,949,124,14,2025-02-20,2026-03-07,Pneumonia
12011,2507,111,20,2024-12-14,2025-06-24,Stroke
12012,3951,125,8,2024-09-26,2025-11-10,Cancer
12013,1378,171,3,2024-10-07,2025-10-14,Migraine
12014,2312,30,2,2025-02-06,2026-05-23,Cancer
12015,3958,174,15,2025-08-27,2026-05-12,Fracture
12016,2538,175,4,2025-02-18,2026-01-11,Hypertension
12017,3989,214,6,2026-05-19,2026-05-27,Stroke
12018,294,35,11,2025-11-20,2026-01-02,Fracture
12019,4520,169,14,2025-06-23,2025-12-30,Cancer
12020,4968,147,3,2026-04-09,2026-07-08,Kidney Stones
12021,1584,244,18,2025-11-03,2026-08-03,Pneumonia
12022,4002,90,11,2026-06-25,2026-07-07,Migraine
12023,1628,236,3,2024-12-28,2025-04-15,Stroke
12024,3128,137,13,2026-06-25,2026-07-01,Kidney Stones
12025,4638,156,13,2026-01-24,2026-04-20,Diabetes
12026,4593,49,1,2025-05-12,2026-07-19,Covid
12027,756,31,12,2025-12-11,2026-02-08,Stroke
12028,1144,22,5,2025-05-05,2026-02-20,Fracture
12029,53,175,9,2025-04-03,2025-06-02,Asthma
12030,3176,130,13,2025-07-19,2025-11-30,Cancer
12031,2915,153,17,2025-08-06,2026-03-06,Asthma
12032,4571,80,15,2025-09-07,2026-03-11,Kidney Stones
12033,383,54,16,2026-06-13,2026-07-20,Kidney Stones
12034,4581,222,17,2024-11-23,2025-09-29,Fracture
12035,4037,169,19,2025-06-25,2026-06-15,Hypertension
12036,1945,87,11,2026-06-20,2026-06-23,Hypertension
12037,3978,145,10,2024-11-25,2026-06-26,Pneumonia
12038,1752,28,11,2025-09-03,2026-04-07,Diabetes
12039,4199,164,20,2025-03-08,2026-05-13,Fracture
12040,941,228,10,2025-05-02,2025-07-04,Pneumonia
12041,1009,248,17,2024-10-03,2026-03-21,Hypertension
12042,101,130,5,2026-03-06,2026-06-16,Pneumonia
12043,970,3,14,2024-08-26,2024-12-10,Covid
12044,1528,47,6,2025-02-19,2026-05-02,Diabetes
12045,4987,67,9,2026-07-24,2026-08-16,Asthma
12046,3687,96,16,2025-03-05,2025-09-28,Stroke
12047,1585,79,9,2024-11-09,2025-01-28,Asthma
12048,3417,152,9,2024-10-15,2024-11-21,Hypertension
12049,1094,91,1,2026-05-10,2026-07-25,Migraine
12050,2755,214,11,2025-12-01,2026-03-16,Fracture
12051,277,215,3,2026-02-07,2026-03-14,Fracture
12052,282,54,5,2025-04-21,2026-01-07,Fracture
12053,421,59,8,2024-10-12,2026-03-31,Asthma
12054,4132,106,2,2026-03-30,2026-04-22,Hypertension
12055,3368,117,18,2025-11-27,2026-01-04,Diabetes
12056,2339,154,6,2026-07-10,2026-07-12,Hypertension
12057,3577,4,14,2025-07-05,2025-09-08,Hypertension
12058,4645,217,1,2026-02-05,2026-02-22,Covid
12059,4846,43,12,2026-05-31,2026-05-31,Fracture
12060,3006,9,11,2025-07-05,2026-04-16,Pneumonia
12061,4680,34,1,2025-11-27,2026-01-24,Stroke
12062,2707,229,20,2025-02-07,2025-11-27,Asthma
12063,4354,53,17,2025-11-12,2026-05-21,Diabetes
12064,1659,9,16,2025-05-30,2025-07-12,Kidney Stones
12065,4932,94,18,2026-02-16,2026-04-19,Cancer
12066,2167,191,18,2024-12-10,2026-06-01,Stroke
12067,1251,90,11,2025-06-12,2026-08-07,Asthma
12068,406,239,1,2025-05-01,2025-05-28,Pneumonia
12069,3392,146,13,2025-09-04,2026-05-02,Migraine
12070,4846,85,2,2025-01-21,2025-07-23,Migraine
12071,3213,115,13,2025-01-09,2025-11-30,Cancer
12072,962,186,20,2025-11-20,2025-11-24,Migraine
12073,1486,59,10,2026-04-04,2026-06-13,Diabetes
12074,4163,8,17,2025-04-15,2025-06-15,Cancer
12075,1479,39,4,2026-06-07,2026-08-12,Diabetes
12076,2857,194,11,2026-05-19,2026-05-28,Cancer
12077,709,17,1,2025-05-30,2025-11-20,Asthma
12078,575,89,4,2025-09-30,2026-02-16,Kidney Stones
12079,793,85,14,2024-09-07,2025-02-19,Migraine
12080,4672,183,19,2025-08-05,2025-10-31,Diabetes
12081,4028,243,16,2026-06-19,2026-08-10,Fracture
12082,4481,139,4,2025-05-20,2026-05-08,Covid
12083,413,71,11,2025-08-07,2026-03-16,Diabetes
12084,1698,25,19,2025-04-01,2026-04-26,Kidney Stones
12085,1221,124,20,2025-04-26,2025-06-24,Pneumonia
12086,244,244,8,2026-07-11,2026-07-25,Diabetes
12087,4556,158,7,2026-03-09,2026-07-26,Pneumonia
12088,2603,239,12,2024-08-30,2026-02-17,Hypertension
12089,2205,66,9,2026-05-03,2026-06-30,Pneumonia
12090,2189,133,9,2025-04-06,2025-08-26,Pneumonia
12091,3731,143,10,2025-08-30,2026-05-25,Asthma
12092,1103,110,15,2025-06-30,2025-12-05,Covid
12093,3195,207,13,2026-06-20,2026-07-17,Hypertension
12094,1353,229,12,2025-11-12,2026-03-11,Kidney Stones
12095,572,203,15,2024-10-16,2026-04-29,Pneumonia
12096,4021,60,20,2024-09-23,2025-12-12,Covid
12097,162,143,13,2024-09-28,2024-10-04,Covid
12098,3831,236,18,2026-01-19,2026-04-17,Kidney Stones
12099,321,153,19,2026-03-09,2026-07-18,Migraine
12100,456,203,2,2024-11-05,2025-04-10,Migraine
12101,2831,232,12,2026-04-25,2026-06-02,Cancer
12102,1213,207,20,2025-06-26,2025-07-28,Hypertension
12103,3653,201,20,2026-07-30,2026-08-16,Diabetes
12104,2337,206,7,2025-04-26,2026-06-11,Asthma
12105,2362,11,9,2026-05-13,2026-07-14,Pneumonia
12106,2505,110,8,2026-04-24,2026-06-15,Fracture
12107,2423,86,15,2025-03-14,2026-04-20,Asthma
12108,3899,103,14,2026-07-23,2026-07-26,Stroke
12109,4229,151,20,2025-06-18,2025-07-06,Kidney Stones
12110,2764,232,9,2024-11-23,2025-06-28,Stroke
12111,3516,122,10,2024-10-12,2026-05-04,Migraine
12112,2073,86,18,2025-06-29,2025-12-10,Migraine
12113,465,48,6,2025-08-21,2025-11-14,Pneumonia
12114,4990,159,5,2024-10-05,2025-09-07,Cancer
12115,4975,192,5,2026-01-18,2026-03-14,Kidney Stones
12116,3273,172,14,2024-12-26,2026-07-16,Stroke
12117,2231,250,8,2024-12-01,2025-03-04,Stroke
12118,2316,38,6,2025-05-09,2025-08-29,Fracture
12119,4906,169,8,2025-05-01,2025-11-22,Pneumonia
12120,1839,109,10,2025-01-02,2026-07-31,Covid
12121,4186,15,2,2024-10-02,2026-03-26,Cancer
12122,1796,220,19,2025-03-05,2025-08-27,Fracture
12123,3398,214,1,2026-02-09,2026-07-24,Diabetes
12124,4530,68,1,2025-02-04,2025-12-13,Diabetes
12125,52,99,20,2025-06-28,2026-01-02,Hypertension
12126,2338,114,6,2025-08-04,2026-04-11,Covid
12127,3617,53,5,2026-05-16,2026-05-21,Fracture
12128,4787,33,1,2024-11-17,2025-09-18,Covid
12129,3705,236,3,2025-08-16,2026-07-19,Asthma
12130,3914,59,15,2026-01-06,2026-07-07,Pneumonia
12131,2544,94,3,2026-04-24,2026-08-15,Diabetes
12132,3411,33,9,2025-04-30,2025-05-17,Covid
12133,1387,168,14,2026-07-26,2026-08-04,Stroke
12134,2636,184,10,2025-10-21,2026-02-13,Pneumonia
12135,1331,149,15,2025-05-30,2026-07-04,Diabetes
12136,2391,16,13,2026-05-13,2026-07-27,Hypertension
12137,4929,43,8,2025-04-08,2025-12-02,Migraine
12138,2345,63,16,2025-04-17,2025-12-07,Fracture
12139,3912,225,10,2025-07-25,2026-02-05,Stroke
12140,4068,95,8,2024-10-14,2026-03-29,Covid
12141,3715,188,10,2025-09-06,2026-01-15,Hypertension
12142,330,61,16,2025-05-23,2026-01-14,Pneumonia
12143,3786,67,16,2025-04-10,2025-11-13,Diabetes
12144,3119,47,20,2024-08-13,2026-02-19,Stroke
12145,2649,131,2,2025-09-30,2026-07-26,Stroke
12146,3283,84,12,2025-02-17,2026-05-02,Asthma
12147,4998,109,13,2024-09-30,2025-05-15,Cancer
12148,3487,56,13,2026-01-17,2026-01-18,Fracture
12149,1351,20,3,2025-11-19,2026-02-06,Cancer
12150,3422,96,4,2024-11-19,2026-08-06,Migraine
12151,4927,175,5,2025-10-04,2026-07-12,Migraine
12152,3134,65,12,2025-01-29,2026-02-06,Covid
12153,1784,72,1,2025-04-18,2025-11-19,Kidney Stones
12154,4959,14,15,2025-12-13,2026-08-03,Fracture
12155,3437,49,17,2025-11-14,2025-11-29,Hypertension
12156,2965,153,11,2025-04-04,2025-10-30,Asthma
12157,1105,229,14,2025-06-24,2026-06-19,Asthma
12158,284,6,1,2026-06-05,2026-07-21,Hypertension
12159,3795,172,9,2026-03-02,2026-07-23,Migraine
12160,3040,3,13,2024-12-21,2025-09-29,Asthma
12161,3927,18,9,2026-01-06,2026-03-17,Diabetes
12162,3332,179,19,2025-10-05,2025-12-27,Diabetes
12163,14,19,19,2024-08-11,2025-04-08,Kidney Stones
12164,864,188,6,2024-09-16,2026-07-08,Fracture
12165,2620,121,1,2024-09-20,2025-01-20,Pneumonia
12166,1533,26,13,2025-07-22,2025-09-09,Covid
12167,1104,180,14,2024-09-10,2025-10-26,Cancer
12168,4753,189,15,2025-01-16,2025-08-21,Hypertension
12169,2945,201,18,2026-06-16,2026-07-31,Migraine
12170,3048,154,4,2026-03-13,2026-04-18,Migraine
12171,1576,42,2,2025-09-10,2025-10-25,Stroke
12172,2309,37,4,2024-12-03,2026-01-10,Stroke
12173,121,100,20,2026-05-03,2026-08-09,Pneumonia
12174,1144,36,5,2024-09-30,2024-12-28,Diabetes
12175,603,234,2,2025-10-20,2025-12-18,Kidney Stones
12176,2531,4,17,2024-11-16,2025-01-28,Asthma
12177,1801,33,6,2025-06-25,2026-01-14,Pneumonia
12178,3449,125,4,2025-01-09,2025-10-25,Pneumonia
12179,1767,43,5,2026-08-04,2026-08-08,Hypertension
12180,880,21,20,2025-01-25,2026-04-30,Hypertension
12181,3810,29,6,2026-01-11,2026-04-12,Fracture
12182,4027,55,9,2024-08-29,2024-12-18,Hypertension
12183,2253,144,6,2025-09-16,2026-01-21,Fracture
12184,3862,128,19,2025-07-07,2026-01-28,Hypertension
12185,3013,40,16,2025-10-22,2026-05-21,Cancer
12186,4839,148,13,2025-12-08,2026-06-28,Cancer
12187,3869,221,11,2024-12-27,2025-01-25,Migraine
12188,2850,242,4,2024-09-01,2025-09-06,Covid
12189,283,34,16,2026-04-18,2026-07-17,Asthma
12190,3776,137,14,2024-10-18,2026-06-13,Hypertension
12191,1879,117,6,2025-11-27,2026-06-18,Stroke
12192,2613,145,3,2025-02-08,2026-05-05,Kidney Stones
12193,1093,104,9,2025-10-17,2026-03-06,Kidney Stones
12194,4140,57,4,2025-07-20,2025-07-29,Cancer
12195,3812,124,5,2026-01-14,2026-03-16,Asthma
12196,3195,127,4,2025-04-25,2026-05-01,Stroke
12197,1766,168,2,2025-11-21,2026-08-08,Covid
12198,646,88,1,2026-07-25,2026-08-08,Stroke
12199,4462,195,5,2025-11-14,2026-04-30,Asthma
12200,1365,189,17,2025-07-07,2026-05-30,Pneumonia
12201,148,173,8,2025-07-18,2026-08-14,Cancer
12202,1543,232,18,2025-06-24,2026-08-15,Asthma
12203,3286,207,20,2024-08-10,2025-03-08,Kidney Stones
12204,1292,228,10,2024-10-15,2025-04-29,Cancer
12205,2242,45,7,2025-12-21,2025-12-30,Stroke
12206,131,204,7,2024-09-11,2026-01-17,Migraine
12207,2694,153,18,2025-03-02,2026-02-05,Kidney Stones
12208,2280,211,18,2026-03-17,2026-05-17,Hypertension
12209,4339,68,15,2024-12-05,2026-01-12,Migraine
12210,2736,113,18,2025-06-28,2025-12-10,Asthma
12211,3087,115,19,2025-09-06,2026-04-05,Cancer
12212,2589,148,15,2026-03-02,2026-05-22,Covid
12213,425,178,18,2025-12-18,2026-02-11,Cancer
12214,1895,39,9,2026-03-27,2026-05-19,Cancer
12215,2367,188,5,2025-02-02,2026-02-27,Stroke
12216,2866,51,13,2026-06-03,2026-07-23,Asthma
12217,2583,56,10,2025-01-02,2026-07-28,Fracture
12218,3773,160,19,2025-01-01,2025-07-07,Covid
12219,1460,110,17,2026-06-14,2026-08-02,Diabetes
12220,4940,70,3,2025-11-21,2026-03-01,Cancer
12221,1309,24,5,2024-12-06,2025-05-19,Fracture
12222,4955,201,4,2026-07-12,2026-07-25,Pneumonia
12223,3753,109,20,2025-03-28,2025-11-08,Cancer
12224,3119,86,17,2024-09-19,2026-05-06,Covid
12225,135,151,8,2024-12-16,2025-06-19,Migraine
12226,760,175,9,2024-09-22,2026-06-01,Migraine
12227,3505,207,1,2026-06-08,2026-06-18,Migraine
12228,4856,158,2,2025-02-27,2026-02-24,Pneumonia
12229,4893,4,19,2024-12-10,2026-05-31,Kidney Stones
12230,1913,222,10,2024-09-10,2025-06-09,Covid
12231,2531,20,4,2026-08-01,2026-08-12,Fracture
12232,1029,135,6,2024-11-07,2026-05-25,Stroke
12233,4246,64,9,2025-08-31,2025-09-03,Hypertension
12234,4834,177,15,2024-12-11,2026-07-22,Cancer
12235,869,197,11,2026-07-19,2026-07-27,Cancer
12236,3478,104,12,2025-07-24,2025-10-20,Fracture
12237,3046,44,15,2025-09-12,2026-06-30,Kidney Stones
12238,1604,102,18,2025-11-24,2026-03-23,Covid
12239,4805,140,7,2024-10-29,2025-05-29,Stroke
12240,2007,3,11,2025-01-05,2025-04-24,Pneumonia
12241,1095,127,20,2025-04-20,2026-06-28,Pneumonia
12242,4920,83,14,2025-11-22,2026-07-17,Migraine
12243,3472,17,3,2025-05-25,2025-09-26,Pneumonia
12244,1639,219,16,2024-10-22,2026-03-23,Kidney Stones
12245,4213,200,2,2025-09-26,2026-02-28,Asthma
12246,2963,62,13,2024-08-06,2025-10-21,Hypertension
12247,1776,155,5,2025-05-11,2026-05-28,Fracture
12248,4617,183,16,2024-10-16,2024-12-31,Diabetes
12249,3455,8,2,2025-02-02,2025-04-16,Stroke
12250,2884,88,15,2026-06-02,2026-06-28,Diabetes
12251,2966,163,1,2024-11-15,2025-01-04,Asthma
12252,4106,22,17,2024-11-25,2026-08-11,Fracture
12253,193,22,3,2026-05-30,2026-07-08,Diabetes
12254,1022,56,9,2025-11-01,2026-01-11,Pneumonia
12255,3431,119,9,2026-01-11,2026-01-11,Migraine
12256,112,165,13,2025-08-25,2026-06-16,Kidney Stones
12257,4925,123,3,2024-11-25,2026-07-22,Kidney Stones
12258,1360,29,18,2026-01-22,2026-07-12,Diabetes
12259,2931,99,15,2026-02-10,2026-03-29,Kidney Stones
12260,4805,146,16,2025-07-21,2025-10-28,Migraine
12261,2367,141,20,2026-03-02,2026-03-18,Diabetes
12262,4769,198,17,2025-11-08,2026-06-21,Stroke
12263,4007,110,19,2025-06-07,2025-09-14,Cancer
12264,3919,104,2,2025-07-25,2026-07-24,Hypertension
12265,2596,246,13,2024-12-11,2025-04-11,Migraine
12266,674,165,9,2024-09-04,2025-04-26,Asthma
12267,1486,136,19,2025-03-04,2025-09-16,Fracture
12268,4670,18,11,2026-05-29,2026-06-24,Pneumonia
12269,1516,159,20,2025-09-07,2026-03-19,Kidney Stones
12270,2794,182,18,2025-09-21,2026-01-09,Asthma
12271,3693,62,17,2025-08-24,2026-07-18,Stroke
12272,3775,81,3,2026-02-18,2026-04-26,Cancer
12273,2480,85,18,2025-01-11,2025-04-13,Diabetes
12274,132,26,17,2025-10-20,2026-08-13,Kidney Stones
12275,2007,137,6,2024-10-28,2026-06-28,Covid
12276,3839,94,12,2025-05-18,2025-10-23,Kidney Stones
12277,1099,197,10,2025-02-03,2025-11-23,Hypertension
12278,3026,1,8,2025-10-30,2025-11-28,Diabetes
12279,4061,125,16,2025-02-11,2025-02-17,Fracture
12280,4407,175,13,2025-07-27,2025-09-08,Covid
12281,4187,7,10,2024-10-03,2026-04-09,Migraine
12282,2447,193,5,2026-04-01,2026-07-21,Diabetes
12283,1043,200,4,2026-06-23,2026-06-28,Covid
12284,4902,98,13,2025-02-04,2026-04-17,Stroke
12285,1282,154,16,2025-02-20,2025-03-26,Asthma
12286,1805,217,5,2024-11-14,2026-02-10,Migraine
12287,927,27,12,2026-04-17,2026-08-07,Asthma
12288,1079,81,14,2024-08-13,2025-01-27,Cancer
12289,4289,197,15,2025-11-27,2026-01-17,Kidney Stones
12290,2325,94,6,2025-03-08,2026-01-22,Fracture
12291,2995,81,19,2024-11-06,2025-05-28,Stroke
12292,2406,195,9,2025-10-19,2025-12-03,Cancer
12293,2368,125,17,2026-02-19,2026-06-27,Kidney Stones
12294,2200,229,20,2025-11-14,2026-01-29,Asthma
12295,2826,109,16,2024-09-27,2025-12-20,Asthma
12296,2569,227,12,2026-06-16,2026-07-07,Kidney Stones
12297,1102,94,2,2026-02-18,2026-05-23,Stroke
12298,4267,170,7,2026-07-20,2026-08-07,Covid
12299,4119,40,14,2025-02-19,2025-11-11,Pneumonia
12300,4248,109,14,2025-01-10,2026-03-29,Covid
12301,3117,59,5,2025-10-19,2026-01-01,Migraine
12302,4938,133,2,2024-09-10,2025-04-22,Pneumonia
12303,2647,153,14,2025-11-10,2026-05-29,Stroke
12304,3069,117,10,2025-04-17,2025-07-17,Diabetes
12305,2501,106,6,2025-03-30,2025-07-22,Migraine
12306,1057,163,8,2026-07-20,2026-08-04,Fracture
12307,4222,100,5,2026-04-12,2026-05-23,Migraine
12308,3647,95,5,2026-03-07,2026-07-02,Diabetes
12309,257,142,17,2025-09-25,2026-01-25,Hypertension
12310,4647,163,10,2025-12-31,2026-07-21,Migraine
12311,3425,126,18,2024-09-27,2025-09-07,Cancer
12312,3080,132,2,2025-06-18,2026-06-07,Covid
12313,129,45,16,2026-02-26,2026-08-12,Covid
12314,1608,188,18,2025-10-18,2025-10-31,Migraine
12315,77,246,11,2025-07-24,2025-07-26,Hypertension
12316,1451,193,5,2024-10-27,2024-11-13,Hypertension
12317,4400,7,15,2025-06-09,2026-07-17,Asthma
12318,4991,91,13,2025-08-06,2025-12-06,Cancer
12319,55,88,2,2025-02-20,2025-09-20,Stroke
12320,1639,132,15,2025-12-17,2026-08-09,Asthma
12321,1067,59,7,2025-09-01,2026-03-10,Pneumonia
12322,2843,97,14,2025-11-02,2025-12-19,Stroke
12323,1335,106,7,2025-01-05,2025-11-27,Stroke
12324,2109,223,14,2025-07-24,2025-12-12,Cancer
12325,725,196,12,2025-04-30,2026-01-26,Pneumonia
12326,354,58,19,2026-05-24,2026-06-08,Kidney Stones
12327,2733,177,18,2025-08-23,2026-01-11,Covid
12328,2441,227,15,2026-05-10,2026-07-21,Covid
12329,1172,17,6,2026-01-06,2026-06-18,Asthma
12330,1429,124,4,2025-12-05,2026-03-09,Cancer
12331,2989,88,10,2025-10-13,2026-05-15,Migraine
12332,2038,65,3,2025-08-05,2025-09-08,Fracture
12333,3279,88,13,2026-01-18,2026-01-28,Asthma
12334,4127,208,2,2025-08-26,2026-03-03,Hypertension
12335,2151,122,14,2025-12-07,2026-07-05,Hypertension
12336,1359,193,15,2024-11-26,2026-05-11,Kidney Stones
12337,2302,1,13,2026-02-25,2026-03-25,Pneumonia
12338,2627,46,5,2024-09-09,2025-02-08,Hypertension
12339,3738,110,19,2026-06-29,2026-07-25,Hypertension
12340,123,103,2,2026-01-25,2026-06-19,Fracture
12341,2506,85,13,2025-06-30,2026-05-19,Migraine
12342,2682,87,5,2025-06-11,2025-09-21,Fracture
12343,4638,36,11,2025-07-08,2025-07-10,Kidney Stones
12344,2132,231,20,2026-07-01,2026-07-08,Hypertension
12345,1479,87,2,2026-05-10,2026-06-20,Cancer
12346,3063,144,12,2025-11-29,2026-03-03,Hypertension
12347,4008,136,18,2025-07-05,2025-10-27,Covid
12348,1910,129,2,2026-03-10,2026-06-30,Covid
12349,4414,36,4,2025-12-27,2026-08-06,Stroke
12350,2729,4,17,2026-01-08,2026-03-01,Diabetes
12351,2158,112,18,2025-05-18,2026-02-20,Stroke
12352,4358,167,19,2025-09-23,2026-04-14,Hypertension
12353,1062,13,13,2026-02-03,2026-02-15,Kidney Stones
12354,447,3,16,2024-08-15,2026-04-13,Diabetes
12355,4429,232,2,2024-09-24,2025-12-06,Cancer
12356,2026,71,10,2025-07-31,2025-10-01,Migraine
12357,358,222,14,2026-04-03,2026-06-11,Fracture
12358,1924,91,17,2025-06-05,2025-11-15,Fracture
12359,4431,232,20,2026-04-25,2026-06-04,Kidney Stones
12360,3263,12,14,2024-08-24,2024-10-06,Asthma
12361,1579,150,15,2025-11-07,2025-12-15,Diabetes
12362,3562,147,6,2024-09-03,2025-08-14,Cancer
12363,2730,210,1,2025-06-18,2026-04-04,Pneumonia
12364,3874,100,1,2026-03-20,2026-06-27,Diabetes
12365,3020,206,6,2025-03-05,2026-03-24,Covid
12366,4368,93,8,2025-07-08,2025-10-17,Cancer
12367,3241,157,14,2026-07-06,2026-08-04,Diabetes
12368,3610,176,3,2025-11-18,2025-11-25,Migraine
12369,489,195,12,2025-08-13,2026-06-30,Cancer
12370,143,14,5,2026-03-08,2026-06-07,Hypertension
12371,875,177,19,2025-05-26,2025-12-28,Migraine
12372,4160,20,13,2026-01-26,2026-04-04,Cancer
12373,2901,48,2,2025-07-15,2026-06-29,Asthma
12374,1516,24,18,2025-03-01,2025-04-07,Diabetes
12375,869,86,15,2024-12-11,2025-09-13,Migraine
12376,3313,65,16,2025-08-02,2026-07-12,Stroke
12377,3420,11,9,2026-03-24,2026-04-07,Pneumonia
12378,2172,188,3,2024-12-04,2025-06-21,Fracture
12379,2710,107,7,2026-03-30,2026-06-04,Covid
12380,4614,54,13,2025-02-10,2025-12-02,Diabetes
12381,1036,87,6,2026-06-26,2026-07-05,Diabetes
12382,3528,168,6,2025-05-14,2025-08-03,Asthma
12383,4989,21,12,2024-10-01,2026-07-04,Fracture
12384,4248,125,12,2025-12-09,2026-01-30,Migraine
12385,1050,203,12,2024-09-14,2025-01-14,Hypertension
12386,4026,110,14,2025-09-06,2026-04-21,Asthma
12387,2447,40,3,2024-08-14,2026-04-23,Stroke
12388,4410,157,5,2026-01-22,2026-03-04,Stroke
12389,4399,67,15,2025-03-18,2025-08-17,Covid
12390,3702,66,13,2024-08-19,2026-02-23,Asthma
12391,3076,11,10,2025-09-09,2026-02-15,Fracture
12392,4390,124,3,2025-01-20,2026-07-02,Kidney Stones
12393,4351,192,5,2025-10-29,2026-05-04,Stroke
12394,2999,47,9,2025-07-02,2026-06-16,Cancer
12395,1727,95,17,2026-01-19,2026-04-04,Stroke
12396,3835,150,3,2026-04-15,2026-05-24,Fracture
12397,4551,45,3,2026-06-16,2026-08-14,Fracture
12398,4778,64,11,2024-12-02,2025-09-13,Diabetes
12399,4772,183,5,2024-08-08,2025-11-21,Fracture
12400,1268,243,5,2025-09-06,2026-03-04,Fracture
12401,3867,15,2,2026-07-09,2026-07-18,Fracture
12402,3442,31,17,2024-09-12,2024-11-05,Cancer
12403,4631,69,16,2024-08-19,2026-03-01,Pneumonia
12404,1492,81,3,2025-10-20,2026-01-11,Kidney Stones
12405,1571,7,15,2024-08-25,2026-05-25,Asthma
12406,179,104,11,2025-06-12,2025-11-28,Pneumonia
12407,3194,227,14,2025-02-18,2026-02-23,Migraine
12408,52,130,19,2025-04-11,2025-07-27,Kidney Stones
12409,1169,77,13,2025-01-20,2025-10-12,Migraine
12410,2871,120,15,2025-07-24,2026-05-08,Migraine
12411,2517,216,6,2025-06-08,2026-08-15,Stroke
12412,208,69,2,2025-08-05,2026-08-11,Asthma
12413,1294,224,13,2025-12-29,2026-06-04,Covid
12414,27,226,3,2025-09-09,2025-10-20,Kidney Stones
12415,651,134,15,2025-08-07,2026-04-02,Hypertension
12416,4548,22,5,2026-03-23,2026-04-09,Kidney Stones
12417,1218,102,7,2025-05-05,2025-09-05,Pneumonia
12418,800,140,1,2024-11-22,2025-10-13,Diabetes
12419,4687,235,5,2024-09-09,2026-01-31,Pneumonia
12420,4156,152,19,2025-05-30,2025-09-18,Fracture
12421,3131,227,1,2025-01-27,2026-03-22,Migraine
12422,3072,182,3,2025-04-06,2025-05-11,Diabetes
12423,3674,189,1,2025-02-23,2025-04-12,Stroke
12424,3886,101,2,2026-03-22,2026-04-14,Kidney Stones
12425,110,156,12,2025-08-01,2026-01-24,Stroke
12426,58,154,10,2025-08-13,2025-09-29,Cancer
12427,1640,168,16,2025-12-07,2026-03-24,Stroke
12428,2599,121,9,2025-01-09,2025-08-27,Cancer
12429,614,239,5,2025-04-06,2026-01-31,Stroke
12430,1692,209,4,2025-06-14,2026-05-06,Asthma
12431,159,16,19,2025-10-26,2025-10-30,Pneumonia
12432,3165,113,1,2025-04-05,2025-11-16,Kidney Stones
12433,3580,44,19,2024-11-13,2026-08-11,Kidney Stones
12434,1730,156,6,2025-11-21,2026-02-11,Hypertension
12435,627,217,15,2026-04-16,2026-05-25,Fracture
12436,383,82,20,2026-02-13,2026-04-23,Covid
12437,3912,63,10,2026-05-08,2026-07-10,Diabetes
12438,2009,159,11,2025-11-26,2026-01-22,Hypertension
12439,1712,230,16,2025-09-19,2026-08-11,Hypertension
12440,1555,41,9,2026-01-01,2026-07-27,Stroke
12441,2595,231,17,2025-07-16,2025-12-04,Hypertension
12442,296,247,10,2025-08-04,2025-12-05,Hypertension
12443,2945,67,20,2025-10-25,2025-12-22,Stroke
12444,2919,30,9,2024-12-30,2025-09-29,Migraine
12445,4977,47,8,2025-01-30,2025-03-16,Pneumonia
12446,1788,164,12,2025-12-01,2025-12-16,Covid
12447,4664,15,13,2026-06-28,2026-07-22,Fracture
12448,857,83,18,2026-03-02,2026-03-02,Diabetes
12449,1201,193,14,2025-06-28,2025-11-20,Cancer
12450,4804,175,20,2025-01-11,2026-04-27,Cancer
12451,3577,246,4,2025-07-25,2025-12-15,Diabetes
12452,3687,242,11,2026-04-03,2026-07-17,Hypertension
12453,1726,164,15,2024-09-22,2025-05-08,Kidney Stones
12454,4266,50,11,2025-09-26,2025-09-28,Covid
12455,1293,97,5,2026-02-24,2026-08-11,Pneumonia
12456,2865,232,2,2024-08-26,2024-11-23,Fracture
12457,487,192,4,2025-09-29,2025-11-17,Migraine
12458,3638,9,7,2025-12-05,2025-12-07,Pneumonia
12459,1263,247,11,2024-09-25,2026-04-02,Stroke
12460,690,121,12,2026-03-13,2026-06-06,Fracture
12461,3956,33,12,2024-08-21,2026-05-30,Kidney Stones
12462,4413,228,16,2026-07-09,2026-08-06,Diabetes
12463,3484,163,16,2025-09-18,2025-09-23,Pneumonia
12464,962,38,6,2024-10-06,2025-07-02,Kidney Stones
12465,4843,34,12,2026-03-20,2026-04-04,Stroke
12466,2038,220,19,2025-11-23,2026-02-16,Stroke
12467,3313,97,17,2025-08-13,2025-11-04,Cancer
12468,1336,122,18,2024-12-13,2025-06-02,Asthma
12469,1133,96,9,2025-09-27,2026-04-26,Covid
12470,2593,170,12,2026-07-14,2026-07-30,Kidney Stones
12471,2682,220,15,2026-03-07,2026-05-28,Kidney Stones
12472,1738,35,9,2025-06-29,2026-03-23,Asthma
12473,4412,155,10,2025-08-12,2026-04-05,Asthma
12474,1847,153,5,2025-09-06,2025-11-18,Cancer
12475,3213,9,16,2025-05-06,2026-03-21,Kidney Stones
12476,3656,45,12,2025-03-11,2025-07-08,Covid
12477,1185,190,18,2025-08-24,2026-01-08,Cancer
12478,2591,156,10,2025-11-12,2026-04-07,Pneumonia
12479,4994,150,12,2026-03-27,2026-05-30,Cancer
12480,2287,230,12,2025-04-25,2025-11-03,Fracture
12481,1748,110,20,2025-07-27,2026-03-04,Covid
12482,564,24,18,2024-08-13,2025-08-23,Migraine
12483,3710,123,11,2026-01-19,2026-05-19,Diabetes
12484,3303,214,17,2026-04-24,2026-06-15,Kidney Stones
12485,882,51,1,2024-10-23,2025-04-20,Stroke
12486,1920,127,4,2025-12-12,2026-04-20,Asthma
12487,3180,190,11,2025-05-20,2025-10-18,Pneumonia
12488,2917,30,2,2026-06-07,2026-08-07,Diabetes
12489,2861,175,19,2024-10-28,2025-10-17,Pneumonia
12490,1159,28,16,2026-07-13,2026-08-13,Cancer
12491,120,174,17,2025-05-25,2026-05-26,Stroke
12492,2567,24,15,2025-09-06,2025-10-11,Diabetes
12493,3246,185,17,2024-10-05,2025-04-30,Fracture
12494,3189,72,6,2025-05-07,2025-09-02,Migraine
12495,1903,246,4,2026-06-02,2026-08-13,Diabetes
12496,465,22,4,2025-11-28,2026-07-26,Cancer
12497,2651,14,2,2025-01-03,2026-05-03,Stroke
12498,999,228,20,2025-05-02,2025-06-27,Diabetes
12499,380,79,9,2025-01-29,2026-03-23,Stroke
12500,1256,17,14,2024-09-06,2025-05-20,Asthma
12501,2321,164,7,2025-12-28,2026-07-02,Covid
12502,4511,68,9,2024-08-12,2024-12-10,Pneumonia
12503,2206,170,13,2025-12-26,2026-07-01,Kidney Stones
12504,2717,9,20,2025-06-04,2026-05-05,Cancer
12505,2070,118,1,2025-08-06,2025-12-28,Hypertension
12506,805,139,20,2025-06-28,2025-09-14,Covid
12507,3389,37,12,2024-09-22,2024-11-07,Asthma
12508,1616,172,2,2024-08-20,2026-04-24,Hypertension
12509,651,50,10,2024-08-16,2025-04-05,Asthma
12510,963,186,6,2024-10-23,2026-07-17,Migraine
12511,4516,177,20,2025-02-14,2026-02-12,Stroke
12512,4289,76,20,2025-07-17,2025-08-18,Hypertension
12513,1794,139,18,2025-05-09,2025-09-30,Fracture
12514,4377,232,6,2025-05-05,2026-01-16,Migraine
12515,968,190,12,2025-07-04,2026-04-13,Kidney Stones
12516,2623,19,3,2025-08-21,2025-12-29,Migraine
12517,793,96,4,2025-06-17,2025-12-10,Cancer
12518,3539,234,1,2025-02-07,2026-07-26,Stroke
12519,4438,21,6,2026-08-02,2026-08-15,Fracture
12520,133,168,16,2024-12-12,2025-06-29,Fracture
12521,1480,148,4,2025-09-28,2026-05-02,Stroke
12522,3876,149,3,2025-05-10,2026-06-05,Diabetes
12523,4239,117,17,2025-06-15,2026-03-06,Pneumonia
12524,344,151,15,2024-09-23,2026-02-24,Cancer
12525,4405,66,20,2025-10-12,2025-12-01,Kidney Stones
12526,3473,162,4,2026-04-25,2026-08-07,Hypertension
12527,513,89,15,2026-01-26,2026-05-03,Hypertension
12528,1677,194,11,2026-04-04,2026-06-21,Fracture
12529,1093,215,20,2026-01-27,2026-04-13,Stroke
12530,984,112,8,2025-02-25,2026-01-04,Stroke
12531,1837,99,1,2025-02-25,2026-03-02,Cancer
12532,4024,110,1,2025-12-06,2026-02-07,Migraine
12533,2512,129,15,2026-01-25,2026-06-27,Migraine
12534,2014,17,12,2026-07-18,2026-07-29,Fracture
12535,3779,214,13,2024-12-14,2026-03-23,Pneumonia
12536,1261,156,12,2026-01-18,2026-06-13,Stroke
12537,270,75,19,2025-10-20,2026-03-08,Diabetes
12538,1657,177,16,2026-01-17,2026-07-16,Migraine
12539,4669,241,8,2026-02-19,2026-03-02,Covid
12540,4527,41,11,2025-03-03,2025-10-19,Cancer
12541,260,100,2,2026-06-03,2026-06-12,Diabetes
12542,3309,103,7,2025-12-11,2026-07-13,Stroke
12543,2252,151,9,2025-06-09,2025-12-11,Hypertension
12544,3186,46,7,2026-07-07,2026-07-31,Migraine
12545,2843,99,5,2026-03-05,2026-04-17,Stroke
12546,4876,232,2,2026-01-11,2026-06-04,Stroke
12547,2090,151,2,2025-09-16,2026-08-01,Kidney Stones
12548,1169,76,10,2026-01-01,2026-04-16,Pneumonia
12549,1517,78,7,2026-03-31,2026-05-16,Covid
12550,3689,171,5,2025-08-10,2026-03-16,Covid
12551,3276,222,13,2026-07-03,2026-07-13,Hypertension
12552,3561,34,15,2025-02-28,2026-01-26,Hypertension
12553,663,19,10,2024-11-18,2025-12-18,Migraine
12554,2003,173,5,2025-11-01,2026-08-01,Diabetes
12555,4985,170,19,2025-10-19,2026-07-29,Hypertension
12556,9,182,2,2024-09-03,2024-10-28,Asthma
12557,2970,131,11,2026-06-09,2026-07-08,Kidney Stones
12558,2354,234,14,2025-02-07,2025-11-03,Diabetes
12559,2033,14,7,2026-06-21,2026-07-13,Kidney Stones
12560,4721,222,15,2025-04-12,2025-11-02,Hypertension
12561,133,123,8,2025-06-25,2026-04-04,Hypertension
12562,4521,73,9,2025-08-03,2026-02-26,Cancer
12563,775,29,16,2024-11-22,2026-01-09,Diabetes
12564,2544,58,10,2025-10-26,2025-11-09,Fracture
12565,3604,56,5,2024-11-24,2025-05-31,Asthma
12566,3226,73,5,2025-12-23,2026-01-09,Asthma
12567,1445,171,3,2025-07-02,2025-09-06,Fracture
12568,2908,88,7,2026-06-10,2026-07-27,Asthma
12569,2257,220,18,2026-01-29,2026-02-27,Asthma
12570,2661,18,19,2026-05-11,2026-07-30,Migraine
12571,602,45,1,2024-10-06,2026-03-17,Cancer
12572,4801,204,4,2026-03-16,2026-04-18,Kidney Stones
12573,4802,120,16,2026-01-28,2026-05-29,Asthma
12574,3036,223,13,2026-02-05,2026-07-13,Migraine
12575,4387,227,3,2026-03-11,2026-08-11,Fracture
12576,2406,235,10,2024-12-30,2026-07-03,Stroke
12577,1349,217,11,2025-06-09,2026-07-16,Covid
12578,3816,34,9,2025-10-11,2026-01-12,Hypertension
12579,326,194,13,2024-12-29,2026-05-21,Covid
12580,1353,180,3,2025-11-14,2026-03-18,Pneumonia
12581,647,189,5,2026-02-21,2026-05-29,Diabetes
12582,3040,108,6,2025-02-21,2026-06-02,Asthma
12583,1942,181,13,2025-08-06,2025-12-10,Fracture
12584,462,238,18,2026-04-13,2026-07-21,Covid
12585,1312,78,11,2026-07-13,2026-07-27,Kidney Stones
12586,3519,52,2,2025-12-08,2026-06-09,Hypertension
12587,4839,97,9,2024-12-22,2025-07-20,Cancer
12588,110,84,16,2025-05-06,2025-11-27,Kidney Stones
12589,163,93,18,2025-07-10,2026-02-19,Cancer
12590,505,29,5,2026-05-08,2026-07-11,Pneumonia
12591,61,139,15,2024-09-19,2025-03-13,Pneumonia
12592,3520,83,5,2026-01-10,2026-02-27,Stroke
12593,4425,215,2,2025-01-31,2026-06-12,Asthma
12594,2200,202,2,2025-12-13,2026-08-14,Kidney Stones
12595,3948,63,1,2025-10-31,2026-07-30,Cancer
12596,4517,137,17,2025-02-04,2025-12-27,Hypertension
12597,2739,104,7,2025-10-05,2026-04-03,Stroke
12598,2674,42,15,2025-12-19,2026-04-15,Pneumonia
12599,3971,142,16,2024-08-31,2025-01-21,Cancer
12600,2667,130,17,2026-07-21,2026-07-28,Asthma
12601,943,29,11,2025-09-28,2025-11-30,Migraine
12602,1739,110,18,2025-10-14,2026-03-24,Migraine
12603,4205,31,12,2025-11-10,2026-04-24,Covid
12604,414,60,18,2026-03-17,2026-04-03,Covid
12605,1616,166,5,2026-07-01,2026-07-06,Covid
12606,184,199,17,2025-10-15,2026-03-02,Hypertension
12607,2328,61,10,2026-06-04,2026-07-13,Diabetes
12608,3073,196,17,2026-02-09,2026-08-06,Migraine
12609,1349,180,12,2024-09-02,2026-05-19,Diabetes
12610,2663,127,16,2025-10-21,2026-07-22,Pneumonia
12611,4594,237,18,2025-12-30,2026-03-30,Asthma
12612,595,178,18,2025-06-10,2025-12-03,Asthma
12613,3632,182,14,2025-11-23,2026-04-06,Diabetes
12614,2708,4,12,2026-04-25,2026-07-22,Fracture
12615,11,112,8,2025-12-27,2026-08-14,Stroke
12616,157,149,10,2025-08-07,2025-09-04,Hypertension
12617,1662,8,12,2025-03-29,2026-04-21,Covid
12618,2721,73,3,2025-05-22,2025-08-13,Pneumonia
12619,3356,77,13,2024-09-21,2025-07-15,Asthma
12620,4768,203,14,2025-02-05,2026-02-27,Fracture
12621,566,169,3,2026-03-16,2026-06-22,Hypertension
12622,1569,140,11,2026-01-06,2026-06-18,Cancer
12623,2333,148,11,2024-08-11,2025-01-12,Cancer
12624,1740,63,16,2025-02-02,2025-03-07,Kidney Stones
12625,4808,85,10,2024-10-28,2025-11-14,Cancer
12626,1590,209,16,2026-06-01,2026-06-24,Fracture
12627,4547,46,12,2025-06-15,2025-07-22,Kidney Stones
12628,768,244,14,2026-02-06,2026-08-10,Pneumonia
12629,2604,154,12,2025-03-10,2025-05-07,Stroke
12630,2597,63,5,2026-02-04,2026-02-25,Hypertension
12631,438,73,18,2026-01-03,2026-03-18,Stroke
12632,2897,21,2,2025-09-18,2025-12-02,Kidney Stones
12633,2460,159,13,2025-11-01,2025-12-02,Covid
12634,3147,210,17,2025-07-29,2025-09-02,Hypertension
12635,1102,39,16,2025-02-24,2025-04-04,Kidney Stones
12636,3356,43,8,2025-12-27,2026-01-14,Diabetes
12637,2378,145,14,2026-05-15,2026-05-21,Migraine
12638,1382,176,19,2026-02-20,2026-07-07,Pneumonia
12639,3523,43,4,2025-11-05,2026-03-23,Asthma
12640,210,214,12,2026-08-05,2026-08-09,Migraine
12641,2537,9,11,2026-07-10,2026-08-13,Kidney Stones
12642,3840,19,1,2026-02-22,2026-03-10,Cancer
12643,3636,249,9,2025-02-09,2026-01-18,Stroke
12644,1124,140,13,2026-06-10,2026-07-13,Pneumonia
12645,115,128,14,2025-04-22,2025-12-15,Kidney Stones
12646,1,136,9,2026-07-04,2026-07-23,Cancer
12647,2160,214,18,2025-09-16,2026-07-06,Pneumonia
12648,989,131,8,2024-12-14,2026-03-03,Asthma
12649,1146,77,6,2025-04-14,2026-07-11,Covid
12650,2706,238,18,2024-11-04,2026-07-24,Migraine
12651,468,146,16,2025-03-02,2025-05-15,Kidney Stones
12652,1002,36,11,2026-01-31,2026-05-04,Diabetes
12653,3623,198,11,2025-02-15,2025-11-15,Asthma
12654,1135,150,6,2025-08-05,2025-12-06,Migraine
12655,2683,156,16,2026-06-08,2026-06-24,Asthma
12656,4006,250,13,2025-10-03,2026-03-05,Cancer
12657,1961,213,5,2024-08-31,2025-08-21,Fracture
12658,3269,122,4,2024-09-29,2025-07-15,Asthma
12659,2916,47,2,2026-07-12,2026-07-15,Cancer
12660,4681,245,5,2025-06-28,2026-01-29,Fracture
12661,4466,201,9,2026-06-23,2026-07-21,Migraine
12662,3688,89,12,2025-03-02,2025-08-08,Migraine
12663,4575,230,13,2026-04-01,2026-04-17,Kidney Stones
12664,3759,225,17,2026-05-19,2026-07-28,Fracture
12665,2620,153,3,2024-11-18,2024-12-18,Migraine
12666,4060,87,3,2025-12-10,2026-02-25,Hypertension
12667,2736,80,12,2025-02-12,2025-11-10,Pneumonia
12668,1452,182,2,2026-05-09,2026-06-22,Asthma
12669,347,244,5,2024-12-15,2025-10-17,Fracture
12670,3749,241,14,2026-05-31,2026-08-12,Pneumonia
12671,3428,155,11,2025-04-23,2026-02-18,Diabetes
12672,2067,12,18,2024-10-13,2026-05-19,Pneumonia
12673,375,112,12,2026-03-17,2026-06-24,Cancer
12674,4661,110,13,2025-11-04,2026-05-22,Asthma
12675,4217,114,9,2025-10-12,2026-04-15,Pneumonia
12676,4744,110,18,2024-11-20,2026-01-22,Cancer
12677,616,248,12,2025-01-16,2025-03-05,Hypertension
12678,1475,169,5,2026-04-21,2026-07-19,Pneumonia
12679,3847,169,3,2024-08-22,2025-06-24,Stroke
12680,4185,33,16,2025-07-23,2026-02-25,Diabetes
12681,189,209,4,2026-01-07,2026-04-15,Cancer
12682,1707,158,19,2025-10-23,2026-05-21,Asthma
12683,3185,92,1,2024-09-29,2025-09-06,Migraine
12684,3803,186,10,2025-10-07,2026-05-03,Covid
12685,1505,154,18,2025-05-02,2025-12-02,Hypertension
12686,4911,157,12,2025-05-21,2026-03-12,Migraine
12687,2088,70,2,2025-02-26,2025-03-12,Asthma
12688,2783,23,14,2026-05-11,2026-07-17,Cancer
12689,619,218,17,2025-10-06,2026-02-07,Hypertension
12690,612,108,19,2024-11-16,2024-11-28,Fracture
12691,1436,67,6,2025-10-12,2025-10-12,Kidney Stones
12692,4722,131,15,2025-07-08,2026-04-02,Diabetes
12693,1929,170,12,2025-07-05,2025-09-30,Asthma
12694,588,49,18,2025-06-03,2026-08-01,Cancer
12695,840,229,17,2026-05-14,2026-06-04,Migraine
12696,4974,84,8,2026-01-05,2026-04-19,Asthma
12697,1206,157,12,2026-04-18,2026-08-01,Kidney Stones
12698,1829,127,5,2025-06-02,2026-07-15,Hypertension
12699,4785,250,10,2024-08-08,2026-06-25,Cancer
12700,4574,201,13,2025-10-03,2025-11-24,Migraine
12701,2423,160,3,2026-03-16,2026-07-27,Kidney Stones
12702,1576,185,14,2024-08-20,2025-04-23,Diabetes
12703,1961,6,10,2026-04-09,2026-07-06,Cancer
12704,2913,115,4,2025-11-12,2025-12-21,Hypertension
12705,714,72,10,2026-06-21,2026-08-07,Asthma
12706,234,133,12,2026-04-09,2026-05-12,Migraine
12707,2710,207,15,2026-05-02,2026-06-02,Kidney Stones
12708,3775,41,12,2026-04-17,2026-06-09,Asthma
12709,1954,6,15,2025-11-11,2026-08-12,Stroke
12710,770,37,9,2025-01-02,2025-09-12,Covid
12711,3495,204,6,2025-02-18,2026-06-21,Cancer
12712,465,191,2,2025-10-17,2026-04-29,Covid
12713,3604,65,19,2025-07-26,2026-01-12,Pneumonia
12714,2406,64,15,2025-04-01,2026-03-09,Stroke
12715,1871,195,8,2026-02-03,2026-08-10,Pneumonia
12716,2898,208,16,2024-11-18,2025-11-06,Cancer
12717,3728,167,8,2025-03-20,2026-01-17,Kidney Stones
12718,451,54,16,2025-02-03,2025-03-23,Pneumonia
12719,947,134,13,2025-08-15,2026-04-13,Fracture
12720,234,213,12,2025-06-10,2026-04-01,Cancer
12721,3427,184,4,2025-06-16,2026-07-28,Diabetes
12722,4546,155,15,2026-07-07,2026-08-01,Migraine
12723,4491,40,7,2026-03-06,2026-04-29,Kidney Stones
12724,2420,177,15,2024-09-01,2026-02-09,Diabetes
12725,729,242,20,2025-01-01,2025-11-21,Fracture
12726,2833,224,2,2024-12-05,2025-08-20,Fracture
12727,1646,4,9,2026-03-22,2026-04-16,Diabetes
12728,161,160,9,2025-08-06,2026-05-06,Migraine
12729,1575,146,20,2026-01-18,2026-04-05,Cancer
12730,3031,6,14,2026-04-05,2026-05-05,Stroke
12731,2818,152,9,2025-12-10,2026-03-03,Cancer
12732,2654,33,2,2024-11-27,2026-02-17,Migraine
12733,1584,223,9,2024-10-30,2026-07-12,Migraine
12734,2556,209,5,2024-10-24,2025-02-09,Cancer
12735,1615,163,12,2025-02-09,2025-05-26,Fracture
12736,4741,187,19,2024-11-09,2025-11-12,Hypertension
12737,3758,207,11,2025-01-28,2026-01-26,Asthma
12738,272,184,6,2024-10-17,2025-10-29,Migraine
12739,3451,77,16,2026-07-06,2026-07-19,Stroke
12740,3835,142,17,2025-09-03,2025-12-29,Migraine
12741,3578,202,19,2026-04-26,2026-07-17,Fracture
12742,4640,231,16,2025-02-27,2025-04-17,Cancer
12743,4366,63,18,2024-12-01,2025-03-18,Diabetes
12744,3220,183,4,2026-03-06,2026-03-09,Cancer
12745,3022,95,19,2025-08-04,2025-08-10,Diabetes
12746,500,229,4,2025-08-16,2025-09-22,Pneumonia
12747,1562,9,5,2025-05-22,2026-01-22,Migraine
12748,4919,175,3,2025-08-27,2026-05-16,Migraine
12749,2481,56,11,2025-06-02,2025-09-27,Cancer
12750,1852,140,15,2024-09-25,2024-10-06,Stroke
12751,4248,6,17,2026-05-25,2026-06-13,Kidney Stones
12752,2794,6,20,2025-12-18,2026-02-23,Hypertension
12753,3925,21,16,2025-08-30,2025-09-19,Asthma
12754,2715,118,17,2025-03-30,2026-05-30,Migraine
12755,1537,141,15,2026-07-22,2026-07-22,Kidney Stones
12756,2027,6,19,2024-09-25,2025-02-19,Diabetes
12757,2225,194,17,2025-04-22,2025-09-10,Asthma
12758,2408,35,4,2026-01-03,2026-04-16,Fracture
12759,1027,152,20,2025-04-03,2025-10-30,Kidney Stones
12760,1322,187,15,2025-10-29,2026-04-10,Cancer
12761,4959,241,12,2025-10-31,2025-11-30,Asthma
12762,528,173,4,2025-09-01,2025-12-25,Pneumonia
12763,3656,98,17,2026-03-04,2026-03-13,Migraine
12764,3870,190,10,2026-01-30,2026-03-22,Stroke
12765,355,75,15,2024-11-22,2025-06-19,Fracture
12766,594,49,15,2025-06-14,2025-10-31,Asthma
12767,2915,5,13,2025-12-08,2026-05-14,Cancer
12768,2722,224,6,2026-05-03,2026-06-07,Diabetes
12769,2884,30,18,2026-07-19,2026-07-21,Asthma
12770,582,167,15,2025-07-18,2026-08-01,Pneumonia
12771,3600,222,6,2025-07-10,2025-10-04,Covid
12772,2398,3,9,2024-12-22,2026-05-31,Kidney Stones
12773,2315,128,9,2026-03-18,2026-07-17,Fracture
12774,1611,187,6,2025-12-06,2026-03-06,Cancer
12775,1080,186,19,2026-08-03,2026-08-15,Fracture
12776,3613,121,18,2026-04-30,2026-05-03,Cancer
12777,1261,158,11,2026-05-29,2026-06-26,Hypertension
12778,1555,136,4,2025-12-01,2026-07-16,Kidney Stones
12779,4872,116,17,2025-02-07,2025-09-27,Cancer
12780,2987,46,4,2025-01-26,2026-05-10,Migraine
12781,1822,18,3,2026-03-13,2026-03-15,Kidney Stones
12782,1159,169,7,2024-08-31,2025-10-01,Diabetes
12783,291,215,2,2025-02-15,2025-04-09,Stroke
12784,1372,151,8,2024-12-01,2025-01-23,Migraine
12785,4273,86,4,2025-07-30,2026-02-14,Fracture
12786,2614,78,13,2026-05-08,2026-07-16,Pneumonia
12787,2442,194,9,2025-09-27,2025-12-14,Pneumonia
12788,3955,186,10,2025-04-14,2025-06-16,Asthma
12789,1800,130,6,2024-11-20,2026-07-10,Hypertension
12790,4672,31,3,2025-05-31,2025-09-20,Diabetes
12791,3468,132,10,2025-08-19,2026-01-12,Fracture
12792,3646,203,5,2025-10-09,2026-06-19,Diabetes
12793,2928,149,6,2025-12-09,2026-07-05,Stroke
12794,2333,165,13,2025-11-13,2026-01-26,Asthma
12795,198,85,1,2025-11-14,2026-06-22,Covid
12796,4065,201,15,2024-10-13,2026-06-13,Asthma
12797,3164,184,15,2025-08-30,2025-09-20,Migraine
12798,329,106,14,2026-06-30,2026-07-21,Migraine
12799,4388,186,4,2025-01-13,2025-10-20,Migraine
12800,1530,82,3,2026-04-05,2026-06-22,Migraine
12801,2769,80,5,2025-04-06,2026-03-13,Stroke
12802,2324,165,1,2025-12-02,2026-01-16,Migraine
12803,1532,208,19,2025-11-07,2026-01-26,Pneumonia
12804,4514,235,20,2026-02-08,2026-07-26,Diabetes
12805,2808,120,5,2025-01-05,2026-05-22,Kidney Stones
12806,3692,83,18,2026-01-12,2026-06-02,Hypertension
12807,4500,15,2,2024-10-03,2025-06-29,Hypertension
12808,4744,208,19,2025-10-07,2026-07-13,Covid
12809,108,133,1,2025-01-06,2025-08-05,Fracture
12810,1544,133,18,2025-05-26,2026-03-11,Kidney Stones
12811,407,199,20,2024-08-26,2025-10-09,Asthma
12812,182,174,2,2025-09-22,2026-04-13,Migraine
12813,649,153,3,2025-01-12,2025-08-31,Stroke
12814,2741,45,18,2024-11-24,2026-03-09,Kidney Stones
12815,3784,44,18,2025-05-17,2026-01-29,Migraine
12816,16,127,9,2025-03-16,2025-10-19,Kidney Stones
12817,4628,244,12,2025-07-14,2026-01-31,Covid
12818,1562,94,8,2026-04-16,2026-05-07,Kidney Stones
12819,2362,111,2,2024-09-22,2026-05-07,Asthma
12820,4149,225,9,2026-04-24,2026-08-06,Fracture
12821,3348,165,1,2026-05-08,2026-08-02,Migraine
12822,3424,9,12,2024-08-15,2026-05-13,Diabetes
12823,3952,53,17,2026-04-24,2026-05-11,Stroke
12824,165,181,6,2026-07-07,2026-07-18,Stroke
12825,1165,187,7,2026-07-22,2026-08-10,Pneumonia
12826,350,11,5,2025-09-14,2025-11-07,Fracture
12827,3764,231,8,2026-03-11,2026-07-16,Covid
12828,576,89,9,2025-02-16,2025-12-27,Cancer
12829,3901,88,15,2024-08-18,2025-11-04,Fracture
12830,2937,192,18,2025-02-12,2025-07-16,Pneumonia
12831,3358,224,4,2025-07-10,2025-09-19,Covid
12832,310,140,8,2025-01-04,2025-04-05,Fracture
12833,637,181,14,2025-07-29,2026-07-22,Cancer
12834,3992,128,8,2025-11-17,2025-11-30,Kidney Stones
12835,3378,109,2,2024-08-27,2026-03-21,Pneumonia
12836,4456,98,1,2024-09-15,2025-09-07,Cancer
12837,561,220,10,2025-09-06,2025-09-15,Asthma
12838,3441,203,3,2026-05-31,2026-07-09,Stroke
12839,2536,158,8,2025-10-27,2026-08-07,Kidney Stones
12840,2336,42,15,2025-05-08,2026-04-18,Asthma
12841,69,239,5,2025-07-12,2025-08-11,Stroke
12842,4118,24,5,2026-05-16,2026-06-09,Asthma
12843,3646,159,1,2025-01-12,2026-08-14,Covid
12844,3190,213,18,2025-05-29,2025-06-17,Stroke
12845,1506,236,17,2024-11-07,2026-02-24,Fracture
12846,4769,9,19,2026-06-06,2026-07-06,Pneumonia
12847,2934,149,5,2026-07-01,2026-07-06,Covid
12848,1479,180,16,2025-11-27,2026-07-04,Cancer
12849,1612,72,3,2025-08-31,2026-03-08,Asthma
12850,2591,2,7,2026-03-20,2026-05-23,Fracture
12851,2956,149,4,2025-11-05,2026-06-18,Hypertension
12852,4171,147,1,2024-10-15,2024-11-17,Kidney Stones
12853,924,122,16,2025-01-15,2025-08-22,Cancer
12854,3016,68,3,2025-04-25,2025-10-02,Stroke
12855,4735,197,18,2024-08-07,2024-10-29,Migraine
12856,4809,150,20,2026-02-06,2026-07-30,Stroke
12857,2146,234,9,2026-03-31,2026-06-29,Pneumonia
12858,444,136,15,2025-02-24,2025-08-07,Asthma
12859,2589,243,7,2024-09-23,2025-01-04,Covid
12860,3410,31,6,2025-05-14,2025-10-05,Kidney Stones
12861,156,73,12,2024-11-01,2025-07-16,Hypertension
12862,2292,194,7,2025-08-11,2026-03-03,Asthma
12863,4026,6,12,2024-10-22,2026-07-03,Fracture
12864,3319,194,20,2026-02-25,2026-03-18,Stroke
12865,2321,6,2,2026-02-08,2026-05-30,Cancer
12866,1946,127,12,2026-06-30,2026-08-14,Cancer
12867,1670,159,19,2026-02-10,2026-07-15,Asthma
12868,4378,217,16,2026-07-16,2026-07-26,Pneumonia
12869,2069,8,14,2024-08-20,2024-09-19,Pneumonia
12870,2867,141,18,2025-11-25,2025-12-04,Hypertension
12871,4993,8,7,2024-11-10,2026-06-01,Stroke
12872,136,161,3,2025-02-26,2025-03-30,Diabetes
12873,318,95,6,2025-06-18,2025-11-15,Asthma
12874,1289,175,9,2025-02-07,2025-03-09,Stroke
12875,4097,67,17,2024-08-08,2025-10-23,Kidney Stones
12876,4003,210,4,2025-06-05,2026-08-04,Hypertension
12877,1319,114,18,2025-04-02,2025-12-20,Asthma
12878,328,95,3,2026-03-25,2026-06-08,Diabetes
12879,3380,36,11,2025-04-03,2026-08-02,Kidney Stones
12880,3507,10,11,2024-11-24,2026-07-10,Covid
12881,4297,179,2,2025-08-05,2026-08-11,Cancer
12882,2716,140,13,2024-10-24,2024-10-28,Asthma
12883,2147,213,15,2025-05-25,2026-05-28,Cancer
12884,1220,200,12,2025-04-05,2026-04-09,Kidney Stones
12885,1218,14,17,2026-04-29,2026-08-14,Cancer
12886,2139,67,18,2025-08-16,2025-09-01,Kidney Stones
12887,2103,131,3,2026-06-26,2026-07-10,Fracture
12888,2462,242,1,2025-06-13,2026-07-20,Hypertension
12889,795,50,1,2025-07-13,2026-04-18,Migraine
12890,2634,35,10,2024-08-28,2025-02-10,Kidney Stones
12891,3654,147,11,2025-05-08,2026-06-10,Kidney Stones
12892,1556,44,19,2026-01-18,2026-05-31,Fracture
12893,1208,179,5,2025-02-17,2025-09-27,Diabetes
12894,1237,246,10,2026-03-03,2026-05-02,Diabetes
12895,1661,43,4,2024-12-06,2025-11-21,Cancer
12896,1761,6,11,2026-02-26,2026-06-04,Pneumonia
12897,1033,126,14,2024-10-31,2025-01-25,Fracture
12898,2947,126,4,2024-08-22,2026-02-23,Diabetes
12899,4982,189,9,2026-03-07,2026-05-22,Covid
12900,4839,187,8,2025-07-28,2026-01-05,Kidney Stones
12901,2264,165,15,2024-12-07,2026-05-15,Diabetes
12902,2007,45,7,2026-03-30,2026-05-07,Migraine
12903,1137,169,17,2025-12-26,2026-07-02,Cancer
12904,2331,232,1,2024-08-25,2026-06-01,Covid
12905,4330,238,4,2024-12-17,2025-09-13,Pneumonia
12906,3930,5,15,2025-06-03,2025-09-15,Cancer
12907,1038,195,17,2026-07-10,2026-08-05,Diabetes
12908,2507,60,6,2024-10-16,2024-12-29,Covid
12909,853,20,3,2024-10-23,2026-06-07,Cancer
12910,1496,214,13,2025-10-30,2026-06-16,Diabetes
12911,65,91,7,2025-02-22,2025-10-02,Diabetes
12912,4282,21,18,2026-07-18,2026-07-23,Covid
12913,2359,144,8,2025-10-19,2025-11-09,Stroke
12914,4419,70,6,2025-09-26,2026-06-11,Covid
12915,2939,159,1,2025-07-17,2026-01-19,Asthma
12916,1609,22,8,2025-05-03,2026-08-06,Migraine
12917,2375,172,14,2025-10-15,2025-12-09,Stroke
12918,522,182,1,2025-02-05,2026-05-23,Kidney Stones
12919,3141,117,3,2025-03-22,2025-10-26,Asthma
12920,3148,82,20,2026-03-13,2026-08-05,Stroke
12921,4483,150,14,2025-08-21,2026-06-20,Pneumonia
12922,513,43,8,2025-04-23,2026-05-17,Diabetes
12923,195,2,16,2024-11-08,2026-02-10,Fracture
12924,2305,223,16,2026-02-08,2026-04-13,Asthma
12925,4857,94,14,2025-08-29,2026-01-08,Cancer
12926,3445,58,16,2026-04-13,2026-05-31,Covid
12927,364,22,4,2025-02-18,2026-06-09,Cancer
12928,4846,40,20,2025-04-26,2026-04-30,Pneumonia
12929,1199,30,17,2025-10-27,2025-12-30,Hypertension
12930,907,90,13,2024-11-03,2026-05-28,Diabetes
12931,2761,101,1,2026-03-15,2026-06-11,Hypertension
12932,1814,230,14,2025-07-06,2026-02-16,Stroke
12933,1768,78,16,2025-11-23,2026-04-28,Stroke
12934,90,134,11,2024-10-08,2025-08-14,Hypertension
12935,2167,182,20,2025-06-04,2025-07-10,Hypertension
12936,4046,115,1,2024-10-29,2026-03-24,Kidney Stones
12937,1705,69,15,2025-07-20,2026-05-06,Stroke
12938,3958,200,13,2025-12-21,2026-04-12,Asthma
12939,982,205,12,2025-08-26,2026-07-28,Diabetes
12940,2415,22,10,2025-11-26,2025-12-08,Hypertension
12941,4077,95,2,2025-05-12,2025-08-12,Fracture
12942,3676,105,1,2026-04-30,2026-07-18,Stroke
12943,2707,202,3,2025-04-19,2025-04-29,Hypertension
12944,4219,38,19,2024-10-10,2025-06-01,Kidney Stones
12945,2016,72,8,2025-04-05,2026-03-04,Hypertension
12946,4745,122,19,2025-10-12,2026-03-10,Stroke
12947,2037,119,9,2026-08-04,2026-08-04,Asthma
12948,3400,178,4,2025-10-01,2026-08-07,Migraine
12949,157,141,16,2025-11-14,2026-01-25,Stroke
12950,1270,121,20,2025-07-25,2026-05-16,Stroke
12951,424,2,10,2024-12-16,2025-11-22,Pneumonia
12952,2258,115,20,2026-01-14,2026-06-24,Hypertension
12953,4667,44,8,2024-11-06,2026-04-28,Migraine
12954,3864,196,9,2026-06-20,2026-08-02,Kidney Stones
12955,3252,80,7,2025-08-23,2025-11-01,Hypertension
12956,2831,132,20,2024-09-03,2025-09-14,Covid
12957,2155,98,4,2025-07-17,2025-11-23,Cancer
12958,1969,243,10,2026-07-01,2026-07-23,Cancer
12959,1303,132,17,2025-02-02,2025-09-10,Hypertension
12960,4483,97,1,2024-10-16,2026-02-15,Covid
12961,3774,145,16,2026-05-28,2026-05-31,Diabetes
12962,263,198,4,2024-10-23,2024-11-06,Asthma
12963,2121,129,14,2025-08-17,2026-04-12,Cancer
12964,3052,156,13,2025-04-12,2026-03-18,Migraine
12965,1549,53,11,2024-10-15,2026-01-19,Pneumonia
12966,2734,163,8,2025-04-14,2025-12-01,Stroke
12967,3684,128,13,2026-05-10,2026-07-04,Hypertension
12968,308,124,17,2025-03-16,2026-03-18,Fracture
12969,2230,159,7,2025-04-02,2025-08-19,Covid
12970,3905,158,18,2025-03-30,2025-05-19,Kidney Stones
12971,2692,87,16,2025-05-23,2026-01-03,Cancer
12972,189,79,20,2025-10-05,2026-04-12,Diabetes
12973,142,34,12,2026-05-16,2026-06-05,Hypertension
12974,2187,211,19,2025-03-14,2025-09-24,Stroke
12975,4698,199,17,2026-07-03,2026-07-26,Asthma
12976,3446,175,13,2025-05-16,2026-08-06,Pneumonia
12977,4772,157,8,2026-02-27,2026-05-31,Hypertension
12978,1495,113,12,2026-02-18,2026-07-24,Kidney Stones
12979,3097,101,1,2024-12-01,2025-12-10,Migraine
12980,2438,197,14,2025-04-27,2025-07-31,Diabetes
12981,3279,8,19,2024-11-05,2025-12-14,Stroke
12982,1346,15,10,2026-03-09,2026-08-01,Stroke
12983,1574,220,4,2026-07-05,2026-07-24,Covid
12984,102,117,16,2025-09-29,2026-01-26,Pneumonia
12985,2690,109,19,2024-12-30,2025-02-10,Kidney Stones
12986,4611,213,10,2025-02-10,2026-05-07,Stroke
12987,2794,33,7,2025-08-31,2026-06-25,Hypertension
12988,378,94,11,2025-01-11,2026-03-16,Migraine
12989,1308,19,7,2025-11-26,2025-12-23,Hypertension
12990,2808,102,15,2025-10-29,2026-04-25,Pneumonia
12991,393,114,19,2025-10-18,2026-02-08,Asthma
12992,3571,165,19,2024-11-25,2025-08-10,Migraine
12993,1974,85,19,2024-11-26,2025-06-01,Pneumonia
12994,4847,238,2,2026-06-10,2026-07-07,Migraine
12995,929,31,12,2025-03-02,2026-04-10,Covid
12996,504,99,15,2024-11-22,2026-06-28,Fracture
12997,1041,85,20,2024-09-09,2024-12-27,Cancer
12998,4189,228,8,2026-05-08,2026-08-15,Fracture
12999,1102,76,7,2024-08-22,2024-09-04,Asthma
13000,1031,150,4,2024-08-31,2025-05-08,Covid
13001,3671,147,20,2024-11-23,2025-09-06,Covid
13002,2279,128,18,2025-02-17,2025-06-24,Diabetes
13003,4105,66,8,2026-03-07,2026-07-26,Migraine
13004,4823,154,2,2025-05-12,2026-04-29,Migraine
13005,3976,218,9,2025-06-26,2026-01-21,Covid
13006,809,182,8,2025-05-13,2026-02-09,Asthma
13007,1441,118,2,2024-10-12,2026-07-26,Hypertension
13008,1811,236,1,2026-01-30,2026-06-09,Asthma
13009,3762,61,8,2026-07-30,2026-08-02,Hypertension
13010,51,157,19,2025-12-14,2026-07-08,Hypertension
13011,1726,147,8,2025-06-06,2025-08-14,Hypertension
13012,1688,184,4,2025-11-06,2026-05-26,Covid
13013,1506,70,6,2025-11-21,2026-01-08,Covid
13014,440,41,9,2025-12-19,2026-07-09,Hypertension
13015,891,128,12,2024-09-05,2024-11-10,Pneumonia
13016,1354,146,11,2025-03-10,2025-04-09,Cancer
13017,1784,96,9,2026-06-25,2026-07-18,Cancer
13018,4489,164,20,2026-03-13,2026-08-06,Migraine
13019,3235,48,20,2025-03-21,2026-08-16,Covid
13020,1292,235,10,2024-10-23,2026-02-19,Hypertension
13021,4127,213,6,2025-05-20,2026-05-11,Pneumonia
13022,325,99,8,2026-04-10,2026-07-23,Pneumonia
13023,4022,134,1,2025-12-25,2026-07-03,Stroke
13024,4972,181,4,2025-11-21,2025-12-13,Pneumonia
13025,2519,26,17,2024-08-14,2026-06-26,Asthma
13026,4180,95,12,2026-01-09,2026-05-12,Pneumonia
13027,4802,84,20,2026-04-09,2026-07-02,Fracture
13028,3258,133,8,2024-08-15,2026-03-05,Asthma
13029,2253,127,16,2025-04-17,2025-06-07,Pneumonia
13030,4058,235,4,2026-01-01,2026-03-06,Pneumonia
13031,4769,126,9,2025-08-22,2026-02-02,Diabetes
13032,3011,182,11,2026-07-07,2026-08-06,Covid
13033,3893,34,16,2024-09-19,2024-10-19,Stroke
13034,2440,193,1,2024-09-29,2026-04-21,Cancer
13035,2067,64,16,2025-01-09,2025-08-07,Diabetes
13036,1796,160,1,2025-06-30,2026-05-22,Fracture
13037,1007,104,13,2026-07-14,2026-07-20,Covid
13038,3424,151,10,2025-03-24,2025-11-06,Covid
13039,3697,41,5,2025-06-21,2026-08-08,Asthma
13040,1464,110,10,2025-03-22,2025-07-16,Asthma
13041,82,8,4,2025-11-07,2026-02-09,Diabetes
13042,3067,75,2,2026-07-11,2026-08-02,Covid
13043,4471,137,16,2025-12-08,2025-12-26,Fracture
13044,1216,106,15,2024-09-29,2025-12-03,Hypertension
13045,1389,130,8,2026-01-21,2026-03-11,Diabetes
13046,803,68,1,2025-06-28,2026-01-26,Pneumonia
13047,4405,224,15,2026-05-11,2026-06-12,Asthma
13048,3032,188,19,2026-04-07,2026-06-16,Covid
13049,4208,214,8,2026-06-26,2026-07-24,Migraine
13050,1603,157,9,2025-11-29,2026-05-01,Covid
13051,3966,221,6,2025-12-23,2026-08-13,Migraine
13052,2781,112,6,2024-11-20,2025-11-08,Cancer
13053,2833,184,6,2025-09-29,2026-08-08,Covid
13054,4608,29,13,2024-10-24,2025-12-15,Hypertension
13055,3221,181,16,2025-07-30,2026-05-26,Kidney Stones
13056,3768,126,4,2025-05-12,2025-05-17,Migraine
13057,450,147,14,2025-11-17,2025-12-19,Covid
13058,780,248,7,2025-02-04,2025-05-04,Kidney Stones
13059,2086,198,20,2026-08-04,2026-08-06,Migraine
13060,137,58,1,2025-07-05,2025-10-24,Fracture
13061,3069,85,18,2025-12-28,2026-02-02,Stroke
13062,2995,72,2,2025-05-20,2025-10-15,Pneumonia
13063,4912,116,7,2025-09-22,2026-04-20,Hypertension
13064,3796,146,18,2026-06-14,2026-07-13,Diabetes
13065,473,250,6,2026-02-05,2026-05-05,Cancer
13066,4118,79,4,2024-09-05,2024-10-02,Cancer
13067,4580,35,18,2026-04-25,2026-06-08,Cancer
13068,4832,153,20,2025-07-02,2025-09-10,Cancer
13069,1412,52,17,2026-07-29,2026-08-13,Diabetes
13070,4510,187,9,2025-03-24,2026-03-21,Covid
13071,2256,136,11,2025-08-13,2025-09-05,Covid
13072,4165,59,11,2025-06-17,2026-02-28,Diabetes
13073,4237,185,9,2025-03-06,2025-10-30,Diabetes
13074,4258,144,18,2025-03-25,2025-05-19,Migraine
13075,2260,41,20,2025-07-05,2025-08-29,Hypertension
13076,4251,43,7,2026-06-21,2026-08-06,Hypertension
13077,3367,120,16,2025-06-21,2025-08-30,Asthma
13078,4166,245,5,2025-08-15,2025-09-10,Asthma
13079,1368,103,8,2024-10-04,2024-10-13,Hypertension
13080,927,117,9,2025-04-13,2026-07-01,Migraine
13081,1536,65,11,2025-11-16,2026-05-05,Diabetes
13082,4725,81,16,2026-03-23,2026-04-20,Fracture
13083,4505,107,16,2026-05-16,2026-07-26,Asthma
13084,904,133,13,2024-08-07,2026-07-07,Pneumonia
13085,69,220,13,2024-11-12,2026-04-08,Pneumonia
13086,4841,218,16,2024-12-25,2026-07-07,Asthma
13087,2973,97,20,2025-06-25,2026-04-27,Hypertension
13088,2841,248,7,2025-09-16,2026-08-13,Diabetes
13089,3447,7,18,2025-01-13,2026-01-04,Stroke
13090,1231,31,9,2026-05-27,2026-07-26,Pneumonia
13091,2952,215,8,2026-05-03,2026-07-24,Stroke
13092,4457,102,1,2025-09-01,2025-09-13,Diabetes
13093,1936,169,13,2025-08-03,2026-07-21,Hypertension
13094,1550,163,1,2025-03-31,2025-09-08,Fracture
13095,4413,182,16,2024-12-25,2025-08-26,Cancer
13096,3859,1,9,2026-03-26,2026-07-09,Diabetes
13097,3812,118,13,2024-10-03,2025-12-07,Cancer
13098,4985,166,15,2026-07-04,2026-07-21,Stroke
13099,3870,222,1,2025-12-25,2026-01-13,Pneumonia
13100,407,142,13,2025-11-23,2026-05-29,Kidney Stones
13101,686,105,6,2026-01-13,2026-03-28,Covid
13102,1347,177,18,2026-03-16,2026-07-12,Kidney Stones
13103,3532,189,16,2025-05-27,2026-06-01,Cancer
13104,1018,237,8,2025-08-04,2025-09-07,Hypertension
13105,3256,30,12,2025-10-20,2026-02-04,Migraine
13106,4844,61,1,2024-11-03,2025-05-16,Stroke
13107,2695,6,1,2025-06-01,2025-07-07,Diabetes
13108,4191,103,20,2024-10-09,2026-04-16,Diabetes
13109,3555,58,14,2026-06-02,2026-08-12,Covid
13110,979,51,16,2025-04-27,2025-11-20,Asthma
13111,2086,240,11,2025-01-08,2025-01-25,Fracture
13112,3515,78,2,2024-11-09,2025-08-18,Kidney Stones
13113,3419,11,6,2024-09-28,2024-12-13,Migraine
13114,767,184,20,2025-12-05,2026-07-18,Migraine
13115,4568,19,18,2025-06-27,2026-04-12,Fracture
13116,3827,12,1,2024-09-11,2025-07-19,Diabetes
13117,2571,130,4,2025-01-25,2025-06-13,Asthma
13118,1540,248,19,2024-09-01,2025-04-08,Pneumonia
13119,4358,65,6,2025-02-12,2026-06-17,Diabetes
13120,1970,199,1,2026-04-23,2026-04-24,Cancer
13121,2122,68,1,2024-12-27,2025-11-16,Asthma
13122,1639,134,6,2026-05-02,2026-06-28,Fracture
13123,3307,89,10,2025-05-07,2026-05-11,Diabetes
13124,2751,131,20,2024-11-13,2025-09-23,Migraine
13125,4688,41,17,2025-08-27,2026-01-23,Cancer
13126,3142,96,1,2024-11-29,2026-06-08,Fracture
13127,2625,224,19,2025-03-16,2025-07-16,Migraine
13128,1536,212,19,2025-06-20,2025-11-23,Hypertension
13129,1981,215,12,2025-06-22,2026-05-19,Stroke
13130,2234,233,1,2025-11-23,2026-05-06,Fracture
13131,736,210,3,2025-11-17,2026-01-07,Asthma
13132,596,163,13,2025-11-04,2025-11-24,Migraine
13133,511,25,10,2026-03-06,2026-04-03,Diabetes
13134,4407,234,11,2025-09-18,2026-05-20,Migraine
13135,2975,124,20,2025-12-13,2026-01-13,Asthma
13136,2638,246,5,2026-05-09,2026-05-28,Covid
13137,597,101,3,2025-01-16,2025-07-30,Covid
13138,3919,167,20,2025-10-17,2026-03-18,Stroke
13139,2131,84,8,2025-03-09,2025-03-30,Hypertension
13140,2085,124,19,2025-11-04,2026-01-19,Covid
13141,4158,60,4,2024-08-20,2025-07-14,Cancer
13142,3701,7,15,2026-06-17,2026-06-26,Stroke
13143,1382,151,1,2024-09-22,2026-02-23,Covid
13144,2308,246,6,2025-11-26,2026-06-25,Fracture
13145,143,192,13,2025-04-17,2026-07-05,Stroke
13146,1442,81,3,2025-07-14,2025-11-04,Hypertension
13147,412,238,10,2026-01-15,2026-05-01,Cancer
13148,4495,167,20,2026-06-29,2026-08-08,Pneumonia
13149,2236,194,7,2026-01-29,2026-02-23,Pneumonia
13150,4137,232,2,2026-03-07,2026-03-31,Hypertension
13151,1902,43,16,2025-07-11,2025-08-04,Covid
13152,1296,227,13,2024-11-28,2026-06-12,Kidney Stones
13153,3583,174,2,2025-02-14,2025-08-03,Pneumonia
13154,2020,212,11,2024-09-22,2026-08-06,Diabetes
13155,4347,104,15,2025-11-24,2026-01-30,Covid
13156,685,230,10,2025-05-01,2026-05-24,Diabetes
13157,4619,217,2,2025-05-23,2026-05-17,Migraine
13158,1933,213,12,2025-05-20,2025-06-03,Migraine
13159,2305,14,2,2025-07-24,2026-04-06,Asthma
13160,594,19,1,2025-07-22,2025-11-13,Kidney Stones
13161,4239,195,20,2025-12-20,2026-08-07,Diabetes
13162,2817,231,10,2026-04-23,2026-06-16,Asthma
13163,3760,191,1,2025-11-19,2026-02-13,Stroke
13164,4654,217,16,2026-06-22,2026-07-22,Covid
13165,3163,206,19,2026-01-20,2026-04-02,Hypertension
13166,3543,4,14,2026-01-31,2026-04-07,Pneumonia
13167,1119,90,6,2026-07-07,2026-07-16,Fracture
13168,3485,41,5,2025-02-19,2025-10-21,Stroke
13169,236,94,18,2025-05-02,2025-08-19,Asthma
13170,1761,176,9,2025-09-24,2026-02-09,Pneumonia
13171,2595,68,15,2025-07-01,2025-12-08,Diabetes
13172,1093,164,10,2024-12-14,2025-05-27,Kidney Stones
13173,1351,145,7,2025-01-17,2026-06-10,Stroke
13174,2961,4,14,2025-04-12,2026-02-04,Migraine
13175,150,83,3,2026-07-29,2026-08-03,Fracture
13176,391,56,17,2024-11-01,2026-02-15,Kidney Stones
13177,2686,207,2,2024-09-15,2024-10-25,Hypertension
13178,164,100,9,2025-11-19,2026-03-18,Kidney Stones
13179,3079,69,11,2026-01-19,2026-06-03,Fracture
13180,4727,85,16,2025-08-26,2026-04-20,Stroke
13181,3366,215,13,2025-12-21,2026-05-29,Asthma
13182,4444,166,2,2026-02-25,2026-03-18,Fracture
13183,1592,206,18,2024-10-15,2025-10-08,Diabetes
13184,2968,243,14,2026-03-11,2026-07-20,Hypertension
13185,1027,139,17,2026-05-06,2026-05-29,Pneumonia
13186,4328,4,16,2025-09-23,2026-02-10,Stroke
13187,633,177,16,2026-01-22,2026-08-06,Stroke
13188,3046,101,10,2025-07-05,2026-07-27,Kidney Stones
13189,643,17,14,2025-01-24,2025-07-04,Cancer
13190,375,199,20,2026-01-30,2026-08-12,Cancer
13191,1207,22,17,2025-07-28,2026-02-02,Migraine
13192,3620,2,8,2024-08-31,2026-06-20,Kidney Stones
13193,1690,69,16,2024-12-19,2026-05-30,Diabetes
13194,4661,137,7,2024-10-24,2026-01-13,Diabetes
13195,1954,130,15,2025-10-25,2026-08-06,Diabetes
13196,2412,50,1,2024-08-11,2025-07-25,Stroke
13197,4753,165,2,2026-02-19,2026-06-23,Cancer
13198,4819,205,10,2026-03-05,2026-04-28,Cancer
13199,1217,34,7,2025-10-19,2025-11-07,Hypertension
13200,4059,247,17,2024-12-04,2025-08-20,Cancer
13201,2972,184,16,2025-11-08,2026-08-14,Migraine
13202,4947,19,17,2026-04-01,2026-07-05,Hypertension
13203,4521,121,20,2024-11-29,2026-01-08,Cancer
13204,2258,19,3,2024-11-28,2026-03-28,Hypertension
13205,250,203,4,2025-12-21,2026-06-14,Kidney Stones
13206,965,151,4,2024-09-12,2026-03-22,Asthma
13207,803,122,18,2025-09-26,2026-03-16,Cancer
13208,4585,156,10,2026-05-01,2026-07-07,Kidney Stones
13209,3230,42,4,2024-08-29,2025-01-27,Kidney Stones
13210,4283,129,20,2026-01-23,2026-08-09,Asthma
13211,3066,127,8,2025-03-02,2026-08-03,Asthma
13212,1326,57,11,2024-10-30,2026-03-11,Kidney Stones
13213,1335,225,7,2025-10-27,2026-02-02,Pneumonia
13214,4137,121,16,2025-08-23,2026-03-04,Kidney Stones
13215,793,92,20,2026-03-22,2026-03-22,Diabetes
13216,2295,105,8,2025-06-02,2026-04-17,Migraine
13217,533,72,8,2024-11-13,2025-06-10,Stroke
13218,4107,213,12,2024-09-06,2024-11-08,Fracture
13219,1209,159,10,2026-04-21,2026-07-07,Stroke
13220,2383,43,11,2025-08-08,2026-02-10,Diabetes
13221,3353,79,2,2025-07-21,2026-05-12,Covid
13222,4751,132,12,2026-01-01,2026-07-05,Kidney Stones
13223,28,65,8,2026-03-02,2026-07-24,Stroke
13224,1146,176,17,2024-09-01,2025-10-28,Diabetes
13225,734,17,13,2026-06-14,2026-07-30,Covid
13226,3671,202,20,2025-02-08,2025-03-21,Asthma
13227,2695,189,4,2026-03-13,2026-03-22,Diabetes
13228,3059,193,8,2024-12-07,2025-01-12,Kidney Stones
13229,4867,199,12,2024-08-21,2025-01-17,Stroke
13230,2961,131,20,2024-10-04,2025-07-12,Pneumonia
13231,4909,101,11,2025-09-29,2025-10-29,Diabetes
13232,1853,243,2,2025-03-30,2026-04-07,Diabetes
13233,1938,22,1,2024-10-11,2026-03-26,Covid
13234,3029,204,18,2025-09-24,2026-08-15,Stroke
13235,1740,189,1,2025-02-16,2025-04-23,Hypertension
13236,1216,105,9,2026-02-26,2026-07-26,Migraine
13237,2559,219,9,2026-03-27,2026-07-17,Fracture
13238,1064,177,10,2026-06-22,2026-07-21,Stroke
13239,3632,211,15,2025-03-22,2025-08-21,Migraine
13240,4663,123,11,2025-12-13,2026-03-06,Diabetes
13241,757,222,20,2024-08-29,2024-11-20,Fracture
13242,2881,102,19,2026-05-07,2026-08-05,Hypertension
13243,1873,77,2,2026-06-21,2026-07-25,Kidney Stones
13244,1172,2,11,2024-12-23,2026-08-10,Pneumonia
13245,3565,224,5,2025-06-07,2025-10-23,Cancer
13246,2698,51,16,2026-04-30,2026-06-28,Covid
13247,2993,85,16,2025-09-12,2026-03-02,Covid
13248,2719,198,10,2024-11-09,2026-07-19,Cancer
13249,3853,243,15,2026-06-07,2026-07-25,Stroke
13250,3951,18,2,2024-09-28,2025-03-16,Hypertension
13251,1835,75,14,2025-09-08,2026-07-19,Diabetes
13252,4459,199,17,2026-07-23,2026-07-25,Diabetes
13253,2727,37,19,2025-12-05,2026-08-12,Hypertension
13254,612,59,8,2026-02-07,2026-07-06,Diabetes
13255,2374,164,9,2025-10-27,2025-12-16,Diabetes
13256,3883,70,4,2025-10-07,2025-12-28,Migraine
13257,2296,105,18,2026-04-29,2026-07-06,Covid
13258,1854,132,9,2026-06-23,2026-08-05,Kidney Stones
13259,1787,224,2,2024-08-14,2024-12-24,Migraine
13260,4599,11,2,2025-05-08,2025-08-06,Cancer
13261,472,18,9,2025-05-14,2025-07-10,Cancer
13262,1735,179,5,2025-05-23,2025-09-13,Covid
13263,2114,53,19,2025-10-24,2026-01-11,Kidney Stones
13264,2101,207,7,2025-04-19,2026-03-27,Migraine
13265,3811,213,7,2026-06-18,2026-06-21,Kidney Stones
13266,2962,79,17,2024-10-27,2025-10-19,Pneumonia
13267,1033,236,7,2025-02-19,2026-07-30,Kidney Stones
13268,1933,199,14,2025-09-13,2026-01-18,Migraine
13269,781,23,19,2024-09-08,2025-09-26,Kidney Stones
13270,1143,191,4,2026-01-28,2026-06-15,Cancer
13271,1052,93,9,2026-05-17,2026-07-17,Stroke
13272,3419,235,12,2025-09-05,2026-03-14,Covid
13273,3300,76,6,2026-03-30,2026-06-13,Fracture
13274,2015,78,3,2026-02-24,2026-03-31,Fracture
13275,749,20,15,2025-03-16,2026-02-20,Migraine
13276,3601,242,11,2024-11-13,2025-11-08,Cancer
13277,3531,81,6,2025-05-13,2026-07-15,Asthma
13278,3949,35,3,2026-02-01,2026-05-31,Cancer
13279,3938,115,2,2025-01-16,2025-03-11,Cancer
13280,423,196,13,2025-02-17,2025-10-27,Hypertension
13281,3071,230,15,2025-12-06,2026-03-19,Fracture
13282,1236,35,6,2024-12-21,2025-09-20,Kidney Stones
13283,448,221,18,2025-02-05,2026-07-03,Cancer
13284,4961,33,2,2024-11-21,2026-02-03,Hypertension
13285,980,125,6,2025-02-06,2025-07-16,Stroke
13286,4139,218,4,2026-02-24,2026-05-24,Pneumonia
13287,4096,174,5,2025-02-26,2026-07-18,Migraine
13288,4878,190,8,2025-11-05,2026-08-08,Covid
13289,1175,11,19,2026-02-20,2026-06-25,Covid
13290,4959,234,19,2026-01-22,2026-01-27,Diabetes
13291,3759,96,7,2026-04-03,2026-06-01,Cancer
13292,4525,3,10,2025-07-22,2026-06-09,Kidney Stones
13293,2052,196,12,2026-06-16,2026-07-04,Hypertension
13294,4151,246,20,2024-11-23,2026-04-01,Kidney Stones
13295,3196,47,9,2025-12-26,2026-04-06,Hypertension
13296,3570,8,11,2025-08-05,2026-07-22,Hypertension
13297,3604,174,10,2025-07-13,2025-07-28,Migraine
13298,1496,88,8,2024-10-22,2025-04-16,Diabetes
13299,780,56,12,2025-01-02,2025-10-11,Covid
13300,4401,9,10,2025-02-21,2025-10-24,Diabetes
13301,3365,80,14,2025-11-16,2026-06-30,Diabetes
13302,3048,244,2,2026-03-20,2026-04-28,Diabetes
13303,3301,192,20,2025-11-02,2026-05-09,Covid
13304,2274,227,5,2026-07-08,2026-08-13,Asthma
13305,2723,96,5,2025-08-30,2025-12-28,Covid
13306,609,128,17,2024-10-06,2025-10-14,Kidney Stones
13307,1395,130,12,2025-10-20,2026-03-06,Migraine
13308,3974,190,5,2024-11-18,2025-11-02,Pneumonia
13309,2674,45,10,2025-12-21,2026-02-20,Cancer
13310,1173,5,2,2025-04-29,2026-01-29,Asthma
13311,2553,170,15,2025-11-21,2026-02-07,Diabetes
13312,1539,86,17,2025-12-29,2026-04-25,Pneumonia
13313,4040,146,7,2025-07-22,2025-09-24,Stroke
13314,2568,133,18,2026-05-31,2026-06-20,Migraine
13315,1404,163,4,2024-08-13,2025-03-11,Diabetes
13316,1917,209,10,2025-05-26,2026-07-22,Cancer
13317,4188,49,2,2026-03-06,2026-07-14,Diabetes
13318,4022,197,7,2025-11-20,2025-12-17,Asthma
13319,2649,64,5,2025-10-01,2025-12-10,Stroke
13320,4995,74,7,2026-03-25,2026-07-30,Fracture
13321,4791,4,16,2026-04-11,2026-06-23,Asthma
13322,1670,18,9,2024-11-06,2025-09-17,Hypertension
13323,3532,205,16,2025-11-23,2026-03-17,Fracture
13324,3988,167,6,2024-11-18,2025-10-04,Asthma
13325,1249,120,10,2025-06-03,2025-09-06,Diabetes
13326,1401,189,18,2025-01-26,2025-12-17,Asthma
13327,3013,221,1,2026-06-25,2026-07-14,Asthma
13328,2421,237,14,2025-09-05,2026-07-30,Pneumonia
13329,2497,36,14,2024-08-17,2025-12-30,Asthma
13330,2541,135,13,2025-01-15,2025-10-12,Pneumonia
13331,4442,35,1,2026-05-17,2026-06-25,Asthma
13332,1846,200,7,2025-08-07,2026-07-03,Covid
13333,4512,97,16,2025-12-21,2026-06-24,Kidney Stones
13334,3858,91,11,2025-06-10,2026-01-05,Fracture
13335,4738,249,7,2026-05-21,2026-08-05,Cancer
13336,3895,37,9,2026-08-03,2026-08-07,Asthma
13337,2219,36,2,2025-08-01,2026-05-16,Kidney Stones
13338,59,23,14,2026-04-03,2026-04-24,Pneumonia
13339,4911,48,19,2025-06-01,2025-12-02,Fracture
13340,12,54,2,2024-09-18,2026-02-23,Asthma
13341,1993,188,6,2025-03-14,2026-05-02,Migraine
13342,721,179,19,2025-08-30,2025-11-27,Covid
13343,2586,202,2,2025-07-04,2026-01-23,Kidney Stones
13344,4983,100,7,2025-03-21,2025-08-09,Covid
13345,3338,79,4,2024-09-19,2026-08-08,Stroke
13346,3684,217,8,2025-04-13,2026-04-26,Migraine
13347,1771,118,3,2026-03-27,2026-04-02,Hypertension
13348,1634,116,16,2024-12-20,2026-07-09,Migraine
13349,1184,139,4,2026-03-26,2026-05-01,Pneumonia
13350,3824,99,10,2025-07-24,2026-03-24,Migraine
13351,2118,159,11,2025-04-28,2025-12-22,Hypertension
13352,254,11,19,2024-09-30,2026-01-17,Asthma
13353,3356,60,7,2026-04-09,2026-05-13,Asthma
13354,69,215,15,2026-02-22,2026-05-23,Diabetes
13355,3491,198,19,2025-04-29,2026-06-26,Diabetes
13356,3230,142,16,2025-09-02,2025-12-20,Fracture
13357,3508,209,3,2024-12-21,2026-01-05,Cancer
13358,3324,239,17,2024-09-28,2025-10-03,Asthma
13359,3184,64,4,2025-02-27,2025-10-18,Stroke
13360,90,130,16,2025-10-30,2025-11-11,Migraine
13361,2349,242,6,2026-04-10,2026-08-08,Kidney Stones
13362,1563,67,16,2025-01-06,2026-01-17,Migraine
13363,3328,45,3,2025-03-27,2026-06-29,Covid
13364,2063,157,13,2024-08-19,2025-06-08,Hypertension
13365,744,128,13,2025-07-04,2025-12-20,Fracture
13366,1774,1,13,2025-01-12,2026-06-27,Diabetes
13367,1959,192,20,2025-01-23,2025-06-07,Migraine
13368,4581,218,11,2025-06-14,2026-03-18,Fracture
13369,526,218,16,2025-11-14,2026-02-14,Fracture
13370,2176,21,13,2024-11-22,2025-04-07,Pneumonia
13371,4218,125,18,2025-03-24,2025-07-04,Covid
13372,4482,25,11,2025-06-05,2026-05-07,Pneumonia
13373,4014,23,13,2024-12-02,2025-08-07,Pneumonia
13374,3027,213,8,2025-03-30,2025-08-18,Pneumonia
13375,2621,57,11,2026-06-24,2026-07-29,Stroke
13376,3065,106,9,2025-04-06,2026-05-14,Fracture
13377,2432,74,4,2026-02-11,2026-04-05,Pneumonia
13378,4419,53,7,2025-12-07,2026-01-12,Diabetes
13379,4722,121,18,2025-11-11,2026-03-23,Pneumonia
13380,1410,101,7,2024-11-16,2026-08-08,Asthma
13381,883,28,9,2024-10-01,2025-03-22,Kidney Stones
13382,10,44,14,2026-03-14,2026-07-16,Fracture
13383,4687,234,2,2025-01-06,2025-11-28,Kidney Stones
13384,2779,175,18,2024-11-13,2025-03-04,Hypertension
13385,4429,227,4,2026-03-03,2026-06-25,Cancer
13386,4598,217,13,2024-10-13,2024-10-27,Migraine
13387,2181,233,16,2024-11-16,2025-09-29,Hypertension
13388,2076,17,13,2025-03-15,2026-04-09,Kidney Stones
13389,685,28,1,2026-06-14,2026-07-01,Migraine
13390,2789,188,11,2025-08-24,2026-06-28,Cancer
13391,528,238,1,2025-09-14,2026-07-13,Migraine
13392,4918,110,13,2025-02-01,2025-10-11,Pneumonia
13393,3917,190,13,2025-05-17,2026-01-22,Migraine
13394,2812,68,12,2024-11-05,2025-07-04,Fracture
13395,3349,125,16,2025-04-21,2026-08-16,Hypertension
13396,4494,107,7,2026-04-22,2026-07-04,Fracture
13397,2196,145,4,2025-02-01,2025-02-16,Fracture
13398,2702,101,4,2025-02-07,2025-05-16,Kidney Stones
13399,4664,196,7,2026-03-27,2026-04-24,Pneumonia
13400,2057,112,17,2024-11-17,2026-06-25,Hypertension
13401,3590,73,1,2025-12-13,2026-01-15,Cancer
13402,3750,79,8,2024-08-09,2026-06-13,Fracture
13403,3750,236,5,2024-12-21,2026-05-27,Stroke
13404,456,99,1,2026-07-29,2026-08-16,Fracture
13405,2854,11,15,2024-08-22,2026-05-07,Cancer
13406,4876,198,14,2026-02-25,2026-07-17,Fracture
13407,2722,131,12,2025-01-20,2025-11-24,Fracture
13408,3175,240,13,2026-01-18,2026-03-21,Cancer
13409,236,206,17,2026-02-22,2026-06-16,Diabetes
13410,1820,22,19,2026-04-07,2026-07-04,Pneumonia
13411,533,57,2,2026-03-24,2026-05-15,Fracture
13412,141,45,14,2026-02-04,2026-06-19,Stroke
13413,4512,36,4,2025-05-22,2025-09-09,Stroke
13414,2083,214,15,2024-08-24,2025-01-17,Covid
13415,3142,103,17,2026-01-06,2026-03-06,Hypertension
13416,1419,119,16,2025-05-03,2026-07-10,Pneumonia
13417,707,206,11,2024-11-03,2025-08-31,Pneumonia
13418,2691,113,15,2026-01-29,2026-06-05,Cancer
13419,2805,232,16,2025-05-25,2026-04-04,Pneumonia
13420,2422,179,17,2025-05-05,2025-10-08,Hypertension
13421,900,99,6,2025-07-15,2026-04-06,Cancer
13422,3459,71,4,2026-02-16,2026-04-15,Stroke
13423,76,212,14,2025-05-25,2025-10-22,Migraine
13424,1784,71,7,2026-04-14,2026-05-02,Diabetes
13425,2704,31,15,2024-12-02,2026-06-07,Migraine
13426,4879,94,20,2026-05-16,2026-06-13,Pneumonia
13427,2659,209,15,2024-11-05,2026-03-24,Diabetes
13428,1640,73,12,2025-05-11,2025-08-25,Diabetes
13429,4532,31,20,2026-05-03,2026-06-13,Migraine
13430,450,37,16,2025-12-31,2026-01-23,Hypertension
13431,1395,114,11,2025-11-05,2026-01-04,Kidney Stones
13432,4964,123,7,2024-08-10,2026-08-03,Stroke
13433,2,52,9,2025-12-10,2026-07-15,Diabetes
13434,3283,167,14,2024-09-30,2026-03-21,Migraine
13435,761,13,5,2025-12-27,2026-05-28,Pneumonia
13436,590,126,8,2026-06-01,2026-08-09,Asthma
13437,4495,208,19,2025-12-21,2026-04-08,Pneumonia
13438,1703,201,18,2025-08-15,2026-05-01,Diabetes
13439,4646,95,20,2026-05-27,2026-07-11,Migraine
13440,973,128,18,2024-08-07,2026-07-24,Pneumonia
13441,870,39,6,2026-07-15,2026-07-18,Pneumonia
13442,1020,136,3,2025-06-06,2025-10-04,Fracture
13443,4625,88,17,2025-03-26,2026-06-23,Diabetes
13444,246,92,8,2025-09-29,2026-05-04,Kidney Stones
13445,1482,168,6,2026-04-22,2026-06-12,Stroke
13446,4766,41,9,2025-10-05,2025-10-18,Hypertension
13447,320,8,14,2026-02-12,2026-07-06,Pneumonia
13448,4704,9,4,2025-07-29,2026-07-06,Hypertension
13449,4808,148,11,2026-07-14,2026-08-02,Diabetes
13450,2268,9,19,2026-02-06,2026-05-28,Hypertension
13451,1442,54,20,2026-03-26,2026-08-11,Covid
13452,1598,178,10,2026-05-14,2026-06-30,Pneumonia
13453,4587,136,1,2025-06-19,2025-07-13,Hypertension
13454,4007,104,15,2025-02-28,2025-04-23,Pneumonia
13455,3097,38,10,2025-10-02,2026-06-17,Pneumonia
13456,2033,64,7,2025-02-27,2026-07-30,Fracture
13457,2138,31,2,2025-09-05,2026-05-23,Asthma
13458,3494,110,1,2025-01-05,2025-09-11,Hypertension
13459,1955,62,5,2025-01-06,2025-09-12,Pneumonia
13460,4248,26,4,2026-04-18,2026-05-22,Cancer
13461,4520,234,19,2024-11-14,2025-04-17,Migraine
13462,3422,213,10,2026-02-11,2026-05-30,Stroke
13463,2420,50,12,2026-05-07,2026-06-25,Migraine
13464,3747,228,17,2025-07-30,2026-02-08,Migraine
13465,1955,54,18,2024-11-17,2025-06-17,Cancer
13466,2751,234,14,2025-05-13,2025-10-04,Covid
13467,1715,135,17,2026-06-18,2026-07-21,Stroke
13468,2939,145,19,2025-11-02,2026-07-28,Migraine
13469,3462,206,15,2025-10-08,2026-05-02,Covid
13470,2982,55,15,2025-01-30,2026-02-19,Diabetes
13471,3678,209,7,2025-07-08,2026-03-12,Cancer
13472,652,77,3,2025-03-31,2026-03-09,Asthma
13473,3324,56,12,2024-11-18,2024-12-24,Kidney Stones
13474,2700,7,6,2024-11-23,2025-04-23,Fracture
13475,4636,113,18,2025-07-24,2025-12-23,Pneumonia
13476,3992,189,17,2025-10-13,2026-08-14,Cancer
13477,1401,89,12,2025-11-23,2026-03-23,Stroke
13478,537,245,12,2026-02-12,2026-03-19,Migraine
13479,4056,80,3,2026-05-22,2026-06-05,Pneumonia
13480,2524,232,14,2025-11-09,2026-03-12,Stroke
13481,3610,143,13,2025-06-08,2025-11-18,Migraine
13482,2565,115,8,2025-05-21,2026-05-07,Asthma
13483,4797,231,5,2025-06-04,2026-08-12,Stroke
13484,3565,155,14,2025-11-28,2026-07-20,Fracture
13485,938,160,18,2026-05-26,2026-08-12,Fracture
13486,3737,122,14,2025-05-21,2025-08-28,Stroke
13487,2195,115,11,2026-05-19,2026-05-24,Hypertension
13488,4671,33,7,2024-09-06,2025-01-11,Cancer
13489,2026,16,8,2026-03-06,2026-05-12,Migraine
13490,1441,234,10,2025-04-13,2026-07-18,Diabetes
13491,724,138,19,2024-11-18,2024-11-30,Cancer
13492,2608,120,9,2025-11-16,2026-04-13,Migraine
13493,4352,53,15,2025-02-04,2026-02-18,Stroke
13494,978,31,11,2025-02-07,2026-06-21,Kidney Stones
13495,2767,174,13,2026-01-27,2026-06-25,Asthma
13496,4884,166,1,2026-02-03,2026-05-21,Kidney Stones
13497,2557,228,4,2025-01-23,2025-09-25,Migraine
13498,822,50,19,2025-05-25,2026-06-10,Migraine
13499,494,222,8,2026-03-22,2026-06-16,Diabetes
13500,3195,211,18,2025-04-19,2026-07-31,Migraine
13501,1295,188,17,2025-03-20,2026-01-07,Migraine
13502,3253,144,7,2025-05-10,2026-06-20,Stroke
13503,4671,204,18,2025-08-06,2026-06-30,Cancer
13504,4378,131,20,2026-02-11,2026-03-27,Kidney Stones
13505,1772,33,14,2025-04-23,2026-04-03,Stroke
13506,3234,180,12,2026-06-28,2026-08-01,Pneumonia
13507,3782,225,7,2024-11-08,2025-01-19,Diabetes
13508,2861,38,10,2025-08-22,2026-05-12,Migraine
13509,1782,34,13,2025-03-05,2026-05-07,Diabetes
13510,44,144,16,2025-12-18,2026-07-27,Covid
13511,504,49,10,2024-09-20,2025-04-08,Covid
13512,939,185,19,2024-12-22,2026-03-04,Asthma
13513,1185,22,1,2024-12-19,2025-06-19,Covid
13514,4547,98,7,2025-10-30,2025-11-17,Diabetes
13515,2567,61,1,2024-12-10,2025-11-03,Asthma
13516,3622,72,16,2025-06-19,2026-04-24,Asthma
13517,3900,209,20,2025-01-22,2026-01-30,Hypertension
13518,1549,147,5,2026-03-20,2026-03-20,Cancer
13519,1924,38,9,2024-09-04,2025-08-17,Fracture
13520,2373,156,15,2024-10-18,2025-09-16,Hypertension
13521,203,121,14,2026-05-30,2026-08-16,Asthma
13522,720,29,6,2025-12-23,2026-02-04,Migraine
13523,2175,21,8,2025-06-05,2026-02-06,Kidney Stones
13524,2866,103,15,2024-10-01,2025-04-29,Asthma
13525,3368,232,1,2026-03-19,2026-07-04,Stroke
13526,729,96,20,2025-01-27,2026-04-06,Asthma
13527,1112,28,19,2025-11-06,2026-02-07,Cancer
13528,2483,203,4,2024-12-29,2025-08-15,Cancer
13529,2131,232,3,2025-05-03,2025-10-07,Hypertension
13530,2871,29,5,2026-07-14,2026-08-07,Fracture
13531,4901,60,12,2025-05-01,2025-05-17,Kidney Stones
13532,1073,51,6,2025-06-15,2025-08-08,Pneumonia
13533,4645,96,7,2024-08-09,2026-04-20,Kidney Stones
13534,472,78,14,2024-12-30,2025-04-07,Stroke
13535,4035,61,2,2026-07-08,2026-07-08,Stroke
13536,2994,32,12,2025-11-16,2026-03-03,Diabetes
13537,2040,76,8,2025-03-08,2025-11-01,Asthma
13538,421,195,8,2026-06-19,2026-07-19,Cancer
13539,2773,42,3,2025-01-31,2025-02-25,Cancer
13540,773,74,11,2024-12-23,2026-01-16,Cancer
13541,1924,87,6,2024-10-18,2026-08-02,Migraine
13542,1580,217,18,2025-03-13,2025-05-12,Hypertension
13543,4556,218,14,2025-07-11,2025-11-02,Diabetes
13544,572,44,3,2026-02-27,2026-05-11,Stroke
13545,4958,149,19,2025-01-30,2026-01-22,Kidney Stones
13546,2652,6,3,2025-11-03,2026-08-03,Diabetes
13547,4403,235,2,2024-08-19,2026-01-16,Diabetes
13548,1806,185,7,2024-09-03,2025-10-01,Diabetes
13549,4987,185,19,2026-03-28,2026-04-09,Asthma
13550,2124,134,10,2025-05-12,2026-05-15,Diabetes
13551,691,32,8,2026-02-01,2026-06-14,Asthma
13552,396,103,18,2024-09-11,2025-05-11,Fracture
13553,4203,84,3,2026-06-10,2026-07-08,Fracture
13554,838,29,1,2026-07-16,2026-07-27,Diabetes
13555,4294,21,10,2025-10-21,2026-08-12,Hypertension
13556,1413,214,16,2024-09-16,2024-10-09,Fracture
13557,3926,168,18,2026-08-04,2026-08-10,Hypertension
13558,269,214,11,2025-11-19,2026-01-29,Asthma
13559,3225,83,17,2026-06-26,2026-07-08,Hypertension
13560,3015,37,9,2025-07-21,2025-12-18,Kidney Stones
13561,363,131,18,2025-07-12,2025-09-20,Fracture
13562,2131,244,15,2025-04-24,2026-03-04,Covid
13563,317,31,14,2024-12-12,2025-07-18,Covid
13564,4623,164,17,2024-11-30,2025-08-27,Hypertension
13565,274,138,19,2024-12-18,2025-01-02,Pneumonia
13566,2545,220,18,2024-08-26,2025-09-26,Stroke
13567,1550,196,17,2025-12-18,2026-05-19,Diabetes
13568,4675,95,6,2025-03-07,2026-07-09,Diabetes
13569,1108,21,17,2024-08-11,2026-03-29,Asthma
13570,267,4,4,2025-09-04,2026-01-28,Asthma
13571,991,143,5,2025-09-21,2026-01-30,Fracture
13572,4574,242,17,2026-01-18,2026-01-21,Stroke
13573,1177,33,11,2025-05-28,2026-08-09,Asthma
13574,4621,67,11,2025-10-15,2026-08-14,Kidney Stones
13575,378,11,1,2025-05-16,2025-08-14,Asthma
13576,3104,193,2,2025-10-04,2026-03-10,Hypertension
13577,4684,150,11,2025-07-26,2026-08-10,Migraine
13578,2305,230,1,2025-02-06,2025-10-13,Asthma
13579,2356,131,7,2025-07-31,2025-09-21,Covid
13580,2641,114,12,2026-05-28,2026-08-05,Fracture
13581,1593,207,18,2024-10-25,2025-07-23,Covid
13582,4090,197,8,2025-09-16,2025-12-13,Cancer
13583,4941,6,18,2026-05-26,2026-07-03,Hypertension
13584,2739,5,11,2025-06-08,2026-01-25,Asthma
13585,3617,98,11,2024-10-22,2025-08-04,Kidney Stones
13586,4390,50,2,2026-07-28,2026-08-16,Pneumonia
13587,3209,191,12,2025-07-15,2026-04-17,Stroke
13588,2458,145,18,2025-05-26,2025-11-19,Kidney Stones
13589,630,226,3,2026-05-23,2026-06-02,Cancer
13590,4827,191,15,2025-03-15,2025-07-13,Pneumonia
13591,4317,190,19,2024-12-13,2025-10-11,Migraine
13592,2647,27,8,2026-07-01,2026-07-28,Cancer
13593,821,184,15,2026-05-15,2026-08-14,Pneumonia
13594,1437,212,12,2026-04-02,2026-08-08,Covid
13595,3693,25,7,2025-01-09,2026-01-07,Fracture
13596,2795,238,14,2024-10-25,2025-05-16,Pneumonia
13597,57,3,1,2025-06-07,2025-08-16,Fracture
13598,4409,73,4,2026-03-19,2026-08-08,Diabetes
13599,705,161,9,2026-06-13,2026-07-23,Asthma
13600,4243,237,10,2026-05-04,2026-05-06,Cancer
13601,4032,200,13,2025-10-27,2025-11-13,Fracture
13602,2615,145,8,2026-07-29,2026-08-05,Diabetes
13603,777,82,6,2026-03-18,2026-06-13,Pneumonia
13604,15,79,20,2025-04-17,2025-12-11,Fracture
13605,4789,65,1,2024-08-09,2024-09-10,Migraine
13606,2988,44,9,2024-09-01,2025-06-02,Diabetes
13607,1236,225,1,2025-01-20,2025-10-19,Cancer
13608,4172,41,11,2025-07-16,2026-04-13,Fracture
13609,386,181,4,2025-07-10,2025-11-13,Hypertension
13610,4587,30,4,2025-12-13,2025-12-13,Diabetes
13611,3207,90,6,2026-07-16,2026-08-07,Diabetes
13612,3783,227,9,2025-06-05,2025-12-25,Diabetes
13613,4046,133,4,2025-10-27,2026-04-28,Asthma
13614,1333,174,16,2026-02-26,2026-04-27,Fracture
13615,831,202,3,2026-04-03,2026-04-22,Kidney Stones
13616,2678,176,18,2025-10-16,2026-06-01,Fracture
13617,862,95,2,2025-06-28,2025-07-27,Fracture
13618,1695,213,14,2025-02-26,2026-02-20,Cancer
13619,382,143,11,2024-08-26,2024-12-13,Covid
13620,3403,70,19,2025-07-29,2026-03-05,Covid
13621,1743,206,11,2025-09-15,2026-06-22,Fracture
13622,1353,9,5,2025-02-01,2026-01-13,Fracture
13623,2343,195,14,2025-06-09,2025-08-01,Asthma
13624,1250,137,11,2025-03-24,2026-05-04,Migraine
13625,384,123,8,2025-10-17,2025-11-29,Diabetes
13626,4135,99,11,2025-09-12,2026-04-11,Pneumonia
13627,3,11,11,2024-12-15,2026-06-21,Fracture
13628,253,101,10,2026-05-27,2026-07-21,Kidney Stones
13629,1599,82,2,2025-01-11,2026-03-25,Asthma
13630,4690,162,14,2025-09-17,2026-02-18,Stroke
13631,1941,45,4,2025-05-24,2026-03-19,Cancer
13632,689,106,1,2026-03-19,2026-05-22,Covid
13633,4120,149,5,2025-11-22,2026-01-22,Pneumonia
13634,1583,99,16,2025-03-08,2025-12-02,Hypertension
13635,778,99,9,2025-09-15,2026-06-06,Covid
13636,2861,68,13,2025-06-06,2025-06-22,Migraine
13637,3799,171,3,2025-10-05,2026-08-06,Asthma
13638,19,179,15,2025-06-25,2025-09-30,Cancer
13639,3146,65,20,2025-07-22,2025-10-13,Diabetes
13640,3832,124,1,2025-02-05,2026-05-05,Fracture
13641,1689,219,12,2025-09-05,2026-07-01,Fracture
13642,4334,205,3,2026-02-05,2026-06-18,Pneumonia
13643,3007,95,3,2025-01-16,2025-03-09,Covid
13644,1823,145,9,2025-02-15,2025-08-15,Asthma
13645,4971,177,7,2024-12-26,2026-08-14,Kidney Stones
13646,143,161,12,2025-09-16,2025-10-05,Kidney Stones
13647,3392,22,3,2026-08-01,2026-08-05,Migraine
13648,3340,148,17,2025-08-18,2026-05-07,Pneumonia
13649,2316,213,9,2025-04-18,2025-04-29,Covid
13650,4763,238,11,2024-11-18,2026-01-22,Migraine
13651,1601,80,12,2025-09-30,2026-07-31,Hypertension
13652,217,237,2,2026-06-12,2026-07-14,Cancer
13653,317,228,4,2025-03-25,2025-04-12,Migraine
13654,4046,37,10,2026-07-31,2026-08-03,Pneumonia
13655,1655,126,15,2026-02-10,2026-08-08,Migraine
13656,136,243,13,2025-08-13,2025-11-30,Fracture
13657,1963,100,1,2025-07-16,2025-09-25,Migraine
13658,1471,47,18,2025-11-12,2025-12-12,Asthma
13659,3787,133,6,2025-09-10,2026-01-10,Asthma
13660,2486,210,16,2026-03-13,2026-03-21,Diabetes
13661,1624,176,7,2024-11-07,2025-12-11,Fracture
13662,4844,199,5,2025-04-19,2025-08-19,Fracture
13663,2060,55,8,2024-09-03,2025-09-08,Cancer
13664,4053,31,2,2026-07-09,2026-07-09,Diabetes
13665,222,80,11,2024-10-31,2025-09-30,Fracture
13666,3703,36,16,2024-10-13,2026-07-05,Diabetes
13667,2527,217,7,2024-12-20,2025-02-04,Hypertension
13668,4133,128,6,2024-10-30,2026-03-12,Diabetes
13669,3023,42,2,2024-10-02,2025-05-27,Kidney Stones
13670,773,150,1,2025-10-15,2025-12-15,Fracture
13671,513,35,13,2026-06-29,2026-07-12,Diabetes
13672,3971,60,10,2024-10-02,2025-11-16,Cancer
13673,4631,169,8,2026-01-24,2026-02-10,Asthma
13674,1585,50,19,2026-02-22,2026-03-31,Stroke
13675,2824,83,16,2024-08-12,2026-02-20,Asthma
13676,3741,155,2,2025-02-27,2025-05-26,Cancer
13677,3721,209,16,2025-06-28,2025-10-06,Hypertension
13678,4298,138,18,2025-05-29,2026-06-15,Fracture
13679,4599,53,1,2025-07-05,2025-12-24,Hypertension
13680,2050,21,11,2024-08-23,2026-02-07,Fracture
13681,3517,22,16,2024-11-20,2025-01-05,Covid
13682,4758,138,14,2025-01-31,2025-08-07,Kidney Stones
13683,1037,132,4,2025-06-16,2025-07-27,Asthma
13684,727,72,8,2025-10-23,2026-03-08,Hypertension
13685,1458,216,14,2025-01-08,2026-06-06,Fracture
13686,1205,55,13,2025-07-15,2026-04-28,Migraine
13687,1018,71,6,2026-01-27,2026-05-17,Fracture
13688,1923,5,4,2025-03-28,2026-05-31,Diabetes
13689,348,59,5,2024-09-21,2025-10-23,Covid
13690,1751,26,12,2025-01-16,2025-02-28,Hypertension
13691,3350,49,8,2026-03-19,2026-07-08,Stroke
13692,4237,73,1,2025-05-09,2026-03-13,Asthma
13693,2504,182,5,2024-12-10,2025-01-18,Pneumonia
13694,1152,191,9,2026-02-05,2026-05-20,Covid
13695,2432,27,15,2026-07-05,2026-07-12,Asthma
13696,3384,229,4,2024-08-22,2025-04-21,Hypertension
13697,1688,101,11,2026-05-04,2026-05-18,Fracture
13698,2348,163,20,2025-11-29,2026-06-13,Hypertension
13699,2584,77,5,2025-03-28,2025-07-23,Fracture
13700,2354,180,17,2026-04-01,2026-05-03,Kidney Stones
13701,145,143,2,2024-10-30,2024-12-21,Fracture
13702,1678,165,1,2024-12-29,2026-03-10,Asthma
13703,3997,196,8,2026-02-04,2026-03-21,Pneumonia
13704,1547,164,18,2026-01-08,2026-07-06,Fracture
13705,2663,211,4,2025-09-18,2026-05-20,Pneumonia
13706,158,243,18,2025-12-25,2026-07-29,Diabetes
13707,1322,73,15,2025-11-14,2026-02-17,Cancer
13708,4166,195,15,2026-05-25,2026-08-16,Hypertension
13709,2813,93,11,2025-11-28,2026-02-23,Diabetes
13710,2664,228,7,2024-09-29,2025-01-22,Cancer
13711,3686,214,4,2024-11-13,2024-12-03,Cancer
13712,4233,226,17,2025-06-02,2025-08-19,Stroke
13713,1290,93,1,2025-08-27,2026-03-22,Hypertension
13714,2226,86,17,2024-10-30,2025-03-09,Migraine
13715,2503,244,1,2025-11-13,2025-11-14,Kidney Stones
13716,4454,129,4,2026-04-27,2026-05-03,Pneumonia
13717,1998,83,4,2025-06-27,2025-10-18,Stroke
13718,2686,105,7,2025-09-14,2026-07-12,Asthma
13719,2746,57,12,2026-01-14,2026-07-31,Fracture
13720,535,22,19,2026-01-11,2026-06-22,Cancer
13721,882,196,14,2025-02-19,2026-05-03,Stroke
13722,785,48,13,2024-10-21,2025-07-24,Diabetes
13723,2265,76,10,2026-05-24,2026-06-22,Fracture
13724,583,248,19,2026-04-06,2026-06-17,Kidney Stones
13725,2230,172,10,2025-07-18,2026-02-25,Fracture
13726,2233,116,9,2024-11-04,2025-11-04,Cancer
13727,1383,139,20,2025-12-01,2026-06-16,Fracture
13728,2901,226,18,2024-08-30,2025-08-15,Diabetes
13729,3336,176,8,2025-09-24,2026-06-01,Cancer
13730,3139,193,4,2025-10-20,2026-04-21,Diabetes
13731,4109,81,20,2025-07-10,2025-10-03,Cancer
13732,564,179,4,2026-05-21,2026-08-10,Kidney Stones
13733,3429,39,1,2026-02-09,2026-08-11,Kidney Stones
13734,3943,16,20,2025-05-03,2025-08-20,Hypertension
13735,3278,44,12,2025-01-10,2025-07-04,Cancer
13736,3338,246,20,2025-01-02,2025-06-24,Diabetes
13737,2724,16,11,2025-05-12,2025-06-27,Pneumonia
13738,3910,30,10,2025-11-25,2026-01-06,Asthma
13739,4971,39,8,2025-06-03,2025-09-26,Migraine
13740,2058,142,18,2025-07-04,2025-11-08,Fracture
13741,4435,72,2,2025-04-20,2026-05-12,Pneumonia
13742,1297,73,2,2026-01-28,2026-07-21,Cancer
13743,3036,74,4,2026-07-09,2026-08-16,Covid
13744,2799,72,18,2026-01-29,2026-06-08,Fracture
13745,3789,49,18,2024-12-26,2025-05-11,Hypertension
13746,728,77,17,2024-12-02,2026-06-25,Cancer
13747,4899,100,9,2024-08-16,2025-11-10,Hypertension
13748,4177,206,12,2024-09-14,2025-08-14,Cancer
13749,2166,75,11,2024-12-09,2026-07-14,Hypertension
13750,1707,33,5,2024-11-18,2026-05-10,Stroke
13751,514,156,11,2024-10-20,2025-07-30,Hypertension
13752,178,132,15,2025-07-16,2025-10-05,Kidney Stones
13753,353,174,12,2025-09-13,2025-09-30,Asthma
13754,1548,169,4,2026-01-29,2026-06-21,Fracture
13755,1322,107,9,2025-10-26,2025-11-07,Asthma
13756,1490,69,1,2025-07-06,2026-02-05,Covid
13757,2283,90,19,2026-04-17,2026-08-08,Kidney Stones
13758,4264,13,10,2025-11-30,2026-01-01,Fracture
13759,4541,25,5,2025-07-18,2026-03-12,Diabetes
13760,832,191,7,2025-02-15,2026-02-04,Kidney Stones
13761,3848,165,13,2025-07-03,2025-08-14,Stroke
13762,3185,166,7,2024-08-29,2026-06-11,Hypertension
13763,2533,57,6,2025-10-10,2026-08-05,Cancer
13764,1787,57,15,2026-05-21,2026-07-18,Hypertension
13765,218,217,10,2026-03-14,2026-03-20,Diabetes
13766,4831,163,4,2025-04-30,2025-07-15,Stroke
13767,4363,20,10,2025-07-30,2026-04-30,Hypertension
13768,4020,246,2,2026-05-23,2026-07-14,Stroke
13769,3209,37,8,2025-03-28,2026-05-07,Kidney Stones
13770,1830,88,5,2026-04-14,2026-06-30,Cancer
13771,4613,26,18,2026-02-06,2026-06-28,Diabetes
13772,3721,241,10,2026-06-15,2026-08-08,Covid
13773,3553,13,7,2026-04-01,2026-08-03,Asthma
13774,1977,206,12,2025-05-09,2026-05-01,Fracture
13775,3495,19,18,2026-07-19,2026-08-10,Fracture
13776,34,119,19,2025-10-06,2026-08-16,Pneumonia
13777,820,159,7,2025-06-26,2026-04-27,Migraine
13778,4058,216,2,2025-05-22,2025-06-04,Diabetes
13779,1904,11,10,2025-06-24,2026-01-08,Hypertension
13780,1405,98,18,2025-09-07,2025-12-01,Diabetes
13781,2762,84,9,2025-08-22,2025-10-09,Hypertension
13782,2520,132,1,2024-11-02,2025-03-08,Covid
13783,2076,63,15,2025-12-11,2026-04-26,Covid
13784,3803,21,8,2025-10-23,2026-04-06,Fracture
13785,4230,215,7,2024-12-08,2025-03-23,Asthma
13786,1066,223,3,2025-10-24,2026-02-08,Pneumonia
13787,4303,248,8,2025-07-09,2026-03-01,Covid
13788,3698,144,12,2024-10-21,2026-04-11,Cancer
13789,898,118,13,2026-05-20,2026-06-10,Pneumonia
13790,2348,159,20,2025-12-22,2026-06-19,Diabetes
13791,2026,134,3,2025-05-22,2026-02-27,Fracture
13792,4933,211,20,2026-07-04,2026-07-23,Cancer
13793,3065,237,17,2026-05-27,2026-08-15,Fracture
13794,3565,20,2,2025-10-13,2026-03-10,Asthma
13795,3677,69,8,2025-10-15,2026-07-27,Pneumonia
13796,4796,178,12,2024-10-09,2026-06-06,Diabetes
13797,1639,170,2,2026-02-06,2026-08-15,Fracture
13798,4846,84,7,2024-08-28,2026-05-26,Asthma
13799,4847,84,16,2025-05-02,2025-08-03,Migraine
13800,4123,2,9,2026-03-03,2026-04-07,Covid
13801,704,12,18,2025-03-14,2026-03-26,Pneumonia
13802,2250,66,8,2025-04-25,2026-05-18,Covid
13803,1772,87,8,2026-05-08,2026-06-15,Fracture
13804,615,207,13,2026-07-11,2026-08-11,Cancer
13805,4884,84,19,2026-04-23,2026-05-09,Migraine
13806,1319,64,8,2025-06-24,2026-07-04,Migraine
13807,2337,110,4,2026-03-20,2026-05-06,Diabetes
13808,135,170,20,2026-04-08,2026-06-18,Pneumonia
13809,2545,25,19,2025-09-24,2026-03-09,Kidney Stones
13810,1204,84,5,2025-11-25,2025-12-31,Asthma
13811,2885,100,5,2026-03-22,2026-04-14,Fracture
13812,3484,213,8,2025-04-22,2025-10-14,Hypertension
13813,1764,1,12,2025-11-11,2026-05-16,Migraine
13814,1846,183,6,2025-01-10,2025-01-23,Covid
13815,1374,29,9,2026-06-19,2026-08-05,Fracture
13816,3852,44,10,2025-10-15,2026-04-17,Pneumonia
13817,3322,85,12,2025-07-15,2026-06-20,Diabetes
13818,1981,60,12,2025-02-09,2025-02-23,Stroke
13819,1521,138,6,2025-09-28,2026-05-07,Covid
13820,3923,133,17,2024-09-07,2025-11-15,Migraine
13821,2686,51,1,2025-08-28,2025-10-12,Diabetes
13822,1735,215,16,2025-07-02,2026-03-22,Covid
13823,1521,40,14,2026-05-31,2026-08-01,Stroke
13824,45,134,8,2024-12-22,2026-07-25,Migraine
13825,4500,73,15,2025-05-23,2025-05-31,Asthma
13826,940,248,16,2025-05-26,2026-01-13,Migraine
13827,1412,132,12,2026-05-19,2026-08-11,Hypertension
13828,1394,58,4,2025-07-16,2025-11-29,Kidney Stones
13829,146,98,13,2026-07-21,2026-08-13,Hypertension
13830,3133,36,18,2026-02-16,2026-08-07,Asthma
13831,3276,214,1,2025-08-04,2026-08-14,Cancer
13832,1025,77,9,2026-05-20,2026-08-13,Cancer
13833,713,217,12,2026-04-24,2026-05-04,Kidney Stones
13834,2472,111,18,2024-08-20,2025-12-13,Cancer
13835,3973,100,12,2024-09-07,2026-01-26,Fracture
13836,1956,164,15,2025-05-29,2025-10-05,Fracture
13837,3451,157,14,2026-07-28,2026-08-11,Covid
13838,385,238,14,2025-05-17,2025-07-08,Asthma
13839,1861,114,18,2026-01-15,2026-03-20,Asthma
13840,3531,165,9,2025-10-28,2026-01-13,Asthma
13841,2324,108,5,2025-08-11,2025-09-15,Covid
13842,1183,56,3,2024-12-17,2025-05-07,Pneumonia
13843,4087,231,2,2024-11-22,2025-02-23,Hypertension
13844,2205,46,12,2026-05-06,2026-05-22,Hypertension
13845,644,43,17,2024-09-16,2024-11-07,Asthma
13846,1301,125,7,2025-09-25,2026-07-01,Fracture
13847,811,81,7,2025-02-01,2026-01-07,Stroke
13848,3659,211,5,2026-03-01,2026-08-12,Stroke
13849,4273,122,14,2025-06-04,2025-12-25,Diabetes
13850,1757,200,9,2026-07-09,2026-07-12,Kidney Stones
13851,1348,140,11,2025-06-03,2025-12-31,Stroke
13852,1157,121,20,2025-12-05,2026-05-28,Pneumonia
13853,165,234,17,2025-10-02,2026-04-03,Kidney Stones
13854,3837,134,9,2026-05-31,2026-08-02,Cancer
13855,3617,182,6,2025-05-04,2025-07-08,Diabetes
13856,169,164,14,2026-02-07,2026-07-22,Fracture
13857,2144,159,12,2024-11-16,2025-08-22,Migraine
13858,3880,157,12,2024-08-06,2024-10-30,Fracture
13859,289,137,13,2025-11-08,2026-07-02,Migraine
13860,4047,70,19,2026-03-05,2026-07-22,Hypertension
13861,4482,199,2,2025-08-12,2026-01-09,Pneumonia
13862,4944,96,1,2025-07-26,2025-11-25,Covid
13863,4554,43,4,2025-12-29,2026-03-04,Cancer
13864,1717,148,1,2026-04-18,2026-07-13,Pneumonia
13865,284,143,10,2025-06-16,2025-12-09,Hypertension
13866,4933,23,2,2026-06-29,2026-07-15,Migraine
13867,2860,200,8,2026-07-03,2026-07-25,Fracture
13868,921,186,5,2026-02-06,2026-02-21,Diabetes
13869,1510,98,15,2025-11-17,2026-01-13,Migraine
13870,3302,10,1,2026-02-10,2026-03-19,Hypertension
13871,157,101,15,2025-07-21,2025-11-19,Diabetes
13872,4055,21,1,2025-07-26,2025-12-04,Cancer
13873,4348,30,10,2024-08-09,2025-05-02,Asthma
13874,268,226,6,2024-11-08,2025-10-25,Pneumonia
13875,2225,56,2,2026-02-20,2026-08-15,Hypertension
13876,4635,67,1,2026-01-07,2026-04-14,Kidney Stones
13877,2325,83,15,2025-12-15,2026-05-19,Pneumonia
13878,4144,180,14,2026-02-10,2026-05-07,Diabetes
13879,3997,172,3,2026-07-31,2026-08-16,Fracture
13880,2431,129,20,2025-07-15,2026-07-07,Diabetes
13881,922,16,9,2025-08-11,2025-11-06,Stroke
13882,4978,153,13,2025-10-01,2026-04-06,Stroke
13883,2443,76,4,2025-01-20,2025-01-30,Fracture
13884,2437,17,6,2026-02-08,2026-05-12,Fracture
13885,2585,95,8,2025-07-24,2026-01-05,Cancer
13886,1918,183,5,2026-04-29,2026-05-13,Kidney Stones
13887,102,5,11,2024-12-10,2024-12-31,Fracture
13888,2223,163,12,2024-12-02,2026-05-04,Migraine
13889,4778,207,8,2025-11-02,2026-02-18,Pneumonia
13890,4635,124,15,2025-12-18,2026-01-06,Stroke
13891,4776,108,11,2025-06-15,2025-09-19,Kidney Stones
13892,165,207,7,2025-04-11,2026-05-17,Hypertension
13893,188,13,18,2024-08-29,2026-07-25,Diabetes
13894,2821,28,7,2026-04-01,2026-06-07,Diabetes
13895,536,112,14,2025-02-12,2025-03-18,Migraine
13896,925,150,7,2026-04-26,2026-06-18,Asthma
13897,2201,170,17,2025-06-30,2025-08-15,Fracture
13898,3541,192,8,2025-08-28,2026-03-26,Migraine
13899,1974,138,17,2024-12-06,2025-05-23,Fracture
13900,3780,95,13,2026-05-09,2026-06-24,Cancer
13901,2184,20,4,2026-03-21,2026-06-14,Stroke
13902,4952,56,19,2025-07-03,2025-09-08,Cancer
13903,490,125,8,2025-09-12,2025-11-15,Fracture
13904,4115,140,14,2026-05-03,2026-07-29,Stroke
13905,4078,32,10,2026-04-28,2026-07-02,Kidney Stones
13906,2557,174,1,2025-08-15,2025-10-14,Pneumonia
13907,3704,229,2,2024-09-15,2024-11-05,Pneumonia
13908,507,62,13,2025-05-31,2026-03-06,Pneumonia
13909,4552,236,19,2026-04-19,2026-05-04,Asthma
13910,1152,58,16,2025-06-14,2025-12-24,Stroke
13911,2047,91,1,2026-06-23,2026-07-08,Hypertension
13912,344,54,5,2025-07-12,2026-03-26,Pneumonia
13913,3065,40,3,2026-06-20,2026-08-11,Migraine
13914,4793,145,6,2026-03-22,2026-07-14,Diabetes
13915,1423,8,20,2025-09-27,2026-08-15,Migraine
13916,732,75,2,2025-09-29,2025-10-12,Fracture
13917,3791,214,5,2025-01-23,2025-12-17,Asthma
13918,1295,244,13,2026-02-03,2026-02-07,Hypertension
13919,2036,19,19,2025-12-06,2026-03-03,Stroke
13920,3808,112,1,2024-10-14,2026-03-01,Diabetes
13921,4730,228,7,2026-04-17,2026-06-10,Covid
13922,1288,30,9,2026-03-29,2026-07-20,Asthma
13923,2792,46,10,2024-09-08,2024-10-21,Kidney Stones
13924,1061,215,16,2025-02-05,2025-11-20,Covid
13925,508,128,9,2026-02-11,2026-04-09,Diabetes
13926,455,206,16,2026-01-15,2026-03-28,Covid
13927,3017,214,15,2025-10-06,2025-12-05,Stroke
13928,3979,192,15,2025-07-04,2025-10-29,Pneumonia
13929,3325,131,20,2025-07-16,2025-07-18,Diabetes
13930,2436,4,15,2026-07-16,2026-07-24,Hypertension
13931,4089,38,11,2025-06-15,2026-02-10,Kidney Stones
13932,3825,48,6,2025-06-29,2026-02-20,Diabetes
13933,4007,3,18,2025-11-10,2026-04-02,Pneumonia
13934,690,65,12,2025-11-06,2026-02-19,Pneumonia
13935,203,22,6,2025-10-06,2026-01-27,Migraine
13936,1017,104,7,2025-10-12,2025-12-08,Hypertension
13937,3151,106,9,2026-07-06,2026-07-28,Kidney Stones
13938,1944,134,11,2026-07-27,2026-08-15,Fracture
13939,4838,95,5,2024-10-28,2025-04-05,Pneumonia
13940,2563,128,5,2025-04-01,2025-06-11,Fracture
13941,1218,34,8,2025-12-30,2026-04-07,Diabetes
13942,488,203,3,2024-11-28,2024-12-22,Covid
13943,3897,20,13,2025-01-14,2025-12-25,Asthma
13944,3135,71,15,2024-12-18,2026-06-05,Hypertension
13945,2038,122,10,2025-07-08,2025-08-15,Kidney Stones
13946,4320,144,2,2025-10-30,2026-06-05,Kidney Stones
13947,2835,189,1,2025-08-23,2026-07-12,Fracture
13948,274,231,10,2024-08-26,2026-07-28,Migraine
13949,4789,210,3,2025-09-02,2025-10-26,Cancer
13950,3873,57,5,2026-06-11,2026-07-29,Hypertension
13951,1320,79,20,2025-11-16,2026-04-19,Covid
13952,3316,98,5,2024-11-19,2025-12-25,Diabetes
13953,196,41,16,2024-09-06,2025-02-18,Migraine
13954,3511,84,13,2026-03-18,2026-04-29,Diabetes
13955,2640,185,4,2025-01-28,2025-10-12,Kidney Stones
13956,2003,213,17,2026-01-05,2026-05-31,Kidney Stones
13957,3880,50,7,2024-08-09,2025-09-07,Cancer
13958,2469,28,8,2026-05-26,2026-07-23,Asthma
13959,2248,227,7,2025-07-01,2026-02-09,Hypertension
13960,4511,94,20,2025-09-10,2026-07-18,Hypertension
13961,1123,102,2,2025-06-04,2026-03-30,Covid
13962,4931,240,14,2026-03-05,2026-07-02,Asthma
13963,87,57,15,2025-07-26,2025-09-12,Kidney Stones
13964,324,165,2,2026-07-04,2026-07-14,Pneumonia
13965,2374,195,11,2025-07-25,2025-12-14,Diabetes
13966,4288,147,6,2024-11-26,2026-04-06,Fracture
13967,3943,65,9,2024-10-28,2025-11-30,Asthma
13968,2491,170,4,2024-08-09,2026-08-15,Pneumonia
13969,3539,128,12,2026-06-06,2026-06-08,Fracture
13970,2131,206,4,2025-04-13,2025-08-04,Migraine
13971,3003,149,14,2025-09-14,2026-06-08,Fracture
13972,3654,60,14,2025-05-22,2025-08-06,Asthma
13973,4393,210,15,2025-10-17,2026-07-02,Migraine
13974,1197,179,6,2025-03-01,2025-10-23,Kidney Stones
13975,633,151,4,2024-11-18,2025-07-01,Pneumonia
13976,4912,194,18,2025-08-08,2025-12-29,Pneumonia
13977,1235,109,5,2025-09-26,2025-10-19,Cancer
13978,1066,57,10,2024-11-21,2026-08-12,Stroke
13979,236,206,16,2025-09-29,2026-01-01,Diabetes
13980,648,81,5,2025-01-07,2026-07-18,Covid
13981,1737,56,3,2025-07-25,2025-07-28,Cancer
13982,3704,1,2,2026-07-05,2026-07-17,Hypertension
13983,848,224,17,2025-12-02,2026-01-07,Fracture
13984,3840,222,3,2024-08-10,2025-09-14,Stroke
13985,4666,100,7,2026-05-25,2026-06-03,Kidney Stones
13986,1637,189,15,2025-06-13,2026-07-06,Asthma
13987,3783,210,2,2024-08-10,2025-08-19,Kidney Stones
13988,967,107,7,2025-02-09,2025-09-10,Hypertension
13989,22,4,18,2025-08-08,2025-08-21,Kidney Stones
13990,143,125,4,2025-09-15,2026-06-28,Migraine
13991,3341,46,2,2024-12-17,2024-12-20,Hypertension
13992,4902,41,6,2025-10-05,2026-06-03,Fracture
13993,4445,43,3,2025-10-16,2025-12-07,Diabetes
13994,3607,25,19,2025-10-24,2026-07-17,Asthma
13995,830,1,18,2025-04-08,2025-05-11,Diabetes
13996,1540,199,6,2026-03-24,2026-05-28,Hypertension
13997,2191,171,4,2025-05-21,2026-05-21,Kidney Stones
13998,3572,16,3,2025-04-06,2025-08-30,Stroke
13999,3564,99,13,2026-03-09,2026-03-27,Covid
14000,3211,211,13,2025-09-03,2025-11-16,Asthma
14001,3792,143,16,2026-07-15,2026-07-30,Hypertension
14002,2838,219,13,2025-11-09,2026-01-20,Stroke
14003,1909,21,14,2025-06-07,2025-09-11,Cancer
14004,644,68,3,2025-01-11,2026-04-22,Kidney Stones
14005,230,170,14,2024-09-27,2024-11-17,Stroke
14006,2481,24,10,2026-03-29,2026-06-15,Migraine
14007,2234,111,1,2025-03-26,2025-04-20,Migraine
14008,4292,236,15,2026-03-15,2026-06-04,Hypertension
14009,2366,189,14,2025-03-22,2026-02-13,Pneumonia
14010,2373,77,13,2025-02-23,2025-05-26,Fracture
14011,4575,101,12,2026-03-19,2026-04-23,Cancer
14012,2376,41,14,2025-09-16,2025-11-17,Hypertension
14013,553,151,17,2026-08-04,2026-08-13,Cancer
14014,4535,158,11,2025-09-15,2025-10-20,Diabetes
14015,1140,160,16,2025-12-03,2025-12-30,Asthma
14016,633,178,7,2025-04-24,2025-07-26,Diabetes
14017,921,4,11,2025-12-23,2026-04-18,Fracture
14018,667,155,7,2025-03-07,2025-12-26,Diabetes
14019,2973,39,20,2025-08-29,2026-01-11,Kidney Stones
14020,3197,222,18,2026-02-25,2026-04-28,Asthma
14021,4534,104,4,2025-09-09,2026-06-26,Migraine
14022,271,233,1,2025-08-29,2025-12-29,Diabetes
14023,507,224,17,2025-11-19,2026-02-09,Asthma
14024,514,247,3,2025-01-12,2025-02-20,Migraine
14025,174,147,16,2025-07-01,2025-08-21,Stroke
14026,1663,176,19,2026-04-11,2026-07-01,Hypertension
14027,3232,56,13,2024-12-16,2025-01-12,Stroke
14028,2038,228,17,2024-11-26,2025-11-21,Asthma
14029,4741,39,2,2025-08-28,2025-11-17,Fracture
14030,4341,146,18,2025-12-11,2026-04-17,Migraine
14031,4054,110,5,2026-01-07,2026-07-15,Kidney Stones
14032,2120,58,8,2025-11-23,2025-11-29,Kidney Stones
14033,300,26,16,2025-06-23,2026-02-23,Hypertension
14034,1813,125,15,2024-11-04,2025-09-18,Fracture
14035,3162,34,7,2024-11-06,2025-03-06,Asthma
14036,3237,129,17,2025-02-14,2026-04-15,Fracture
14037,1040,67,5,2024-12-01,2026-04-14,Pneumonia
14038,627,121,20,2026-04-27,2026-05-24,Migraine
14039,3064,168,4,2024-08-07,2026-06-03,Covid
14040,2070,56,17,2026-01-26,2026-02-16,Migraine
14041,2223,34,16,2024-12-26,2026-07-10,Migraine
14042,2595,82,20,2025-06-04,2025-09-24,Asthma
14043,3362,98,15,2026-03-26,2026-06-30,Hypertension
14044,503,63,6,2024-10-24,2025-04-16,Fracture
14045,640,151,16,2024-12-06,2025-11-08,Migraine
14046,4284,206,7,2024-10-27,2025-05-03,Asthma
14047,1130,212,2,2026-06-14,2026-08-16,Fracture
14048,2162,196,19,2024-08-26,2025-10-25,Fracture
14049,2958,13,19,2025-01-23,2026-05-23,Migraine
14050,4655,179,12,2024-09-19,2025-02-27,Covid
14051,1651,61,2,2024-12-12,2026-01-02,Hypertension
14052,102,90,16,2025-07-10,2026-04-27,Diabetes
14053,4207,124,8,2026-02-22,2026-08-13,Fracture
14054,3129,80,3,2025-04-16,2025-12-20,Pneumonia
14055,1286,246,6,2025-07-14,2026-07-31,Hypertension
14056,647,59,16,2025-12-14,2026-04-20,Migraine
14057,1873,34,1,2024-08-09,2026-08-16,Hypertension
14058,4961,160,4,2025-08-04,2026-06-18,Hypertension
14059,332,206,10,2026-05-18,2026-06-15,Covid
14060,1338,191,20,2024-09-30,2025-04-24,Covid
14061,1904,144,1,2026-07-22,2026-08-15,Hypertension
14062,415,198,20,2025-09-01,2026-05-11,Migraine
14063,4102,155,5,2025-08-31,2025-12-28,Pneumonia
14064,3859,129,3,2026-05-22,2026-08-07,Cancer
14065,2964,60,3,2025-02-20,2025-04-08,Kidney Stones
14066,4538,208,6,2025-08-28,2026-05-19,Fracture
14067,678,42,9,2026-07-09,2026-07-09,Diabetes
14068,2336,78,3,2025-07-07,2026-05-26,Kidney Stones
14069,1268,99,10,2025-06-10,2025-12-27,Diabetes
14070,4375,123,11,2024-10-30,2025-10-13,Stroke
14071,3985,240,2,2024-08-28,2026-05-05,Stroke
14072,3157,134,15,2025-03-07,2025-06-16,Diabetes
14073,3255,20,18,2024-08-24,2025-06-12,Kidney Stones
14074,858,68,4,2025-12-06,2026-05-23,Asthma
14075,4782,37,2,2026-04-29,2026-07-03,Cancer
14076,1136,222,4,2025-06-18,2025-08-15,Cancer
14077,3547,224,20,2026-04-11,2026-07-21,Kidney Stones
14078,2740,70,20,2024-12-25,2025-05-09,Kidney Stones
14079,3099,37,2,2025-04-19,2025-12-20,Asthma
14080,3103,236,18,2026-01-08,2026-06-27,Fracture
14081,4654,242,3,2026-01-06,2026-08-08,Covid
14082,685,116,6,2025-11-11,2026-02-22,Cancer
14083,909,53,8,2025-07-12,2025-08-05,Asthma
14084,4159,123,20,2025-07-08,2026-03-26,Asthma
14085,2153,94,10,2025-03-09,2025-08-06,Fracture
14086,154,236,18,2026-02-17,2026-07-26,Cancer
14087,1850,119,2,2025-02-25,2026-07-16,Hypertension
14088,2887,32,18,2025-04-08,2025-07-20,Pneumonia
14089,3854,190,16,2026-05-03,2026-05-03,Cancer
14090,2894,124,9,2026-04-02,2026-07-29,Asthma
14091,3664,97,13,2026-02-24,2026-07-17,Migraine
14092,3860,218,17,2025-03-19,2025-07-15,Pneumonia
14093,753,186,12,2025-12-18,2026-04-15,Stroke
14094,2700,153,1,2024-11-20,2025-03-26,Stroke
14095,3966,45,16,2026-02-08,2026-02-18,Fracture
14096,4484,40,6,2025-03-26,2026-01-30,Diabetes
14097,3209,31,11,2026-03-24,2026-08-11,Pneumonia
14098,829,250,14,2025-02-20,2026-05-05,Stroke
14099,2480,24,8,2025-03-03,2026-06-05,Covid
14100,824,115,6,2024-12-08,2026-01-14,Pneumonia
14101,131,140,1,2025-04-04,2026-01-27,Stroke
14102,3691,7,19,2026-03-17,2026-07-21,Diabetes
14103,4018,9,10,2026-03-15,2026-06-25,Covid
14104,4343,45,17,2026-04-09,2026-05-01,Asthma
14105,173,157,8,2024-12-20,2025-11-23,Kidney Stones
14106,2995,71,11,2025-06-25,2026-07-08,Pneumonia
14107,2651,170,8,2025-06-28,2026-05-15,Asthma
14108,4275,221,2,2026-04-27,2026-06-15,Asthma
14109,3597,74,5,2026-07-13,2026-07-18,Hypertension
14110,2429,188,20,2024-12-04,2026-06-26,Hypertension
14111,1951,244,3,2024-12-31,2026-07-30,Diabetes
14112,2841,207,20,2026-05-20,2026-05-31,Diabetes
14113,1730,147,20,2025-12-26,2026-05-11,Migraine
14114,960,60,10,2025-08-12,2025-12-10,Pneumonia
14115,1612,101,14,2026-08-02,2026-08-05,Pneumonia
14116,3375,59,7,2026-03-18,2026-07-02,Covid
14117,2739,56,18,2026-01-25,2026-07-11,Cancer
14118,804,139,19,2024-10-22,2026-06-05,Pneumonia
14119,708,196,13,2024-12-02,2025-02-20,Asthma
14120,3930,68,19,2026-06-20,2026-07-18,Cancer
14121,1855,187,16,2024-08-17,2025-01-08,Stroke
14122,3104,167,5,2026-03-18,2026-04-08,Hypertension
14123,2095,43,15,2025-07-10,2025-09-28,Stroke
14124,3613,23,4,2026-03-26,2026-04-27,Cancer
14125,3867,25,14,2025-04-02,2026-01-14,Covid
14126,4112,65,17,2025-02-18,2026-04-07,Asthma
14127,452,29,3,2026-05-05,2026-07-27,Stroke
14128,3329,16,2,2025-04-29,2025-09-21,Cancer
14129,3839,85,16,2024-10-24,2025-03-15,Asthma
14130,3208,45,17,2024-08-11,2025-04-12,Cancer
14131,3609,174,7,2026-04-10,2026-04-28,Covid
14132,132,230,19,2025-12-31,2026-07-31,Diabetes
14133,3962,132,7,2025-09-13,2025-11-19,Pneumonia
14134,1946,221,8,2024-08-24,2024-11-19,Fracture
14135,865,123,8,2026-07-29,2026-08-13,Covid
14136,2222,83,15,2024-08-29,2025-10-24,Cancer
14137,212,198,2,2026-01-23,2026-06-14,Kidney Stones
14138,4686,186,12,2025-06-26,2026-05-03,Asthma
14139,3689,176,3,2025-01-03,2026-06-04,Fracture
14140,4495,33,14,2026-05-21,2026-07-01,Diabetes
14141,2984,39,10,2024-10-15,2026-06-11,Migraine
14142,4381,72,1,2025-09-12,2025-12-10,Cancer
14143,2626,53,16,2025-05-04,2025-08-01,Covid
14144,4883,158,2,2026-08-02,2026-08-06,Hypertension
14145,4177,48,19,2024-09-01,2025-10-02,Cancer
14146,3715,159,4,2025-12-09,2026-01-31,Covid
14147,2939,237,2,2025-10-30,2026-02-27,Diabetes
14148,389,181,10,2025-09-26,2026-06-19,Diabetes
14149,339,147,5,2026-01-15,2026-02-10,Stroke
14150,4881,249,12,2025-01-06,2026-05-09,Diabetes
14151,3714,132,20,2025-03-07,2025-08-07,Pneumonia
14152,2755,221,13,2025-03-01,2026-07-27,Fracture
14153,1645,216,15,2025-11-15,2026-04-20,Fracture
14154,3638,142,9,2026-01-08,2026-08-10,Migraine
14155,3141,73,6,2025-07-19,2026-03-18,Covid
14156,2376,14,4,2026-02-16,2026-08-04,Asthma
14157,4629,242,1,2026-03-08,2026-06-07,Covid
14158,257,232,12,2025-01-27,2025-12-31,Hypertension
14159,2294,194,10,2024-08-13,2025-03-12,Pneumonia
14160,1116,79,5,2025-04-10,2026-06-09,Covid
14161,2736,204,18,2025-03-23,2026-07-04,Migraine
14162,4023,244,6,2024-08-18,2024-08-28,Stroke
14163,4451,215,7,2025-01-03,2025-09-23,Asthma
14164,951,70,10,2024-11-17,2025-08-09,Diabetes
14165,2579,239,8,2026-05-11,2026-07-07,Migraine
14166,1837,89,8,2026-01-24,2026-05-12,Fracture
14167,759,175,19,2025-05-24,2026-01-22,Covid
14168,604,65,19,2026-07-03,2026-07-23,Diabetes
14169,4943,28,15,2025-01-13,2025-04-17,Diabetes
14170,51,27,18,2025-10-08,2026-04-07,Kidney Stones
14171,4400,239,12,2024-09-30,2026-01-24,Hypertension
14172,4614,166,20,2024-11-24,2025-07-24,Hypertension
14173,409,180,18,2025-10-24,2026-02-14,Diabetes
14174,1730,4,18,2025-11-27,2025-12-03,Fracture
14175,585,110,4,2026-01-08,2026-08-07,Migraine
14176,2746,180,18,2025-03-12,2025-08-28,Hypertension
14177,3029,72,4,2025-11-08,2026-04-08,Diabetes
14178,4314,47,12,2025-05-13,2025-10-27,Migraine
14179,2065,194,5,2026-02-12,2026-06-22,Cancer
14180,3635,120,18,2025-09-11,2026-01-24,Asthma
14181,2722,241,10,2026-04-10,2026-06-23,Asthma
14182,4316,125,3,2025-09-21,2026-02-05,Diabetes
14183,1448,202,1,2024-11-14,2025-04-25,Diabetes
14184,4826,129,12,2025-02-01,2026-02-28,Stroke
14185,2454,216,18,2025-11-20,2026-04-08,Kidney Stones
14186,190,159,20,2026-04-22,2026-06-14,Pneumonia
14187,3960,217,17,2026-01-20,2026-05-12,Stroke
14188,1694,175,14,2026-03-19,2026-07-03,Migraine
14189,4090,64,16,2025-08-05,2025-10-21,Diabetes
14190,3,46,4,2025-11-17,2026-08-08,Hypertension
14191,981,156,13,2025-03-20,2026-01-19,Stroke
14192,563,115,18,2024-08-22,2025-11-07,Pneumonia
14193,3684,107,17,2026-02-12,2026-02-23,Migraine
14194,4483,90,8,2025-08-15,2025-12-14,Kidney Stones
14195,2360,42,16,2025-12-21,2026-07-21,Kidney Stones
14196,4045,250,3,2025-01-19,2026-01-20,Kidney Stones
14197,4203,76,3,2025-01-25,2025-07-15,Migraine
14198,434,199,20,2025-04-13,2025-10-19,Hypertension
14199,1626,140,18,2025-01-08,2025-04-10,Stroke
14200,907,48,20,2025-12-15,2026-06-08,Stroke
14201,3160,112,7,2026-01-11,2026-07-06,Diabetes
14202,391,226,16,2025-09-08,2026-03-25,Migraine
14203,4378,6,12,2024-11-27,2025-09-05,Diabetes
14204,4365,106,14,2025-08-08,2026-02-14,Pneumonia
14205,4794,82,1,2025-09-21,2026-03-30,Stroke
14206,1976,154,3,2026-05-15,2026-06-05,Hypertension
14207,1572,115,1,2025-05-20,2025-12-25,Cancer
14208,4032,146,1,2025-05-04,2025-08-05,Hypertension
14209,3766,143,16,2026-05-02,2026-06-08,Diabetes
14210,2324,166,4,2026-04-24,2026-07-18,Stroke
14211,4690,89,13,2026-07-24,2026-08-08,Kidney Stones
14212,1978,55,15,2025-08-05,2026-01-13,Fracture
14213,1490,247,20,2024-11-16,2026-01-09,Asthma
14214,3649,230,7,2025-06-10,2025-07-16,Hypertension
14215,4255,69,1,2024-09-04,2025-01-25,Pneumonia
14216,2585,107,11,2025-09-06,2025-12-27,Hypertension
14217,665,183,13,2026-03-31,2026-08-12,Diabetes
14218,2679,111,11,2026-07-28,2026-08-01,Diabetes
14219,2448,39,15,2025-12-11,2026-02-12,Migraine
14220,3701,39,19,2026-02-18,2026-03-29,Diabetes
14221,713,137,4,2025-04-23,2025-07-28,Asthma
14222,2760,151,9,2026-06-23,2026-08-12,Migraine
14223,1252,29,4,2025-06-25,2026-05-18,Hypertension
14224,4783,52,7,2026-03-05,2026-07-12,Asthma
14225,1767,171,2,2025-03-04,2025-12-20,Stroke
14226,4172,179,1,2024-12-06,2026-04-17,Covid
14227,2481,112,10,2025-04-14,2026-03-15,Pneumonia
14228,1096,73,9,2025-07-11,2025-11-18,Kidney Stones
14229,2182,94,11,2025-05-24,2025-09-26,Asthma
14230,2412,43,19,2024-11-30,2025-07-20,Kidney Stones
14231,2296,52,8,2024-09-14,2025-09-12,Covid
14232,1280,143,14,2025-10-16,2026-07-17,Asthma
14233,2143,205,15,2025-07-09,2026-01-02,Covid
14234,65,23,5,2025-09-02,2026-04-10,Migraine
14235,3607,63,15,2026-03-23,2026-07-16,Cancer
14236,2900,231,12,2024-10-18,2025-08-09,Kidney Stones
14237,2303,12,10,2025-04-03,2025-10-04,Migraine
14238,4263,41,19,2026-05-30,2026-07-15,Fracture
14239,3082,59,2,2024-09-25,2026-07-16,Hypertension
14240,407,152,19,2024-11-29,2024-12-28,Asthma
14241,144,159,18,2025-06-25,2026-02-13,Covid
14242,4944,123,20,2025-03-06,2025-05-10,Kidney Stones
14243,791,243,8,2025-04-12,2025-12-21,Asthma
14244,1791,92,6,2026-01-10,2026-02-05,Hypertension
14245,4790,127,20,2026-04-06,2026-07-16,Pneumonia
14246,4035,28,13,2026-02-10,2026-03-18,Kidney Stones
14247,3261,2,11,2026-03-03,2026-06-28,Fracture
14248,411,89,15,2026-08-05,2026-08-14,Diabetes
14249,1304,228,2,2026-01-19,2026-06-21,Cancer
14250,2044,127,17,2025-06-19,2025-09-13,Migraine
14251,3264,122,8,2024-12-23,2025-09-01,Asthma
14252,1525,92,3,2024-08-11,2025-03-03,Covid
14253,1497,92,7,2026-02-27,2026-05-26,Hypertension
14254,720,136,19,2025-05-11,2025-10-11,Stroke
14255,2126,82,17,2026-03-15,2026-03-15,Cancer
14256,4219,208,13,2025-08-26,2025-10-14,Diabetes
14257,207,224,11,2026-04-09,2026-05-20,Cancer
14258,1919,106,10,2025-04-27,2026-06-12,Fracture
14259,2222,17,11,2024-08-13,2024-10-21,Asthma
14260,2999,28,8,2026-02-03,2026-03-18,Covid
14261,2930,6,1,2025-06-28,2025-12-01,Cancer
14262,1365,11,18,2026-07-11,2026-08-01,Kidney Stones
14263,2865,118,2,2025-12-06,2026-04-29,Asthma
14264,1475,187,12,2026-02-17,2026-06-23,Migraine
14265,2289,235,6,2025-07-03,2026-01-02,Fracture
14266,1424,39,7,2026-02-01,2026-06-02,Migraine
14267,513,105,9,2024-12-31,2025-12-22,Migraine
14268,2981,137,20,2026-02-02,2026-05-06,Cancer
14269,447,230,11,2024-12-07,2026-05-19,Kidney Stones
14270,4729,58,12,2025-07-12,2025-08-19,Pneumonia
14271,790,165,4,2025-09-14,2025-12-05,Stroke
14272,1411,115,1,2026-01-24,2026-08-04,Kidney Stones
14273,1043,222,6,2025-10-28,2026-02-20,Migraine
14274,3924,230,19,2025-07-30,2026-01-19,Fracture
14275,113,38,6,2025-08-22,2025-09-05,Cancer
14276,3395,132,7,2026-05-26,2026-06-30,Covid
14277,3061,18,5,2025-02-08,2026-02-25,Pneumonia
14278,768,212,10,2025-06-06,2026-08-15,Cancer
14279,4151,69,7,2026-08-03,2026-08-16,Fracture
14280,1370,224,17,2025-01-16,2026-01-22,Diabetes
14281,3731,34,3,2025-04-11,2025-06-29,Fracture
14282,1204,117,5,2025-04-27,2025-08-14,Migraine
14283,4442,91,20,2025-02-26,2025-11-20,Kidney Stones
14284,119,47,15,2025-01-28,2025-04-21,Fracture
14285,1890,44,2,2025-09-21,2025-12-17,Migraine
14286,12,247,15,2025-01-28,2025-07-12,Pneumonia
14287,1188,121,5,2025-06-29,2026-04-07,Kidney Stones
14288,1298,211,9,2025-04-03,2026-08-01,Migraine
14289,1555,201,18,2025-08-18,2026-04-16,Covid
14290,902,76,20,2025-11-05,2026-06-12,Fracture
14291,119,127,5,2025-02-21,2026-08-04,Migraine
14292,4703,244,7,2025-06-03,2025-10-10,Kidney Stones
14293,3024,207,8,2024-09-26,2026-01-15,Covid
14294,4167,4,3,2026-03-11,2026-05-11,Migraine
14295,3348,184,8,2025-06-12,2026-05-12,Covid
14296,244,232,3,2025-06-14,2026-06-01,Kidney Stones
14297,3909,137,6,2024-10-13,2026-02-19,Fracture
14298,3490,117,18,2024-08-17,2025-12-15,Asthma
14299,4524,187,16,2025-08-23,2025-11-22,Asthma
14300,1152,207,16,2026-06-28,2026-07-05,Stroke
14301,2558,173,1,2026-06-10,2026-08-09,Pneumonia
14302,4216,181,9,2025-03-09,2026-07-02,Diabetes
14303,1922,54,6,2025-10-29,2025-11-09,Hypertension
14304,2581,106,1,2025-07-15,2026-04-14,Covid
14305,3040,195,7,2024-08-13,2025-11-25,Pneumonia
14306,3665,194,10,2026-08-06,2026-08-06,Fracture
14307,406,28,2,2025-06-02,2026-07-22,Migraine
14308,1852,197,4,2025-10-31,2025-11-07,Fracture
14309,2401,20,3,2025-07-14,2026-05-03,Hypertension
14310,3616,129,14,2025-06-09,2025-11-05,Fracture
14311,2541,32,19,2026-06-16,2026-07-04,Covid
14312,4297,195,13,2024-12-15,2025-11-30,Kidney Stones
14313,3343,5,10,2026-04-11,2026-06-27,Pneumonia
14314,4185,106,2,2024-12-18,2026-06-19,Fracture
14315,4373,149,10,2025-05-28,2026-03-24,Covid
14316,1711,120,18,2024-11-28,2025-10-20,Pneumonia
14317,2402,233,2,2026-05-02,2026-05-02,Covid
14318,2277,123,4,2026-07-23,2026-08-01,Cancer
14319,2643,134,9,2025-04-25,2025-07-07,Asthma
14320,3247,222,3,2025-06-24,2026-07-08,Diabetes
14321,324,168,9,2025-12-06,2026-02-13,Stroke
14322,4131,14,3,2026-07-03,2026-07-27,Kidney Stones
14323,4719,154,6,2024-10-31,2026-05-11,Pneumonia
14324,3552,114,2,2026-03-20,2026-04-04,Kidney Stones
14325,1592,82,1,2025-07-23,2025-10-20,Kidney Stones
14326,581,195,13,2025-10-14,2026-03-20,Hypertension
14327,3240,15,14,2026-03-15,2026-03-20,Migraine
14328,1378,9,13,2025-12-19,2026-02-26,Pneumonia
14329,1372,112,3,2026-07-06,2026-08-09,Fracture
14330,935,60,10,2025-10-18,2026-02-07,Pneumonia
14331,2036,143,12,2024-12-12,2025-06-17,Hypertension
14332,1728,25,7,2025-02-04,2026-03-27,Diabetes
14333,2444,90,10,2026-04-27,2026-07-23,Asthma
14334,2553,105,13,2024-11-03,2025-07-10,Covid
14335,1418,78,14,2024-12-31,2025-03-11,Hypertension
14336,3535,92,18,2026-01-08,2026-08-15,Covid
14337,1598,56,18,2025-11-11,2026-05-16,Kidney Stones
14338,2131,192,18,2024-12-13,2025-08-13,Hypertension
14339,346,144,4,2025-04-10,2025-05-10,Pneumonia
14340,4953,117,18,2025-12-09,2026-03-30,Diabetes
14341,789,134,20,2024-08-08,2025-02-22,Covid
14342,3369,148,12,2024-12-15,2026-01-03,Stroke
14343,2600,170,11,2025-02-23,2026-02-24,Asthma
14344,3765,136,16,2026-01-02,2026-07-05,Hypertension
14345,1925,86,20,2025-07-21,2026-04-04,Stroke
14346,3352,244,18,2025-01-04,2026-02-06,Diabetes
14347,1717,212,10,2026-03-12,2026-07-19,Migraine
14348,1450,25,14,2025-11-26,2026-03-11,Migraine
14349,4320,157,18,2026-03-04,2026-05-24,Cancer
14350,3414,203,13,2025-10-19,2026-04-09,Asthma
14351,784,89,12,2025-08-05,2026-05-31,Fracture
14352,222,73,7,2024-11-21,2025-04-21,Cancer
14353,2655,224,10,2026-07-24,2026-07-31,Stroke
14354,4023,41,7,2024-08-30,2025-03-24,Diabetes
14355,2214,172,7,2025-11-11,2026-06-29,Hypertension
14356,1407,78,19,2025-01-20,2026-07-21,Pneumonia
14357,4121,212,6,2024-09-28,2025-10-27,Fracture
14358,3713,248,5,2025-04-05,2025-05-08,Migraine
14359,3748,62,12,2024-09-14,2024-10-28,Kidney Stones
14360,2308,79,1,2025-02-16,2025-09-20,Hypertension
14361,3448,168,9,2025-03-17,2026-08-11,Fracture
14362,594,180,14,2025-05-08,2025-10-18,Diabetes
14363,3976,35,8,2024-12-19,2025-01-29,Hypertension
14364,590,69,3,2026-01-17,2026-03-24,Covid
14365,1329,13,3,2026-04-25,2026-06-17,Fracture
14366,3401,126,9,2025-09-05,2026-01-01,Stroke
14367,1861,189,5,2025-02-03,2025-07-13,Hypertension
14368,3904,191,15,2025-07-18,2026-07-15,Kidney Stones
14369,2506,34,19,2025-06-18,2025-09-02,Covid
14370,18,129,2,2025-11-21,2026-08-10,Stroke
14371,389,205,4,2025-03-19,2025-09-30,Fracture
14372,1085,121,14,2024-12-12,2025-10-23,Pneumonia
14373,2139,119,7,2025-12-21,2026-05-30,Fracture
14374,1176,19,12,2024-12-30,2025-12-05,Diabetes
14375,3584,21,2,2025-03-13,2025-05-07,Pneumonia
14376,1319,178,8,2025-10-29,2026-08-11,Cancer
14377,1283,133,14,2025-08-23,2026-06-19,Cancer
14378,2971,205,4,2025-06-18,2026-04-05,Asthma
14379,3665,16,5,2025-03-10,2026-06-16,Asthma
14380,1447,110,7,2025-05-13,2026-02-13,Migraine
14381,2588,26,16,2024-12-27,2025-04-02,Fracture
14382,1133,4,12,2024-12-04,2025-05-11,Covid
14383,4933,127,3,2025-10-17,2026-03-29,Fracture
14384,1233,110,8,2025-08-17,2026-06-29,Stroke
14385,2954,234,20,2026-04-07,2026-08-04,Hypertension
14386,349,245,11,2026-04-26,2026-08-15,Stroke
14387,3248,5,12,2024-09-22,2025-11-01,Asthma
14388,2346,115,8,2025-04-21,2025-05-20,Kidney Stones
14389,2431,187,12,2024-10-30,2025-11-04,Cancer
14390,3424,178,5,2025-12-01,2025-12-25,Fracture
14391,3585,10,14,2025-03-25,2025-10-05,Asthma
14392,2263,171,12,2025-02-18,2026-05-17,Kidney Stones
14393,157,39,9,2026-03-09,2026-04-02,Cancer
14394,4152,75,4,2026-02-11,2026-04-25,Fracture
14395,1452,54,13,2025-10-23,2026-01-19,Covid
14396,4056,165,14,2025-09-21,2026-04-06,Pneumonia
14397,344,89,6,2026-04-10,2026-07-20,Covid
14398,2946,24,12,2026-02-03,2026-05-08,Pneumonia
14399,1819,14,4,2025-07-03,2026-04-29,Migraine
14400,2802,243,11,2025-05-17,2025-09-22,Pneumonia
14401,3389,200,1,2025-09-20,2026-01-28,Cancer
14402,2245,94,11,2024-10-01,2025-09-16,Diabetes
14403,2302,234,18,2025-11-27,2026-01-12,Cancer
14404,380,9,17,2026-05-03,2026-06-06,Asthma
14405,3332,220,10,2026-01-24,2026-06-04,Hypertension
14406,4420,80,7,2024-11-03,2025-03-26,Diabetes
14407,4822,19,18,2026-02-27,2026-06-12,Stroke
14408,2187,50,19,2024-09-11,2024-09-14,Pneumonia
14409,1752,104,4,2026-03-15,2026-07-14,Covid
14410,1834,218,13,2025-09-21,2026-03-15,Kidney Stones
14411,4510,141,3,2026-03-16,2026-05-21,Pneumonia
14412,4207,220,3,2026-05-03,2026-07-20,Hypertension
14413,4753,12,16,2024-12-16,2025-11-09,Hypertension
14414,784,110,9,2025-03-16,2025-11-16,Stroke
14415,3540,121,12,2025-05-26,2025-08-30,Pneumonia
14416,1618,128,14,2026-01-23,2026-03-27,Stroke
14417,4995,109,12,2024-12-22,2025-06-04,Cancer
14418,3194,86,8,2026-01-13,2026-06-03,Fracture
14419,2922,107,12,2024-09-27,2025-10-25,Hypertension
14420,3658,196,16,2026-04-01,2026-04-02,Stroke
14421,2249,231,17,2025-10-03,2026-03-03,Migraine
14422,2088,144,12,2025-11-16,2026-07-31,Asthma
14423,4672,14,12,2026-04-19,2026-06-12,Kidney Stones
14424,2905,245,11,2024-12-20,2025-11-07,Asthma
14425,15,53,15,2026-07-14,2026-08-05,Asthma
14426,2337,150,7,2026-04-25,2026-08-11,Kidney Stones
14427,2938,60,18,2025-03-07,2026-03-02,Cancer
14428,1015,87,4,2025-10-10,2026-05-31,Kidney Stones
14429,4314,201,11,2026-01-03,2026-01-28,Fracture
14430,270,222,10,2026-02-23,2026-05-08,Hypertension
14431,3659,35,15,2025-11-26,2026-03-16,Cancer
14432,4594,123,13,2026-02-22,2026-06-30,Covid
14433,2224,8,15,2025-10-12,2025-12-21,Stroke
14434,2041,74,16,2024-09-05,2026-06-09,Pneumonia
14435,2013,206,16,2024-09-27,2026-03-01,Diabetes
14436,142,145,12,2025-12-01,2026-08-16,Fracture
14437,1667,108,18,2025-03-21,2025-12-27,Cancer
14438,4494,172,13,2026-02-07,2026-05-28,Migraine
14439,2632,172,6,2025-12-17,2026-06-03,Hypertension
14440,2575,145,14,2026-05-23,2026-07-27,Cancer
14441,1962,157,17,2026-08-03,2026-08-05,Covid
14442,1250,194,2,2026-07-16,2026-07-28,Hypertension
14443,430,12,19,2024-11-09,2026-01-19,Fracture
14444,4354,66,20,2025-03-02,2026-08-03,Diabetes
14445,4180,162,20,2026-04-05,2026-07-31,Cancer
14446,1940,169,5,2025-10-13,2026-05-03,Fracture
14447,2182,74,12,2024-12-08,2025-02-21,Diabetes
14448,900,188,6,2025-04-12,2025-06-06,Hypertension
14449,2540,221,18,2025-05-18,2026-01-26,Cancer
14450,3856,68,2,2025-10-04,2026-02-10,Kidney Stones
14451,3419,134,4,2026-07-15,2026-07-24,Covid
14452,3240,147,11,2026-01-17,2026-06-12,Kidney Stones
14453,3560,250,12,2024-12-30,2026-06-09,Hypertension
14454,4220,187,18,2026-04-08,2026-06-15,Fracture
14455,354,5,3,2026-06-12,2026-06-12,Asthma
14456,1066,100,12,2025-11-06,2025-12-14,Migraine
14457,2593,73,14,2025-10-20,2026-01-30,Migraine
14458,2231,5,20,2025-06-14,2026-05-15,Migraine
14459,1526,180,17,2024-12-15,2025-07-24,Cancer
14460,901,94,11,2025-04-19,2025-04-24,Migraine
14461,4249,158,14,2026-05-22,2026-06-02,Kidney Stones
14462,4464,18,7,2026-06-07,2026-08-13,Diabetes
14463,4647,171,5,2025-08-21,2025-11-18,Asthma
14464,4728,125,17,2026-08-05,2026-08-15,Cancer
14465,3327,52,1,2026-04-25,2026-06-04,Covid
14466,4470,240,19,2025-05-13,2025-11-28,Fracture
14467,483,176,7,2025-09-28,2026-02-09,Covid
14468,256,104,7,2025-11-14,2026-05-01,Kidney Stones
14469,312,24,2,2024-12-16,2025-02-28,Stroke
14470,2886,154,8,2024-10-15,2025-12-19,Diabetes
14471,1894,127,2,2025-01-02,2025-12-23,Hypertension
14472,3297,53,14,2026-04-23,2026-07-03,Fracture
14473,3019,71,19,2026-07-22,2026-08-07,Pneumonia
14474,1204,157,8,2025-03-13,2026-01-01,Stroke
14475,2483,248,2,2025-12-04,2026-04-10,Pneumonia
14476,3094,28,2,2025-02-10,2025-12-22,Fracture
14477,1301,128,7,2024-10-12,2024-11-23,Stroke
14478,2808,94,14,2024-12-02,2026-06-08,Covid
14479,387,49,15,2026-01-10,2026-04-01,Pneumonia
14480,3365,98,4,2025-03-22,2025-04-25,Fracture
14481,3365,224,9,2025-09-26,2026-05-14,Stroke
14482,3250,13,5,2025-11-22,2025-11-22,Stroke
14483,4571,2,5,2025-03-07,2025-09-26,Kidney Stones
14484,4424,4,11,2024-09-05,2024-09-07,Fracture
14485,93,125,9,2025-07-29,2025-12-03,Stroke
14486,1518,238,6,2025-07-03,2026-06-09,Diabetes
14487,2930,94,11,2025-04-22,2025-08-05,Diabetes
14488,2532,4,19,2024-11-30,2024-12-09,Covid
14489,377,58,4,2026-03-31,2026-05-13,Cancer
14490,1024,56,5,2025-01-10,2025-10-11,Stroke
14491,680,176,15,2025-12-06,2026-03-22,Covid
14492,2588,154,1,2025-05-20,2026-07-22,Hypertension
14493,3640,148,17,2025-06-06,2025-11-05,Fracture
14494,3096,9,19,2026-07-04,2026-07-08,Stroke
14495,1874,112,12,2026-07-08,2026-07-19,Stroke
14496,2102,80,4,2026-04-01,2026-08-06,Diabetes
14497,3338,165,19,2024-09-07,2024-11-04,Migraine
14498,899,17,1,2026-01-30,2026-05-08,Diabetes
14499,2834,23,16,2025-12-21,2026-07-30,Asthma
14500,4170,60,6,2024-11-19,2025-04-29,Asthma
14501,3873,102,5,2025-09-26,2026-03-10,Kidney Stones
14502,2181,113,11,2025-04-11,2026-08-09,Pneumonia
14503,1639,146,9,2025-03-18,2026-04-27,Pneumonia
14504,4495,10,11,2025-03-03,2025-03-18,Asthma
14505,3708,38,7,2024-10-30,2025-10-09,Kidney Stones
14506,482,57,20,2026-02-06,2026-05-30,Covid
14507,4964,119,1,2025-07-31,2025-08-11,Asthma
14508,19,148,11,2026-04-16,2026-05-21,Covid
14509,2157,153,14,2024-09-28,2025-06-19,Cancer
14510,3416,121,14,2025-01-09,2025-09-18,Covid
14511,1670,189,13,2024-11-14,2025-07-08,Cancer
14512,1340,237,19,2024-09-14,2026-05-04,Diabetes
14513,1458,155,3,2025-03-11,2026-02-19,Stroke
14514,872,163,18,2025-07-08,2026-04-06,Diabetes
14515,1832,37,18,2026-02-25,2026-07-26,Hypertension
14516,284,188,15,2024-12-04,2024-12-14,Cancer
14517,3992,48,12,2024-09-08,2024-09-25,Diabetes
14518,2062,121,14,2025-05-06,2026-06-28,Diabetes
14519,1480,181,3,2026-04-12,2026-05-28,Asthma
14520,2055,244,3,2024-09-15,2025-06-17,Fracture
14521,3468,126,16,2024-12-23,2025-12-13,Fracture
14522,1931,76,4,2024-12-29,2025-04-30,Kidney Stones
14523,1191,222,15,2025-06-11,2026-04-19,Stroke
14524,3750,172,15,2025-06-30,2026-01-05,Fracture
14525,3804,110,5,2026-01-20,2026-05-15,Fracture
14526,3187,240,20,2025-03-17,2025-12-10,Covid
14527,522,218,6,2025-06-15,2026-01-28,Covid
14528,4205,115,15,2025-02-28,2025-11-15,Fracture
14529,2864,65,7,2025-10-29,2026-03-29,Fracture
14530,4050,43,1,2025-06-19,2026-02-05,Pneumonia
14531,2280,122,16,2025-11-25,2026-05-17,Fracture
14532,2094,80,13,2025-10-30,2026-06-26,Covid
14533,3360,202,2,2025-04-25,2025-05-01,Fracture
14534,4650,118,1,2025-10-27,2026-04-26,Kidney Stones
14535,1349,56,18,2026-06-21,2026-08-03,Stroke
14536,1932,40,6,2026-05-16,2026-07-05,Hypertension
14537,4971,111,9,2025-01-03,2025-01-14,Cancer
14538,398,127,15,2026-06-20,2026-07-31,Fracture
14539,1905,5,15,2024-09-22,2025-12-02,Fracture
14540,890,194,9,2025-01-18,2025-10-02,Asthma
14541,2979,138,4,2025-05-02,2025-09-05,Fracture
14542,1197,56,11,2025-08-18,2025-10-27,Cancer
14543,3548,32,2,2025-10-31,2025-12-14,Covid
14544,3222,98,4,2025-12-07,2026-04-10,Stroke
14545,4045,101,19,2025-05-19,2026-07-08,Hypertension
14546,2000,43,16,2026-06-28,2026-07-30,Migraine
14547,519,104,16,2026-06-28,2026-07-17,Asthma
14548,1754,129,12,2025-06-14,2026-01-06,Diabetes
14549,4190,221,11,2024-11-24,2025-06-04,Asthma
14550,4556,162,4,2024-09-18,2025-07-07,Pneumonia
14551,77,164,8,2024-10-06,2026-04-07,Fracture
14552,24,81,1,2026-05-27,2026-06-20,Asthma
14553,1878,70,5,2026-03-11,2026-04-25,Cancer
14554,1198,25,14,2024-09-10,2026-05-13,Stroke
14555,2676,191,12,2025-07-12,2026-02-02,Covid
14556,1612,211,5,2025-01-30,2026-04-19,Cancer
14557,4937,115,7,2024-09-03,2025-01-24,Stroke
14558,1408,159,18,2026-06-11,2026-08-04,Stroke
14559,499,12,8,2024-10-20,2026-03-16,Pneumonia
14560,203,68,20,2026-04-20,2026-06-09,Cancer
14561,4389,213,18,2025-08-13,2025-08-18,Pneumonia
14562,3813,137,5,2025-08-20,2026-05-05,Hypertension
14563,3022,160,4,2025-12-13,2026-07-18,Cancer
14564,394,134,11,2025-04-04,2026-07-05,Hypertension
14565,4929,33,4,2026-07-06,2026-08-02,Covid
14566,570,50,12,2025-04-06,2026-04-23,Stroke
14567,3203,1,12,2024-09-22,2026-02-13,Stroke
14568,1854,194,20,2024-10-20,2026-03-19,Fracture
14569,4890,240,10,2026-08-03,2026-08-10,Kidney Stones
14570,1998,11,19,2025-04-06,2025-08-01,Stroke
14571,227,36,10,2024-12-13,2025-09-13,Diabetes
14572,3473,248,5,2024-11-03,2026-08-02,Migraine
14573,2804,87,1,2025-04-28,2026-06-28,Kidney Stones
14574,612,151,9,2026-06-03,2026-06-26,Migraine
14575,3710,244,17,2026-05-03,2026-08-04,Kidney Stones
14576,3733,80,1,2026-04-02,2026-06-30,Pneumonia
14577,412,157,3,2025-10-21,2026-04-07,Migraine
14578,4176,73,19,2024-11-01,2025-11-13,Pneumonia
14579,11,88,1,2025-02-11,2025-05-08,Asthma
14580,4462,82,1,2025-11-28,2026-03-15,Pneumonia
14581,2020,70,10,2025-11-12,2026-07-30,Kidney Stones
14582,4194,227,9,2024-08-29,2025-07-30,Fracture
14583,4157,107,10,2026-02-13,2026-02-23,Kidney Stones
14584,2704,169,10,2024-09-22,2025-08-14,Covid
14585,4449,11,11,2026-01-14,2026-04-18,Stroke
14586,4796,64,9,2026-08-02,2026-08-16,Migraine
14587,2951,67,6,2025-01-15,2025-01-31,Migraine
14588,4269,16,4,2025-07-10,2026-03-17,Hypertension
14589,1547,191,11,2025-04-03,2025-07-01,Migraine
14590,2530,109,6,2025-12-23,2026-06-15,Hypertension
14591,1852,18,17,2024-08-10,2025-01-24,Fracture
14592,883,204,13,2025-02-13,2026-04-23,Fracture
14593,1382,5,4,2025-05-26,2026-07-24,Pneumonia
14594,4744,142,15,2025-10-26,2026-07-19,Fracture
14595,323,96,1,2025-05-07,2025-10-15,Cancer
14596,2433,79,18,2025-04-21,2025-05-24,Migraine
14597,1705,94,12,2025-02-03,2025-05-15,Hypertension
14598,4248,3,8,2025-04-10,2025-09-03,Cancer
14599,2405,35,17,2024-08-13,2025-01-13,Asthma
14600,1215,63,15,2025-03-02,2025-04-15,Kidney Stones
14601,4398,184,1,2025-11-29,2026-02-22,Pneumonia
14602,4047,122,7,2025-08-19,2026-01-13,Asthma
14603,2195,89,18,2025-04-03,2025-10-28,Diabetes
14604,317,217,15,2024-12-15,2026-01-24,Covid
14605,2623,83,16,2026-01-16,2026-02-17,Migraine
14606,2933,133,7,2025-02-12,2025-11-03,Pneumonia
14607,1644,28,12,2026-07-28,2026-08-08,Hypertension
14608,2670,86,9,2026-07-11,2026-07-25,Covid
14609,2219,169,15,2026-05-22,2026-06-25,Fracture
14610,4587,177,6,2024-10-03,2025-01-11,Asthma
14611,4896,237,4,2025-01-14,2026-05-27,Covid
14612,1646,46,12,2024-10-05,2026-04-03,Pneumonia
14613,1066,49,17,2024-09-11,2025-01-16,Pneumonia
14614,461,171,8,2024-09-08,2024-11-16,Fracture
14615,3905,154,5,2025-02-25,2026-07-08,Asthma
14616,4836,25,19,2026-06-13,2026-08-08,Cancer
14617,1623,185,2,2025-05-01,2025-05-30,Fracture
14618,333,21,9,2024-09-21,2024-11-04,Hypertension
14619,4734,170,11,2025-10-15,2026-06-21,Cancer
14620,1436,28,11,2026-01-21,2026-02-11,Cancer
14621,1336,34,5,2025-09-19,2025-09-27,Stroke
14622,2889,14,6,2025-08-19,2026-03-11,Cancer
14623,2662,85,7,2025-06-16,2025-12-02,Pneumonia
14624,3511,73,11,2025-11-30,2025-12-17,Cancer
14625,1606,37,3,2026-05-26,2026-07-17,Pneumonia
14626,2126,186,18,2024-10-03,2025-02-24,Migraine
14627,513,231,20,2025-09-08,2025-10-19,Cancer
14628,3900,241,7,2024-12-01,2025-07-02,Hypertension
14629,3275,214,2,2025-09-02,2026-04-28,Fracture
14630,4424,77,14,2026-01-01,2026-05-13,Cancer
14631,3186,234,19,2026-07-31,2026-08-12,Diabetes
14632,3895,111,13,2025-04-20,2026-06-15,Covid
14633,4353,238,9,2026-05-05,2026-05-28,Stroke
14634,1609,13,7,2025-01-18,2026-01-25,Kidney Stones
14635,513,63,8,2024-10-01,2026-06-27,Asthma
14636,2125,18,18,2026-02-26,2026-03-21,Covid
14637,819,107,8,2025-11-19,2026-01-31,Kidney Stones
14638,719,176,2,2025-07-26,2025-12-01,Cancer
14639,1592,169,16,2025-11-05,2026-07-04,Stroke
14640,4796,60,2,2025-10-23,2026-06-07,Cancer
14641,4794,53,17,2026-05-12,2026-07-25,Fracture
14642,4170,125,14,2024-11-30,2026-08-13,Kidney Stones
14643,3414,42,1,2025-05-30,2025-09-30,Migraine
14644,136,77,11,2025-02-20,2025-03-09,Covid
14645,3634,173,8,2026-04-20,2026-07-01,Kidney Stones
14646,540,120,7,2024-08-25,2025-09-13,Asthma
14647,2027,239,14,2025-12-02,2026-06-21,Asthma
14648,4816,29,8,2024-11-15,2026-05-10,Kidney Stones
14649,369,173,19,2026-03-05,2026-07-31,Diabetes
14650,3260,90,8,2026-01-04,2026-03-09,Stroke
14651,3750,2,10,2025-07-12,2026-06-16,Kidney Stones
14652,4166,3,6,2025-08-08,2026-07-24,Asthma
14653,2586,168,4,2026-04-24,2026-05-25,Asthma
14654,4407,180,18,2025-06-17,2025-12-11,Kidney Stones
14655,4232,120,17,2024-11-19,2026-05-22,Cancer
14656,2359,111,3,2025-04-17,2025-07-13,Kidney Stones
14657,4727,172,3,2025-11-29,2026-05-15,Fracture
14658,2827,99,16,2025-07-05,2026-03-11,Stroke
14659,3179,161,15,2025-07-15,2025-11-08,Kidney Stones
14660,1010,239,20,2026-03-22,2026-07-24,Asthma
14661,930,51,6,2025-03-25,2026-08-14,Diabetes
14662,15,123,18,2026-06-22,2026-07-22,Fracture
14663,1408,214,5,2025-12-02,2025-12-16,Stroke
14664,3011,174,3,2026-01-07,2026-01-15,Cancer
14665,3942,146,9,2025-07-10,2026-07-27,Cancer
14666,4475,59,11,2025-11-14,2026-01-28,Stroke
14667,2757,43,13,2025-09-17,2026-06-17,Asthma
14668,3516,158,6,2025-07-09,2026-05-14,Pneumonia
14669,1527,200,14,2025-09-17,2025-10-27,Diabetes
14670,2050,8,20,2026-01-12,2026-03-10,Asthma
14671,443,236,12,2025-08-20,2025-09-17,Pneumonia
14672,4351,192,12,2025-09-07,2026-06-28,Stroke
14673,4335,1,15,2026-03-14,2026-08-06,Hypertension
14674,472,68,7,2026-02-16,2026-03-16,Cancer
14675,623,61,13,2025-04-06,2025-05-20,Fracture
14676,4316,182,11,2025-04-19,2025-06-25,Migraine
14677,2884,237,16,2024-09-28,2025-07-28,Asthma
14678,1027,79,13,2024-11-11,2026-05-30,Diabetes
14679,482,212,14,2025-01-17,2026-03-08,Asthma
14680,3372,35,14,2025-08-14,2026-04-08,Hypertension
14681,2106,115,13,2026-06-19,2026-07-09,Fracture
14682,1115,112,16,2025-04-28,2026-02-06,Asthma
14683,2601,106,6,2025-11-11,2026-03-31,Covid
14684,1672,103,5,2024-08-31,2024-09-28,Diabetes
14685,140,238,20,2026-04-28,2026-07-26,Pneumonia
14686,4072,237,10,2026-03-16,2026-03-25,Asthma
14687,4469,171,3,2024-10-26,2025-02-22,Asthma
14688,794,152,13,2025-12-07,2026-03-11,Cancer
14689,774,119,7,2026-01-31,2026-03-16,Diabetes
14690,394,23,9,2026-06-12,2026-07-11,Pneumonia
14691,2749,157,12,2026-07-22,2026-07-22,Asthma
14692,1581,63,15,2025-08-13,2025-09-28,Covid
14693,1404,19,19,2024-12-01,2025-02-17,Migraine
14694,4378,196,1,2024-10-24,2026-08-10,Pneumonia
14695,3763,125,1,2025-05-25,2025-06-04,Stroke
14696,1199,206,1,2026-03-15,2026-04-19,Migraine
14697,346,69,7,2025-06-11,2026-02-14,Covid
14698,2478,175,9,2024-10-20,2026-04-27,Stroke
14699,4259,141,8,2024-08-20,2025-07-12,Hypertension
14700,1290,147,2,2025-01-16,2025-06-12,Pneumonia
14701,4193,115,6,2026-02-01,2026-06-19,Hypertension
14702,3447,203,3,2024-11-10,2025-09-19,Pneumonia
14703,3225,153,15,2025-09-19,2025-11-07,Hypertension
14704,1578,145,19,2025-01-03,2025-01-25,Kidney Stones
14705,2604,113,11,2025-05-07,2025-05-31,Migraine
14706,2120,236,7,2024-11-22,2026-03-30,Fracture
14707,1374,241,9,2025-11-18,2026-04-16,Asthma
14708,458,116,16,2025-09-21,2026-02-15,Hypertension
14709,1822,23,7,2026-02-21,2026-05-03,Covid
14710,3695,103,2,2025-12-22,2026-02-04,Asthma
14711,2985,84,20,2026-06-17,2026-07-28,Migraine
14712,2149,186,14,2025-06-06,2025-08-13,Cancer
14713,1396,245,4,2024-09-29,2026-07-22,Covid
14714,4119,226,20,2026-03-09,2026-06-08,Diabetes
14715,1159,153,10,2024-08-12,2024-09-08,Hypertension
14716,1463,145,5,2026-07-01,2026-08-10,Stroke
14717,2667,245,19,2024-09-13,2025-09-13,Diabetes
14718,1864,141,20,2025-11-24,2025-12-22,Fracture
14719,4650,7,6,2025-08-12,2026-04-20,Hypertension
14720,4486,160,7,2025-06-28,2025-09-15,Cancer
14721,2164,133,7,2024-12-08,2026-06-05,Hypertension
14722,4815,183,13,2025-09-06,2026-06-05,Stroke
14723,4862,12,3,2024-10-01,2026-03-01,Kidney Stones
14724,4125,103,14,2025-04-10,2025-07-12,Fracture
14725,3363,98,13,2026-04-29,2026-04-29,Fracture
14726,533,128,12,2024-09-13,2025-08-22,Diabetes
14727,1460,1,14,2025-09-03,2025-09-04,Hypertension
14728,1646,235,15,2025-10-09,2026-07-27,Asthma
14729,784,5,18,2024-10-31,2026-02-15,Stroke
14730,1362,83,9,2025-02-21,2025-12-19,Covid
14731,2977,36,8,2025-01-28,2025-02-08,Asthma
14732,4141,76,11,2025-12-06,2026-07-28,Diabetes
14733,2697,65,20,2026-01-04,2026-07-13,Fracture
14734,687,8,14,2025-06-03,2026-02-06,Hypertension
14735,4307,177,13,2024-09-13,2024-10-18,Asthma
14736,3662,126,8,2025-01-25,2026-05-02,Pneumonia
14737,4652,71,13,2026-07-12,2026-08-05,Kidney Stones
14738,1841,39,19,2025-05-13,2025-06-27,Migraine
14739,3809,67,7,2025-03-11,2025-06-08,Fracture
14740,2031,62,2,2025-11-04,2026-01-06,Diabetes
14741,2697,55,12,2024-08-13,2026-06-30,Covid
14742,3283,60,9,2024-10-18,2024-11-26,Cancer
14743,1697,94,19,2025-09-21,2026-04-30,Stroke
14744,1542,172,17,2024-08-08,2026-08-03,Hypertension
14745,3884,52,3,2025-10-13,2026-01-18,Covid
14746,4214,16,13,2026-05-05,2026-05-22,Kidney Stones
14747,514,14,18,2025-01-15,2025-10-19,Cancer
14748,161,230,4,2025-02-14,2025-03-20,Covid
14749,3931,93,11,2024-09-19,2024-10-20,Diabetes
14750,1886,81,14,2024-10-27,2026-06-29,Cancer
14751,343,43,14,2025-03-20,2026-05-24,Pneumonia
14752,1324,129,6,2026-02-07,2026-02-14,Diabetes
14753,2730,142,3,2025-02-25,2025-08-17,Cancer
14754,4965,238,10,2024-09-24,2024-10-24,Hypertension
14755,3468,242,8,2025-06-06,2025-09-30,Asthma
14756,4998,62,5,2025-11-16,2026-07-15,Stroke
14757,86,194,18,2025-05-14,2026-02-14,Diabetes
14758,4410,211,18,2024-09-17,2025-10-09,Fracture
14759,797,36,18,2026-03-29,2026-07-08,Hypertension
14760,2234,14,14,2025-11-07,2026-01-13,Stroke
14761,2306,185,8,2024-08-30,2026-05-29,Diabetes
14762,1203,56,18,2025-09-05,2025-09-28,Pneumonia
14763,4278,192,7,2026-04-28,2026-07-20,Migraine
14764,4766,184,4,2025-09-11,2025-10-20,Hypertension
14765,4803,206,17,2024-08-21,2025-11-06,Covid
14766,4473,76,9,2025-04-11,2025-09-22,Diabetes
14767,3603,2,5,2026-04-18,2026-04-28,Stroke
14768,4733,125,5,2026-06-17,2026-07-01,Stroke
14769,3762,139,14,2026-07-19,2026-08-13,Asthma
14770,4869,174,13,2025-05-23,2026-04-09,Hypertension
14771,3036,220,2,2026-02-04,2026-04-04,Stroke
14772,3020,184,15,2025-06-03,2026-01-19,Asthma
14773,760,37,11,2024-11-23,2025-05-26,Diabetes
14774,2203,13,7,2025-02-04,2025-04-05,Asthma
14775,2328,120,20,2025-10-15,2026-06-15,Pneumonia
14776,2735,96,7,2024-12-04,2025-11-03,Covid
14777,3966,121,9,2024-10-02,2026-02-07,Cancer
14778,654,67,3,2025-07-13,2025-12-09,Migraine
14779,1401,85,12,2025-12-13,2026-03-04,Kidney Stones
14780,3315,108,20,2025-08-27,2025-10-08,Stroke
14781,4350,89,15,2025-03-30,2026-05-09,Covid
14782,3022,201,5,2025-01-30,2025-08-29,Fracture
14783,929,39,12,2026-02-19,2026-04-27,Migraine
14784,716,204,8,2025-08-14,2026-08-02,Cancer
14785,4778,75,20,2024-12-19,2025-07-24,Kidney Stones
14786,4725,232,20,2025-03-22,2025-06-24,Migraine
14787,1864,132,6,2026-01-01,2026-06-16,Pneumonia
14788,4753,203,8,2025-04-20,2025-09-08,Diabetes
14789,3589,185,2,2025-11-18,2026-03-28,Asthma
14790,494,1,14,2025-08-24,2026-02-11,Asthma
14791,404,16,12,2026-06-20,2026-06-27,Hypertension
14792,1816,224,5,2025-08-10,2026-03-03,Fracture
14793,3823,237,13,2025-04-21,2026-03-20,Migraine
14794,175,236,15,2025-01-24,2025-08-03,Pneumonia
14795,4540,145,17,2026-01-22,2026-03-26,Fracture
14796,4414,125,6,2026-01-03,2026-06-02,Hypertension
14797,3276,168,9,2026-08-06,2026-08-16,Hypertension
14798,2211,54,19,2025-06-13,2026-01-21,Fracture
14799,1545,107,6,2024-11-15,2025-06-15,Covid
14800,2875,120,8,2025-03-20,2025-09-28,Migraine
14801,1883,123,17,2024-12-20,2025-08-08,Kidney Stones
14802,4756,175,12,2025-12-04,2025-12-15,Fracture
14803,2779,6,5,2025-03-25,2025-05-11,Diabetes
14804,1621,245,9,2026-03-15,2026-05-27,Pneumonia
14805,2248,237,12,2025-11-24,2026-03-14,Stroke
14806,292,71,16,2025-11-06,2026-07-25,Pneumonia
14807,1702,154,8,2025-02-01,2025-11-05,Hypertension
14808,3442,147,17,2025-11-18,2026-05-15,Hypertension
14809,4429,220,8,2025-10-15,2026-03-28,Cancer
14810,3502,129,4,2026-05-28,2026-06-14,Migraine
14811,4153,66,12,2025-12-31,2026-02-23,Kidney Stones
14812,4360,61,12,2024-12-26,2026-02-20,Migraine
14813,4843,27,13,2024-12-24,2025-04-21,Diabetes
14814,1139,179,5,2024-12-05,2026-01-26,Fracture
14815,208,183,20,2026-03-28,2026-07-04,Stroke
14816,2547,78,5,2026-04-29,2026-07-19,Pneumonia
14817,2564,135,13,2026-06-27,2026-06-28,Asthma
14818,1026,22,16,2024-12-27,2025-08-16,Diabetes
14819,4488,49,19,2025-04-29,2025-09-20,Pneumonia
14820,1117,111,8,2025-07-24,2025-10-06,Fracture
14821,2092,65,1,2024-09-14,2026-03-13,Diabetes
14822,2512,192,12,2025-08-07,2026-01-13,Covid
14823,1945,11,7,2025-09-21,2026-03-04,Migraine
14824,4228,153,11,2026-06-15,2026-08-05,Fracture
14825,720,233,9,2026-03-06,2026-04-02,Diabetes
14826,4071,184,7,2025-06-11,2026-05-24,Cancer
14827,3965,3,18,2025-05-13,2026-01-15,Cancer
14828,3046,182,17,2025-07-24,2026-04-15,Diabetes
14829,49,69,14,2026-02-07,2026-02-19,Asthma
14830,936,127,5,2024-10-05,2025-02-02,Stroke
14831,4265,130,12,2024-09-18,2026-04-20,Diabetes
14832,3740,188,2,2026-02-17,2026-04-01,Asthma
14833,1488,238,8,2024-11-28,2025-03-30,Stroke
14834,3638,199,2,2025-06-24,2026-03-30,Fracture
14835,739,109,8,2025-06-27,2026-07-05,Covid
14836,1293,33,3,2025-05-03,2025-12-13,Fracture
14837,653,99,11,2025-01-02,2025-06-21,Cancer
14838,1353,242,20,2025-07-20,2026-02-06,Cancer
14839,2054,63,12,2025-04-23,2026-07-19,Fracture
14840,4224,235,5,2024-11-24,2026-04-29,Covid
14841,4574,104,1,2025-06-07,2026-07-09,Stroke
14842,2410,65,1,2024-10-10,2026-08-05,Stroke
14843,2756,148,17,2026-07-01,2026-07-28,Hypertension
14844,115,215,4,2025-03-06,2025-07-16,Cancer
14845,2729,157,4,2024-08-14,2026-07-15,Hypertension
14846,588,226,8,2026-03-08,2026-04-18,Fracture
14847,4842,222,13,2025-09-28,2026-03-01,Stroke
14848,3281,18,16,2025-06-06,2026-03-23,Asthma
14849,2545,92,5,2025-09-15,2026-03-30,Migraine
14850,1839,216,6,2026-04-29,2026-05-17,Hypertension
14851,682,244,6,2025-01-24,2026-06-10,Migraine
14852,3830,65,7,2025-01-02,2026-07-22,Diabetes
14853,4018,184,13,2025-10-22,2026-02-02,Kidney Stones
14854,4564,218,4,2025-08-15,2026-02-08,Hypertension
14855,1599,41,14,2025-09-13,2026-06-02,Kidney Stones
14856,1233,187,13,2025-10-10,2026-03-26,Diabetes
14857,1607,151,5,2025-01-23,2026-05-22,Pneumonia
14858,4815,224,1,2026-03-13,2026-08-15,Diabetes
14859,3989,100,17,2024-12-17,2025-10-21,Cancer
14860,1124,124,19,2025-04-15,2025-06-22,Diabetes
14861,4085,87,15,2025-07-15,2026-03-19,Migraine
14862,4944,203,16,2025-02-23,2025-04-22,Kidney Stones
14863,3771,140,2,2025-09-03,2026-03-08,Fracture
14864,475,120,15,2026-07-29,2026-08-04,Pneumonia
14865,4918,82,11,2025-01-29,2025-02-09,Kidney Stones
14866,4228,83,4,2025-08-30,2026-06-11,Asthma
14867,3351,226,11,2026-04-30,2026-07-11,Migraine
14868,1108,103,5,2025-01-08,2025-10-29,Kidney Stones
14869,3423,181,9,2026-07-24,2026-07-31,Covid
14870,4150,51,20,2025-07-03,2025-08-30,Covid
14871,4865,210,11,2024-09-27,2024-10-31,Cancer
14872,3390,233,5,2025-11-17,2026-07-14,Hypertension
14873,2358,198,20,2025-01-07,2025-06-06,Migraine
14874,1227,68,12,2024-10-22,2025-01-18,Migraine
14875,3599,228,13,2025-11-29,2026-03-17,Kidney Stones
14876,4460,51,14,2026-03-01,2026-08-01,Asthma
14877,1805,104,17,2025-12-29,2026-05-07,Diabetes
14878,4696,123,16,2026-06-27,2026-06-28,Cancer
14879,2282,22,3,2026-02-03,2026-06-18,Diabetes
14880,967,89,11,2024-11-17,2025-02-09,Cancer
14881,136,186,16,2026-05-17,2026-06-10,Cancer
14882,2156,168,11,2025-10-19,2026-04-08,Cancer
14883,327,176,11,2026-01-26,2026-07-19,Migraine
14884,1600,64,20,2026-05-09,2026-06-02,Fracture
14885,2712,32,14,2026-04-18,2026-08-07,Asthma
14886,2079,82,19,2024-12-27,2025-12-24,Diabetes
14887,1935,129,19,2024-12-17,2025-12-20,Covid
14888,3002,3,15,2024-11-05,2024-11-27,Pneumonia
14889,153,170,17,2026-02-25,2026-03-13,Asthma
14890,3230,58,15,2026-04-20,2026-05-26,Kidney Stones
14891,324,56,13,2024-08-07,2025-05-09,Migraine
14892,3829,202,13,2026-05-01,2026-06-16,Hypertension
14893,903,59,9,2026-05-09,2026-05-14,Pneumonia
14894,1606,221,6,2025-05-19,2025-06-05,Covid
14895,3229,166,9,2026-03-04,2026-04-17,Asthma
14896,1084,144,16,2025-07-02,2026-08-08,Diabetes
14897,120,93,4,2025-09-06,2026-01-15,Cancer
14898,1967,159,6,2025-02-12,2026-03-10,Fracture
14899,2999,13,2,2024-12-12,2025-10-04,Stroke
14900,2372,147,2,2026-05-04,2026-07-05,Migraine
14901,918,72,5,2026-06-12,2026-07-03,Kidney Stones
14902,4572,64,9,2025-11-04,2026-08-04,Fracture
14903,2143,162,3,2025-12-08,2026-04-15,Migraine
14904,3874,124,2,2025-09-24,2026-06-11,Cancer
14905,1348,65,10,2026-04-21,2026-05-09,Migraine
14906,4471,67,17,2025-08-29,2026-06-15,Diabetes
14907,3191,113,19,2024-10-22,2026-02-11,Cancer
14908,89,15,9,2026-06-17,2026-07-14,Covid
14909,1120,59,8,2026-04-06,2026-04-29,Asthma
14910,1931,44,7,2025-08-18,2026-01-12,Covid
14911,3127,196,20,2025-07-03,2026-06-19,Pneumonia
14912,173,218,4,2025-03-04,2025-12-17,Fracture
14913,2847,201,4,2025-02-04,2025-10-01,Fracture
14914,4261,84,15,2024-08-29,2025-11-16,Hypertension
14915,2784,182,12,2026-02-07,2026-05-07,Diabetes
14916,2386,129,12,2025-02-11,2025-11-11,Diabetes
14917,4695,114,6,2025-09-25,2025-12-20,Kidney Stones
14918,4147,79,2,2025-05-27,2026-01-23,Hypertension
14919,1980,202,15,2025-01-15,2026-06-13,Cancer
14920,3595,108,5,2025-07-29,2025-09-05,Covid
14921,4309,188,18,2024-11-28,2025-04-16,Fracture
14922,902,128,15,2025-04-12,2025-05-04,Cancer
14923,761,146,20,2025-06-20,2025-08-13,Diabetes
14924,3848,104,3,2026-07-22,2026-08-10,Covid
14925,1986,67,4,2026-06-14,2026-08-10,Covid
14926,3174,17,5,2025-10-05,2026-02-27,Migraine
14927,4838,46,20,2024-11-12,2024-12-21,Hypertension
14928,3609,82,20,2025-12-08,2026-08-16,Hypertension
14929,1255,10,14,2025-08-18,2026-03-25,Asthma
14930,2708,8,8,2024-08-29,2026-02-19,Diabetes
14931,2133,114,15,2026-05-27,2026-07-12,Pneumonia
14932,450,157,5,2025-04-22,2026-05-23,Covid
14933,3264,132,15,2026-04-12,2026-06-10,Asthma
14934,109,235,13,2026-05-03,2026-07-25,Stroke
14935,1288,174,3,2025-04-12,2025-10-27,Hypertension
14936,4801,79,7,2025-12-04,2026-01-26,Covid
14937,3828,196,6,2024-12-01,2025-03-16,Stroke
14938,3662,93,20,2026-03-17,2026-06-27,Diabetes
14939,4767,185,8,2025-10-31,2026-04-09,Stroke
14940,4043,44,14,2025-08-05,2026-02-09,Hypertension
14941,640,248,2,2024-11-24,2024-12-23,Pneumonia
14942,3583,226,20,2024-08-16,2025-08-26,Migraine
14943,2116,97,7,2026-05-17,2026-06-06,Fracture
14944,3584,197,18,2024-10-03,2025-05-05,Cancer
14945,4545,151,8,2025-05-24,2026-07-09,Covid
14946,819,88,20,2024-08-21,2026-02-17,Pneumonia
14947,1990,87,2,2024-11-06,2025-06-03,Fracture
14948,1949,21,5,2025-02-12,2025-06-04,Diabetes
14949,722,53,1,2025-08-06,2026-01-17,Kidney Stones
14950,1641,12,19,2026-07-02,2026-07-23,Asthma
14951,1362,190,5,2025-04-15,2025-10-12,Stroke
14952,352,224,20,2025-02-24,2025-12-14,Fracture
14953,2636,3,7,2026-07-16,2026-07-17,Covid
14954,3660,92,20,2026-02-23,2026-07-07,Covid
14955,2899,150,6,2025-11-05,2026-02-15,Diabetes
14956,4126,28,17,2026-07-12,2026-07-20,Fracture
14957,1789,68,15,2024-10-14,2025-06-13,Migraine
14958,1251,116,7,2026-05-20,2026-07-04,Stroke
14959,4368,212,7,2026-04-24,2026-06-01,Kidney Stones
14960,2878,18,19,2026-02-19,2026-05-11,Stroke
14961,4784,16,14,2024-10-09,2026-06-02,Cancer
14962,1440,64,8,2025-09-15,2026-01-19,Hypertension
14963,249,231,8,2025-04-01,2026-06-07,Cancer
14964,4365,222,18,2025-11-28,2025-12-26,Diabetes
14965,2903,157,5,2025-06-18,2025-10-29,Kidney Stones
14966,18,120,7,2026-02-21,2026-07-07,Hypertension
14967,2571,53,6,2026-03-07,2026-06-09,Diabetes
14968,3702,162,2,2025-02-18,2026-06-24,Diabetes
14969,1798,178,4,2026-07-11,2026-07-28,Diabetes
14970,4722,138,2,2026-06-10,2026-06-26,Asthma
14971,2923,239,18,2024-11-08,2024-11-21,Fracture
14972,4763,109,5,2026-03-11,2026-04-10,Fracture
14973,599,197,17,2026-01-10,2026-03-13,Cancer
14974,3313,11,18,2025-05-12,2026-07-14,Diabetes
14975,1503,89,18,2025-10-28,2025-12-13,Diabetes
14976,4212,109,3,2024-09-04,2026-01-01,Diabetes
14977,4389,233,13,2025-12-30,2026-08-09,Kidney Stones
14978,295,179,20,2024-09-17,2025-06-29,Migraine
14979,2925,19,2,2026-02-03,2026-02-03,Migraine
14980,3058,130,1,2026-06-29,2026-07-19,Cancer
14981,1328,244,16,2026-05-31,2026-06-03,Asthma
14982,577,159,8,2025-01-26,2026-04-01,Pneumonia
14983,2416,104,18,2024-09-30,2026-05-24,Pneumonia
14984,1702,17,7,2024-12-01,2025-03-31,Migraine
14985,4507,60,11,2026-05-02,2026-07-31,Cancer
14986,187,44,16,2026-05-03,2026-05-17,Stroke
14987,1477,134,7,2025-03-28,2025-06-05,Stroke
14988,2471,51,15,2024-11-06,2026-05-08,Diabetes
14989,4350,123,5,2024-11-07,2025-01-12,Stroke
14990,2919,139,16,2026-07-17,2026-08-12,Kidney Stones
14991,3659,132,5,2025-07-20,2026-05-10,Stroke
14992,834,4,4,2025-11-03,2026-08-16,Diabetes
14993,869,106,2,2024-11-10,2025-02-23,Pneumonia
14994,3071,76,4,2026-08-06,2026-08-08,Migraine
14995,2618,94,6,2024-12-23,2025-05-15,Cancer
14996,2786,172,18,2025-12-12,2026-06-29,Migraine
14997,1662,220,3,2026-03-20,2026-08-05,Migraine
14998,4467,161,12,2025-09-26,2025-12-31,Asthma
14999,3828,199,11,2024-08-11,2026-04-08,Stroke
15000,196,165,19,2024-09-13,2026-04-20,Diabetes
